20000
49809162
-30154594
5115975
-55642348
-3415896
-88116679
15146896
-5380821
119223027
1891890
-54526886
-13865940
-5200224
-32825036
-4237141
-15940231
-1793946
-7524799
-16478636
30399183
-15237064
-15825982
17336787
26349522
-27029762
-11534992
47560902
-30104296
-68182856
-49997144
-79590162
10531984
159152
-9332782
-18628424
36904083
7991357
36946619
21041209
-23558248
6608474
-65982863
-39607165
3079207
-9525768
13095870
-50937334
2117312
17985902
1948861
200748
-27853686
-3328710
-3524310
-30772465
93753194
-64045826
720234
40227714
-14245992
45535590
1679757
-10903597
6023134
3884538
27185124
-102193186
-10083888
14796842
-7883208
17814860
75295218
-9742038
52032928
15108110
-3025288
-34315277
14466024
-6283529
-29929284
-16126586
10665289
-2970820
13134098
-5826336
28290426
-6578376
3227592
-2861910
896592
25768032
-31905374
17768906
41366630
-7152608
-9067776
-3210336
6002420
-12563670
-11512545
-13751232
19253856
11755200
12815064
15760552
-46438736
116156916
-21603030
-30572360
-3604355
14621536
-33434392
33332388
15303777
-40711560
-38149604
63025800
-9931744
17567898
37915222
9506831
965412
83265600
-32395240
20201727
-27857955
90998200
-71979780
-13026185
-38432529
-15854600
-10590074
-34700978
-8154066
-43434
-2433189
2106651
20343616
-11745578
45319295
3251121
133355409
36785580
13711948
299194
-23654480
12225596
-15254900
-46464164
20048156
4275644
15697918
52183109
-14448040
-41936213
16631288
27341160
-30503946
42981319
-40316507
-45432880
-1591289
-47198741
-98629126
-35414452
-32937921
-6847200
29043164
61369165
22477823
-83686960
-38242044
-10285156
25637158
37324747
23967960
-6521605
-68040220
33295158
8175909
19534400
37770095
39417408
4603908
27065996
39736001
7742220
-18063168
6514056
56643216
-11916795
-33760030
-47327532
-332013
-42689216
-27433319
-120449382
4907261
2278598
-10402158
-12444082
87026726
26998844
-21628359
38393053
33574236
16407278
12199455
-4272240
38469207
-41292604
-96967342
8270832
-45458658
-23684705
25753056
11841938
-37312164
-9999588
-2073234
-11943012
31160149
-107928513
-27824755
-69143468
16251929
-670600
38330086
-52580825
-31472520
10364077
-24454960
-23235466
35541624
-16632828
48514920
8527320
38045964
-10645315
-6893832
11135514
-9562545
32660838
-83612461
-29826126
-3341360
-9550794
33036552
3263742
-3363875
-123997208
18340129
-2561955
10770352
36958914
10028951
-9862110
15211260
-5612033
-27345453
12814447
-27582515
-23247101
2208994
9833432
-63093528
6389422
-14427468
3014001
-3474190
-16031796
44279571
-68782491
-33545880
-16960545
36192168
2798432
-13463304
-21985013
50407044
-12782227
42385262
30132443
-1160790
-49723664
-4645358
-23654456
43459395
-52532644
-37432947
-1610478
5737980
3761619
-20278009
62470372
-53207822
17351781
32853755
24099733
-8761224
14492406
-42071212
75423364
3255364
13580281
-33079515
-55250249
-62268260
46922358
-24863080
15456023
4304506
18497160
11414938
68425996
-28720542
-29005470
24229863
1445138
18954378
-54295553
4839933
-28710531
21758285
-22841217
6273008
-21242326
-20833313
-18230905
1362635
27471721
44921148
-23124885
-9017362
-20135412
6777752
-16979340
-14326431
1049826
9135105
-25715643
5714484
6680334
7362440
-5709825
11006712
3701948
17137732
8685730
9634012
-5570365
-5670864
-2741952
16852293
-6338992
-53511110
-22299228
33134675
1555174
22937432
81593920
491370
-9454623
-22704648
74399288
17608610
9147893
-8961192
969110
-28123466
29942980
18743318
29561976
27182695
108908534
-40898690
44362464
108271210
-25731117
-6440982
7222689
-56972389
-7355317
16523320
-35702066
-50883783
-45782574
-1030575
-49022416
3055855
-20678218
-20137942
-28209269
19806297
44315880
10987240
-24877476
27678078
14090048
54670292
38085226
-44793048
32539843
2007445
-3760830
13908456
-5799105
-26042213
4704630
36260420
22327235
-643329
-52857211
29403419
3254711
-683820
-42916321
11045570
-4997864
25574021
-4082104
23698173
26483240
28452348
-2482164
8438308
26918671
-2279538
-76824720
20537460
-59290061
15562230
-2403748
-32158985
15645330
-14728308
27560116
-19189101
3514280
-3721260
-5298245
9975127
30851576
31555808
-37996536
-7036810
-1080804
-2861928
16828367
-38766765
-13478565
20421000
-41605420
5012436
-10271660
-7692879
-5444832
-548645
-16299081
40030060
13039536
58921350
9885483
23799710
7409940
13203852
97639534
-66886206
-55022589
8740635
-22817592
1340427
-25369626
-3658808
18489235
19877664
7867024
987240
-8665785
17022112
-19366654
-67416677
10894814
-105287404
-64601487
-12330954
32998250
-32381782
11620684
1477608
-3210734
-38505828
9619764
697742
99092988
60434986
322936
87294520
-24309206
9727200
42222019
42661341
53997793
-11799252
17404715
-29104300
-11657094
-58785828
25917618
-35386020
17402850
26836941
-463620
-9881904
31225350
-40702221
-13817436
438240
-98132442
19384593
15258016
104174009
39284460
-10838488
-40119768
44941248
-48389014
18411576
61424797
-949443
-25552925
-34943721
-71481088
1888601
-6147660
61350096
-1303128
28151134
31757467
13459452
23210446
12919872
59043288
-3621878
8128866
14048676
97912197
-26391680
-41749608
-38516454
-13619074
25688922
-30061356
15171140
-15563191
-49565056
-27347499
-78657414
28649088
-15424053
39758010
-11673005
12724646
35652915
71520966
20161977
12917680
36866117
-21633926
6144556
76397592
1624905
-26167692
-12479237
35328505
22580160
-17724168
-47544051
52304113
25399396
24503380
10572884
60322221
4926826
1622626
-34588278
-6354801
15032000
17015086
-857891
4875816
66564372
-17546023
9283996
-25482600
4138386
-25368021
23078246
50571507
26903660
-105672570
-16072343
16100992
-50999526
13204114
-9929222
260544
62760602
-18797443
-7283546
-97084602
7508870
88141992
1208156
942493
-3492047
-11844298
13732230
-4544820
-21302791
5864080
11309038
16008885
-5744912
3120628
-1011426
21344047
-31070028
34274383
-16118913
677916
-77813100
5572696
13205531
4864902
-31714476
18500327
11146796
90768384
11141860
12785758
-3351204
-107279359
-55678671
12258110
-21235692
-9086525
12599860
-13064175
3773574
-15824844
8372552
27071489
46758180
4560742
-16428828
-2969810
4602290
35874670
22887924
-875483
-3670698
-55659570
14402244
22952343
-19727640
6832193
-6541450
22889550
-1026700
-8550370
-58321709
63378816
-139895168
879930
9969571
-10251415
-5168204
35250957
10308438
-96635413
497853
-5725398
-26027370
37420584
-38999100
-17869091
-4752468
-906354
-7686903
20407456
-18916156
-36986271
35023865
4800964
4411154
13551129
20418850
15773730
5181383
-54366252
-23379760
-31253752
-19749195
-52708125
-8978971
-64393267
3850244
14740114
2821830
-30431819
-37960098
12675751
-18944324
10667670
-29495844
-35555364
16242134
8570100
61108110
6526740
-1879230
15649708
-32905817
1374582
6703182
-18215710
2472800
-1192153
-17020254
9591386
-28553546
-87936996
38760694
-10157380
4177522
75363570
787179
11932567
15309470
-59657766
-13743018
8961234
-47151161
-6236555
38418418
9791568
72113616
-581835
-41548053
37265786
6180682
25969202
4087864
-476806
7910553
9557318
41008328
1592154
-6843768
2681492
-19445412
-63874792
11757856
48363315
2378046
44123268
17951192
4086536
89188792
12224932
-1335064
20586223
19092420
44748056
-10791727
15711885
-2824218
-6029870
5882278
28955766
60716857
-18276596
2795923
-1234056
-7155915
2134552
12776106
-4055556
-11566276
6054996
-97367415
-43446297
-24465290
-27305785
32854767
-27071755
16025410
23677098
38648632
8941098
-45753263
24707945
82069251
-25711036
-6544312
11995740
-6450560
-114124744
33866472
-56594105
60457780
45807208
37128651
-222648
8516338
-1399320
77027345
92967706
-7992020
30637856
-9769116
-29125114
16368384
-2710960
-49089314
-31906212
-43558368
-30367477
14371942
-17583076
50022048
32128544
-43911252
-18544359
-1954978
-65947152
-9250128
-63507999
42819590
41248460
-22525992
6162360
9514527
37496217
-25433448
-80060955
21109112
60606414
3990900
-29492245
-5757858
-15491086
15064954
16391728
32670964
-13825293
12134904
-10057632
9316356
-6109552
116643055
6478905
-5366697
13323916
-9071844
-7199106
-59562020
-98492610
46089981
-25610730
23323104
17362512
2160888
2221262
23397904
40497277
8531850
6949200
45251520
-4784796
-23741869
-6116828
-24027178
-52872
18819304
43460795
30497463
30233259
-24131195
15867120
-12016246
8607596
2713336
-53149604
30840890
-37087639
12704895
883159
-43379532
8710954
15235534
20148753
-4544136
7151608
-17929494
5602732
43670788
-26665440
-26035556
-2995206
-41122289
-13679610
-14747538
28075392
-10757186
-16490796
22314532
-74148996
7069925
28291307
-11438857
39360246
7212976
-29178426
-46564210
-5830312
58349152
18978837
24692152
-29454676
5876260
-40369810
26589344
53473659
-72816094
24763252
-15960710
-3543853
-9162217
-447920
81967460
-59205494
2434598
19314385
-4043702
43833458
-33004132
-12423884
12417419
54990580
44424309
-33267437
-48626512
30040219
29255972
44051084
33994762
-68586360
27231742
70835869
-590395
19406300
37722870
39440016
-61536248
8117396
-65549116
890520
31414375
60476939
47132674
-87144736
-27489098
-4076234
-49482864
-14653928
655443
-40641451
281662
13941500
9702720
-2246735
27187913
-6775248
32129469
264214
-3355657
-6600178
-15762177
-10430647
-3770780
-2094609
12298568
32165360
40653026
11198268
19436790
32879605
38256688
5444232
102056088
-11538602
3793246
58118208
-14269401
9369456
-17155992
49174036
43187616
8994650
-22898459
15076743
6244542
18176313
10896728
12872394
-18692190
62003530
8656929
-6574256
-53002107
9258529
-19672180
-13635409
-52604464
-4685175
29489720
36983103
-28337611
15200858
-35167883
-48807933
8595540
-14411984
-50524563
3741110
-12690485
20660132
-2688151
-15846915
-4829954
8932077
-39583668
-8000040
-36527600
8053823
4292105
3837810
13997070
48706926
17210646
-10163868
-126358155
-37980576
32843772
6499245
-19038269
-22527310
-13095078
98920503
-3857166
22279936
3363022
13243822
9203775
-7403084
-3655608
16298856
-44081232
-62182832
63866938
33549572
2491380
-30470829
8301440
2521144
53830091
2965544
-31656694
-156308
-5884765
-37035096
26481696
105326137
-17605551
-51468350
47087300
50796914
27808728
2732284
26754504
-27234839
12305991
-50971920
2373322
5990400
-2285284
12349568
4154878
-76278278
3751498
-20799306
5413950
-7328988
6198016
1693445
64909910
-18618859
-2049547
-4708800
2211868
-132059102
-1641609
11669385
-41061068
-15313020
-251980
18705366
-23147640
-32641094
-1432962
23398200
10971121
22701670
96774741
-1902918
39264440
-26447540
10982096
-33928346
-3410164
-45560433
-10598350
4449182
-8345292
-5358996
-81788364
-13545554
4623737
1911538
49177920
-27866709
-55368650
-23829565
-65966634
-16987325
32568262
38688240
20406062
5279617
-52126032
-89777012
-2140950
-31704697
-10669980
19905497
-23886366
-56189232
-52928195
-21324637
-13714070
-10165122
-21406487
2281146
1790634
21517969
-10385358
84012024
19632125
6875338
-20552984
35109336
-34384724
-12130962
8823562
6087640
23546556
-37395714
-8129889
8744730
-4490880
-39534570
-7353579
88582140
-64528068
-38156354
7053240
-616464
-20523902
14100525
-26380887
-24784767
28922308
6673710
8876450
5808654
-38936903
-26650870
29070080
38590146
10295956
-25574244
11763617
51294960
-23718535
-39945010
-15440332
-75384720
64420440
-66416268
9796530
-6353640
30255298
-7227216
-34318888
-140752731
7163232
-9395316
-47282930
-7948432
-45240486
-1167035
-65146681
83214690
4879090
17983678
7281596
-24266280
-26196107
43086136
-72889283
28201305
-41248143
-8984380
-11127508
-24650096
6172668
-87006542
-47794184
-12714105
15138828
105907502
46407120
8057916
55771168
18039786
-1520946
-8556032
14506812
-18477693
-42787170
-12388512
-16415093
-22790130
-16572500
5678442
4254130
-2657372
-34687006
853170
-26017668
-26901504
1268352
-6921848
-23079154
-162587896
-68745834
-5367597
-13438308
-34492256
-64583648
-382363
-111717732
-19331352
67523005
-271320
-11743715
-79281576
-22364580
-26558424
-347220
17724116
1593594
75119
49218528
-22289349
32375111
-70457185
-13321007
-18642438
33882460
36411808
-63494091
-140659997
-44323142
-20463426
27402660
30501168
-60402080
-11112617
-66486526
-42343001
38909390
14045970
-38269684
52373332
72918267
-56306574
56178828
-3446064
-17172699
-17803352
-87967440
44803480
9301544
-31117436
11321680
37480998
70690800
3033250
36390736
22266626
65793112
-33560290
7753072
20716224
17150280
43579170
3479976
-58956030
-1402094
-1575028
54046414
39712306
77797200
10045092
-37533756
32982390
-11990784
26815468
-46014548
20965810
29325956
51734904
77460474
4620003
-7621430
-100016
-37383383
-17713717
130503112
3213194
-11049705
-37700074
-10896996
39282103
17136188
105546332
-10359203
-17851128
-21281000
15360148
82597910
-88170112
-39440658
28699005
5038620
-6066644
-6993101
-4361616
105126164
-8397458
137496510
54009062
22241675
483903
-14348997
4992570
-14738328
66484389
-75029658
-13241583
-334239
-35416392
-29349308
6985170
15100944
15063807
2576661
-28272993
-40673664
-17739940
29490304
-4326492
-14155272
-7136031
-7819812
-23247540
4433919
-1277312
25696136
10030128
11124131
18213956
32229996
-56896776
8517145
-2380560
748526
25806088
40074398
29389082
-1768348
-16259639
5231978
15496096
-21418260
39384522
-73748716
-24334348
63391136
-5616790
-19565280
30807141
22650614
5272272
-15488474
-61926914
-5953927
-7142877
-49310389
49447020
2938204
28670135
-11512314
-24545279
-38066205
-10658962
1153422
-1540798
5971037
-47821972
17611842
-89971473
70090479
7293350
212259
29513094
-18547976
47174786
-36330366
30187044
-4443072
4342615
10582018
-40706838
4293189
-5034144
2383245
5970160
-39207056
-33278488
-36811984
-579161
-8289918
-82980
8101244
-36678414
-1049150
-2476213
3314756
-7258038
-695398
9744823
-11299947
-56568495
-35752618
27011018
19317948
2735432
50431689
-36976017
-82631455
19365072
51733782
32392096
-18743200
-12369786
-5385372
-119197809
-13106517
-11686368
-27690576
-62689455
-14919360
-12298432
-6988306
4055010
-26866348
23556351
-29108369
1591848
12372612
29634136
3053400
555129
-2432052
2411970
12116304
2399596
-60312454
5833481
-60314160
-2427491
-62503392
153522
-59653414
-3661467
-463778
21662732
-1742279
-51180526
39936006
-12449580
-5382461
6732820
-34615265
8787204
-4169476
-16802118
7629936
8704962
69596016
1549388
-57131216
-30371054
-10624852
8899484
-10879348
22085232
-14715573
-50407600
52487833
11500146
17742586
55298330
-54969968
16953932
-76472066
-17073716
-33755263
28168768
21051276
19958556
-26589626
-38003118
-17767000
22189170
30014528
-30087112
26201680
-25787769
70121440
22683988
-35451661
-18707873
-5548000
6081700
-25354882
44213320
-52891293
-20416216
-56054741
-70488
10123230
9912971
-5519595
56117924
-4697244
46037582
10842908
9162488
-9797300
1022985
-4557210
-1454692
37387575
7008292
-41307330
7045312
28465070
-3727937
9236660
-1421490
-14387613
18512189
6361376
2400560
-10816027
15534224
-6305454
48712194
36950865
-5257488
13922890
-58605510
-1993254
-36445279
-18999963
-16658912
4998238
8883469
58354842
-6044040
8824662
43448976
-40571902
8405560
14273432
-3010354
-9810684
-15378208
29670059
-68154300
9119406
15584184
-1286978
16206480
-3627468
26368363
79491286
-17553180
-16868604
-4020692
-18273452
-46751721
26594652
-78854936
-6432523
-29956830
-10094278
17829504
-91671993
9820736
-62119335
18446484
-47613000
-70007912
-46667916
-51465378
-43878575
-6789196
2139184
18953052
4102314
-11470332
39388434
-5838662
2736912
-18670459
3688592
9423220
14249600
67698170
1740770
12601280
19356846
-46761384
-58255548
-19683924
6146116
-28549641
-34557536
4188102
-16652020
-57014996
-53507
-12882504
18773408
6013889
-233764
-53509896
64546856
-1595948
-34286353
11887276
-3371276
-21906593
2362686
-4868544
8125200
-81981283
-25214761
-61603524
110128224
2831112
13910920
-3791040
-7365347
276072
-14029366
44881044
-24622368
40394229
86021778
-2281674
-37128880
-12316498
-19858568
-2181768
1041571
-43001576
-33130959
18186102
498750
59147893
12696984
8221078
-20931280
63754106
1794940
-1657827
-17162707
5257931
87038390
-12518217
-14859707
42234560
439086
-8355608
10346552
83666631
-7123716
62753770
-63083418
49634112
-6150103
-13207353
12262015
4323678
49041650
1946770
-20527616
-27614624
30802620
1795919
-8947670
19591728
-25839918
-1533567
1881542
13140311
950850
-7023918
-2229312
40719960
-31389630
-30294858
-5586134
-9651748
5000034
-24979120
-1987680
3018177
64945607
-10967635
24010737
-2313258
-24199077
-78268200
48860
-108130218
-66633200
3340442
13957551
22705992
-84634405
-9722246
-10275780
38118600
-27881643
34799481
-11231896
21236540
-18445114
-26631695
-7463944
-38050090
-8552520
-7221898
-6961560
48053548
-65318996
10411981
-11026975
-13431486
-42827869
28865468
8334878
-83041249
24299418
-4092874
-7991991
21594251
9403133
21250982
-20046036
-11997
-19647460
-2092170
12589734
-918214
-3324514
-74177780
10208629
-1792323
26144004
-2945171
-100015524
41824720
-11322576
28946708
2948849
-4094280
8653721
108375528
14703342
2962624
38823759
-22516550
13498365
68904477
-7950724
32508027
1764035
1606914
22810515
15113292
54464778
7388247
55856876
-30439914
2540298
-35267781
27373800
18993702
48126335
-26403911
-10218753
-7170610
-149404
-3856425
7580172
11929146
-3989508
-9710627
-5837875
23092775
7080840
-807013
4182632
-9013403
17475516
37543545
-3018864
-12398796
11753085
43332324
53258231
2090592
-10510745
-14087470
40103514
-44313205
-16306652
-68235306
11713652
-11310736
23785630
53455758
7380230
-22575954
-35223032
60604742
11921568
-39626434
3384312
58222440
50906280
12436422
-49426263
-1144986
-66839304
35576512
-33410610
73560574
34086504
65405120
22523616
63739036
-46084940
44500908
18867312
-58411709
78697832
-6086640
20798776
4564555
-44998120
5499070
31595394
46395894
2216916
-40728422
1746100
-3315631
-5554470
-11761584
-62361222
9217572
4908856
4291664
19073734
8335296
25494537
44496636
-1636800
-32076165
702282
-25132797
-33082155
-15484809
-3149874
-19492893
6477298
18906627
7369314
-35864699
1280675
-13147383
10539000
38784070
-30505860
10077210
-14352614
-32198904
15151624
14722014
929584
23169672
-96349741
6072013
2438231
-28535916
-14338467
36002374
24422832
16792250
3931792
21316171
-41292658
-5324892
25152564
1181640
-34452372
76942465
-19884754
-13588920
-14559108
-4093027
44324351
-2918517
1184414
-23196908
12623130
-8874642
-33222650
-82511781
21577800
28213711
-14269357
58695379
-16370058
-6596300
17536232
-20510280
-19326314
28056193
-42966153
-26084696
826842
-5280744
10710414
33199392
44632108
30452445
11288850
-4257780
2916786
-3895005
-28934868
-25011471
20959770
-1098032
-7723975
-10562907
23251215
-64041
13866341
-2038858
16203213
-9346424
30831440
-47269368
-22772336
37405454
54821812
31230111
-2763470
-6264104
-32889570
15989014
34521342
53211036
-21837465
21390500
4712315
-31342710
8657418
13503954
-22526052
14916294
33886482
-4871737
-76448106
17757363
5375252
11739066
-29942694
-34564072
687825
28985195
2710262
4495192
40597572
24696840
19723667
-5014901
16457023
21031159
28971050
-79158960
-810628
20887423
46229244
-23051880
30342972
241233
19779725
-15981728
-14454157
39262752
78399972
23792251
20316999
45516915
1350990
-14821150
31934640
-16020
-13270360
15556782
22459539
-55987690
59219872
-49414986
-6235590
-23562296
-37347192
-34866055
-22549356
-104991051
22643037
-1420605
-19336044
13699287
-5880402
-4333008
-35101963
13887126
-5585125
143906984
-44930550
17563196
-3994828
37320312
-33051168
5839356
-23519361
-2229390
24330384
-68346660
45289220
-50432616
25128283
35027977
4793280
-1374252
-80648608
-22604233
-45943172
-8351365
41883492
51335148
-31166112
12836592
82757904
-33804680
-24893112
-13773043
28863968
-27085956
-31629497
24805805
18635950
-41483572
41847190
2293379
-8985455
-9755115
20795472
-9329683
-14875190
62518788
3152670
-4987518
26512696
-67885313
-16398150
20055263
-12899876
69073950
-19634653
-1492911
-136789662
-783084
18529216
70475880
-28727885
-6001620
1081710
-65163712
-15917568
-2018544
47904120
-1146468
-14659839
43601751
-23555143
-23190429
15415702
5148245
52437357
6440013
42732570
8845656
-13816357
15692069
-1070044
-26829580
-27807885
-30189432
-104271582
-1462596
-21087031
-14935080
-23668952
4458075
6841728
15794803
41166792
54878115
-3810012
6320522
47545225
-31755072
-80086509
-39764556
9344594
-16527360
-39287408
-22452697
8872270
57776599
2338476
19384131
-14256987
-20440876
31996048
-67303483
-19444832
-23381288
6929245
-37684022
-16955444
45947269
-25522826
5437636
-28998760
-38906384
8409660
57718968
-14414720
-56294720
-29652408
14331872
-59966740
-18343904
44870551
-28490547
5876816
9509984
29741415
21668586
41931674
-95918984
24205653
-15980976
2545627
37087533
20638096
-8046184
-85925060
-198005
55203518
-31553665
16492402
-10102332
37025945
10100512
6523699
2866040
24299875
-6342889
-3185155
-52541454
-19123843
-9305274
-3423875
-78145497
25189637
-2949008
-46827356
-17820111
-7895964
-32346330
-31259057
16383773
-1727812
2726082
20467003
2452674
2512152
25722340
-276917
-21247700
-9151622
43182097
12214627
-61349652
43205586
1426572
-42695808
-8005638
-19619048
-7798094
2415720
-32030974
3823092
-50247831
86330699
64018736
-16304720
-42632000
-34761462
-3091361
-21848206
-18113760
52426472
-6601321
1327852
-24693042
-4146961
28353177
-10115356
25173674
-7894792
-16377124
28172196
-4391352
-46127414
20119028
-7997434
5068566
897488
-2767857
20530680
-2146681
39802000
-33967534
41783744
-15562528
1558440
-43242636
52776891
53188700
-5394736
-31765080
-33891954
-103767568
18565888
83872934
11089080
-42559108
58783844
10716264
17891445
-81374112
108723947
-51482740
-38171440
149457418
1098963
-38900317
-48694344
-47428686
11562516
-11021576
45882456
-1712232
-10902703
-15646099
-4213189
5267240
46178934
11519860
4861296
86125084
-6685551
-15747340
30532978
-9947910
2691780
-1737690
-46461920
-25243458
-81607862
66827698
29940436
-2366890
-80165470
1021112
-9093537
55105080
-8419936
-39094365
16676946
8695804
-651456
26879670
-16457571
25608968
30037079
17115955
-6744272
-45707032
13201024
48225000
36349980
874622
28303729
10008294
2483200
25794624
48143526
-51858728
28474100
-26986905
-2937779
-66246254
6268608
57793513
-1834717
5724408
22304634
-5945650
-26626558
9213738
-32277671
13725872
-21299892
-17921844
-19307396
-57414831
23298066
50476222
28990100
28956171
78991402
-7976640
11828471
16758672
13252334
-32493140
33296902
-52368129
-20844932
6731067
-1261320
32588851
-25709427
31393776
-27611814
-3504922
-42240926
-12089176
-25006284
-10892283
28655013
-64661814
33709872
31496358
-1432158
-94878749
52209483
-2024565
45061428
38986078
-34672908
-1683360
-16024446
1052573
25708682
-3580160
-20392688
20676207
4451940
245870
3644256
-41239866
-86818473
-20794426
-30537711
12082552
18899040
90520432
-5710546
-28968790
22626032
3928229
43761116
-4203580
29918464
22656574
3200716
-13063604
-46941965
-13506205
-6111540
29649676
-48400854
12922849
-36503080
-21838588
-2120932
11259411
34540384
20904810
24722472
-19431435
11414585
9878694
-35874708
-13187578
8526444
-226725
10257534
-5808746
-1591274
26045338
26078292
9530312
4517393
10075931
-7664076
5552802
-40663539
11977200
25736054
-11263102
-8653024
-8865646
-3793391
-9723925
185826
2351320
-31027852
-13588506
11780726
7340934
44464252
11837405
25290308
-56581652
-11262852
-29209402
18262914
-54211696
62373428
9270506
-2247105
-4124514
4835968
25167848
-36002079
32139410
21993946
37605542
41923378
16042708
23604430
15790186
9237669
-56336612
20640944
-8312255
-42429188
-5902432
10181178
15437706
-20996736
-28152065
9451994
11964116
-9426310
-5704218
-37384766
-13579059
-33912800
-25777694
-8873826
3915028
18049190
19452539
45929362
-44276424
-15154724
24312360
-12439284
-37456226
-38532578
24545667
-20324747
-13438052
-78903342
-10453452
70325502
52856680
-28316940
-43497077
-27182540
130934943
25836390
10450094
6133312
370840
83222442
-3457492
-40384240
-8023275
16511415
28354558
-68717706
-24693652
59669160
-24886758
6103209
-17538894
54922418
-21253908
7376428
-72098316
-51153791
19386708
35294354
6141502
-1006405
-36408132
-92083188
-54030396
39090728
2909114
28355560
18305427
38039055
9426884
6945626
46416960
20119284
9050773
17581100
-45807600
-39491837
37884196
14735466
66068134
41557887
-12370232
39410472
-22674050
-5007276
32265501
32568927
-19432338
79952356
36002084
-3287480
-55790295
17243440
8300517
-1289692
-12644814
-82988338
26288106
-51253419
-685216
-51856815
-73539564
-45632956
3124524
-5880908
-16416930
1121952
52558851
16961204
6110500
-8144586
-2235746
18537274
-22540842
-34083988
8698418
-55055744
-31412978
6753614
-9146196
6914384
-36691035
18138160
-27934024
71305824
52773273
20085084
358604
-47160955
307572
9767670
66826704
-57151033
5342148
-62875918
29455035
24067327
28745280
-45311061
-14556822
-126582164
2605950
-49493577
68141673
34376048
7095237
24656940
80661106
-9232496
42715568
27541362
-32604440
-36291346
5475876
-43751433
-29137886
-20889207
29131863
24852290
25723208
-15384222
-79609304
21095130
30386824
-49369631
-57843593
-17160494
-8881071
-5394553
-18986386
62095154
-68975881
54305091
-64776326
-2050445
-11702215
49722208
6135615
-32669100
13729122
90842073
-3456466
-31848363
44239824
-1339914
-14993040
-14172320
-71838948
2653512
38666991
-41328544
28700878
15369288
-23547472
-24949540
-390160
-70284389
886880
2777816
-197282
47033622
-2302810
13306645
-12050988
17144960
-15870212
-40016733
-21894822
9524337
-103779904
-72743944
-1733480
-5869758
36389610
-9854940
-2874054
28466000
-29774976
10281881
6640688
21714729
11700870
11316204
13224096
-29624800
33404153
40930084
12252080
-32127438
-81494968
-63438834
1395664
-53101008
-14256739
2088682
4117968
-44687100
-51711813
28668932
39084318
29351918
-10421242
-10025273
98700078
5932606
-46409534
-33568878
-20293036
-19392358
-17903788
38756145
1730042
-6022912
-8213310
22163880
-21445650
2829295
21104405
2006413
-17079252
-2305116
-41061020
66039786
6275143
-26723344
-2884864
2678152
-27380106
14043926
-26718338
-4305690
-3361232
5702200
-1467600
37469636
8391214
-22499802
-95764488
-778892
27132088
22071820
9919076
23768490
-24920312
-84921599
73868487
4967040
-63114108
-44683124
52564116
-8909073
5467589
-25502094
11981328
-27491552
-45339206
-31396338
35362683
2808588
20486132
3056944
7990518
-6041453
746862
-50028898
-40261388
-70751214
-30268062
74016050
-4593225
10739660
3311118
-2434622
-55620060
5786816
-2874832
-45842800
-5659357
22215763
-56382733
40383749
4047519
-3678128
11973888
26733999
-27381741
-15584694
43843493
-21511636
-4853458
-11953720
10683968
40295303
10026448
1727996
-1559020
-8208696
31068730
2363920
-7814428
10735810
53429694
51065648
25536992
26913315
47966748
-24347186
8351910
-71520116
-27241508
47402544
57064296
17189263
-37955276
68157964
-37043928
1263206
-2061221
-7669952
93540637
3936432
-8330440
-21232416
15026310
23847460
-13909848
23693736
8266310
3071684
-9534611
22948882
-20769952
-5915700
-63841990
-2934266
-38537237
78903618
23913356
-27156098
1876535
-74385151
-17746962
-12526033
-41869216
-66670577
-13347137
-14466717
-37758410
-22809974
-33945649
44521114
-42073569
-25123613
4390704
-35224142
-21939182
48391954
27104955
-9974014
6376751
-30468024
-9071440
-58883268
64940712
-11693462
-4594606
-1852696
16125120
2935800
86399266
-1944328
-119772544
3594120
-38189564
16388886
16256846
24119715
-14804408
31219386
25681256
-10984488
-12153222
33194964
11247779
7783800
31853247
-8393856
37902866
-3294438
17907094
-46762346
12100256
11855350
5867568
26373993
3427950
13806312
15088268
871195
-7894181
20723880
-39126593
19928266
1462650
-32545116
-95227288
-37057640
20853960
12723540
-27977218
-15781900
-79496277
17403581
18714504
-9386025
7315053
76794047
39374416
32748025
-18808501
-44529128
11740297
-3976171
17023119
29189440
24734516
-7887054
21043876
9868560
6884410
14699480
-42473665
89859216
-15932580
-15013950
11962565
-8932200
-3947888
28176001
58973296
-20947395
-21122995
51266522
6708419
131056
9563015
5333090
-18085098
891416
-34135660
12578315
14992526
-1329097
15177432
-10170888
63515616
561953
59488997
-20518344
12988698
1470006
3271801
19944824
-1573614
46437906
2120744
-25917155
15415122
-7426543
42603128
31582419
-20886152
-1632644
8320314
-430780
5819322
35465236
17451488
11851182
-49602872
-17613738
58617163
4370112
-12620748
-8994256
15093640
25831575
69585972
-104093002
36926500
1381960
430240
11488050
-17594593
20931822
-39988140
101269567
-67331422
615564
-30968448
-2674764
11550672
46792084
6059591
83013141
-5039187
39293249
-11237970
-236391
23809004
36781753
-4276449
9559103
6398605
10292848
-10686069
41662107
-22958292
-4333498
-66502560
3588677
-19016618
-26191466
23934084
65301459
-12085383
-28366570
30624654
-18002208
48776586
23444696
-25353036
43703968
9538544
-92996524
4135620
-13959415
-43410612
-45700692
14291100
16240409
-88111512
985290
20681073
12825999
-39002916
-76344758
17826261
-44538769
-2364660
-34115451
51071064
-75638642
-18927937
36291321
46013517
-76483516
33478118
87948300
8082462
-35542262
-458889
11090944
-68127332
5203385
12799203
10946754
49258017
1114332
-52348120
35813804
-41923883
-72406563
-16149275
18852673
32574420
-44298488
-1621460
390150
92002608
-15249157
2834289
18926220
86342468
-41818278
-21103000
7126778
-48644009
-27107330
2543335
24892726
-4227962
11364862
15946295
-33678124
-10210058
37182074
-12250086
18791246
13414024
-37930099
-9233242
18305496
-67987566
35256624
39878070
8667620
-52062480
-1160862
59738865
17032320
22396960
13813932
34745340
43903113
-11921340
80515564
-11363856
-18806328
-6478304
33088116
-29792782
-37575791
-20542497
-610592
-32638562
10626120
-22755732
-16038880
9317795
-22017504
-19945547
9167153
-10171932
5016450
31943374
-8132510
7755185
-76929600
-23943152
31109115
112754632
30329454
-458922
40873850
-68234370
-28729905
-8994744
9823200
40017792
20343912
-21115200
6197614
-11271557
-11298078
6623280
-66146344
80957994
26591128
-27838017
38334303
1110945
10710140
-16584444
-44417748
-53535361
-68964177
78055654
31905900
-44213206
-62959327
-28666005
31550544
-31308774
-38954777
-10747297
-60512137
13646052
68593372
11724570
-23251176
1138030
13376573
15097562
-28794968
3170345
-23407050
-9709310
33796732
-39431950
18996588
-4197354
11061840
13555627
-33191723
-43241208
4151670
4374966
-44716760
-3206280
-7824915
73021444
-11360177
-14346720
-12982482
-77672584
52274811
-30334419
48875622
-46648026
-49055600
35167594
-6485330
-82547804
30928896
11211603
16612058
2733400
-23016715
-547164
44206495
52533871
-18034044
33635134
-51005500
7365423
-79625132
54420402
5306813
593649
26369560
13361498
-8276720
63244854
10989852
78499168
-5648823
-7056135
-19212156
10904445
-24090264
-54969514
8732424
-2556817
-238538
-1464407
-35198735
2397973
68040560
57524982
14971336
7753650
-14498528
-32343300
-77611698
-8077686
-1844765
6430942
-31189170
2540472
19461420
-40633368
5626560
-41632186
2156974
20637913
1771416
-39666352
10143002
912370
-108420444
-10134534
-19041627
-1636864
34301340
-38545566
67126824
-37990134
-18275575
68358337
-5890176
-4358848
18217462
-37183769
12254465
4460252
-26366482
-2381472
7203787
7680734
-39975465
-12136744
-54338742
8507706
-6145140
-12347647
13546400
-22528255
717286
31947290
10532520
-21900338
52661295
23596128
14022419
-61669966
8802370
4127268
-28200238
29818630
62465470
28667934
-15679970
-35963505
55555654
53047
-6151182
30927890
-13462503
10958280
5383800
22248904
-9323497
-10730204
-15646050
6253995
2159764
8379252
-25880964
17526846
-62640312
-42509956
87668883
41218470
750360
3349628
-5464396
85346723
-12182126
33296590
-14197790
2440620
-47122240
-12240104
22830822
22003368
8435399
9703074
-3019900
3385463
4899120
29853964
23351300
-2653797
2018946
28229440
-7426681
9769230
12708768
-43026538
-42937910
-1317882
11926759
-19310463
17992440
32301591
-59084112
-67487024
676061
39503619
7163700
-6166380
-32513684
-14454445
89971606
-6284824
-19778043
-42315369
46176255
34816568
1843389
-2250440
18651008
2773125
18532083
31671888
-36174548
31532345
16873385
4798120
8907654
-26875695
-9418380
-17280071
15871583
-33500690
17101053
14972637
-21299916
46636232
-33444781
-2625777
36070422
37827833
-15505360
31901331
20856192
-19457924
3313165
37271082
48075624
-36214099
8528192
30816484
32609432
11974629
17790480
111006569
25122092
9552403
1076996
15698075
-28845737
-18892092
-4085335
-21219960
64118314
-19467648
10782372
-34293857
32785595
-4171600
5808555
-28255263
7907494
574099
-45556934
32319141
-17776170
8694780
-4316531
-10912716
-6285295
-4258440
974648
50473050
1786528
-5439436
-6755674
11436360
-5323362
24821876
9465544
22135616
-54083914
-3989358
-18857336
-9045765
-23673456
14159520
-4269366
6249817
-6931750
-8375072
-2647071
28986838
2669829
-42258968
10134642
-34562708
-41095273
-14639586
31375740
-58748752
-54576480
30292713
-11088664
-23516458
-4530412
8673546
30404220
52876017
60054338
10808532
12162904
-1667832
-19645980
-25298402
4183800
-53974182
22555240
36175128
17576572
-6943298
-4861484
664272
6143200
31970090
24072336
-4224766
11917803
-33191380
-23738010
-19715968
-48079716
-43584169
-56464751
4130482
1433920
-5222610
-23098220
2867235
3257267
-36316768
77869472
8354779
36492590
35501592
-119100
-56095353
-4564979
16468930
7011709
-26243180
40326068
-13770354
-34286156
-15904092
-5621088
-55307904
16785470
51247485
-39245090
26293055
-27853740
921276
-35568800
30641520
-84273060
5568264
5555598
25088643
20209959
-51905797
19417094
9792815
52799924
5607592
36587334
-27517839
-37319451
29981808
10762370
-24611650
51818362
-23138901
-880680
16284846
-26044190
12636679
33580332
85812633
20344153
-1442040
18355950
11174780
28022438
-3544431
97115814
-10364682
338840
4653537
-3661488
-23796246
1522803
-33267748
-9682456
-13342170
-50116893
33768216
-23855236
-18297139
19900124
12495773
-12445950
33499077
47637000
-49068580
9231103
35426773
6894025
-21134589
-96164862
7447005
29205180
-4995235
-23996498
-5397030
-7892562
-15043497
41480799
-4204122
38356426
50100468
-31977678
-1784308
15492792
10140598
-9854960
69862781
-11630445
34042928
-87526118
48409650
-19355115
9960362
-38352471
1766213
-58617876
-98574841
-10990674
24539367
1368594
63332444
-61221389
89738808
4492935
27475028
-15319404
3139922
5367456
70926978
-9345792
8888847
-18103485
43145058
-61724356
31394058
14982377
-556589
-11136205
2046707
50739480
69741244
-9231856
7239480
4086914
-10132944
-8417032
15173371
1572022
-43009100
26145024
7646781
873120
21656254
-47922233
5500695
60771840
-19628006
960332
53990166
-17117835
-20495001
-46091025
-8680402
4855736
-29991616
96829112
-17724883
4051200
-58230876
-29613060
-7116790
-17892354
-47256555
-7948771
-10300008
-15450360
-55664876
-32324536
41350546
-1618449
10636308
-6519720
-71591364
-5458769
40618799
70607238
15551624
23477184
-4602756
-38262489
-14003996
2353972
-66786602
8507834
-39537035
3000080
-17957883
13381562
27908252
-39260366
-31178043
-35419681
-2737696
3949980
-4282482
56630830
32244814
-16485624
-63770052
25009308
-67364965
4424012
-2109138
14410248
98350458
-9464364
-15679092
-16324272
3883200
58686882
-1038348
85032200
-11399455
4941552
7510464
21116412
-2844750
23771253
17118242
-36720922
-24207422
64610886
26303496
17117124
19294789
-9523568
46360237
-32883246
-12362214
26809172
29502924
-11226652
7197460
38168538
-21767144
5375718
51366
7141452
28496400
37074755
269948
28851602
71776158
10423564
19124509
-2463381
-54715850
-3862134
-1634310
7133412
-1318825
57083836
-48165626
-62029608
-37899441
36222100
-32147937
-3538919
-8097420
-1404221
-43737016
-9916376
26770562
82202708
-8783007
70045870
-33847605
70073556
-37315268
-19458798
40820762
7177815
78840658
-38585127
-133956153
-937709
-17411704
-46548
-10232794
42656360
1966722
-11035388
9966970
104628184
33156502
-49131794
4233212
25728929
-74053100
-18055506
-54452044
-27236920
31329042
-40738493
35881326
20363476
-53031952
-4011309
47487880
35254192
-41726550
21139399
-27669324
9224356
9468930
14952615
-37457166
-4299025
-40864445
4369461
-101650
-8659424
4051968
-5308992
-27359633
11114610
-47010546
10177824
7004805
-18434192
-60704645
71545408
4746581
-20239633
1188741
-15973150
64748915
3790463
6008464
136929308
41105256
149093866
1236582
14889348
-6228672
-20232553
-60917486
-51919656
47749712
-8876924
-25928626
-3395942
38182716
-10235618
49980334
32458612
-60130764
-21211435
-1089033
2724732
-29387720
-15210288
-7026926
-4886208
-46831813
-1453064
-6729582
-1549192
9485100
9793144
-2589704
39371390
-2206597
-27474346
-2934163
-5965776
31914812
10256542
-4746123
54004
7743868
22635782
62961427
18000320
-2109618
28514390
-36304380
2077870
45050540
-58370489
48293628
-15476330
19902153
-23807790
-51166775
-50537762
7293280
-7343037
5246849
14754496
14818293
25679263
-11985079
60896212
-107415107
28998541
52358618
-17832924
-16501091
-43916723
15050979
62763698
15478664
19333611
-8778936
26260204
28864866
4117418
-29939280
5940120
11444438
-1081940
3299140
-21302905
33702933
-49144440
-18048664
17544631
-23095078
121583934
-31252411
8422358
-5450655
9435624
28926194
23741138
-59764332
63001566
-20858280
13479310
-5704080
17720116
-37185852
-14138682
-10622244
-52735537
-13778016
10830804
-11070876
-26929821
43545732
19080254
21683859
37634922
-67035056
34288497
-4855958
9980645
61164249
74893000
-107781904
-30139296
3677904
-16112030
20929373
15829172
-14496500
33150131
45167622
-39519114
2675070
-44981166
-7188994
-14376408
22694662
45503406
1107024
-21110369
95176116
-34639128
63190794
-28555904
5691024
89220836
2996972
56392650
33499848
56322718
-88928314
76878726
-14132168
-5526312
48240768
624159
-81912
9509022
-2929450
2841356
-227376
7928488
42949509
-12954488
-3362110
-1377024
-19077214
3173760
5687424
-14285808
-2041450
-31884258
4299070
-9675720
4911921
30444928
80212342
-21133884
-1817440
115098
-8024953
22886955
-7197909
52117998
48850482
-7164544
-13346293
49894775
-16049658
-46325157
5666730
-75917851
45544308
59309930
9226676
5975256
-27833995
-7619379
60260470
3477204
77164704
57068230
7923252
25223473
-1786417
-98882247
15647688
-38761653
-57146024
904491
51636537
23663234
140029760
5698286
-32852393
-28907996
28244747
4473728
13921013
-51075248
6428246
-270483
70163973
10187100
28722576
-42547852
9079534
13565332
-55937436
60754503
33730720
-30733163
-6739068
2952378
64068225
21101376
18976844
56595571
-23945730
-36347648
-26672502
13917168
-15326516
23838755
38919191
85037307
43328670
-13057865
-36094019
12855414
31485733
-3356247
45310260
-11580729
2541468
86684403
24011763
27384191
-16007045
2143520
-3313200
6460993
-4361388
-13732158
-36002605
3399777
9555150
15371860
4607428
-4357034
10105884
-4493478
-19831104
75786955
47612068
35092305
-15410400
6155370
-72303102
29668576
38223993
39738620
11190483
-462240
584004
70185216
11662780
-323460
-39153564
-28393296
13020000
-5202576
-6362920
2797962
-16353819
23443824
60530514
47911854
-4463545
-14615488
12845877
-8413458
-66470484
29220968
1939748
-1479660
-58403744
14503210
13127316
-112956433
-1854704
2568063
-68957940
53487296
27246540
-25132040
-110030746
14436620
-189458
7752882
-35267660
49873404
12914657
-69808144
-4477590
50121600
-7394416
-13488464
-25856598
-20728064
-9969580
21176362
-63592602
-42510
46292108
10065914
-7112802
-1994167
17700858
-28412901
-10605839
-55849736
-19933844
-39965324
34387824
-56593223
-34741164
22909648
-3494644
-16214793
-38637454
-3151986
-28892086
-3919245
-83821350
-69414160
1039272
24507243
-20067356
42545484
-4589811
-5948140
-13048066
16314336
-3035450
3587040
-31300185
-76741602
22684816
4656703
33095918
-33695419
6376080
23206954
-33899682
-18988920
12659582
2682744
31786876
44766496
78265810
7508412
-15284700
-71961954
-3715374
28003507
28700186
21743218
-49506306
-21920295
7273243
6279480
-46958325
-4819122
19612692
-8030596
17891653
-4915896
-14901436
48827968
-5233298
-98368938
40655962
37757490
-8896132
-4200962
22533844
-63578808
-28962776
20857770
35315232
91962094
63276168
40776140
26423056
-38620455
-78668836
62523636
63613828
6302400
3386690
-42397358
13352454
-63257282
-20944
-2078128
-21492570
1841592
58360234
3984016
-60900751
-19390564
35313966
-24153870
4963860
-17255964
-22917397
-20236000
37243288
25869548
-15776107
70470900
-10922880
1179885
21564822
-9332029
-5751630
-57643817
83670184
4821420
13970454
39285554
-2454247
12724036
-8919792
60138778
-14293517
46035261
39479568
-28623115
21007342
399545
-53106824
-31190877
-98964960
15049266
11426851
23793956
-12146576
-52775418
30455482
-61032143
9169158
-25736736
32565045
36929108
7351780
13465384
-23081136
11336892
3199212
-8054641
12359546
33142531
31357717
-44337732
-35633467
16356780
-24623022
30083056
-5474568
2536304
24014370
-39825570
-11639700
65224101
1200718
1534260
-53358207
-19977886
23382900
6720889
25986968
-33393490
-48284631
47141182
7983825
-26577720
13420025
-21047978
33587125
-50630594
45068660
-2488082
39406971
-30736502
-1468964
-5897283
-4592402
-57363856
-13035643
-66044081
-40129432
66619725
-40439148
36606290
33483835
-79318793
-23244742
-29066584
-120517458
-57295908
42440232
-21079766
-40756744
-12539198
-5782194
41520372
-16516764
127174630
38900262
27625471
73427988
4085802
28864587
-683290
102402173
19849154
-43804869
-22426308
-19628904
-21112277
-12103188
-21059487
-77066450
-16602029
-3827236
-14954856
8235001
28819336
31919008
-13933906
-25541083
16029069
-22506220
-67135795
17559996
7773016
-23672855
-39564557
34752036
37472890
-5482324
-5572520
-33850328
42802225
-12225358
-46661982
17672651
-9756696
22588552
3728716
66851062
-26283169
-17425092
4588926
11209763
-29084432
-10045090
-15293206
-24300333
15037539
-24371212
8042090
-3755448
-64454155
-7185832
32105220
-30066440
13052785
-74565816
13875290
-20193981
-764152
-26153503
8145530
5328185
-60698844
2194632
-6446971
12362935
7719581
-30448161
1945260
40062412
-13431114
-3399804
127497827
19281608
-12739217
56015010
-1310003
34699788
-3085896
-10230957
7182663
48894220
3120378
-16351190
-53200496
17326302
-52092976
-15013146
-44893332
8096060
29953123
43817744
4222590
-38485094
53745120
-81309628
-12675443
-3809576
31394680
-1478976
34659000
-49594685
-72866196
13324371
52173114
3602448
-56972755
10915614
20732212
-7370016
3571269
24894110
18165986
48708046
4242192
86198640
21567160
12265968
-26790012
-42442302
-1855126
45407443
-62098272
-20446189
71040
-42152453
42713728
88338027
1329775
9088512
-13631238
-9521896
-53458416
9160248
6377314
25408245
-35110554
-58790412
-5713695
4626060
-12768327
-1714027
17959545
-33487566
7834430
9420198
-2162378
51626400
6895424
71620840
-17820798
-4145058
-21856332
-7939814
-1124927
54450421
-12986383
2592999
9790537
34485908
-74864156
-21189717
25388736
-25385899
25373699
21787503
-21223152
-45816761
571289
61830012
20664223
-1428499
-2339420
1676076
-5953506
-8986562
-28526948
7628403
55920216
-797642
186000
-84921960
9805295
-6007968
4714590
18342066
27283434
20898
-107674950
9853315
-63133986
-9506854
-39743843
3444222
2891884
-30135118
5260440
-45752912
-25698214
-1607440
20867288
-13182926
23760500
616233
3658942
-3345861
-36926063
171257
11838315
12352638
-2834388
-3775093
-54825778
-32830998
-44358815
26225764
-14284338
53558168
-980453
44442036
29661786
28904060
6555479
2744294
9792420
24845402
32941054
22063293
-24669056
-70356048
39045902
3372435
32900592
-29542092
-25419732
10646223
27535710
-56947652
-13308935
15364608
879298
21402444
-16413791
-5807502
67674764
3477050
-7132594
-20776407
3791894
-39364630
33402996
-75516012
-2524340
28926326
-21544320
-9077454
35191436
-3754322
-36319733
316358
27857689
-36067398
28057677
42111843
-6780015
5925555
27397206
25267898
-89123574
19120666
145170270
43208088
-9409948
-1668171
6511414
-40295543
-72362048
-63123316
-8242117
-6969988
-342061
-15413145
-5508480
83450720
13192178
-16961875
15092127
-4784540
-24931896
4918400
35048223
7563556
-6919650
-10015733
-42604016
11216153
-12394064
-6086775
-22538750
23864136
12719772
1317355
52030072
-17847472
-38140610
-8278890
-22902292
31393656
-25584942
17090258
-5329560
-14245853
-5738382
4057034
75299512
40006575
5528100
28455413
7082078
51101358
-15689565
-78393376
-36903328
-4722031
-36157757
45481318
-5397012
-33856080
63026760
-4422586
-9451528
31737574
-4466844
-11490108
6074071
33681252
-20028412
-323322
-10726626
-59950272
6161296
-74134100
19722768
15420024
-19542906
-13096396
-17255364
-74871
-53650320
-9845733
-23572360
52081642
-6573314
37277288
2912260
-18095882
-12235536
-11766443
-3680952
-34775260
-45299520
38805069
-30144676
38796775
8698430
-26767824
-23939981
-8340508
20211104
27535232
65087050
2643900
-8826060
81368472
5542876
-94046332
33294192
-8251392
-19211978
6652952
-19791096
-49102766
13669872
13418020
21277530
-23888073
25430246
-1790858
27212210
-9205174
-445109
-17447124
-12970599
-32866856
-19748995
-32657376
-79153352
-11289180
75449670
9515970
-28499554
-3019109
69095059
25475833
17892960
-31065550
15676369
2897799
-1312258
12889046
-5771894
7208406
-10269891
-75349395
6220770
14167348
24032850
9990844
22181155
34376705
25260624
17351860
24984756
5996385
31715593
-4952675
38587910
-9126732
-34853400
40255210
11691506
3943160
-25492824
881721
-38693652
1215278
87113936
-4735510
18075095
68102400
3886152
14774772
-15363830
-12905007
-1971877
-1364767
-5968222
-1164391
17691120
9765728
3976441
20073770
20155174
3903202
2691944
-1273515
50981538
10013209
-9687754
10530134
592364
92829724
17810694
-50415436
-75366017
36154182
-27956115
-22419488
56248400
-39862511
-34530531
-15166794
27994512
-400502
-38476486
-40727232
9164168
1755515
-15953746
-3609402
-24076812
-45428265
11302168
33165325
13418575
-43077882
-63649020
-14078016
-29404647
24008784
28366810
-14822880
-4215630
-15874472
48058393
2253456
4784872
15320361
34317565
-15185260
-2140822
9960272
52655517
-15196170
-18255898
12600804
-109167696
-78000682
59759340
2023530
22531620
79665976
-26256708
45868140
-67952244
-63089068
-21469833
10721269
-3935052
-29037750
-42538188
-1017160
36099140
-15041174
28103700
40363240
674919
17591821
-38955352
-14775473
-6630304
50724
48070980
-3220030
32760550
-11103397
63229506
-10651218
-4222057
-46051200
-752300
17687164
30238725
31618751
-29978224
29533815
-16700580
-17157011
20384443
37578567
24769599
73749884
-24872785
33193276
-15353092
-13115187
6597020
16377343
-63149067
-39688634
-61661072
-53635550
-31637730
5288094
10786402
1280237
-32533788
45415366
2011900
41237015
3449898
-3848184
772449
-38741178
17933520
-17144452
-37738151
11589659
-95307199
-44563002
-19418820
19310982
-55545170
11545228
9291833
10474448
39364805
-22436325
36512532
-15001388
132095601
-41713119
53081300
38816200
-17365201
-2519316
-44021598
69225153
28403456
-122848948
-34717620
-14557272
-55163583
-13828826
-2973346
-3572224
54537852
-5246376
-9806553
8293077
-34698338
-14044306
-38753731
9220333
481797
-7805727
-12267089
3703620
50701017
-65070793
-17304741
2332419
23927818
-12622113
-3315480
-38094475
-105953064
6530712
-2605978
22358298
-15517296
-25156742
-18276394
127999352
4523828
-7724703
-15534956
-6745116
-62907546
27697394
-24441952
7285130
34314906
1407629
15249384
-87238952
10175060
-12746768
26551573
-11261148
-3820966
-26165640
9022431
5110156
-24602080
26487525
23144028
15684366
-45621800
-4457744
15282252
-78208488
331822
-7397105
4831692
-10247664
3762582
40862966
74703360
-12570792
-19147016
11429098
19412440
15274602
-7895173
-5442656
-9744076
6386208
54109163
24301872
-1004943
-73299540
-26202464
8533868
13438656
-18612599
31706514
3790563
26745186
-59400576
-26776602
-16970052
12241110
13047954
45501390
11916132
5470276
-28608302
-30509780
-8120440
-1226988
-88371738
-11285284
30269996
-2722662
-24552238
49223445
-8076468
7573838
-16476206
39133988
-34098462
2133580
4425312
11645478
5618428
48834384
-5357762
-49723245
-76525150
-71724
40114174
-1262519
-73817580
4721703
-4627868
103401756
-10247281
-22037020
7790811
-76188620
16774194
-16300984
51916992
-15551934
25885554
27618145
48038385
8768718
-12755376
-20031552
54283298
46549554
112530058
-15107683
-15974228
-8313975
-10140064
-77195625
-36395860
61691493
-14231600
-75399503
19770789
-4943
-2355767
-43076060
25999658
-5416664
54968333
-46268185
25585365
1642084
11773560
31016831
-67609688
18208606
-46765394
14655625
3514048
2612952
24245492
-52907092
73485167
44313466
35222637
-4057172
9786241
57880396
27684852
-8539422
-61098492
15823535
-93772308
-862740
12087440
-65981664
-30180396
-8250396
-59998796
13677738
2165022
-49245060
-66102452
43177866
-7107289
-3662220
-33194415
6771060
-15487576
63370512
27809562
-58675504
-47106112
45261264
-46805910
6698458
10194308
-25505234
-238713
93172183
-79925032
-71523010
-48617780
-33928504
433044
38708245
-62940330
1985330
-90058268
-17253260
30716512
-729408
23475316
-51885272
-6354108
-69230904
-15157146
9458578
23803152
69169978
-18813760
51092131
53081724
-2485668
20347924
2616680
-5145036
-1954914
103243389
-22162680
-22831666
36276802
628811
-1371209
-37858912
-37161484
21750095
30249300
-55281860
9888228
-20027246
-42638080
26332096
-19005620
32485796
7686234
-8080111
-47704697
63281840
55680354
-7757163
-31783034
-2280139
-6747869
40173016
-37363200
25649339
3007344
-1293038
26471121
37754281
-878031
24040656
28758395
-23450976
58010350
38210923
41278650
12826402
-48096544
-4445512
16815711
-51090100
2186634
69853476
21096142
-21853101
-69099
23736291
52014479
16959224
-37465663
-14820362
-57183513
24540198
-16761646
-43625520
-10453323
18938291
36018386
-49775071
46060960
-36824473
50051104
10776209
-16877616
30252586
-34581940
-37167088
21927924
34886025
-27613201
8654027
-9340244
26946597
40907576
971290
20415102
114562880
-50681310
363787
-66602097
6290034
-350528
22646962
67893220
5477120
33914874
37514272
23452212
17177651
-28776366
20775513
3389396
-35559642
45785132
53811600
3820828
12171357
10679945
19227670
-10798608
-44459012
-31812891
34816900
37008088
58420501
-11391482
84472975
14807100
24236136
-21192535
-31485624
-20090167
-28038488
-67511617
32599540
50458142
-69754125
-27009152
-6556218
35300298
45582036
-8933534
-18274194
-12936462
-13479834
8939806
747444
22902156
25880004
-10100454
24965108
25459926
-28720252
7087598
-28543666
25944049
-6896702
-6896526
-45422792
68695624
-12041861
-48154331
19945019
5760259
13147588
27907084
46913344
50093411
-5189110
-13013871
4935745
-35506601
35825142
-31475364
-10822508
-16915096
-47124144
30136354
-13396749
-31096620
132475764
-22778011
28814297
-2174316
10532700
-33890496
-28008990
76319630
10932003
67738524
4054521
5179115
-2893242
-34262307
-16913805
-26803952
32765906
24200955
-30977331
8584415
24976140
26297095
-9024235
8031972
-38734590
24967560
-10121160
-67101428
2937086
-215598
-14918720
-24478090
-14368834
-7117220
-127743247
17560072
29439033
-7907160
2115720
66754514
18810261
-18382630
-53031552
-21247384
-19576984
17152436
44352936
14617665
23309797
-41179206
-35118858
-20862984
-913298
-22225083
-46723740
6088989
3178222
40543948
-82204092
6187230
-7820980
-22269436
-20358111
19785935
38042850
8210176
-25796304
-22006624
34906025
-5494008
27795581
43820847
-18581343
48884806
-60463366
-15829332
-23365160
-14863037
-35733039
-24461388
-75107553
13088689
13159420
-37361422
179020
13224750
-42668025
-14871360
15383806
3396532
-21027702
-3900512
41850341
-59137404
-7658896
43704490
7934374
-19772214
-10296084
2076530
4421281
-11305056
31160010
3588065
-20853619
-48105107
26151308
-84360382
-22369074
-4796971
4108590
-13189030
18376470
-22503712
-21103080
-28108831
-29709435
-59538648
-1043696
-4874744
-22611540
20226355
1221485
19763658
88052184
13963137
-36568076
-65530144
-25130684
-28692976
42017528
-33679296
-23845771
6125552
19619932
-6271190
-15355249
-30016383
19452400
6636150
39123596
-93567642
-23531368
-22666345
8286844
-17312638
39157487
9947576
-92544654
-28893692
38167668
12548718
-11422540
18926482
-40381316
30884388
23954294
4487060
3748005
34358264
-54590201
-239082
82632092
35118937
8825106
29470595
9052747
-25422645
27550184
-18862368
40743370
-9177896
82119058
6949431
-9084168
34493614
-471736
23772548
-12197452
-43843994
62895160
-33969198
-107897330
-13527534
33369492
9183423
1893560
4209120
-44080396
13475840
-9658419
-8053492
46133236
8181276
-7826460
40520506
24988190
-3091377
7301082
-1070818
25631088
-1610836
38479551
1252722
35112840
13458752
13092982
10097646
-19274171
-48119589
-958203
64093686
4606001
28659840
-1227513
-20178745
-18963634
-14983440
-29273256
-78115029
68410381
-8138722
8375344
10855460
-202722
-81632130
67481682
-48943259
5439453
10938168
4674668
-17737865
-73182178
7247044
8691300
-4718325
1475896
33826410
6551593
15822206
-5033252
29913712
14327420
14934148
-36291408
5713495
11391258
-6178802
-20870370
21344394
5031422
46969654
-27081424
-550299
50902169
-3072660
-2499240
1698807
-18954880
-31737024
-2721376
59027226
-1820472
-34775773
-15300484
10887624
-58532848
896132
-80570241
12172260
-41280846
26620568
-252304
-21572289
-10705410
-28717926
818874
-9443484
-8507835
33454608
3692892
23170801
-10526715
-39333471
20103900
24293049
56098904
-48923069
80463982
-47959842
570308
11148694
14312272
-12550920
47910360
11719240
-13945041
-28892759
22986525
49078540
2761990
22384976
-1973845
-12377988
-51888504
22308771
9458675
40980194
22423586
8601349
25374726
16854012
14284930
-7095912
14281000
-22335775
-6640316
-105744498
8646427
5724395
-9325384
-20965686
65677185
-30789663
-4043840
-20775660
1062369
57334839
-10743054
29043419
11281170
-23071916
-28867224
22678293
36033564
99329272
2473531
10172050
18333925
2744115
46554644
5925300
51973216
20008817
28675196
12274715
-6985050
-47178040
-1453720
23815472
2627472
4836144
-16421610
19593444
-11174310
-40117212
11033582
-4949430
48417876
32209233
79854599
-13185032
-49894712
-868616
-20279367
-8974224
69826226
67558973
-5065742
-38132220
31824790
59562336
8695416
99221803
-23950110
-21503822
-20381268
22470348
24045728
-24763752
19033980
21574654
28005477
-4254780
17348016
46483030
16271953
91448460
14327924
-18686663
-21735181
5161900
6336687
-3350023
-27188934
32472064
-18152347
-19165701
-38820616
22407657
-1856349
39634656
22380336
-34102722
22514176
3017730
109885831
-7423786
25226072
-2692116
-40911322
-15306450
47415300
3874888
12039236
52059134
8423803
-8498620
-2337492
-12200136
-1275591
-23239093
2110233
-28124810
1700385
20360732
-53892525
2119438
-23738409
12872560
12877898
35753384
15351070
25370180
13167134
-9037578
10499723
-4151153
43856559
-27520084
3053028
-65360951
-12585716
-30088133
-21076413
3236460
35631184
24457853
-22988488
64190203
-29302509
-82715795
18545220
-6828350
21999450
-2033973
11406538
39007836
23479196
-43753034
8489865
1309386
-5560434
-2448910
-14803060
-10339462
22632426
21632004
-6522256
-4812696
-3006558
-31496118
28190240
20442105
-6089496
-53197672
-67209840
-5548172
-47700659
8951936
-12397692
101341968
58719671
37049758
-15819285
-36906121
-16863138
21896753
-51090018
29228955
-15916775
12305936
-31929699
39298107
20579904
-59767906
41942430
-41114563
-131092387
-9557652
-62181264
13250067
2900334
57529392
-2619193
19732808
8131640
8726658
-28481382
36243795
-28056858
-68136238
6374429
84649820
-7794981
22353216
-16024281
12418095
-9774650
-5252170
-75118736
-3966192
36011176
-9862701
64401283
26961646
73418463
-69272764
-22821124
25011216
-358500
29876992
17456799
11975894
-13750152
18571481
-49279699
4616142
41907839
-70259544
-60855566
-25463940
3856972
-11165576
-12145250
7591087
11534931
-9935275
-2021346
-6410728
21080671
29280368
-56976558
-24628295
8250672
144038624
10871896
10871229
-1360472
-43296062
-87776412
-11938328
32619323
2590096
-58524644
-11766552
-34262742
63157669
-22099576
-8307176
-21371388
32802156
68583664
-13032972
1602956
-82003572
24138216
22894800
8029735
-37961496
7550368
-11181836
-40326620
-61774896
1506484
-5371977
9307665
-1946207
-25082087
-3475791
-59415071
-65144304
16372224
3381438
15822060
33147956
-124944983
-29166510
-1778664
-36803922
12397280
3074201
-9905304
25661184
31817913
-5832270
-56124451
-10618765
8538144
-33316196
19216420
-35114112
-44910684
8960880
19424943
4903440
-52228130
13848400
36555055
7472850
-7535191
4717494
-42835174
-55396170
37698936
-19994481
18467754
-5635023
-27478080
15392195
450556
-18119820
773186
-43519872
36804463
10415592
104211637
-44039556
-5977712
-51514046
-22071568
25770741
8378944
-21534032
-6567188
-10190638
-59400459
-3610082
-2833470
-22682592
-72344059
-11318892
4143028
47224733
-2870264
-33538448
7790000
-11246400
-23752644
1779718
-87889296
391362
-3414144
123680
1134178
17813322
-29593443
49725642
15827760
78418560
1242450
2709864
7847504
-45524126
-7152006
17229685
-44961750
-1374536
-459980
4327364
15470559
20981146
-7658816
8631306
-7329280
-27105796
-5890307
-14855341
-20989040
-41453846
-2295064
503040
-18904752
21335102
8532702
3394604
-44806014
-19896040
-6735240
-30564438
5923417
-592044
614632
2709628
1367638
57427506
15422960
21161792
26362855
-9287275
67702150
-19462059
102587973
50209206
-29517304
-12646750
19991668
89448300
5247855
6198369
17476694
35271552
-36429897
45937721
47589765
7952760
-835854
-22961380
55963596
-1349600
-56771980
4432470
-28712556
7082364
-39469488
86525770
-25982944
-51723822
1966272
5094162
-18359436
-14568948
-88835872
-44762772
-68035632
-3806307
-3044057
-22971900
62896275
-53367024
-47126200
63317488
17150685
223834
-17567198
28943674
-14202349
7223843
-36872714
24292488
54636936
-16220446
5041726
29547093
10559247
27605433
-23583476
-42231186
-22657624
42570065
16900805
-35894352
-75707617
-3051968
-12304938
-9100296
-120864483
-84187803
23093764
78810896
-26522400
-19038008
-19518840
-5131765
-19580246
-24204220
7931979
6505581
-23570222
-14879786
4744857
-13608351
-4996437
-13716330
-3060919
9682010
-25534784
27129033
-21108737
-15715621
-2136078
3128685
-34543972
-1069640
-47524001
1449586
-906203
29379075
-30493442
-25182400
-842610
8160174
51284571
47995029
141282421
39804582
19362248
17681340
-5155828
14338942
-10066242
-14746416
949520
-5450844
-20406375
1142712
-19902824
13242909
-57665965
-10255608
-61053846
14793625
-21813001
-11278858
-6715269
47230744
-10034598
-96815843
1011532
-24204818
19176934
3509800
35905708
-13805596
14977403
13098486
-8330445
2384254
-26117215
-46597864
26322780
-51812531
-30708786
-14780121
13482643
-11302473
41678972
-5460010
-7906128
-31360269
20497128
60778262
-4872845
9045504
-15765705
-1507822
-22131068
38306676
-19611252
39445568
14404524
2638461
14972144
232734
-109132012
4966086
-75156830
-7396557
-1086012
6364194
67618860
-78160381
-16167612
11907662
9489798
-3785230
-11153184
17816962
343284
48776448
-17279098
17054720
17421746
868054
-31440604
33191986
-59655900
76059524
6338337
5408170
39730044
-18906310
28549222
-60288180
-81390126
-13946814
-1715240
29138178
-11357422
16484713
-27090948
10190788
-7354827
-125816
-56595197
5371398
26009907
27535200
-84320885
-8153031
-16624317
27442710
23840200
-39769813
15764346
26342660
5614054
5891130
-17108534
42647430
103190555
-15351997
57206584
-15232540
-739512
18072021
-16901640
2164390
-33989363
-46309596
-44574744
-26979808
22188680
62195300
20013986
11824684
34152976
-38062259
-2933696
11231862
6399200
28797755
19492874
23507248
43000585
44589
9121537
33551574
10121940
15773190
-341452
-1291803
-77205516
51551953
-19348434
-5311849
-6647198
-7306172
11702288
-21903728
51785500
-23095668
23837076
-27367964
12913947
-7779068
-4270440
43043056
26731484
5179304
64132154
24705102
25165364
13509760
-42649057
-2263380
4871186
5270454
32967402
-2814333
8275788
-49259556
-43935225
-42735604
-28070307
25666017
16637378
8000604
1387296
-9970071
39682254
55164615
-34611449
8515431
1359960
15232364
49304486
-43604501
15182240
23192736
2468428
14990076
75281721
12460946
19510135
-7646375
-31478594
36400448
-10498864
9806991
-1425380
7962698
-31142316
6702060
-44164958
7647997
41997492
-8697570
7521578
3912012
3402836
-13426620
-507198
-16530054
2501275
-20373257
-20691852
-8936853
12899304
5566156
-9645347
28989513
-22031302
22040980
-13094971
-17932024
12745160
29730894
-21113718
-54787287
983220
-10786940
21834456
-6251808
-13073620
9103576
-34720436
-15272962
7481511
4236456
3261945
-7917617
-17085688
-65395811
-19104209
9360042
-28664956
1056220
69070508
42457746
2757584
9177830
18461550
-10591222
18974496
-21154812
-29139755
-30768456
13513763
-4505532
-23510256
36047264
-37071311
-44512477
22736660
-56224081
24314256
-36462344
10368046
55418784
1220576
23315406
39240183
11221125
-15793220
14518944
57589026
3296520
64720076
43817918
-40196250
-27234580
-23563640
62268435
6142374
3786655
19547232
-46149792
16376087
-3367750
-3619003
-17802452
5396948
32022473
-7697612
-40196232
37603390
25063397
36945372
-15779592
-21148166
1543523
24006086
-2275603
-23273795
47972340
15612630
32871114
15088570
-67736234
61595464
34865538
54694128
-63224474
-39871971
8851232
56164207
-9739320
-44319668
8630399
-5908919
-1032
-20974822
-49734027
45852516
6545954
8942151
3588094
-1591600
20813070
-89440588
-47094530
11066242
8687000
23784652
17647932
-7518816
-106903084
7667856
-15084112
-4983374
-31560920
-4751657
-7814925
13647626
-18527124
-81205119
-45147608
11877342
30235840
-5690736
-54427878
-29041998
-35197668
30118446
-25296980
18102192
-15542244
47020968
1653708
-25251582
5356980
-18265909
-23957136
-36521966
11390274
18393457
21088194
-10556073
-22082777
29639059
-62270706
-3520264
44114681
-14124434
18012456
-23799754
16326713
-18044876
47559428
26362954
61885602
-28122156
-14550996
1630390
42005408
-14348096
21905461
-41794272
42111960
11519480
21586560
55430090
-20995374
-7268024
4597536
19995828
-8542660
-6867630
51305596
24711428
3919012
9885105
3219255
-15660329
69532766
36824147
-450752
-18019694
-19827132
42786465
15609561
87123264
-4654096
14035521
-9322464
9084181
-27738714
12288314
-394353
20549892
18725204
1304198
-11089480
-2743592
45376472
-18536010
1252244
-41158687
56381792
61304692
6619296
-26491516
-10379493
16574446
33502838
-12346160
-40430704
-5259564
-2829686
-82859582
-9364560
-24765334
-6651492
21042458
-5523798
7680670
10763776
49465557
7483042
1210646
-394289
2439384
-3196009
-20000472
-80516973
51866230
15197900
17408037
8420448
-2969778
66563376
-35082740
6827948
-24686842
21802358
13666992
12878352
-19816621
-5341158
45464707
-851050
18283586
-17967936
-26243256
-41237708
-24085663
-39002090
-10455090
8222174
-4825400
39429303
-18827060
-11134914
-23639670
-11127164
-23717984
6033402
170952776
68460872
104423985
104915816
-5684542
-96100386
37286672
-48117051
87679880
16860122
-73005318
-2065833
2187255
3020950
51225248
1574460
48406629
30655908
5440228
1920238
-13212366
8202475
-42363648
43320888
30948996
-1916828
23303610
-20016
1019238
1641720
20288372
91651229
-34744068
-13809429
-6708384
-17841362
28203264
7061908
-76358847
3550680
-6763392
-3544360
63892490
61703996
18466326
4018877
-27322424
-23464112
450138
-28011538
-13840369
-26486334
7441401
-3959634
-13778210
-11183480
3856182
14374679
19457030
7655578
33707274
-6518310
1161159
42266090
15242279
-22790450
-34387800
-10362996
-31024214
-1985854
-101966274
23112500
18202888
53530081
3471000
32664006
22539264
-50696490
-103186
-49555711
18160076
24768195
-34588128
-7549136
-46611579
-30318408
-3161241
-20822932
37672104
-22759301
159908
5205620
-36078429
18706530
2077760
-1729536
2504540
-9380124
4462926
32639775
2663109
28336864
-5975574
22501179
-9806618
-7736721
-15100649
-73741941
-62575422
-13391978
8551218
33444980
6597884
5864377
11081670
80482374
18173272
-13578196
-15038982
11054362
35060662
41827659
-77358332
-30076792
26124548
22659962
12270288
90742532
40062888
-8256934
19334640
-9241505
6020612
120450442
-8535260
17549787
-16351571
35936000
-7678957
8726846
-37983971
51860116
-49483291
-39489008
9039830
-53828584
10512126
30761644
1513968
10245950
94259104
10011980
-1803058
7566216
-75668364
39384772
-37083040
-87057179
4064358
-19488972
-13097124
1732116
8463964
37917096
-29139502
29156226
-10751058
-5068620
-18340056
-18285764
-78050844
-12433223
-22924272
2057436
1418670
5339374
33386024
121154848
-60770934
-56519998
-6165297
-13229070
-3415664
49160565
-60487240
-25712996
-16517590
-45578922
-13424760
-5281026
-90423783
786920
-7095671
-27376110
-18498070
-713985
29208250
83813733
-4904224
-128642138
36213318
-61260671
3925380
-32638244
-58447135
1536813
-7355052
-43951768
-37618832
73176000
-10374724
-25242925
5998790
-57233572
44408856
24282726
22570212
-5487969
26958343
37676119
77754650
6393444
-5599510
-4371402
27080731
-46607852
-12035554
28156535
8564136
48860519
-11150986
-14499630
-50647591
-23557981
-43627005
-6771240
43927569
-23101736
5865984
-28780881
44825545
15218575
43293180
4590738
26952315
28683954
-110744149
-35953954
23170689
1092489
11768871
41556798
3396888
-13040951
60378335
-12837635
-3854185
-15299429
-18775292
51761127
-71269153
-3585357
-3101159
6634165
-24436047
44591524
-76669956
36174060
-6637630
-7792533
-27409200
53090143
-22067695
-39415776
-37577328
23641872
-19167861
-8924076
37314131
-68447748
-47250774
-27681078
-20761941
8482096
8398563
61675918
-151733250
41587580
8760882
-18230889
-2116727
842790
9745316
68701504
-3243241
12492770
-31338297
18724831
-44386226
-7732656
-47172720
18193678
-2437491
-1768271
-888551
19530944
-22170104
-2144320
1162590
3508540
34805356
22085953
15436818
16812972
50970201
-32952834
-16343768
-43573466
12590115
2857224
-52761610
20103817
31746174
-30804848
14530184
-34109390
-2717768
-3709361
16999098
42147222
-24816940
22000545
6626456
-3105882
39097970
42176008
-2027601
31687131
86682
-13169052
1573113
-9530356
42702500
83330768
27200147
-6083775
29472275
-34415427
8180636
22053924
-59565834
-43878412
34285110
-35763072
598002
5159214
35043366
22583242
-69524631
-3516530
61268234
17445440
26950032
1482306
-5348286
-21209152
5695852
-6631512
26015380
10419456
1552122
35097474
23666224
26753239
-3163934
-38422566
-5402098
7042921
-7890887
21602652
-71877957
45974673
-8143380
-18499923
4111054
5835730
-72506
4180876
3442657
-182463
-7847049
-23919266
3165464
-9138276
-18730562
-12401120
3633876
-36212094
26490024
-15683261
-38034902
-7348074
78141356
10659120
-32126138
-28780704
23818682
2726812
86393576
-11800238
-28109317
627606
-6809582
-88450536
47888892
-949668
-89051163
9821933
-583764
-658824
-42704921
64362093
6528498
-32778591
11126872
12339787
-14341424
-19598587
67782321
27602805
-3118640
-18284744
-9965435
12136095
-4010502
67223978
18533034
428336
18937740
-61667088
4684068
18839288
-20688352
-595740
-16288050
17501635
5975848
-17351928
-926312
38510536
-21103080
-60731904
-22413090
-33410646
-8375540
-27190160
-49134264
-29661509
64580841
-4912264
-24260921
-2838504
10650080
-8426000
11148440
8560665
-24360770
55671996
-7976288
67328616
-15574974
28891478
2750559
7017812
-4237499
-1172704
-20944744
-111276948
-13763837
-857470
-14930696
18857282
18814533
9707132
83165888
-27419235
745054
-11191584
83459730
7887819
-3003942
-1553792
46572696
-10687584
-8035125
29060712
2701040
-14181770
-18736978
505711
5384061
-55425700
-100908
13313760
-16135722
10426676
2264340
2036598
87932790
11726548
7231842
23169861
34570620
2158020
-10852209
-3658440
10277140
9941218
15818562
-9262932
74546520
-17982537
396654
-119488
1881582
-41127778
-10981262
-52870808
-5427172
9721309
-21936013
-904636
-65761686
-31746520
6772530
17470264
3425560
-17112560
-14685776
-20903433
-1846059
73976716
-16095331
-2738934
12427303
73703040
-20263967
-14529357
-12367175
10841475
3313344
1721730
-28948970
11335220
5289412
-5128218
-53512992
534034
-53337462
19425924
-52679109
5572898
43384188
-5583196
-24014370
10614210
-9114084
-90687572
-54242472
-21194650
29298925
220374
41765544
13826472
-84320552
-79059976
-1092162
11029740
11959508
36015752
284330
25301714
-14444840
-11262723
15829266
30765750
-9627654
-13493667
21009051
11845722
-6798282
-21217540
26771836
-63620443
30395943
-24279112
16400310
2277686
-32302462
-11101568
-27159560
-7848810
2093354
68881292
-2861499
3117271
5840278
-174230
12543840
64136579
24882138
-39067828
2290639
10642824
36484080
34259202
-989490
-31988930
-9276779
49507052
16372376
-76503991
32334855
1961190
38109650
4653214
-9108720
7706580
7434618
-5702364
9127074
52789868
-28802940
18226638
-1016882
15414921
42836040
-18752812
11553708
7514289
1594796
12416355
9636450
22971704
-6286552
-2963234
-16115276
-4934420
-41630824
37688846
3984544
-13879671
-19698356
28676277
-10991973
42500367
19352088
24310352
-798236
58616901
-102192844
-7820594
59256222
-16672409
-12810540
-31662452
24344933
-42085288
29023353
-43405773
5526637
-1614933
21343848
57247593
-5016072
26530296
-58409748
27293816
39019252
34098574
-61665310
313136
5862830
-30601188
-70001082
-20617198
-17264654
-7952670
41751780
-9743222
-55390728
21759650
-21619976
22495736
16161240
40254768
-7864224
371600
9686970
-9691672
-14330586
-47570256
-4576514
21425004
9960393
5064840
12619116
16331042
-470857
13964257
-23080248
88918884
-3432982
9516780
-18186326
2655925
32621038
22363236
-16524710
-43473577
14513067
-11513382
14937748
3712417
-9939106
-2881431
24662784
17525025
-25572750
-22243692
-33730532
6192956
16367211
-21719853
-5270440
24849986
-21166950
-49387442
66759155
-15358177
29622013
13725415
30255287
13015926
90862072
5472430
-36017766
31300764
-46879984
50553656
56017321
-41818207
7988732
-10574460
-46549860
57611099
9093884
1892478
39188877
28111544
12055576
-28181046
9916465
6368700
-1179232
3099069
-6438015
58679276
26147886
46837920
-23020618
874628
365750
-8252712
-46779024
1254056
-9227720
-18291510
-8292718
-10821420
33109870
-46718660
13719025
3484904
5448917
20447973
-51465769
30314919
-57299656
13181055
42621059
9178777
-1705862
-41654342
-3337757
-21527888
-17325192
17830030
-20310170
-5070132
-49358650
23803080
-5802074
-16619812
-5110980
-28202066
-13302738
-16898402
-44941868
-5038854
-25059168
-34054608
-50391763
-60228466
10230308
-773222
4826000
13871274
7538562
-13463432
-72557031
-50299790
10705572
12028972
4907692
-9062734
5036652
-4049136
46707700
19861228
-12675360
53278340
39046685
-30506373
58068037
-16590164
-55209920
151180
30267714
12958054
12255507
134077368
-19155088
1159400
4954957
15268460
10082563
-65333411
-33920286
-63028233
27384350
-14823099
1532975
-29156678
58536778
-6386001
113808698
-15346876
7147888
-5978828
4545296
6080030
44217238
-15694062
-28198057
26324
76381875
-8868400
-71405492
43302909
-2803438
-30860040
-629183
-5732769
-16504904
-3990516
-29048019
-66269795
49638124
-505701
48912732
6791156
79419178
11641127
-40985920
51184626
-1706895
3265392
-34666808
-25816580
4896645
49499097
-21397560
15272312
-10928831
-4331040
10055352
98653
26055320
-33945006
-20294222
11871240
-30313357
7572684
22063077
-60461372
34259225
-806685
-110112963
-28497613
32421368
17649260
-32498920
-11957387
-34408952
-9090715
2870070
78850836
44390802
90192835
81655970
26694794
13090580
-26088672
-77941260
-50807140
77829214
12057649
-8356584
-17935776
-23303033
58453396
-7179106
13275004
-2934125
33460524
-15811560
-32035990
9179421
1361178
-1984261
-14757041
12027728
10472876
87071119
-27503085
-5028168
-2491108
-7092666
-31600048
-4195532
13680888
-25304100
13978782
-6964008
15378350
-35191946
43417550
11148492
-33570038
1875966
113145000
131954297
25705225
-34693790
21236426
14952821
-12715330
-93687792
-26965600
-15972016
14870748
15097664
30034156
-27815616
-61685216
-3992532
26989172
-18551952
36767928
-4104703
-17838888
16412417
-14455724
-53240824
47965706
-16282770
12800847
8445834
-9672296
-24093029
-11888604
-23612078
38705073
29047716
37467246
-21255303
-8029535
20351358
-18930718
-51270328
-1925042
16085202
-2896789
42793891
8989430
-14050972
-7484574
815950
-14038680
-23671996
9730407
13421698
-22159824
-31320000
34867120
20916990
6220289
12985389
-8551208
-838146
26517645
28143570
-8274310
15844083
32886429
44610112
-37356211
-7620725
6012867
75533012
-37122342
-11776674
-8238824
-29207687
36958565
-228384
1059075
31829346
-8148014
-2094656
18601867
-14043105
-13825040
-3980127
6380483
15234370
26397456
27699544
8317890
4426199
-56736767
-36166512
-18047484
-50668342
-19016640
-3080808
9849465
26133192
20066823
8387271
-8243980
28309628
11157552
11420967
37899879
60542364
11429664
-9281871
-59133310
12055516
-19185309
13921544
21528990
38708475
-1341855
-11250524
2093010
13929120
37711793
13197068
4506938
-5081884
21386948
13499196
30342115
-10115118
-24483675
14618072
13838828
-27415680
-11915832
-11220221
18343314
-15268136
-42661619
-982112
1251772
265320
8522958
16542120
42590328
6949185
34955940
3358210
2956512
-39544680
-1824460
24906080
24968974
4331100
12510660
6168240
-21921805
33821302
-4882500
23366010
-43389966
-83454926
-8832010
30578500
216754
39317302
11933778
-26513368
-62912088
-33292370
-34669254
-20749704
-8177550
-22552548
9277976
1983699
413372
14408405
46180800
18787803
-16003450
-38195124
5360129
-2540856
-55067768
-37180944
-7793640
65471905
61982340
28807513
-15918147
-15215072
-46667624
3667329
11100145
-863772
-64620960
-28069578
-9287072
67937663
3507996
-6609542
3176241
15808308
5666646
-4583824
-6622908
27704313
8611908
-1302501
-736342
-6762744
-2758828
13273488
61013763
19608962
15345674
9056490
6253380
74693024
-45835990
-939820
45174444
-24683664
50039883
527891
-46817440
57372170
1953312
25665091
14181284
-101354950
5466414
49418472
23135932
11248758
68719186
-679176
-70668555
16790316
-10240610
-3350012
27799966
60536602
5234565
24396894
21866629
20218597
27826617
-29995628
-3358288
-8823065
-17073535
25990580
2839608
56649710
-29089566
-41570103
6453280
9405179
25162571
37265436
-1376176
-3327443
18361547
26753662
-16294593
5578960
12216958
-13708373
-12575273
-23415146
-8905260
1374864
7611730
-49528528
-32376851
8289866
-17035927
6232520
-26184286
64786056
21108710
11739652
-55029792
-7637590
16636400
5509799
11141838
1756176
-31806513
-10169508
-11995098
24915807
-11352971
7291728
37367520
-673578
-12488904
-53867321
-6868602
10885509
3175479
79000140
1641587
44571375
16075134
1429398
6043158
-5110893
-66448077
2597835
11116088
-6165323
7247378
-13481544
-6733743
-13840944
-5465083
-65001529
1529765
-23075068
-2740640
-15607680
-9086832
-25534982
-25062136
11429685
-7991226
7281339
9440406
-9459448
-7453478
46344684
28944445
12413004
-52077228
-25450798
6004690
10980642
38672328
14097836
-3499956
-47113300
48149476
3947655
-3749028
13879349
13178084
-39291840
29553575
24352244
147459794
31903155
-22698171
956457
-18210300
26102086
-16673493
-369155
1506414
43081623
54025976
-5901840
-7349735
37076388
47465514
-12568114
69108792
-84527548
-35633178
16461570
15029421
132848844
-42039602
62373813
-1057194
-28148781
-17448595
9410478
12417966
25043612
-1549801
-474295
-2690064
-787456
-4592574
64885650
-2506212
5980268
19265761
-31002222
-7426224
-1772985
988022
-30769398
25894298
2273212
-38379691
9969579
4041680
-32802653
-14841732
109183511
3813205
-28344966
-7664416
47345444
59566509
-50072028
-6137864
-12980038
-10049877
-32743755
-35873480
14985664
-15412536
-11836331
-6985916
10256004
-25912032
-20300006
19528608
4626888
68638228
29267662
9083760
-98230496
-9213992
17985200
-21549228
29599836
-172641616
23273208
4694644
32174776
-36422972
14119276
-44329284
-12192048
39780513
-8217680
20152208
89100242
-6367357
2276860
12436410
-8004094
10254912
-2814000
-64202922
-63156558
-42840661
-75386454
-759866
347398
-13026128
61502310
48252913
12728065
-48549372
79680804
-20462134
-3789202
-49910547
-6950967
7783826
4535912
-19053614
35321603
-14372841
31078958
-15532577
-43504576
29406464
7040800
-16730659
-950069
-22326429
16494768
-70820964
-76260004
-47228016
13044228
5203434
32067201
-14317737
-72996132
-60343720
2961072
6711840
-10053021
-7248600
-16986536
-11196048
16260537
-57470084
-5208122
-12316969
7608762
3141271
-87988200
29329583
-12802265
-21038704
24121840
35894946
46149715
374930
62699276
1893216
-8199590
15174744
-21315092
60066780
-13309315
-11515344
-23561996
8048588
22038840
-29985506
30863294
-13112942
-10913370
-15341250
1192192
-3905106
16346040
-1512222
-81659080
29062761
-5656860
57308742
-27956387
32895350
560227
-23838717
-1439459
58401942
-45439084
-3287629
8317228
-13277558
-9563778
7704484
-10199316
-36132520
-6030574
-81880380
-35177115
-37077600
-22348792
1176661
-20555380
-17549708
57636684
-9706150
-46671285
84525300
12900339
59903376
-6568279
74214892
4850980
-16463062
-63250008
-13057341
5034492
-10156272
-2508738
-109066492
-23120398
-14123622
-8497002
26392216
6818916
-8994499
11444430
-17229605
41794982
41719693
-13958043
-31776648
-10115892
3623600
14935081
-60315110
-48205284
-18567729
5433800
-17405428
-73492056
42851788
67763733
12841870
37657734
-36924
23435952
61208325
14890653
-120336367
21419604
-34440110
55442520
-13696576
653592
9879191
4239834
21521544
7612200
3680880
-25600323
-6304238
48350300
-5198992
-474540
20956628
21694561
-38581435
10215016
33190292
11502771
57283936
-53912346
2390010
-20209130
3054774
39963188
-24854949
-67354776
-58615059
9890998
23440361
-28122250
51328584
-18356448
-20860466
5621203
-7260666
-22593244
-44970172
-9539802
-265472
-21857680
-12450350
-6115200
29303795
2927401
52287109
-3808558
2980809
-9708185
2408524
-32476014
6977427
-13186994
-30918111
-3250026
13525735
-987300
-5240620
11434275
-18483811
22937115
-4620726
-7748255
-8327200
-27611730
55804994
25617579
26109020
1009032
866885
18946925
-20663935
61701396
-16467301
22686351
30732704
-48240405
-15034942
-41802084
14531662
-59347317
92439985
13706160
13479525
-9699452
7641216
-74983980
21778006
64470772
27923399
28419532
20747610
-37025160
-58215105
-22593434
12723568
10737834
44217446
35016620
-54314724
-13328637
-12806845
-14578932
-53651976
38580510
44112356
4041584
-6797652
-78718022
519959
-7316730
52844793
20355192
-8356852
-17727712
-9582579
3661070
23114232
-1187487
26124960
1658862
-10686744
-30167844
16147452
17548524
-76098134
403414
-10508432
6928654
-20096806
9970110
-30139015
59141519
2726998
142088
38832852
3270794
-10190607
11318125
18553653
3679500
-4702856
55842309
-11827606
-2867415
45268686
11828754
-2002902
28206732
33714228
16450003
-27859920
37738628
-36549654
-4490214
-30072610
-19515160
8601125
-18610221
23071384
-41953113
-1962352
28142352
-33586200
43809613
-6987340
-7517594
1125560
8876021
-73706756
-32940332
112665746
25108472
791176
-5534769
-1802155
32123825
-28173804
71263539
21590975
-4916358
-10350611
-34571660
-17519541
19018705
-52945749
8014580
-53652375
1829644
-25183617
-32490431
-74361701
7588761
68959476
43868622
13593670
-24898584
-6604544
-52583492
7334116
54886980
5924013
85318050
2803980
5769232
-38549388
-28474878
-10103460
2236230
44871442
28525074
40585692
-51407450
-37654833
15718818
-14083230
-66653506
5968584
-54062513
-17853653
45519547
13654782
-67038158
23325946
-5866864
-56675084
-10793876
-3116646
7366572
3617277
3319328
-7922198
-7683776
11235078
-6503440
27281298
18178650
-28057840
3023180
10938506
2119896
-26090300
15751105
2627712
1281232
6693648
-29404182
-46507290
85670
-6999212
-12347877
15023765
-5074701
-31807044
22778616
7824154
61728072
3964677
32815291
1100400
-8099564
4823821
-31933334
32782805
34435730
2323476
533850
-1924660
-9663682
12591218
-68676505
2934050
-5283782
-13624506
-22901416
61295162
10974386
-49390300
-2034662
-39748015
-7349200
11675330
62858196
-71323335
-16438079
-10492036
-77675589
-14137416
21830790
-41849153
-9998176
-12161013
-22277586
-45039874
28750414
-11101340
-7297541
-24805167
18259440
-2855136
-10180141
-9139362
5043083
-25350536
669107
-5625786
10989204
-51420178
7699312
-10235742
-31163283
-15315920
-145705
10205867
61333858
303308
-23454964
4299682
24736492
83381010
2932375
-48424076
24173248
-23559570
111166152
10931934
2928348
-33357150
-6884735
8950560
7063882
-12552906
-59629144
5450100
-1191292
15342400
4365144
-56399264
-20084166
15015882
4096704
-1583804
-20860600
16708970
3935874
5427728
-10833373
40109874
-16148424
-21192039
-4014670
-564723
22760492
65484453
-39067218
10779757
-1084931
3052960
-34205706
6959206
31192447
32841642
-5685608
5549698
-5152640
-49944652
66728592
11546873
33454110
-43629456
1876512
-18156280
-77284840
-82652922
-2265791
37075963
31132413
42630588
32179445
-57047016
49660610
15538467
-67592467
7539091
72247116
12849768
660968
-11127317
-42268470
22110356
-27660744
-9000690
23472240
65611703
69098412
-51304944
-5376023
-2611168
12886636
4905948
77475075
123038110
29546422
58511265
6510792
-42117714
15668472
3134589
-27875310
-7574304
-34494478
27898188
25566177
-50955758
18624060
-10782112
33108444
-67670193
-3495367
-32261770
28807458
-34074162
-50805308
-9167592
28243160
3109149
-47821972
15315984
267378
6604944
-19348123
46043943
-1632652
4283936
-16278408
-27320160
-12487672
61167077
3373733
-7935730
16413854
-10182312
40637511
-51151586
-112848355
16221252
3256982
-38787152
-26671680
6670986
-62692947
-719676
-23167920
6817571
18948170
-11936400
11669387
-6476128
3608594
-70064430
3510518
-14252235
40077888
-25863435
15870544
1744665
-738120
-44793534
10001992
27664968
-19900191
34687684
-63157380
32340878
25923165
-13784620
-39918597
-58803414
42568518
371655
-11925075
-4007369
35590792
-31495943
-39085239
-34712908
18332676
8348725
7361078
42160512
-4181924
-55074147
1976760
4453864
9816632
964664
-28741774
8678692
36219924
12427893
-18857002
-19032099
1050052
1965612
53969484
-22841086
26206818
37493274
-14817370
4055670
17370400
89572056
-47699384
127094
2371834
38542787
31771360
33810840
47896896
16728194
5359096
-27724192
20600594
-25546480
-4551468
5214744
4885514
-19959846
-45269065
24589847
21251160
32716685
-28076760
9686494
1774722
8917917
-15683490
21775240
1336970
50522058
-9815436
39449994
30174697
102187092
7475140
-930666
-46732962
-41036076
44337500
11644240
-58809034
-1975586
-21328030
32718348
-844899
-35708066
-16981708
-91807746
6035266
28105378
30852296
-702465
-3121356
-25992932
28859423
-10311720
-6256952
33746704
-25463535
-22462632
-56584285
-56455672
-5622021
-34419636
-9195930
37132073
25999608
-20884501
-9488700
-5937715
-6773622
-16935810
-20649804
-62013075
11293862
-23426702
2780496
10835802
-28011270
-32878036
402658
-43790632
-2068976
-16381372
-12202322
-15768144
21397215
-15538232
22789770
13907384
7766600
-13811760
-16586790
10287170
20475520
-39269820
-2964168
-25074910
64487901
-5576490
30699695
15540952
-5129418
-59412844
-8200295
-4702455
14289729
-36287302
5029649
39771041
31802760
-9253873
-43873466
-13925952
15790272
-12570896
-5328730
38033575
33510621
-11912748
19020550
-32622112
24628038
-5606464
-92569959
9442190
41952048
2681740
50327388
12193065
-6349740
-43140881
17764720
-48093780
-977056
12502824
11803368
-12754974
-32222134
-16715275
4857963
5525529
-9902868
16015182
-5889917
-75206806
-23731561
-11811976
-28879193
11289224
5680548
-30185291
47562734
-14684824
-12010344
17419646
-36451472
-33813746
68839858
12731322
10178472
5215828
-10754424
22542054
5524246
50548493
-904363
14744520
30228079
-8407520
-4447407
938016
-62343260
16766149
12907602
-47822616
5095020
-6973864
2239192
43534834
-15907756
-8938425
19052777
11497020
903386
6392976
-21448181
44114580
24295242
-46271854
35321207
5812284
-19745132
-36735440
-12552020
-18822280
6226830
33710036
34722177
-75904203
-13473694
54433942
14057508
-42582789
46536506
66156093
-59044233
-95654683
-32808048
11751708
-39539258
25283476
-33107153
77467384
-120374801
-15440574
5692842
-22367706
13090900
17113358
-23724020
-57414924
30096812
-7913213
8449591
19218267
-12430824
59381982
-7973120
44392461
-5623641
-7468231
68888016
-12950800
-17151969
57325033
-11031064
43753770
-47506786
-54527672
-1960776
-9665808
-31250694
85079463
-54084150
58818456
17010576
14976108
32305399
-28140136
-27882819
63757524
5151594
27530059
-22746394
94082637
21427920
-69562150
8514444
11452014
17632995
-16786290
62395519
-2587945
14605752
-9105676
42906252
-37991888
52892354
1968065
2250721
-18454012
-21854440
-78732806
34962824
-256872
-1612508
9985494
-29795381
17194044
-29200942
7576712
-13260404
79101
-28709574
-12597878
-70539504
37953972
19856330
-4504725
-15898032
23878705
-23731665
-34836093
-588700
-9376830
-22477175
-29212731
-6867123
18677271
-48641658
961325
-9843496
20560552
-28783151
24393676
-13277838
-370448
11555114
47797968
-27884051
-49840352
6452565
-51223434
11619856
-10471040
-1088248
8045491
-6981252
15819854
-34835378
47600080
14337192
-5611900
-21612556
34021306
19910764
4977190
-50058942
46453851
-1814730
-29802100
48629628
-16495414
116444892
573210
-11388985
4249776
-58421432
-54011682
2792716
22008535
16501539
-24092796
1831772
-33320397
-2785424
-37203437
-19925312
15567825
52192316
5829320
30238476
-31544380
6491661
72391854
-8837350
-28499844
-23980136
53347255
3798324
-12029372
30961686
11899569
43182114
-17950512
32758380
56012761
-8950508
-343094
17478678
12577298
-24304828
-35488747
26892657
-50391963
-20362748
-39911940
-73544500
-34492174
-107438656
40834768
-4097828
10762036
4656752
-65670754
-8500428
27574072
-7479544
-46141086
37433950
34526910
24180159
-9372594
50753010
-10245580
7884724
-120938823
-38609940
35713668
1966930
11257690
-7636306
-76260482
-13920057
8671187
-54001728
7847756
27777416
15185091
-40986908
-52409103
-793590
34837668
-3150609
-26735034
-23275492
10242055
-53026698
32992911
29956247
16638745
1747872
4811701
15408832
-56074534
36879548
1510828
-17695348
-31968087
57555597
-10946948
-19128983
-10585416
14834841
51203404
-18169814
-51881840
-47975232
36748549
-6837621
239976
-27202098
-16012852
-3406012
96606052
-15155642
-53439024
-6901920
-1418868
39123395
14955222
-42684727
18760947
-37305854
-49922355
-30994758
45944433
-14053964
33684454
20948634
-17307766
3367164
-2911236
-10603144
-25059312
429264
-12893277
-18394903
4435688
41724096
-21212877
-9889751
-3730608
-1166258
27550096
10353880
10874132
5273982
-44981612
39645544
-17075544
-28862613
468108
-17557516
14772622
12362150
-67819448
-12578862
-8465820
-3744438
-10695540
13662812
-23513560
32596814
-49538460
851010
-49553528
-19630738
27144240
-32545706
-2528861
-45148602
-4110300
4513772
10935288
46887048
27404552
38483382
32049456
-7262381
11033786
-26140330
-15280778
16806780
-24787149
49101266
1363962
-1753036
37960662
-61698975
-87420918
-1077175
9387381
10676972
-16919559
24203730
3148743
90356319
4182939
7445745
-2651088
-7570812
11358160
25016929
10997872
-68287918
26988026
37310760
-18356830
16851314
27306156
-1398166
-19077464
30325998
24205288
-7620801
17162712
-57323956
-34908038
-68220832
-26433972
29102152
30953715
-55776140
-43451122
-51034577
37155407
-11315484
42447092
-36865917
23237236
-1515108
26450008
-52913389
-61132860
35150540
-6856884
-45539896
67083992
-24888240
8358137
-55690460
-38148310
24142893
-550220
25143507
-72027172
-19657097
24109928
29515200
-23342487
-39949560
19471282
72767677
8947122
-12262917
32750888
-62104929
2606112
9783852
4128747
-1849720
8490163
-4108740
3319410
-6799513
-29489027
-5695883
65097589
56510183
2297994
18960579
60584090
68719453
17262680
-58424640
27788792
900612
-22454598
-8910580
-26566130
-71722064
5595724
-6212691
869688
20262348
-13565145
40973395
-4592396
-794786
-56248633
18889368
58998610
8376321
-31873197
9840458
18555936
12724107
-63092268
6324968
11392355
-24823138
-13801474
63368522
19366761
23697819
-27280980
3539205
37465925
4352960
-14651419
-64057388
40374767
111152677
-16511187
-27280752
-10951094
52939022
-11711622
28093104
-24889158
16481300
44701622
19610564
89911013
-55385495
-3246948
3985916
20741292
2783303
-14747096
6787731
-18139900
60246560
29265102
16889147
-50632380
60309524
28502674
-25607136
1825884
23816142
8999787
-40664442
49203787
15598089
-34747132
-15218349
8986572
-39381600
50099338
-14625198
-2431326
68605362
-187558
-48360678
-15537090
63630384
57203949
12495412
-47642724
15172278
11373712
99340458
-25152049
32269793
-12401466
19720428
-6450358
18953922
2402826
-19059492
-83728553
12247686
11563776
-17088882
-53031503
-9437692
54157050
-56319966
758316
199654
12416840
8844447
56838612
-13916690
79832672
-37910087
-12097049
-5827674
5265220
24836898
8400560
-7540856
31757660
11129107
1497474
-2249918
45055780
-17555916
2939807
1080538
15901804
-22718014
-33437964
-2300401
-13530298
18272322
23935014
5943477
-11015946
-46863252
-9430626
-7030028
32119866
51542862
-35895019
-9580536
-17909261
2905896
-2347464
43490110
-15576200
-20604458
-24154100
-16887084
50527980
15631013
-2430474
49056410
25705051
-50616776
93701779
-56195100
32850828
-36770284
17330597
-19995823
-4004160
34901231
32575530
-6794367
-32625153
-20224590
-75104078
-40766371
43336765
-27736324
6351388
5382306
-66047062
-13141723
24527595
-14290372
1275136
14141620
41908440
-99560988
-4381020
55297608
-8203024
-6248567
66634300
-26010828
-52288491
13217715
-27028559
-21044991
11469397
-60037737
521932
-16953348
70063221
18025260
5581470
2274300
-37229447
14876840
7910851
-30130590
-24012460
-10675001
17974089
42354542
13082090
30643365
-19578093
11600037
-8778261
18051401
-1132616
47363406
44192460
-17421152
-5078257
-11945605
-11594159
-13696624
3134792
-58591206
-44178280
-51929720
-54920416
22292148
44311174
164664
-33856881
-13854981
-31378760
84451448
-27353376
-63288224
-796788
-20526442
-17458653
-4366524
26089970
29601063
45667884
656858
44162796
76576812
-28080144
138195338
8491776
-17962050
2023216
39113638
62239344
11708001
-37117570
44011165
42520721
81792636
53527055
18095409
56950654
-33211144
-502704
45654336
61131886
-18404583
30054183
-45017962
-30122222
-57779016
18388743
-56624630
-26942693
8489889
-240624
88852405
50255808
7981754
-32112348
-20498026
-16784556
5629564
-47828187
8764288
34365213
-53121074
-12490216
2921244
-513868
-108504216
75791900
48025997
-31639740
26785330
-45982366
14565144
53050070
11040316
-77820935
9237338
-55441090
-6163047
56497640
-8521713
-5459119
7010532
34134407
40377976
3256464
-29536174
10539954
-19150217
-7049153
15829784
60126490
-96244
138852
-38686524
-26311337
-18115096
22797720
-11068571
-2780364
-144918
28040056
-7465178
-14594338
14487940
-61258446
-3759821
-61663308
60143615
13897450
-20384470
4314492
-18836885
12755223
50533585
34574197
-26343680
-49825747
-1185812
-18298091
-17303486
41864221
-48946548
-15562837
-35412843
7553496
-113798418
14381512
38968422
-117879726
10177935
6133955
-20829520
-45715313
20506167
-9714980
110741340
-24742584
4274457
29845153
-3218326
39657474
2984426
-2309507
-7304985
-37133807
23339618
31660281
-14478309
1396378
23490629
5662000
-84720292
18641272
-12798791
-25567664
-14409990
-44249
75531568
2708540
23162046
-37158994
23371635
-1179576
-14613417
67417974
-2526755
-9107449
29996565
-6247752
32495883
-18981270
-28933800
-44991441
24577898
-85072878
-18090216
-42591696
-12824136
36845866
27137988
-39388446
15004713
7369894
-5485248
23485048
10166046
2884992
5376234
3773669
18517008
-8016640
-1680682
2879898
50553666
32554319
-26381207
7725752
6932510
16678248
-4757826
31242482
-927533
11487711
5524400
28434940
2998904
-12422772
50046844
59440196
-5279166
3451318
-4732404
-1386624
43895125
-31126815
34120760
2870294
50431436
-5521680
-4476312
-18711948
-3327947
-65076545
-6148285
51342868
5968380
-11655228
-15508350
-20629044
-7230734
-11638315
-3060268
-39656652
25708130
-23001003
10658816
2348261
-7704479
-19083384
51833440
15823185
18802581
-16329280
8526820
955168
2694764
10143403
32500855
10871808
-24675592
-24130412
-1423225
-74489301
4767622
895637
-43384785
-2552800
-16662205
15112855
-24305805
-16810651
51210334
-3285018
71343655
-48140061
-22061451
7577464
76573047
25258439
11990058
-122663192
-132520592
8660038
12350194
-13118355
26015069
-29163112
-48675504
-40799180
-33938357
-15598262
-28531545
-3477042
-1469396
57604580
-27299031
35971923
-50016068
19006272
-8791816
192362
-81134504
-3035629
10442736
-36172078
2817242
-4178040
-25717455
69930836
31428765
56878774
-17428288
-23122330
-123275408
-16146940
17735952
-28844356
10685395
4296628
12225534
25608063
-35480924
-71949105
81365970
-38996224
-16048584
-2213820
79310318
-37480334
68097813
-40594854
-308560
-37765728
-3342129
53713478
-55674978
-81119822
48325564
10339442
-2947366
-7613022
6842817
-52412672
13052418
21275640
-13440318
-10171946
36371520
-17090232
946792
12788118
11129216
-3616472
53503071
6474920
-44585379
-6377976
32423066
-41019936
16650692
-10838918
8081920
-972618
959900
20702498
-16731028
-57425410
-37313918
25749240
-20851080
12210656
-23043808
-11558516
8525084
-27184750
21561152
-33829094
6854712
-34325856
-12406598
31837002
-19289924
-9493414
-24575411
36389368
-38726198
-8383764
-186030
2931360
15683010
-7005765
-6571692
-3148191
-3983842
10029894
-33151992
-10110414
19192392
3455428
47090461
-2225125
-12051165
116822220
3927591
-127906852
-13026336
-2826262
-33923824
50296759
30462889
24528408
-76401756
3084830
67564482
-28117536
12434588
7847748
30100144
14085450
5348266
43092823
-1848770
-15738392
-5725862
7774954
-322174
-23979724
-41349121
-34066756
-48560219
37665074
-24293906
-16289626
3751879
5026984
-9179524
-14366679
46601496
3419682
-26340528
-1191483
-13108384
-4799274
28767482
-35401664
2906880
-14029060
-7346016
-59129838
13543180
3884390
-39729920
4928562
-115483
66799260
25882692
94201179
-1225118
-78440950
-13529546
62794512
45998868
16955416
-23298729
-9936920
-73155986
13233304
30401927
-10555931
-4141742
-58526344
-7907152
17155170
-3607278
5993811
43489186
7259348
28033748
2550414
-2339766
-5817564
-2744027
14911668
41876190
-37259032
-48306600
-20886
25578306
22555330
4796332
-92120366
-14846232
-19231344
-29107460
2666718
-11900752
48713820
-79288956
-53090658
-25527139
-28339656
-23832000
-14807100
-61865818
24553044
-21671370
-27309976
10734270
8776792
8945847
48671647
48078641
1238180
17627524
4127970
-13588319
-617177
56622396
15377676
5961216
-8774974
41519427
-27381692
21409258
19822800
13084242
85955845
-29796316
-64772460
-60644486
17728133
-6840790
-11982432
-37019910
1645189
7895890
-26570397
31336704
7991900
718614
31123554
12503183
-1373468
-29269746
-3723048
8049132
24977988
-11818388
85951716
5838419
5729550
9191015
5602628
1284429
-8754939
4081569
25792368
22708196
20420467
-2646084
29116521
11273634
4112052
-12707045
-13832714
-1000420
-6057051
-83737560
-7178256
-267444
42294130
-5761656
-13427407
-2310144
69594962
6476257
21905310
-1304254
24187096
66934920
-9061412
20706468
-15009395
11563351
24989468
20537616
-6337038
-5623570
26000740
-15185144
-37421946
-3540110
-9100725
21474436
9820500
-99197008
1180166
-3381537
-1262774
-1321605
9920202
18013302
-49722886
18058820
12544747
-65344
-5982208
-22224960
4988520
-9427644
36534598
-15677845
12590424
-8534146
37753682
6555704
66584115
-22558304
36835525
-33238704
9296118
-2061462
11184261
76599688
2474387
-100130193
-33351687
-1352124
71893107
9221290
-39767224
-54931774
-49138842
33451866
-4272517
-5633742
542720
-8269500
36039633
23390331
-26044846
7238413
2736176
4399485
-64090875
36308358
31635762
-16333188
4279936
-1263552
-13021854
-778382
6143776
-697417
-80962850
-3978047
-13637363
-3705562
-4938351
33401324
27971741
6659409
6234948
7121177
-51548026
-3118259
-22240064
60014264
-2698901
-85635055
50470506
32421774
15857756
-21363084
-26921157
-22046532
59365791
-31859368
7182420
-16374372
-103817142
38604293
11495370
-18944498
-87648246
-43905492
-15740800
-135605
-15673545
-9701927
-7118861
37743756
-41255566
-22148566
-25874108
18565300
-19195722
-5155695
-5394018
10279864
-1537884
-27934072
-25292356
5150602
22687754
11805132
-23328288
-9352560
19280378
120803386
19679465
-891860
-26068020
21874366
24237090
507040
-48982426
19922715
-1676232
-34421872
-987945
-26916789
-576894
-1040083
11062307
3271356
-16801650
23162746
-7677489
43534023
4344664
10546027
39589136
-71958789
20623581
-10073534
21263968
-44423704
49634669
7181598
65881415
24184620
-29299236
-7844634
1357396
-45943405
22379355
-71008936
17526444
-63284463
-22833294
-3855724
-11022757
1260534
-36907278
57088084
-21112215
5916542
-5737742
-31018090
8345826
-21817896
22242029
-34425621
-84685566
37974102
-5115014
3492936
18974592
41007636
67664961
-36669396
19922046
19512176
-3937080
23374155
-7094850
-31730049
13136248
-4673900
-10056318
18279520
19316823
1194068
-30426030
-48913722
-35732847
4187760
27896117
-46022752
-13448576
-8944350
-49763110
-16618254
59425971
-55720296
-8250740
-4445256
36149634
-17677130
-12888170
29780814
21346759
-27138046
6731014
-20860105
-16049040
-14439515
-23719975
-8422461
55495560
-187280
17911577
-44753498
688620
11062983
25636777
25164282
-1936880
-74721047
119118874
-6266432
111172946
16852514
-15513948
9043494
55302760
49065024
12696466
90567492
36142356
-31038856
-19432224
96128926
-363406
52338646
49732319
8460108
-1275940
-8240520
9306652
41733285
53365712
-48808791
8461143
65118420
-21476346
-39426503
-92065929
-90280246
3878602
17872191
17352809
1368862
-16338840
-26919146
-39444135
-32046516
37720488
30066646
3434040
92805786
35681998
10273368
-76536485
5922885
34214241
15470325
47717800
-14026194
1352783
-34701760
-7115947
6354499
-15717039
19855608
19446163
-6207198
-53239290
-9419132
12776032
6569922
49492830
14247792
111826743
76740802
10436315
-10907696
-5324223
1750112
8379894
-3344841
-15854754
6768052
34998811
3161451
-13483392
6126915
54322658
49396639
-55117950
6937249
-11013232
-38819988
-5574626
-28102864
-68807262
72971726
-44892606
11137152
23023413
53654488
-20437050
-22617731
17702832
-72177706
28870420
-3395732
-25846839
15138078
42169849
31222488
-20446974
-13165054
11721409
37261637
-57246921
-5623494
-14367200
-95130069
-14356671
-11030497
-28323998
-20947850
14166551
-73661213
-22514652
-55229724
1022980
68667928
38097599
65764907
-10281161
-28992060
48930236
4719746
-71673918
15502218
-31036580
7008864
33882624
46853576
-24594087
-18520002
12630596
-30730872
47078639
-15007412
73555818
-767758
-12014142
-122262388
-19613222
-35679167
-11907448
19742262
-13449075
17025410
-76661088
2774472
3376394
1811951
6017389
-15307122
-27393680
-13981515
8235432
-910438
7341924
5891200
66050252
16968935
1749635
44420190
-2901160
35462843
-40621935
64904283
-45150963
-24437160
30255275
17745880
10698660
7398375
-92006727
-64380469
17185656
-36281800
35866170
29129380
-25560909
-10004855
-38510090
23616879
-1380714
-98541590
2173945
45350096
-29188564
-7702230
-14795445
-9616842
2029286
-25158841
24350
-41445640
965920
-25577640
-2983974
1033578
-34701080
184723
-60836699
22741010
-311348
-8519884
-37894680
-3842934
20735188
-142099860
20802568
-64316441
10972950
2006411
4402744
16181790
4849844
52341536
-11598135
-50221320
-27014476
-2791960
23030915
36743470
56395676
2536613
-129738266
24666022
-9994560
-6546788
-1899720
-8599676
-36409276
35010857
7108511
-6399292
18204928
9924999
74239760
-10448918
5703636
-7190052
7641858
3678276
106716
-87751782
13556014
-6597394
-25796760
15590260
3989863
-46735849
15407701
120150
1728218
-11824540
27113585
3280285
39437712
10964082
-36288766
-9776840
-8702680
-22166287
-1427310
10624224
-15540902
67604211
12776759
-21368568
20995070
6730600
19623856
32643537
87433808
3919870
-13419064
-6089455
23941190
1122939
-8847660
74915664
301554
-9390048
6348797
-32888880
6955148
-4668714
-45944820
-32172192
2905380
6826760
6029656
12833014
-25998219
-4518703
-21693904
32961320
40196065
-18175300
-8170632
23117850
-85929357
-47499581
-2493594
73219110
-34157421
30435174
82780640
-29597028
15918335
-25505890
21466930
9057561
-522751
36889270
59385970
22338760
10079017
-4086361
-1253889
-66299208
45974688
-6720476
-2734540
-21941865
-34449393
33149035
-59666838
-15703775
2621566
15226840
4919913
18392092
-1573037
53731678
22854630
9863689
2032646
2962799
-36762782
12856006
-60155427
24271950
-42085780
11838879
1475156
26765668
-3503568
8549435
68686512
16878966
-14897139
-40083710
18715752
-7222975
10168206
9695994
14507870
16421173
-40098229
9369725
-15386717
-4952232
-7372416
-22365504
4803853
-14585893
20984684
-13265000
17489772
-3867464
32829088
7018199
28299024
6425505
-11591232
17659651
-26773150
-7098194
4038691
-4819664
607372
11515816
-77155668
-42931196
5056485
-17925608
43325284
-64736368
-40916384
29320248
30342583
84089018
88463067
-32520682
124141811
283671
52441546
-41065080
-15085258
-12361063
-14956221
1245918
-10890
35058464
-35947542
-10617600
7664228
42675171
-29699778
30141627
25101288
-7199517
10883622
-11589300
-897039
25532755
-35334180
-21011343
-42214793
20018091
-4596369
-18999278
-100767050
-78989782
-3074312
11820618
31516874
12542090
-60238948
-17339856
41713156
-39540173
-62650612
-13608843
18481328
-29204838
-32338884
19361556
-15328773
4695433
-28807086
-19964456
-326298
-22299392
4878008
2256322
-30302646
-9189092
65849063
57534864
-75656694
50967904
6393033
-35709021
7353089
18230005
-2947008
-19845792
-21124520
2299527
27019017
-15000281
32435230
-47535076
-4522452
22407040
15428191
61606024
-8497550
3771398
-6225770
-16533725
17463960
2111450
3915672
-50299464
25040004
-16360106
-50630189
30845448
-23989680
43448760
-127780900
1077183
9518306
-71986821
26549106
-85842756
-45146348
-12930505
-83389519
-26646436
-72294550
-17873226
-3178019
-32372364
-73817446
109367837
59392900
-42643939
10236933
17556717
41185686
63068472
52949461
-52981028
116238858
32344242
22881837
983835
60611192
43237068
-39120564
12163728
-12986910
-29075508
-1423365
-15448660
23712688
41690206
16108342
-8957300
-22884576
-65432115
-15285232
40310340
-14336692
98734125
-17740215
-45144697
-3099134
44118502
-5127500
93343136
2561594
33256443
10117645
26035323
55833143
-26428788
34994295
9461298
-7791064
6809979
7085315
74218426
-13650054
-28467931
-47795567
-21973660
-2540945
-1261575
16483365
44279100
-35564994
-35021056
-5562144
49529047
-7197175
-3569638
62307204
-5199282
31254503
-892170
-26445983
-2468571
68475907
38718371
-4174164
63107784
-618255
2970311
-20796998
-64696855
-6384683
-31778217
26117748
27092343
-23259163
43119180
14075525
13398738
-16846158
-16522683
-14554240
9375461
-12463772
28780421
-3620640
-6461272
24486478
10429570
-28902018
-14994515
-3026833
-16639025
-4105024
23653532
15373740
-1582262
34239138
64221936
43545330
-84693399
11340644
20615394
357579
27227206
16794786
-63755626
-56878704
24683172
3985570
-20857942
13393130
22868698
-27668655
12041700
-25832013
-7114948
-30403765
-31510087
-2700942
-2016495
8823288
2803850
-42217363
14331405
42263200
-20792663
2530436
7938588
41851888
-2037501
-12212316
-41749032
33157143
-35422354
22660822
1329676
-14992560
-38644578
-4686864
-12861022
-8939394
-33659640
16454110
16181544
17048879
-20591977
-60431440
-8343443
-44748720
-31128670
3053670
33031266
-50728202
-147071592
-49414563
-1882200
71081340
67922400
-29867786
60108062
-80232780
3685845
13035654
-64978786
49554530
-4012344
65335612
-28719152
-20891037
22429755
54293398
7887220
-23657738
-16493830
-20191108
-5095168
-12998405
-33375576
12069581
-22649338
-42217254
-15199623
6387418
-5864471
42687977
6405253
-37017204
-5052015
17310603
11331675
6987748
58304988
13141782
-50691912
-6313319
5193060
17008676
15733896
4130854
19899630
-30015604
-15282072
-7381574
-106744982
-20757375
1686580
-21738875
16833300
-16427730
-7713724
25461018
8053218
-34699316
14569575
-14167124
50120305
-2204192
3117342
7596036
7102741
-7619440
-36948021
-55786276
-15606045
13040904
9464145
22551426
20918466
103184338
-329490
6522240
-20725245
-23709100
1007396
9859016
-8916156
26993760
-14179524
7806686
12202260
-2058962
-11645032
16413084
-19528005
-5258682
-13847818
41445518
-9729216
2657884
-30591487
20048091
-77402854
16590549
-37515980
31856160
26358808
5012739
3055407
-66658600
50478466
6322176
-45685154
-19655316
-35028247
5372336
47164168
-82163456
18295200
62138373
18561051
14530581
20144812
8888284
-152387880
-5338320
-2038502
8628607
-14514378
-10217440
17424682
-86053158
-20343900
53367065
11624280
-46658960
-255359
-30213460
18233040
-37735608
-67746960
18043060
-14378236
1472500
10530678
-57847896
9877200
15686823
32372272
-7846916
-19401456
-27979704
-30810722
-14442327
1794695
15981240
-15882500
-74592450
-29920347
699168
1624542
-16730290
27698596
33600598
69239872
23652573
33322836
20249010
-30400411
17542201
-25639910
-1547252
19263137
56682394
-20049000
-634290
1543204
-7274528
-11492444
-73261935
18427700
-14853074
8238820
29411960
34612063
-33131444
-22073210
-20312224
1753190
-15232156
33494635
8967676
6579383
-31690866
-7822992
5346663
32649506
-57052765
-18505488
23420121
-55195801
-43749605
45818332
-13176672
32434467
21568878
10328929
-45557137
-10918304
10513240
40857855
-278205
33081306
-13728020
-33226684
36548633
51305152
28450403
-1192905
-2959632
-36379875
-40503612
28021563
5952668
-5295443
-2768724
-4882576
2193802
-78732804
17973056
-21848750
20102654
-3092952
-57821290
-9263540
15885169
-21567858
6710508
5918434
-54615985
26242782
-5924896
11485911
-16905918
25383882
50770624
-34806942
44109716
-74735550
-7298416
9307890
-1303994
-2199434
-18554
-27238417
152968736
12210337
54107502
-9804025
50335700
48457212
-28854567
-39736290
-10570046
-65025468
-16378137
-1120762
-53780072
-56311707
4610826
-2344587
-43955090
-6708369
-953722
41302080
-1506629
27817108
-65789112
14957004
43011692
-50343258
15226656
13740591
22696209
-51829458
32166948
-8821548
52361860
-9753185
818168
-19455906
-20134472
18441992
-14836274
-52436233
14097080
4567686
18594403
43844399
8223750
-14079680
48636676
-38217538
25793774
-3155153
26301160
-7932020
-48295060
25503174
-9759499
-2972403
-4066532
-32141873
-444352
-68343618
-25267884
283110
31179414
-17957736
51770621
4824756
-64381341
-43647480
-11691267
6095082
9365330
-11848778
-72213366
5926195
38725932
-35106255
36161910
4806188
-3867110
-1463546
-8873161
3529584
777315
-20367050
13141165
-50663906
5198359
1427589
17038344
16826896
12810551
179331
-28348876
-18069014
-43026822
19480638
25827064
8174864
13839574
7409346
13132192
37085121
10852040
7249976
41535376
-31817662
8033748
-2544952
10375680
27352279
-1944207
-43634382
13537743
651456
-15031040
-13699334
24905826
33020835
39954207
-51140379
31482923
12349718
-18902088
14833256
27206868
-42553257
-11495129
-6387541
1769886
-6185904
16376514
-27081792
-7211107
3098805
-7631024
3518702
40945892
8279370
-20707776
-15276338
21050130
36054997
5968682
19171872
-70987011
32883100
-10795480
58459641
-13865125
-1317008
-24504059
51966156
-101439497
10799045
-22356244
5720750
7871667
-8182008
46861822
27464048
-117789962
-101254032
20373884
-55920771
9588440
83607914
43143116
37418840
-33462468
4356342
22934208
10376152
-97549162
-11222078
30776152
3650036
-8212132
23205318
100978304
-29072710
-2007590
-4113894
19328760
-6960300
-42206055
-41305560
-35990064
-11749974
60935521
13990473
6804081
-30081072
-22128408
-13532376
38516478
69988517
-78352050
-9629029
-904260
9547488
-6879525
-43108280
-20488525
28748469
-12695540
-12291154
-10706640
-14243863
-9093440
1553551
-25772497
35809140
-7619017
33675040
71610822
9794865
-36798160
-21515929
-2113642
-66043215
-43838204
10747404
-4973262
39536912
-90685671
682055
28911593
22087130
-4326022
-18414366
10151616
8032995
-6199565
26393787
11974996
7434475
8319066
7044858
71497761
-27338445
78931660
30715608
10051433
14461503
42200596
-11091754
1579642
-41909389
9399480
-15780999
12438812
27930568
-14824025
-36361704
-30850035
-9114254
35721387
2575714
-40286214
-44947805
-45123391
-62579844
5699268
-36489093
-7333704
17926254
30684930
11223074
-32456530
3166692
25714040
1775424
18118188
64517634
-11031156
17776625
20147692
-10481328
13586562
-7580268
-21296011
26419972
45277173
-30033160
-17601654
-36376863
-31802046
-71660888
81384372
-63603670
3645390
-55338254
-23781360
69892424
35524005
-51425061
422726
19208842
37940145
34375624
53529512
4463755
-6577856
8061998
21357410
19688869
8022452
-30598758
30686121
8926862
-4050643
2225800
-16511772
-35423085
-52109442
-28069953
13580172
-48186522
16844320
47998827
-66585856
126274446
-20032580
20704797
-7394274
28861824
-5736510
9001426
49617150
-113132888
-18435405
24732652
54109536
51832286
-138558
10544769
-9109927
106747417
39371979
99368080
40072460
15210000
13392912
67545087
-14786275
-46062120
-708812
-23384618
22975839
2281660
33052680
53389710
-39128037
19724838
34175343
15313779
-70307736
-42704050
25488620
1434330
-5054682
17746164
-10113278
36988290
-128109060
7964064
88924011
1685184
-61343088
3788790
-10772134
-122228628
-11262328
48520492
4798396
-9075585
-7651230
-2777366
15577454
-1264508
50581672
10178900
-30548945
12392410
-9588843
-18488592
34767956
-76992960
16929785
-12863408
-70179074
-9332108
-28948536
49045986
72781524
-3507538
10611634
-42564319
25015656
-28700388
28460719
-16695204
34398950
7651511
-11578598
-93856635
-7570287
83752584
-14532644
-15537688
46483224
17801922
25368334
-138886456
-29195022
7822478
7479720
1033938
-4047124
-7209507
64240180
-2129801
-29259270
7302648
-3400601
-6869412
-19856504
22207464
-760791
-94286799
-10096680
1587333
-4521708
-60841672
70915434
-4662948
-32862853
-24012600
-21260493
-2894112
84185324
-28419122
-33881168
-73036045
7713580
46691325
-1583642
-72002004
17873366
77838638
36568885
-2230666
34764432
22863846
-26663980
-794528
58104481
-15994458
25896972
-4023922
-3582212
-7723888
-20113496
22928808
50496012
-25161624
-3307778
-40944450
1749378
-5273178
-41010007
9416490
8829205
4974967
-4289130
-10771710
-13045619
-92491211
277660
3323178
-19182001
-4584528
-13324464
2478811
-64694923
-20314220
40128942
17795838
-1085712
15165610
-12212013
-1219514
-12475206
47454852
-42995965
-3952472
36433281
-32641741
32191760
36912
-3466260
62404125
2343312
-21012807
-76264739
62808674
22914596
-16621458
-8151824
16925006
-10229186
-81764214
-656020
-32519088
21791601
40674492
-13415364
1593566
6800490
-18224039
63742124
4437300
37132754
15352960
-2966211
7077517
-9206458
-8609928
17169439
-27515544
-9132500
24775646
9541888
-6607130
22853034
-18440361
-12034476
-13680496
21978893
-4031914
37816570
-905619
-4976100
-19194870
10079808
-3509368
48875930
4079076
-49516234
84654
-34255368
-32892640
-11015315
-71138079
7373065
13696908
-223664
8366017
53687172
-22919120
-19698491
-12556950
-43376899
43401724
11247024
-15086808
27619590
-9631540
28964373
-27942416
-12172994
-39946020
-9268392
-11347866
-1336938
34086351
-17361326
1885744
-5733430
-45514288
-8027145
25240324
-17432972
-40245968
-3917005
-5840828
-39240054
715395
944045
2036524
38316444
1343058
20135164
8520228
-7460147
-6949920
-51862136
8596526
-4116160
18835080
-9908325
-29207530
10071276
-3481122
-9195138
40324760
54064
-3815091
26432107
-32281268
-72768746
2354807
21790001
57401560
40442688
53643886
-11171031
37626974
-40428600
18458478
-64934981
52250865
-683664
6708546
-26321996
83491683
1088120
-24101762
-1169136
4724520
-8885674
1511556
-4572282
47162920
426656
17602644
6916691
4411342
17610150
10262762
20052592
-16138360
38425634
-23928359
-29437676
11673042
-21388187
6640452
17509768
-10458890
-14157752
-3484458
36381438
4482604
-19024938
-41745370
48319846
9852552
-10896656
-60379692
67283998
-28908738
25990524
-30053520
-57830402
41150911
70178325
-47462373
5646636
-44134311
16462224
51911900
20782749
6752694
35362431
-6999912
66168142
-60090696
35776436
-20482477
-34955473
-43860520
45692166
24822596
7975180
-12467416
-1903724
29966966
135773077
-6287468
-18117056
28138880
-15777985
-89050851
-24910566
-115679788
-6430692
5909880
5035799
-2232378
23279598
31079734
-49495411
81024
39011460
-7729830
13061376
50087110
-92030485
1593425
-12696820
-7503468
-24422454
-5893880
107476551
-9552988
-56749322
2142112
82392099
-32033160
20678414
10941126
44185504
-1385406
-19404900
-23602592
14659722
-2274505
-14965320
-16377576
43827477
-2458080
-35114580
21968760
-54525953
10360044
1826232
60787245
11985120
-16018408
30468856
-10669792
20180961
-48990595
21942873
32580845
-1780640
6090224
-68701054
-29196138
-45164295
-18816795
-55577424
-22293379
37124289
-29253470
11449515
-22200525
16791304
28187312
-10808775
-32685999
-10153458
21275224
-32923602
4529243
663826
-27186785
-63347616
827320
-14262988
4717578
6634691
-8201685
13362578
27117736
4636008
3144572
-39750003
23325854
5160433
-12498033
-14153500
14072424
-35438352
-40920297
-11004982
44245320
25148310
1286306
56081020
6233427
-1242780
100334726
6256996
-34047954
-1415092
24062584
1196196
18667634
-14716572
-12988642
-9141570
-2755994
-9545363
19186026
2286942
-41727111
-32330940
-2724950
1791666
4599028
18635262
75093150
7752470
-14166012
1049269
-4057578
10651168
1201419
55056686
-10724918
49328640
24737696
47533122
-90470928
-891592
-11928546
-12900272
-8425890
-31927500
-18176848
21611720
-19194532
65611590
-53309770
244030
87177492
-7222244
-17700758
-42719810
-53539350
35859424
-382842
63617260
37091800
36160177
-1315104
-4572380
-23665984
-4077576
-14290324
62553030
-41121296
-50529960
10563303
51826964
9224152
4390192
-65128050
-22143638
12537627
-11127090
-26546948
-759124
19256366
-10673326
-15972440
-2257552
3447266
-55803893
3122852
38870452
-10007624
-11694044
2229636
-10996446
48024944
21490439
-65199088
4158900
-74221807
64541478
-3427594
23623734
36941709
-25501671
13321809
25954182
-3521405
-2994984
-10261116
-13244288
44655345
-39039373
-633128
-9283590
-2599496
-32974988
-3678000
-11113470
2509262
10922225
-6952356
-38252515
-79516280
-11945990
39452205
54490450
2291796
13174377
77132825
-21222667
1636058
24887299
-11702388
11637798
-6323540
47883605
27007012
-40170216
15728576
-8287188
1236495
14934065
54703384
-36773190
-13833092
-18611638
8998200
10390540
39626875
-25354020
-15337809
12005140
-8486652
-32694540
-108455547
19325159
2158464
-13987656
18366088
65281690
-26992555
57053887
14955781
-26839432
39220976
-4251580
54008910
-33637163
14750974
69407226
25737309
10223017
-3076870
-53289486
-30409314
-42623418
-77598802
-25159281
6791227
2050084
23887193
-16181950
35669332
66388737
41531364
-5844114
3337400
5828864
74586843
-98920961
29300
26217275
15837700
-34683376
55284998
53091162
70590602
26088239
35311458
-27917208
-39007922
28963495
573423
21167850
27693095
-5212179
-71119097
66511200
-50250771
-17229540
-28577452
37531989
-1714571
-83410561
2857308
-34222870
-26658522
-32866753
52241084
-35200428
27160092
12494214
-28721673
11457384
15901632
45082411
39509096
-18127895
12755718
25856510
-25914980
-40662453
14545605
-17452590
24759090
2012970
-5566168
-1393792
19882105
-6304220
-9569576
3477396
-24566744
6338990
-11106888
-60156148
-16817112
-29663808
2677528
7614564
-2173988
-13634334
-38541848
-23097674
46924020
-48320160
32718000
17246808
-32009872
74232360
-3348470
45312852
-1798254
14842953
-901608
7228866
32024580
68676913
3028750
125649444
8696706
-20975380
3684174
33461004
30809948
4649050
-8238500
8140560
-26203780
-14076000
29461902
-12521678
-17311796
5593502
-15951628
-44619010
-5559060
34829323
5256896
-16437184
-23977205
19827465
-1335414
1533552
22753968
55020444
-3533439
-7354990
16120245
-17991283
11519090
-6168615
55005002
-8660198
38432844
-17776890
51848009
10978248
6643487
42847439
-78171366
87944564
27239410
-30262196
-11569116
18669564
16175755
-13832032
10231884
12891850
22819964
-25230196
-18018324
-64934352
12854713
-37520622
-22434120
-13504784
-26293764
-268292
76795664
-17526828
5530764
-7423720
13346932
7925552
-13254818
-33276082
14630475
-5985743
-28797980
-24476865
7808912
34109415
42023897
4502094
-9334234
-3737034
6586725
-19547244
15831881
-48903000
-78780406
-9339915
-38830333
-311796
2933592
-20388447
5972894
-33543620
-39825671
-15234067
15169614
-73934244
13524892
-950261
-73363076
-1422057
19078852
15551636
13263783
-33388996
1939359
-99377528
-75101212
2365350
-1175152
43684188
-58464110
-19306836
20568656
-11438465
974220
-34675655
-23079583
-65313126
34574565
-54993278
25501872
-4059010
-30128352
-25317200
40840902
-8857125
22515596
3664616
-40647555
19407897
-46491496
-75461081
44958084
55309716
4884164
357630
-1881684
21945008
21733035
-48711633
-1743519
12687748
-11256412
-18428780
-19261822
6992404
-5749950
-31974942
-2381123
-336680
16995948
31314537
-46191265
-2421280
5689942
10942102
4696384
-18126643
-12034140
2746770
-6957870
-10245628
18003504
-1813530
3193455
-14507328
29460720
22415493
-13301814
14849848
-247680
-44762088
-51278736
-3363524
132053775
8964411
-4062184
943060
-22869889
6425892
45687164
35276283
-6689130
-7349580
54784270
-36119268
-43318611
-3609913
-15813444
-33970294
29585516
-30791638
8547698
3775680
-16933596
-21999604
53070380
-48733904
-17235756
77587495
22793584
13381274
-33194436
4378171
12142840
-12535420
-2428285
22283017
19568204
-17211870
-15577919
-6965400
-17937032
-1053120
12658505
26763294
31431135
72271884
-51845180
-324684
25501131
24576797
58604832
-40476825
47583259
-2635929
6669306
-28738986
-6829401
37040641
-7511614
33700266
1718684
-23092894
-8914428
4248573
122606619
13843206
-57028433
-64571254
-16207458
-41733708
4577967
116115526
1590073
-7994654
-9751441
10259892
42501876
-27543503
9947779
-11265445
528576
-73077442
7522410
56814422
13840554
-18792369
621832
23273472
34035612
-18071826
46915968
-22463618
28269442
-32785064
-11520120
43112814
41929316
-39530865
47916831
-18127420
1689328
-11603734
-3694308
56446435
22317750
-41489072
41657767
27687668
-8720482
30576858
30119385
-38841054
60776349
12769832
-61610794
38086758
51884901
25494030
-26072498
300277
-2197356
11163110
-35956152
-4735614
6932808
-89781508
11801552
621588
12344978
16101926
-31946800
61167490
39338892
18863382
32012499
-22576930
-64481571
32871560
34000784
18739456
18208830
70392675
-21936550
-72024606
22249108
-70856466
5937019
-495380
17949429
20418160
-41095921
17420496
30234789
-45642633
22958558
-15314215
4311518
6088537
10103316
-15933153
63374443
-43683324
19692116
-1129348
-30701220
-24350904
-65421360
2856364
3455356
-35473750
-3374298
-47258175
183648
15220600
70388627
-28160760
-63846214
-19430256
-51432623
-19093536
-12673720
74985468
-14895412
37660530
5368524
-10859125
32008234
-10047096
-33053047
224526
-24872160
22657608
3819752
4657936
12598488
28127583
-58628091
-6087244
-38597096
-675508
47062614
-41962728
5561156
-55359464
-7853419
10759252
-45031462
7396481
63908992
7869903
-16866928
-46651052
40964196
23563987
9585744
24971004
-25199310
-35420088
-36166016
-60901886
8120612
4654240
-870580
-5421680
4292629
8813232
20101400
-4949882
5863536
1653620
2450735
10269237
2581182
-4688496
719872
-29410524
-7122075
-39954813
5487750
10267698
-13694067
-18269226
6066002
-9553124
-26096977
1340632
-557285
-14734992
6454420
6371408
2428419
-2034295
70045016
-18566795
-22552860
-32900196
16209144
-26352513
21114187
17873656
46720240
12041684
-53367849
-39542432
14974740
-1002783
2540
-31637283
-37315439
61463215
22426378
-12168028
-14332388
-17549784
-46108913
43077810
-72944186
75518962
12196202
5263118
49274272
49288200
-40292946
-24872824
28842319
5893452
22264800
4147320
26895705
-38950606
-77623016
33757388
30003512
33024234
-5616564
9215226
-26801304
-12060165
3827736
-10531445
-1298672
-10754436
-67541351
-1345064
21519223
-10193187
61136316
-2167896
4701672
76951749
-45108829
6693381
8882812
9328400
1965404
24122873
-18477382
39498709
74887452
-15561984
62913634
7630753
3711449
-19739058
-21098642
-47723744
31024581
2583190
-16261032
14272896
-6908480
35900928
485310
-20766798
13625054
-7645722
3575313
3311266
51893088
26768376
9189936
-1306869
-10498592
-666064
-6183981
-18351336
-3776128
3089016
11013000
17945268
-38348712
15141899
97372044
2132242
27196868
-1755170
-26422443
-13271948
13509624
71009560
11892500
-14299951
-35472690
27850013
3339631
13287564
-26955050
95851
-46078032
-16336920
-14985265
61494639
68271660
-35693696
-3116189
-32203908
-26876448
20687255
834380
-124148
14314530
-15026853
-29854041
45897969
305874
-22473398
4414657
1732253
52344116
1275721
-40882505
-7636824
31670117
-316222
9146513
10667600
14357126
37753499
-1949598
29728056
-15863344
10986937
8707323
-1544090
4889506
23863584
14477503
-7682553
-13786227
-553167
26341675
-426376
-24162840
-51394614
27780280
-18725703
2528601
-7815656
-10119936
41911122
-3159400
137108536
-18223793
45856208
-14887980
36493248
15489916
-7635900
-66251322
9913624
29695851
-15282101
54945952
9004446
-1896505
-5754426
26469734
26104536
-46555554
-21844640
24507456
50179640
7970880
26114867
-32050899
-20765490
22058130
22068702
51187866
-37166490
-69888485
-19936545
28117608
-5658806
-18235750
6153014
-19484850
40047012
34853754
-15398648
12712672
21332877
-11943204
-7516675
40823802
-33158343
-11309333
20741920
-13995329
11185770
-10415689
8297198
-43945440
-34454412
-948726
73015128
1114497
-17295190
22456973
-12158512
-51008785
9522536
46794078
12388215
57563004
-83528594
-10660332
37709937
-30829533
19413724
31189488
-60678188
58184708
15695282
28534432
19873731
51028560
2571080
-51921885
-59453784
36188852
558093
41662284
55870276
4858324
45408320
-2578514
10516947
68096960
-7635201
939701
5966844
27367333
-28804307
-15531790
50614116
-10736005
-40366536
3699168
3557659
-4829962
18794428
16011348
-19401099
-34436614
39455873
-42834789
-4358873
778472
2460542
-49490211
5453390
-52014148
58505913
-33586317
7325516
-3548842
-4080192
5361239
52631102
-41065600
-8653084
3189479
-11471018
-11726640
-35858786
14148720
8620900
-17419072
-39284431
76987200
5055216
31660424
36161559
7305651
-81445738
60408133
104843084
12321615
-6700116
-42797225
-59388124
-41463546
22388247
18088460
-5313264
31844446
11541565
2946220
-3835260
-33103138
23682009
-7882488
45108626
29148794
-26750640
-58322246
-11398138
11543267
5728350
52407982
-23232799
-28423618
-17840232
-56499405
-2561440
2950484
10757670
-585372
11150376
-1384338
-60096430
-2050350
-2364340
17835844
25991670
43675836
-8161974
38579676
12484932
449170
18445742
-20383281
-22749560
-15924518
73431432
-44103570
-13823474
6574848
-9025315
14248624
-23334542
21824628
-31146516
46578229
-104453290
20239728
-36017930
-32351362
29838846
-58360375
13714781
35816492
-15351096
-10170994
-19696348
-67252743
53428269
-33803080
-24136374
6376512
13058742
-14898650
11607668
-7142136
10015356
617949
20465696
-13012545
32424566
-30078176
-35861658
-6557076
53506338
22909705
15916834
-32526283
-695144
-45111198
-16114560
-52620765
46244828
16541261
44280666
53562609
-62086065
6864031
-29168109
-5461389
-25359076
35158752
-38509070
33989862
33807968
45756663
578625
-22488878
-31590678
-8121074
37043212
9247248
-7429968
-654587
-30585530
40109614
-48318968
40913874
-4550130
-80380606
-11934544
-28379964
6280180
-16873285
19863328
-5227233
71971803
53178135
-10813142
15581016
77901351
9382910
17620311
-16915952
6903375
-6951056
-41114753
104196521
39762324
-102288
19955516
32624511
-32936666
17059674
19818103
-62353428
-13092534
-10764017
-5815548
-1425870
55941577
-31357629
-24564204
7060632
23013428
-54603388
-16501000
-8021351
-12766002
-49785072
-33424116
37360782
-9512576
-16891680
38523222
-27992661
99793086
20568180
34639921
-12245992
10775050
41272216
-3626730
-36053695
26317672
82336209
14956080
51676060
25531546
-23428442
65062236
15619855
-3444013
31971256
142996302
-31620870
-7168646
7273076
6344198
55533500
-7204016
-100346243
-21522027
-9212260
-16184504
2165208
82434870
22339392
27470230
41065356
-33090898
-47852915
-21420138
64846395
-1414070
21912962
61891565
22142774
34430357
36214080
-19569723
-3784892
22436235
-6997504
-11896650
-9271388
-2887320
429990
25708826
-7315885
22715112
2139861
17064720
39236064
-8418813
-24886405
-318347
-6080090
-39251145
17057487
4632162
-16973592
-10331390
7693896
18143600
41742991
-38348492
-7086886
48217320
-25597330
12657482
17497568
14316927
-72971569
-8445820
-105988806
22165030
44738697
60723570
50731521
61207741
10880712
-20758722
5835582
-10997991
125224359
-41288197
31068136
11036852
38476269
3825162
-3523026
-41076440
20112811
19545708
-6627000
22306203
-23957424
21545539
-6975236
-18920885
54988990
2975040
5904705
991104
12605676
-585436
3239296
18305778
-29806800
31834746
-43757832
57916947
14352226
8593316
18805361
-37350165
45182816
5838192
12845714
28205068
837540
-4342834
-41539725
16867989
5292360
19893446
-42688360
-7265636
10955497
-43639320
27519861
-13295340
-66044822
3702420
-13399516
518388
-31503085
73503981
14918964
47863300
-11623702
924992
1131096
-9223000
68736078
-32421296
-28993400
2254368
-54213433
-35309388
-19041384
-35814773
-39616122
38577228
-16683321
-27375912
-7994376
48128508
-3163472
-5668192
-15891030
-6336757
-48094672
14501696
22851720
-17234608
14027404
-251670
88529700
-51382364
4749360
-32211720
-53077300
4547351
-11768803
-70915960
59394344
37090642
-64057557
11076543
-44950204
17739723
-46335550
20641164
-60220366
-61407051
-40228125
-18001620
57689258
-294313
21553930
-24770873
-60129388
23207586
9574180
57402660
3135070
-38027240
61487740
-4900608
34907639
-1968372
13263816
-18858135
-51906048
-35071264
-48666366
-65343939
13338612
-1009400
44864672
-32578520
84082110
-76357976
65493754
-3063291
-27582882
23822956
25412362
-33312268
-20883700
49821849
-519132
-20432152
26186729
-36126800
-3459862
-1804678
4293696
339450
-14405560
-22344150
14276750
-53873616
-43465780
-10707414
-6114580
-3977839
24345561
-4313564
-80963276
-9707910
-27788472
12475248
50095182
55077090
-41287990
27906443
49511654
78437586
476416
-21581622
-8913264
8067540
-57033605
2451150
-125368188
-27637038
542472
1184106
8122725
22794756
-28390540
-3011822
-25293888
-12475501
32108196
-12942989
33049340
11764140
-34906577
74672760
-6133038
-20263319
21595006
9246225
2181036
-5996435
-45275331
-6594363
28239951
28979635
29132240
27039272
-24119690
-5947662
-15321856
11954140
8429418
-33289867
-2808880
21843076
119930
30692208
13592916
5238039
24262725
3762608
-32201503
30834815
-19429752
-89844614
-14319057
-52698717
-21219936
54419385
-17822706
13300569
-6589732
71453508
-45317945
-24697308
110770643
-31681876
-31924896
14588922
-38774878
15245580
43847895
36767353
6569694
23028546
32990044
18724784
-30073824
34263684
37069001
25255908
18035414
-31340120
19309688
62752062
3451014
-1116653
-103640139
12684642
79350404
4517496
-53769072
20079873
14254133
-80217540
-12811276
-26213504
-61787044
-53046049
-24869763
18260640
2473920
13219814
8760428
15890509
-18942391
4392477
-10949640
-19517312
35624361
42431529
54786102
25113528
-1203438
-24965776
40214458
-18739116
28546071
-8193527
-15247456
15908396
39607580
7046608
-9222132
321606
-30411533
-6567156
12129765
21644628
5572372
-268800
9896904
-27360678
-41807384
-10694840
50424434
4533200
942074
-19056660
-14999657
-39000412
-8427155
159763529
43073064
-52703236
-8784516
-17692117
-17756156
-9590874
-20655625
-9425580
-11512454
-3496418
-4868604
-3679452
-10835892
-710772
13518960
6980926
6613992
15346419
-4485456
30393144
12820626
4128960
51177044
-22522467
-8612181
-97300185
-11054628
-67185810
-20907510
12530175
21357244
21978734
133017990
-12712632
15151970
40829550
-6650891
37780288
-19319410
-38465256
9076024
-42573588
11447560
27983720
-3067548
-20989086
34760933
13519299
-92770931
-6552680
-56291858
23423125
55471472
61853652
12919648
-77033002
9569322
-47369120
42482745
11269758
21833632
1724302
26406705
7485282
4106266
29238508
-31315469
12466344
3940166
-8690917
3788270
17491106
16802094
31772709
-10339776
-12798703
3309780
-3785800
3445148
-41855146
28997799
-10460646
-28680633
-10832996
-39231564
10082907
-7063384
38687275
-128140311
43328105
6959741
38144920
7996323
4057579
29105678
-31747033
-12367008
23610738
33776348
-2848939
40115992
27977298
19270631
-29817750
14307021
44805660
-10338975
-39741162
72779782
-23229679
-19973811
-64914972
13663330
36983234
-4185680
15560114
-5772372
-4265965
-6109640
29791272
-8741400
-18892276
21459019
1696082
-25373081
-5599582
-3570888
-71580915
-33488446
87455654
-30241244
4977876
-20889806
4077084
62957076
27332496
30501816
-77324531
6917676
13309270
-12702256
13711138
-12138922
-7457466
-23741613
-17461114
29598274
42859354
-9974953
10420248
-15405299
-28595430
-14318952
-37168896
-57926860
34524882
9738262
15076560
25398910
-12288060
7129184
10169172
-43883681
-21175548
-11734734
2101402
-54184424
-2761617
5674714
-65592629
29664372
87794612
4763428
-12302920
-2745770
3984946
-13042760
978314
-68057784
59759760
1802176
10286478
32433720
-16621247
37252728
-9562756
-66334686
72257520
-5402440
4962128
-8519934
-100285953
51959887
-12006004
-49807254
3066494
9544194
3244750
58144979
-128173036
-2352944
-35422944
13738453
22552505
6506842
-15249829
81853448
5450268
35143760
27598160
-3198732
-4915116
-10277008
-32621914
28786780
-24419600
30389809
9601710
736338
-113518626
-19180064
55187464
11853300
18848919
24807321
-6656876
4202661
-31723356
7874816
53483280
61965946
55334671
-26613600
6863672
1298900
-10049312
43318503
-55989034
-54469528
16988932
-10418726
-154630080
-3950721
53769681
30658782
11511886
-95446620
-7656271
40102271
7235179
-16791858
-37145984
-38648566
-50057283
16874034
4938264
16638793
35575168
-17135339
-2871704
5416797
7627212
-31621567
-26834312
-15214854
34908157
24597540
26046588
93635446
45105473
69747525
-4791678
49393944
26779442
13160920
64399605
51095680
61804469
-34791354
1031700
10645146
-6240664
135160274
52680536
-27327705
-10119430
25255210
-8437572
-9247284
80244313
-73389008
-45483258
-6390566
65441324
75084750
46975448
-19980996
37014258
26829388
10883400
40971959
42612291
-75239598
18359027
-52212510
28874781
2334984
20128932
2456109
-34415512
-19281616
12067445
-13134041
-12190470
12514295
-15177475
45577434
22155603
33836966
40537788
-53230016
53136565
-3235101
19445776
54093249
28504808
-15005939
78388920
33921680
16479339
-31292015
-14960236
-27886345
8686597
-25392732
-31160792
5897920
46662905
-12033601
-10679687
32681800
-1403460
-105098626
13713200
8498206
-23984502
8816789
-65508332
-17929944
27810870
46443684
-35627421
55391186
-14099132
12285414
-442192
8059898
21334434
-19761228
10178880
2367828
-6822410
3473162
35134461
23782803
-63313578
21534124
19068614
13044601
-52350768
30171310
24555762
-31865576
-48653115
-3216006
74783003
-41020044
104152700
28332876
20835110
7340580
53715524
-31459552
9086948
-24395880
7976560
-22445968
-21169146
74496448
73000484
-7624
-49695359
20834470
89587074
22067394
-34391679
-4239280
25826040
-24920055
27672910
31644700
-12386660
-46351795
90444743
-22633320
29211328
-20202548
40057074
-30381480
-66881110
-44538759
-17734983
-2287824
22673274
63797088
2931142
6492091
-22732120
-33396510
-18296349
-4086498
24732307
11133576
256210
70847640
20196489
18343335
-18246660
-16799449
8880580
26161494
-77644992
17386860
-26092929
-27218720
-68618698
61886292
-31375304
-42063380
-204000
-47014878
18362784
-24147776
-53102484
20068434
-59845896
28361064
64597644
-419624
-41617971
23118064
10451125
43250032
-39992172
41753517
-17926912
-45792612
-10441588
-8048556
2985890
-25005266
-8068833
42121932
7671928
-7191358
-30043092
-822600
-8601032
18404085
23524728
6194555
-170728
9982432
27209950
3583360
14067737
2668154
-76427232
11903897
-25997800
-13708751
3249390
-25840813
5323820
-102681264
5341425
20386026
28711260
-54809130
18533740
3415900
3793776
30610362
6365136
32758220
69356040
-17873572
-2077464
66999870
5642666
10347768
57971024
-31632450
-4762088
-1907712
-77818010
-30835089
57325176
32537142
-3836028
-16862640
7746855
2123141
25124124
40997002
-44316988
16526706
7634349
9228603
4521159
-4275586
-1410760
-72117199
35756404
-8222022
-4408044
-97972432
-39198646
-14912448
12787993
-16927398
23386038
-11318510
91990080
-60294592
-31678094
16255946
3843369
50021276
-12711138
65355000
-49410458
-16612498
-11413472
-16843096
19909332
-7645632
-23763653
-1157078
-18283632
3078227
18353148
-29163250
-10375340
45089920
-30212960
-73345870
12188794
-2578854
-31709128
35030188
39440668
41286355
-85143432
43192596
-14189640
23924190
18488980
-49026023
-23637204
-661582
24812822
3796005
-37398752
27078561
-21059712
8140947
4066722
13113898
18282720
-16148346
17110978
47128060
-5834954
-6621778
-23129130
-1530528
-11591286
64260000
-23055180
-36339612
15169579
2372463
-9727718
-11217048
20886564
20559668
-33104986
-14441228
6099425
2447403
17886246
-12880104
-7481708
-4002453
-12594960
-28833620
10133414
-14174845
-5556456
-1076309
-19791864
-11912087
-21425940
54978286
-76166545
-6010605
-2844063
-16061988
-12719184
-8156056
46692354
66900500
-21727680
12179276
-20224542
-32294616
34647944
1432695
-31621580
69494964
21895568
49917561
27720294
-8196486
-41536446
-33195957
55377231
53430412
-4550033
6590718
8308478
31328304
-96810856
-10078398
-68487
-26699952
2799920
-20106025
26733696
-93091549
-16277475
-71661157
15008622
-40950736
-26810155
1266216
17525076
24727896
42166470
-4656440
-6767521
-13593730
-46697145
13153955
-29955104
21276442
-7039225
-24401730
33573134
37132273
-2722350
-1847248
10353450
-55946830
19143002
-27718396
18675359
-4910666
9982816
-4102384
-66052090
44924946
-52627025
2184743
52087290
14152704
62866973
93654314
-28067645
10215814
4789939
61042407
4982302
33078125
-51629685
-93162361
-39025178
15819784
7088670
13090165
-46352366
6391052
62395427
5440138
17173020
3634398
-13852261
-512104
3535180
-34477728
-51031719
2476400
16207634
4034809
25500990
-11828912
21731676
-86150952
195027
-13340991
-6240150
-39054601
49260939
57682207
-9490548
-25426505
-18889500
-38493187
35621500
41398765
-83749519
13505239
-21379796
17184120
29382066
10021130
-3330590
-12180792
-21243759
26399560
-25238188
8002157
28395754
17376968
-18937376
-29845430
-28055732
-12769380
957983
832071
-48371620
14939957
10234740
-25902880
8642609
-45291776
55828456
2038097
11689929
-38906570
-1563120
38571799
20697296
69986790
21797746
1352502
-14087832
14934730
22306810
14513654
18095940
43052711
-46027962
7931120
-11934808
80750810
3804831
2425014
-1274524
-45231266
-18916695
-3166862
3706248
-14267640
-4813185
6213400
5865194
37724274
-57590446
-44102982
-18969332
46605272
-29731120
42793628
-1628369
29728250
-1674000
18784992
-48579162
9046438
10605770
-15769874
-12457182
1216727
-10998143
24214728
-9603456
-10462869
13468888
4526930
-8778822
-14276744
-9868869
-22927899
13163292
-41250144
9950861
27774966
37036122
5059104
28892729
7272583
-97456491
-47264099
-47384217
707901
18013792
-81981514
3295854
-36818600
-1449534
12441984
-11990734
-5577965
56904611
13344402
-2445324
9812684
9313448
17971158
58193175
4444584
2245500
-6214133
17330787
-18573712
24020328
-25447323
26130816
-28382034
23891420
8072220
50168237
24820596
-32463937
-29229466
-58872092
-71352995
-1821507
-43209446
32739556
59812036
35375441
-3757779
-31742727
-18445950
-61958724
-2811360
-55392837
-16071521
-25539903
16431714
-9742092
74308716
-65573837
10934049
-31847687
-15568131
23738784
-17074880
17433664
-32012136
-9383450
10174285
-12125757
-60008490
-7228568
11546274
4833768
-55621645
-266824
39069860
27093996
35230384
-13360920
-178110
35371462
11363519
29162520
9675733
9712101
6445258
-23950300
32869484
-41720524
-39677310
6697569
-9298800
48120968
-37403058
-11473176
-28927409
-32400063
7462469
13211140
-38146559
7082033
20016154
-19610067
-19895759
10018427
11131664
27491960
-8951327
-6848384
-29863104
1865832
-12685344
-21660704
15191772
-5554470
-12703816
-33639194
-1810901
-61847422
8697195
-16323211
37848703
-96707188
4833042
-17377721
-3458080
-7502040
-42279418
-10831960
-22049520
12547134
41990637
16559147
13075260
-19803598
3953580
34806252
-13894618
13455720
22695140
9160815
11129133
-3673290
-4468650
14227495
69452366
-10146188
-15953340
19447174
1995188
78710302
-8312769
48259224
-2322824
21487119
31821920
-3317979
93116791
-14659985
2338428
26569801
-39877494
56563730
-18932571
-28781200
-1561259
-1856487
-6939505
-10036572
3504528
25757730
-3213402
-13387866
-15940028
-15312708
1366608
23231806
82686
-29576940
1995136
1834453
58146174
1882920
1857932
45886502
7774861
34266390
34794687
17320454
-27329192
-28226723
-25225415
5948986
35418056
-24563097
16747280
6277586
37151616
-9631040
17427536
20352774
53793453
-25254579
-23102762
8400398
-10445226
-10049250
16110024
2219378
34374543
-46333890
2832232
-33220787
11940514
-65057640
14031318
4621524
-23500662
29078904
-43511112
1575308
61177881
45441948
1120398
-23526228
-7620732
-31125480
24082527
40365348
12962922
-2455302
-4775286
-10528386
73393914
-15037151
35705162
-66500824
15159528
-3775506
20234591
99274959
17993040
7599459
-40053256
-6729599
-6342000
-5699943
41260850
-3067024
-12339324
36078948
-5265348
19236672
-36607347
1431811
-58035500
-2643704
31063786
7804651
-20903850
16481364
-4980614
-12363040
-915646
-73102328
-637885
-19470771
-21820956
1255180
-16416489
10583736
30918352
-36793715
-55640085
-36580830
3595020
-14351767
-14370283
45261783
-34143360
10808670
-9328842
6589568
10590298
-24142507
42119379
-28497780
4111948
25885832
-18789680
11983064
2059763
-20622312
-35714421
43405340
-1036840
47208096
-19655686
64164956
11827700
7765977
10843885
5768442
14886740
-29869635
4416006
8548920
52237145
-4708969
-6588000
34886223
-9723285
-5694684
20900430
-37812832
60275168
26408340
-7918401
-17408641
15585243
-15809602
-17771576
32210808
-36075375
-40124006
12238237
-32334434
23573582
4777217
-31911120
-70622222
-36046416
16206607
20203108
-35588710
-18145748
-20736292
-17682378
-5840576
-7331856
12270210
73316846
-15792632
-20181096
-972824
-822214
-20053344
-33053205
20190711
75312313
-17556240
57525327
-13257860
-25002408
-28166126
-55618419
5652043
7865904
-63118439
11603966
86053617
9653745
97209564
-7336000
-17853156
-32276585
6301639
-104368566
14885240
-21869808
2360766
-3446496
-47440903
6962355
12162528
59321385
-9614148
-18967663
17991500
-80953446
441690
13679918
-13794008
81610595
31726501
-10876424
-9964608
-36007750
-25062836
19465539
27866241
-16326232
14598624
-6402210
-37547080
-28078830
23261164
-2596800
16116014
223920
-37657500
14724112
-6274487
14324848
69692018
-393214
6829415
18838566
8713224
-53426430
4867081
-54643485
-22159602
-32379746
-43215054
-12694748
81456150
-36780030
131237661
95645743
22106348
24906208
26268840
35274492
-10845579
79203396
-50528518
-23786780
-54712530
4411890
-15802932
78907510
-1284450
20173353
-16706956
-51120522
5730918
-31766052
-21461184
-3077391
11745148
9393924
-527618
-37393248
75925254
-23108884
-3784254
-64120416
-70734
7750810
32040402
12531976
-16983220
-21339570
36489874
-11926785
6088524
-18682010
-31624394
65271558
-24342020
-16297283
519480
-25637788
11045232
33321371
77335023
39811524
-36683350
-13447886
1176408
-7185248
72378919
-172506
25689488
-18386470
37334034
3202500
19663008
45580305
-17112450
-28145440
-11589868
4567281
-2555376
-1175892
60572556
-1126658
-26840424
1738238
46940976
-12695366
-23096415
-5179062
-19613516
-13877632
-25164702
3247020
14357233
24404303
16795200
60373314
18793946
-49350322
-10741395
57689633
-5739136
-19396959
-1076284
21648666
-1347012
3229285
15781478
12487264
-21807108
15431845
29652444
-4834099
-2723420
5416760
3618736
51387344
-9907087
9423836
387780
-6194592
47833416
-3014666
43883798
5346011
31351596
-64747324
12029855
37495728
2588736
47986023
103487244
45595559
-12169464
-44149098
-17419218
9024592
-84101820
-85961998
6568947
-1030668
16968856
-40222568
41372523
-34290340
-47826484
-33952788
454734
-9415299
-1125144
-42145278
9759511
-16910862
25728065
3167286
-20888493
30563262
19967532
-23043936
-12992555
3123434
15000354
-6299352
-6439389
-644050
46851720
14253947
24138576
-10814355
-41055960
23015196
28366758
-10893682
-21206289
-38633779
-18299462
49953464
-41741328
-18006873
-54517477
1043400
21715434
-7505950
-31020232
110613826
55700280
29673421
-6386330
24156217
38600232
-27209369
-88272113
2205361
-46754029
28626642
38848011
42621126
16698775
-18451224
73994680
3876136
9943791
-42504724
-1034408
38186445
-53896770
10969062
24664146
-57081795
50894352
4948502
12654180
18505875
6031347
-58009710
6330604
27732069
21716964
-31631505
-65538680
22922265
-38984816
-24498568
19674255
13656005
-28582488
-76375784
-9427052
70697590
-14328572
-29409770
42393755
16238106
35134639
12831236
-17957144
26805199
-25791530
3172352
12745614
49096271
30671158
55468632
34649805
-6428290
-15558920
-12834150
-55231176
-15120678
14788316
-9565082
-8386844
30554233
-6620110
8809095
26711432
8311188
-10574122
27358646
20227930
26572896
-57387039
-10811473
9477424
12239174
14637392
-91418445
23686193
-54216669
1387041
-24879522
18100226
-16812636
-18290468
-19339836
16751009
20416240
-26756974
-16230106
-2145216
-17328390
1139210
-23655602
-24686136
9264560
-19556765
-2396202
29149158
-2571306
-52633773
-8313808
-1353907
37181216
21729478
-58878900
-15183501
-3572709
-26545392
-1002056
-4041096
9712600
99094504
-17870478
47014161
24878072
-32157826
-14079352
-60010252
-122982590
-12496920
-10715640
10848342
-14231286
32992680
38955058
-63830172
5774196
-66096698
-6585820
15538374
-15203348
-49305919
35513412
11917392
31237002
-24314208
133279715
13351569
42358996
-42941298
-19741008
-22051202
16545768
25748956
-67828996
-50165807
-58645182
-14128716
-40440987
-9114243
-55156447
-26057277
3842314
-13912554
-61044816
95944449
3631193
-12453986
70118418
73398427
-58562861
45106248
-7620100
-34072092
70783062
7433617
-7365480
52000848
6204024
66964329
-44613120
3704727
-7807741
5565524
-92727939
24420162
-58140822
-5411364
22540027
8509940
-3112688
-88347749
20721735
-64765252
-23850729
-9255428
53528996
-52574851
8570576
1676564
-15404016
31094943
42636920
-35082556
5472730
5024619
39291128
24739550
-3074880
115180484
30855639
-13058292
24365157
822420
-41349140
-14447382
-33154464
25636497
-22965911
-32951254
-11300040
77963760
32574582
106066864
21376711
-14510372
-42500224
7957470
-44946942
-1292860
-45070061
20903531
3461319
-5287700
8556689
-23908755
-7780640
-1842677
36554949
-2032938
-10821993
10348902
-9273208
-25483770
-3294505
42613059
-16772800
50454966
-4846592
-25897512
-51275912
1080365
-58046844
-27520159
54406796
10323959
971736
-33874832
-6166954
-58230406
21444395
-42636884
-17638092
31168932
-64971412
-47181969
-516508
823217
-42051383
-26514930
-34465538
-6151264
-3770282
-42891469
12712197
-10512360
-37220652
28473613
9225161
-10430118
30080311
1150930
-18933075
-15040044
14713625
62354220
2615805
-1952430
-77030577
16963452
57841150
-12103520
49556248
14418839
4727713
-55410288
33787556
-3716488
29515572
1086696
-25967534
-3860723
-43106912
17774786
77158984
-14530898
4254178
-20920317
-5686009
19496507
-13834186
3107208
-20374892
16832708
2459628
-12104027
-11669570
4517580
-13310022
14281282
31273839
-140948
11080316
1897664
-7611570
20549689
20379028
14665217
-3499814
3313384
-17602532
-56367154
2349246
-12839435
-7022862
51657646
24407428
-36225144
-32927570
8975433
-25585413
18877131
18005276
31934450
12953482
1875224
-6387297
96255936
3292530
56005283
23201376
6214906
40622824
-7164787
-4644342
14342220
-11029706
38510438
-4602688
235487
-4793980
3991801
-12507280
3081168
-25334532
2679818
8992440
-9516141
-21774010
6135148
5474064
-39186537
70989442
50012679
-100341633
-4777624
17573899
1276011
-42741127
-102188692
-45516624
29447507
9046344
-39961113
8015148
59508217
47376603
60789480
8272547
15177868
33062009
10592642
-9962351
-8239532
122412600
11094529
4839084
-40181500
52424540
-13629490
-9564598
-109699561
-4941658
-92815706
-13000656
-33682344
52778780
-9997330
16438836
-32039536
-36238652
-8686512
21293602
-5436654
12995272
13927308
-16399152
7097485
53869812
49228620
5590668
-30955788
31062934
-4974028
10456446
-16783104
69570640
-28092512
6387888
-7645821
6319876
-14285082
-3179008
16733974
60243568
965172
-12543279
6997890
3822810
998520
12179052
9774490
62317746
5946903
-1241877
-2094486
-10797640
20353461
-8765004
18829512
46520328
26394318
-13114290
42340389
-17749840
5626710
-1025076
-24574207
3038256
3293672
42505869
6543840
-19022091
10245480
65340846
-15422520
2766300
16097232
-58936902
46113023
-56566180
17326454
-32570925
77016453
57904032
-9960444
-16431158
-23490302
-2252709
-49079166
-29120481
-12439800
-23843826
-3349026
9450088
3901067
60960042
7983880
15494872
-64273558
-3037503
-48496704
92728660
-54376236
-50860082
16387720
77453334
-20603638
-50646596
-51347660
-2768912
14629681
-51688100
-11245051
-110667464
-43085146
-98841384
6653184
-12095921
-26987880
59275874
8455504
40672548
-93683610
-7517496
-33367468
-18493916
56757546
4993036
14867218
19438515
21866312
-4439076
52464742
-4817804
26156
59003850
-43584947
17591397
-9926962
6305160
40558773
16697886
-9110260
7847128
8366605
-7098641
-1317216
-28960548
10324920
2354762
-1578040
-18263364
54777915
1102680
6460509
-11847543
-12138048
-3143317
-37536390
32032880
-5485050
-9210048
4145422
25358704
-27437169
10906538
9801000
17747340
-2338026
25152270
17231816
-2880300
-13403978
-14671312
23142015
27077679
44866
65894651
61371845
-42854106
18017756
1542237
7266461
-24202807
-4631121
-35528073
-34280286
17434499
19104813
8191078
-14257506
4122860
10759426
-2796372
-46989802
-5562904
8551919
6634134
8416663
-69774507
-12188106
-4795920
9851536
2960376
-20513958
-24313604
6853518
8071572
14585633
16085408
1484956
15618296
-2161364
41062497
-3189844
24683390
-25662788
-10935360
-4512716
-48356998
52673906
-2491323
-32506941
-3196896
-8983791
11951648
-28710750
-4831060
-11309424
48028237
-14559912
-8799900
66544466
-32024058
-29520124
-6909348
2539784
-7899936
17928956
-66849084
-39856863
6727154
4446744
-4929072
-6740232
-93466494
39513868
75873372
-21313310
-11670633
7450822
-2036340
6426085
-9276475
2344174
6711341
-10091532
-11608450
-5257749
51079577
-8019098
34471819
-64031526
79118280
22546298
25102120
8207189
31850372
-10335570
29156619
1727814
12640485
34311186
9630716
-14586036
10122314
-107435490
-14287776
40972652
-14716767
-3033552
-8421720
25425360
-94074163
7527941
22381450
-2604255
-33212391
27684870
41982552
56575926
33561532
-22727572
-13649041
14780535
11386740
-22644600
10469094
30379086
-11202428
7628977
-14214045
-38139210
4489864
-46610770
8002180
-14676168
-10951248
-20779335
-7262412
11562076
2399700
38471840
-11868158
9746310
6998856
20886269
-65710606
-66942348
45845448
-7175234
25655157
-52995060
-43355173
-26164422
59566896
-4895086
-1451764
-2136636
-12013206
15038248
14786740
-5723142
46289658
97302936
1694932
-30444732
13268954
-30752213
17363395
-33443620
57760680
-3459976
91851483
24538952
15803592
63820040
20421534
-7165071
4279260
-29388543
22436528
-54266478
8944519
10064466
-25658859
-26027624
-12366690
-13835211
47474225
57957504
22861290
18957742
-3656350
43423452
60883425
-34109435
38307244
-26170480
59126646
20780187
-5206398
61568716
5638460
-16885368
276310
45585344
16102215
3331638
-6405112
-1897091
17788420
29903030
8822854
-1242454
5693898
-88457644
56492806
3317300
28950575
89689900
29884088
53425402
48527791
41525919
15027760
-16231062
-92753649
63575706
-22956746
5837246
16332552
16019050
-2917301
-59170578
-53572486
-55586404
36120248
-19437300
-17301106
-25590687
14486346
7295970
-11888730
34923192
-7989525
-112108421
-169197
8799174
16522937
-7932692
7793719
67142148
55759540
8151702
25180380
-13882796
9604192
43127657
-67521586
-10174078
-7071532
18616860
10982900
5888262
-41288824
33201180
-15984855
59926
50909564
3703191
40751534
11652438
-105921789
36145788
-8303031
-39485820
5949962
33895752
20817538
4464816
-10626518
-19459816
-41450
-23153475
-16674256
3680985
357696
22718745
5754496
-23696618
-10952139
-83172048
-6012981
40391041
26820720
-4446568
-15027206
795410
-60986640
-38448320
2210262
-34816366
-9346851
22246831
21909117
2715522
6184755
261530
10986044
804405
-22833327
24846088
7330904
-6157992
-44634650
97649112
24899895
-1693593
-6651184
5990924
-12128604
-51305501
-48148228
39139989
-50542712
-26819205
4077020
-37487368
8808610
-28601178
43296904
-57230472
-3358498
20168827
38614184
-22448047
5251782
-2213056
11186082
-29118529
20156592
63271301
15014333
-7137928
-11262719
-1239365
20308377
-250587
-63407814
57306432
52149108
-25192720
38564627
-2509222
8156053
8108107
87671563
-54866463
5060800
-15267182
-14896192
-10478741
35570206
9456269
29204617
4735739
-15726234
7285076
1634185
22369252
12165910
-3478921
-5514077
57717160
48483588
-56281959
-14424336
-8621226
106348005
2593176
29728348
-80161978
9792066
-6569418
48022640
77076837
46072988
-43162820
-3733200
116373016
-39296055
-9765082
-33941104
-54130276
-17073490
-16244490
60155230
-10950235
-12517622
-28362948
48404690
-31363990
-2908380
2253520
5268790
36093957
31194495
88305394
-11734430
27777966
-2403168
28307829
18799473
-87724221
-4326084
-62008364
-26319358
-2157596
35783576
64419992
-73369460
6981030
-39048485
5990568
-52484500
-7327168
-30102440
-2489604
1493190
39465783
-11080424
-948056
37137196
6394542
-2940171
-6998270
-8047148
7642776
-8678516
108309666
-37854080
-16913391
2524080
116369636
-48083922
-107687144
-10346619
13338668
-10029444
-5312034
191293136
-160494
6053738
-18467136
-23787958
16071102
-1543465
52989041
169284
-733938
52446513
21803940
30786156
-36833599
20949492
-13386609
-14191784
124433120
-4041780
-680808
57588205
3576520
77364648
11612360
-7545076
-39730857
1301051
-1352608
-1497688
-53368380
-35772026
-48002180
-48728164
13404057
-761906
35095917
-2627208
-12710490
25171530
-1541651
80213231
-8970625
-95204931
-4542040
-44105203
18198967
-10076894
38570693
19816136
-6657348
3005918
-6387198
-42956005
61905500
3640959
24441888
-6299856
48321546
35339377
-10094700
-14119952
-10013108
-1687420
43410868
-43972215
-16202613
10730012
660340
24403636
-2976685
-4393126
-14378632
-8306127
14736546
-6394274
25344384
-14058850
16104645
34212750
14853024
55224790
25132044
15820117
-9149712
-43417065
12906796
-43900748
19705836
54008652
-32066669
-10271664
4104923
6267443
-15992340
21572479
-18032072
-15434992
-52544588
-1369888
4647230
-17805768
58510632
-4722634
104876088
-58704536
-19352278
-691181
10377725
-11911988
-33321720
-90618057
-6848042
33666972
-10366606
11563370
-19758278
-3439071
-14132963
-14694996
-78097251
24986682
-51071396
68258712
-35102792
40766134
20352200
952866
3172260
24931501
21004693
-35012014
-9102132
-22151487
33141762
-7851198
56329977
-16960572
1435495
5225964
-3746586
-26397296
-25522574
16482503
-301519
3914771
17058
-9677577
-4155970
66166461
9043442
8917517
21614124
-18083118
22326792
-9703992
69477669
-2596777
-7084368
-27095432
-29995877
-54237420
9425812
-27845019
15473900
41328526
35283946
-38081024
-29124876
-2781764
4291273
-44657935
30324546
86850972
6120800
62762760
-19350765
41624836
-28506855
7612788
-21375352
-23076776
-13409277
-22576982
25614090
-32703445
-57426960
-1069085
-32324281
-25963782
-23766678
10660230
54455844
8542608
-7832525
6136608
-26817612
100352691
6177472
-27483844
-13580728
804428
-4878170
-13207860
-13281916
14075245
2705824
38557964
-6242810
-4556544
13167056
-53245427
-599004
-9674564
3330050
10822398
4427226
-43175004
74409609
7999542
-6237078
282364
26162604
29366604
-65894010
-94652217
16409476
-11928514
54634536
61032608
-24977180
31646448
39947245
5951664
-17655065
-41593565
8840184
-20501825
2657448
22918001
-49523960
4399446
-26563948
43360560
-1382554
-11006928
9165492
-456390
-15723484
6105820
-51229716
-6301256
-13491148
-4507141
-11827434
-5365203
-17777176
33578660
4223892
-16265940
-34356009
-1674339
11192245
11313461
-13039539
116923
685265
8019625
-4221700
-53662752
-32233700
-27155011
-8118955
-95729067
18389871
-2374328
12714454
-37747876
1724822
15018552
3028354
-1001405
-8117000
4162914
22197250
6780591
20373728
1565988
-5392783
-9278554
16150163
-33015792
-20601468
20682772
5061181
16761566
-3913442
6102606
74617960
-18025875
6548676
-30795114
23347470
-15351404
-17444726
54336096
3469734
-61166474
39091839
-93008
-12519740
-59657854
-30847350
103287919
-40487995
-20225862
-10374728
-8998040
20775219
101855700
-46112054
70229690
-9123716
23265656
7585968
48810206
-13246048
4150562
-12857403
37322781
-31959080
-32068051
-42059846
-74833641
-17359620
-36963669
43382176
-60655172
50935368
-41731716
11738976
-7552868
7292831
76607896
-38558150
-1991616
11400870
83081548
8807448
4267438
-25335959
-11029620
8206104
887579
-32694086
45533724
-178502
-38668672
62159210
-37011862
23545277
70056891
-13458588
-23120670
-39442350
30838200
-22356080
2604966
-39737794
61991823
37445013
-61779150
-22334580
2495318
49740642
14692858
11482415
-1479078
5075258
-4688414
-2591026
-13367169
33321392
-4731852
30971052
55228344
71708784
3901896
3923504
-16006344
16661766
8788734
20088992
66409338
-93361334
-35282404
44407232
-60049168
-27133682
1903724
27794190
-12601680
-26160590
-18174028
-4259544
-2473841
-18931310
18949356
-15073296
22437134
62752556
10210184
6134862
40822493
30913482
-6932976
14849912
77091557
19729166
-24762820
-21224432
1581956
-29752575
-19489650
17323244
110780674
25086756
48459154
16307436
-43743934
-34128102
69116546
93579912
8794728
42849108
8122404
-1878120
-50438121
6932133
-53874513
724464
-26676954
4502680
-7848780
-30494231
51647125
43298322
20977128
-19900136
-951884
7689000
57331993
-71879203
-41164272
25638424
24994349
-29578792
-23259360
80543145
-10752976
-4816676
59214594
-4745006
-14222754
10185440
3522722
-9587876
-10687840
25728396
-6398680
46189180
-14828544
-9759790
6611249
12237290
18987971
-1389672
-25148091
7922101
-14178922
7036638
-14517295
-29683076
-1933848
23086590
-46941576
58632908
-45028813
46596652
1922856
19843994
33558816
48207408
-24164488
92885857
43312294
12793390
26061830
-70150503
-58761046
-13765372
-29155263
-17978395
28714014
20829480
47425252
-29380976
-31622910
2486172
3295279
-7039329
-15265182
20507943
6465804
6116230
5453640
-25423524
17054140
-2466874
25202628
1664330
20181534
-37639341
7590258
-5183691
-88508
5625116
-3145250
69404060
1789604
51334697
49775745
12331044
4894490
-4144830
-46631190
34278194
-92774009
-36981782
-14394644
-33721756
3092209
49732271
19633996
-45043950
13500884
1841774
-11004543
-14247557
58112946
-7366216
12179586
-67462930
-13483118
-62866719
-13759828
-7591516
9741411
-4719911
137663227
72587668
-25063142
-28053378
36666080
-17450361
15735869
37064195
77454572
-5872922
-22308342
-39582516
-10827215
-12121704
35733523
29813445
51719800
8038762
-46830264
1904326
32058087
-28508234
-51115893
35642056
27807638
-29819598
1839108
53302362
24419689
30335217
47644880
-104104279
-889477
7726232
-71668149
-109880
-21041486
3332898
15503240
1142469
-16633438
19739463
19689752
-43491404
-1596268
-13461454
6887541
465513
-5592598
-3444537
22111314
-2843468
34748712
-12715638
-12067443
-30231687
41253120
-32454
-37212462
13297224
19917090
35940031
16077222
-19782568
-28735070
47265592
12099144
10240790
-11010254
-27531068
1534175
-35778500
7465835
-4804956
-2670205
4969368
-417856
1877524
-41718206
-365022
14737849
-490766
-28382400
-31459088
973072
-16690794
-1300376
27911616
-79569784
-93620646
-30095184
-23934592
5741098
367959
-53700480
-94268487
47198903
-13135995
-2605454
37840014
-26851692
-384640
-28915541
13049593
-9442260
50678585
-28113330
8542608
5824272
10013058
5776684
-6215816
-46003670
-20418066
23485778
44593276
-96975445
-13605177
-1047794
-12039000
8748752
31488943
-1208972
82185033
-35329138
26712390
37408912
19025018
-31245820
-25440867
-23344734
-56014870
-10778388
40675146
78540192
-2191795
12971657
17115951
-102593142
31353586
-34276032
3806856
-11610808
-19153567
18066708
66134376
-12417562
-51519096
-8235144
962207
15004734
42294120
52945064
-61358455
-7553857
-30099534
-5221183
42579328
27320832
-46428585
-53237498
22432499
-11569518
23081107
-48373400
4940264
4126032
-17414160
-5891310
-6494697
14307216
51485640
9670440
-24877844
11034301
-19285170
-12892715
-24437923
14748608
66694309
-55328546
5019173
85319209
-15254780
-9227832
-8870304
1417508
-36057465
14483898
105402996
-9416419
-14128057
7416096
4630260
24607998
40717762
3817648
-6167765
9440304
8346744
-26783309
122393208
-5756296
69907696
-19617398
20176896
37717824
11186212
-27429137
50813802
55586742
-3482050
-11318816
35086560
-50800492
-59999652
-11688314
-32550865
-27992335
10655904
-17030052
-30060564
92027656
-42593395
41754810
-2775600
2939050
38819859
-34652184
23993046
46611991
31401528
-259176
20729302
19203015
3043564
86764176
-48104446
-7724610
16969964
14149146
23529120
17149851
-1333350
-37264460
-31394496
8173740
-5407478
-8174480
-89696544
-72782927
-21051750
184157
23931320
9949480
8730290
-13655466
45689137
64493076
-29765324
3800032
-3440558
3792660
-10639514
10102773
-19385684
90004371
16105608
36018760
-4062430
11342696
-26338367
15948424
-20180820
14516715
39435136
5944456
45805512
16940354
-7897374
9257428
-5629069
-6168191
-23367013
-20717004
75778506
10287936
47907680
29460
19223789
-28606482
35288109
-16362604
-38562360
77148878
11571424
79880982
114815349
11117238
-35374236
33471904
3491651
-29584864
1633324
-8064482
5463579
-63341658
-29240027
-17505376
4764664
-7052200
858860
162814
34738358
10757430
-1756098
-14639720
-37765386
-9828924
24364950
-489341
-15186115
-53992179
-2398200
20591802
15230358
109519814
21074157
50548680
1691460
-17269176
-64238538
39083251
54920574
5077203
-36652342
9703240
94243988
16636812
2510926
47791780
-19198711
19047590
-26551398
47967508
79839184
-20739267
18947864
20304785
2653560
7278800
4829700
43461391
-65127084
-34247785
-41823198
-1886156
-29352486
11310326
7291686
69656928
490520
-44311550
26391248
31861392
44624352
-3573340
13215600
-35018816
-20273627
-2855444
-45600800
-71247644
-34480442
10437262
-13012662
-30526948
21331044
-19874704
2348000
8301664
7841928
28090940
-79293424
-7221180
22305167
23370968
-72212269
-16964400
49789315
-2589248
67491486
-9576616
-20560254
9427700
809382
-85375777
28615902
78118230
17336841
37789806
-9421693
-17753820
82608479
25191009
-50103372
8119575
-4965150
32047420
-29596119
25459668
-62007523
-2089072
2289474
18591540
-132024166
-1647750
-45491264
-10556724
9463263
-80566951
52336740
80179568
21536676
-34270788
-29462784
39461969
54297780
-50956816
15007800
-41149212
-41559327
-17504762
11887638
-44467768
-45311016
-59803740
-49964916
42019632
32551158
-21824568
-23509252
-3558484
3324194
-58107276
-1924269
23149896
-34598913
-17764672
-2459276
13293472
-8097525
7425516
-11950558
-10859309
-67774520
7022340
19891476
-23365200
-12837324
963296
-1612844
-4586127
-2833225
22832534
69016344
16205401
4542866
5816992
-23742256
-40375812
24648165
-23112951
-12848246
98761762
83958770
7847796
-51375664
6584288
725996
-30952708
-83252463
-20639661
5822682
-15862304
-7886400
-39440284
-47478392
-1714316
94095425
9346030
10453981
-54345046
-8464360
-27477800
-22428156
-23642030
-20690815
56010432
-60455094
20930768
-13387800
-26134324
7500815
8325598
14268684
48312740
-8949735
-5161008
-19212710
-74161175
-12316259
-28004518
55920640
-822510
106138252
-4490916
38357065
-43271034
-31011340
-47112384
-5085384
-1147094
-1967914
69282110
13169370
85942059
-24010408
-3405324
38896404
-13100669
-1379187
-72000110
18560775
-20365352
-1061473
10745293
-29749001
44840477
98776899
20410312
-17889627
5614054
77060554
-32902100
-34385144
51292923
1906904
-52436904
11228546
-14258445
-41801460
-12226030
-69790899
12513330
61049694
-14587014
63261350
11934960
-60334949
2640260
-27855630
-107671113
-40371006
31670280
15694148
27241533
50606880
-36155460
-106075059
27467448
-2245080
-21277230
-47916006
54645573
-36719808
26995314
-2885328
-365256
-55586457
25656780
-75372306
18497178
-75234582
2238640
-2601570
-22774842
88509508
-31563330
19835470
44191854
2267688
-83690638
2805944
-10936028
-5433868
-57698656
-5377950
8680384
89665358
61808901
10140599
15698966
17667072
-6909055
25911416
-34946584
-7976940
4224047
-15140436
83747230
-29335217
-26527320
24456534
12116841
-4371410
-19278124
-11429526
40125624
52937220
91316907
-3742755
-11092706
4811066
-8732850
8598953
1853685
41293148
10051550
-4363464
3690825
25781448
11951891
22226105
57536876
-781076
15698601
8459388
26583840
-19272907
5083505
54099355
-12859964
14320612
-11406879
6548352
-19544276
6972630
19967271
4332548
26608650
70182990
922296
20065312
-14602806
33307296
13054706
26355735
-15930046
-270264
-20237800
-15380274
63005088
-10987512
-14355935
36443526
756301
51866897
-1827120
-54438378
-5394865
267868
44662136
5993592
25721149
-43998000
-10797270
-36032873
26830224
-15213460
5328080
82912
57173148
-83445690
12888396
8031056
6749223
2094452
-18719166
-54186780
14700222
19918520
27398862
-85370261
-25800996
-17862298
-31073700
-11192806
-76582116
6677468
-69100304
66551243
-13494657
-10213389
19793956
-47061030
-3774720
-20574021
3177979
6897074
4770636
-11541660
22817982
-43997352
-4673010
52511243
30573474
4306160
28115235
-23503575
-56263698
-31886130
-83140488
23221530
313915
4440492
-38695675
12081110
65348262
-53069109
56682612
-14529119
17243011
-88006509
16745992
-13039947
-36665354
-7838020
16674000
-23907627
59629092
-263010
-104396664
-11641625
-13155350
23094480
-35853155
11449698
-13626677
4932035
14742449
-49622026
-45913064
-24035068
25679700
-12986307
-39570296
-18057534
-10318344
58201528
61364282
45061404
4801530
-27523990
-11133477
-24289420
13516108
-62910142
-43951196
-24961875
-76681252
-5181138
94203554
5340044
14711252
-39787161
-15365430
15836926
2808236
89351
40628288
10103602
26847087
-13402780
5314296
1900548
-40947507
-21744272
18440780
1655330
-61370785
24363614
8533056
8790909
-2058240
21620024
-19119762
-9183489
-16162162
-15537228
-1300166
-47773524
7971407
15619829
-9977230
59187044
-3775486
95097947
11031900
-33809014
33129659
-13249807
-31615270
12191388
11500942
-19276362
-84963298
-25432447
-83479253
4955269
21814608
-42530936
3295962
-3945178
-25320912
22039693
46700202
3095666
8005704
13201840
-16556116
53783976
54896360
-5549876
10059818
9963303
15354868
23214122
19054524
59495070
-31265284
-858178
-21527199
1710612
96084967
11026596
-1144576
24802530
-4705284
-36344544
-33213996
-17954892
3258298
79426932
-16333092
42937844
46696604
7903886
-36238194
18608375
-14000761
10017728
-25957404
4570854
-71916802
-5160697
4057266
-33205341
-446306
18053076
-72853787
5602745
-2520336
-98973994
-35010633
-20200077
-1958132
32139782
-17370210
-33752376
-117503776
15807841
-25458616
14287468
19672745
-10474266
-24353670
30948716
-826867
-10201949
19849319
-84042445
7865316
37349864
4992403
29776191
17419584
-28763341
121773028
-12239729
16667010
-10051550
21129215
57545126
-4134627
-29616632
-23816578
23731545
-42472122
2820646
-12423968
-14438466
15910328
-29442795
21526471
12512105
18376842
-4278053
11456193
67229666
-14686654
6389982
-331090
-36246508
-33241477
-8989640
19452365
40583624
24091866
-2747248
19640896
-13850812
8368916
22373029
9557604
32630595
52349332
16060430
49083752
5632593
50386644
16005258
28019347
-6976232
-13451466
-99884398
-20499861
-4331247
4947860
20212873
-75722283
-2233160
-49230210
-21194240
-17357731
18473564
38303714
47504822
-9981402
119741384
-14222224
45204908
-51458134
48159952
-25310238
-13710948
14929363
34885452
50241257
14901989
-18538616
-5481838
8786910
18633696
-23484288
6314672
-26626182
2277694
-20389796
-1774498
112386672
20960604
-30770734
63343638
-67217262
-2918572
-32736904
62144064
-65612322
121684510
96939004
39448126
-39037144
20566584
29468880
-44307571
77976046
-45180930
-22522552
4609417
41572836
-1868672
-77089284
25414872
-43192852
9014753
-36677352
-3340956
17061352
19529092
17474226
-5328448
-59360550
-49472385
-15882274
-21001298
1638606
-9814564
3163940
-26900605
-10448608
112200017
22011119
-4637802
-8122820
12927821
36415012
-1662621
-35614068
-3838412
9152946
11395764
11239758
-12599160
-48882072
-8383992
49279902
17858778
-20569892
33283212
-1911196
54305812
15863132
58937442
-16569550
2253981
7512992
17675910
-996524
-10588793
-6664194
1064832
67834842
636637
2198680
31288920
13583464
-8229192
3240800
-39954336
-25292631
-21397968
-17880992
2168081
26289030
7649824
-6219416
-8017262
6787662
15961053
5816976
17346468
-40568188
33437245
-28597450
-43394878
-32740041
-24831191
-8513706
-61435330
-54963474
-27128340
-37503600
-19766322
34246045
37008175
-60290114
65889850
11153128
79895336
-51508408
2350055
776910
9788730
6947636
-8280888
94664548
-735845
-217765
6170745
73580592
-21194522
674864
-28907580
-20155764
75632030
11352952
64461174
-23616978
-11072106
-7663796
13018332
-62041360
2476179
29922486
1868538
-38153771
1262144
86471464
13995723
28245080
15150561
-38113262
2935460
11630444
35421390
81853800
-61484144
-17430920
-3325554
-1346616
-1047588
23260950
13323039
-23795914
14886488
-3374900
-6061926
-17646173
26663420
41390668
58050502
-2441880
-33721944
5374545
-9577035
-29090874
-41186274
-42174210
18991700
45746760
-6563565
-6914154
-1404118
37898577
-2522754
43252660
14462952
-130827
-10735593
5303026
82973029
-50048724
41635604
29539652
1281452
28632252
1450888
-101028237
57165622
-48224906
-45174590
1018534
11155776
14594118
3018452
10419180
-27644282
13748583
-11348070
-51379188
-14837056
10421727
4060544
22282191
15252943
75778912
-11721494
-29631892
-21359879
70720110
-7827445
-9311876
79114140
-12165417
11825868
-33871732
383334
15207936
-11349607
26141706
1262808
-22154454
38868547
34991814
729091
1146232
-43037434
-13852694
-42791766
17190041
-21638411
-45515650
38472669
-25864718
-1294130
66517486
-15875944
-11710361
14394210
66511651
-27534828
9628574
-13308202
65992458
22694109
1355768
-10575443
18459795
109713884
-2599777
-25343546
-19224830
-5537628
17107500
-5525339
93042742
12894876
-197878
763316
9837900
12850020
-3000213
20610
1436987
35212663
-89626518
4755684
-42356998
3836958
35940580
894749
-34570188
63656510
13255838
3245754
37026818
32061892
16227825
5548332
-25529456
-29905150
-12164284
23872931
15970004
-20157431
17950612
39985626
4709690
-44833702
26406200
17141433
28124926
183974
61867086
13142758
34152990
-2080248
-34022486
-6609396
53028360
-99562485
-48103875
-31547123
12916890
-28104008
9875948
-27613773
24883629
-25957695
-99096105
-18896870
12064723
73422624
1739734
-120116982
16286895
108234488
-31445123
-35865519
37706859
-19991377
4860592
-39492750
-83430972
53636809
-13240854
4377621
64136488
12503436
-21804912
-21751644
8351022
38249482
10063984
30264458
54079132
-5943188
-157619628
-8157280
-28011835
-1389960
-13412283
6163107
9329590
1823515
9949286
5832405
-1167084
-33200448
-6098272
-19968314
-15829420
-7971930
-9484341
11967250
-9415768
3320616
-9032124
-16105464
23968341
19897087
26145340
-60313182
-9093804
-20905623
5219334
-26072838
-54178664
-19931262
18924490
-35067822
8229975
-2553120
-50158556
37430316
28758826
-1774528
61291916
-38354630
26696226
6787070
-52487218
11529153
-257836
-59290736
-9563794
2226414
12980110
14271954
-7378989
-43098156
-10417884
-38111733
14542173
33791576
-24824859
12423256
33876772
26295468
8575279
43288363
-47321382
103187976
-6681482
11535498
17539453
-8777709
-54976564
-621372
-6915662
-13364460
-3060796
-72716046
-39784448
-14143214
-1308900
13805126
8873080
-77268504
-104523632
-13778912
18694440
-15714776
-23440665
-66233514
-37892339
-62099646
12011272
-2568546
8566672
-29509336
32029554
7954886
77622464
10364280
13373289
70931510
-11017225
33080600
-2699639
-34636870
-25693680
40862816
4934400
654382
-32402474
-7347735
12492800
61012312
39409846
-43810191
24856924
11840232
-25939889
-133304836
-13654916
31361901
29202721
98120384
94441530
-678357
105098829
13515606
-13282879
18405471
48790378
41158890
-8444634
5054839
-9268782
-62420808
-11488911
-7149776
-19399278
39056245
27218206
-38024706
-5229319
-56002760
10994267
-21125547
31496304
-6174137
23584575
51898008
4175438
-28148295
-5459153
-411974
3279003
2804040
-59880134
22802412
3795578
28037709
13360814
-1810462
-24610682
-2566730
-12490790
-25114278
-5332887
-10854496
-14622539
-21726237
34888248
-72258375
3605154
-14053500
18969336
14999144
21927464
-43076295
20325915
-1454718
-54859645
-31199156
38848898
-2289953
-22157802
61843440
-18288354
-17230980
-1975597
-19680954
-4241062
6036618
8914240
56105028
-59659201
-3536120
30788619
-1393548
-55605360
30155824
23551278
-51952611
12232572
-65004624
6904573
-4546192
41970444
-20727
21437875
11147408
-4871718
-46243197
-52792192
-30408348
7861749
3166370
73099716
1745884
3185614
-10187162
-50550192
-10836399
47223953
-42412533
7872593
-19819517
-10988174
-31268700
28877022
29982711
-37548033
-10152174
37386544
-5669646
16185340
51864903
18481428
-57419872
25718312
5470635
-4245288
22016106
66698460
23464652
-32103916
-729952
37734165
-17040781
9104238
1907636
-26236612
10860168
-27974002
-39716236
2766867
-1829336
36962166
73014738
19882172
18429194
-12366892
-32345685
19472
-64375432
32408642
-1018872
14675220
-2755113
39594521
10291372
-21558936
-33680247
-37881975
19510968
-877473
38383479
-3956080
-19942238
25116803
-25656086
36941076
1332472
-9369197
281239
-13247332
-6871863
-21417602
-33994895
26123892
-83284173
29269625
-40945596
21935135
7862784
-7559883
54147914
130317606
32575242
-31111908
-27365712
5186776
-27149251
-3141804
-48623504
-21625692
518730
-8799090
-126970
-12541628
13749666
-57561075
2846236
2467957
10732448
3634863
-16577444
-2935884
46156986
-303400
31537079
-22138965
-34282383
-1407571
8703698
-6243899
-397719
-10205546
402060
42975372
-8219299
6719796
4421300
17430048
-89711323
42605310
5204766
13668479
-22624698
-3301866
14065776
44543504
7722711
-18483063
-9758290
32353000
-40160259
16050258
-7463022
8115391
-11032866
73098949
5339008
-17520937
21149463
77211476
-28545646
-17909128
10176067
-4962313
1090056
-3272750
-80051240
69004516
-3911063
63875038
-6220040
-29595813
2275940
-52883568
23401296
-26326166
-31498118
-23051540
-8199159
12551368
138404796
-43188738
2552226
-9487762
36873020
-5774628
1445148
-89502876
70605472
-45218694
82232524
1045716
-11677455
8572038
-19567758
-45162472
14726082
6437466
37352556
-32115810
-11825550
51964056
26768668
-49177079
-36793010
17594406
-25682886
-23597160
24539614
4203531
75268413
11984225
-40526178
40966109
33499192
-18740132
-10190012
31122866
-8043630
67578561
4282550
-41787680
-25794192
-3593358
19031070
46616870
-14796020
16535715
14323127
10794552
-5827754
-2435542
-27666265
80821876
-4824745
6455235
1220400
-17082718
47252872
50229872
-30342182
3279183
386616
-5276480
41621263
-27941488
22183925
-3681942
-8647440
943740
9322136
4913484
20726664
-13062025
-1469457
-2026692
8775944
21850443
-2990371
3883932
-579010
24067890
23437868
16324390
-4963280
-50206255
5369214
-7126280
-21480216
36954090
-3997205
-30058612
80189768
-24316276
93326950
18258444
78612655
25921680
-74817862
-39376670
-15983924
92812663
-43204
54087948
-25164200
46348180
28952493
8561270
-22414663
1775740
-7829470
13459925
-8523218
553700
36981066
-3859535
2883993
7072801
-5004394
-13356042
-5250388
30290500
24432296
21495936
10506319
-25459936
-35377818
35605622
-13444078
-54746965
47381136
60581552
-11477655
32076914
-22767184
74180638
-20184815
21013696
-26279764
29520315
28246632
-44168753
-36486841
22084752
6818166
33835547
-15860850
52061220
91718661
-9420228
-10055222
-4078335
-22513666
-26435760
-15802965
64815587
5435664
-35456532
19096375
17115682
21200648
5927988
24314292
-856816
-35502461
15698292
-21173882
3288528
-8169241
6930922
-3579586
34942919
3215431
52798299
-18008008
7118429
15952316
214686
-26139788
841536
41672347
-20742024
-27002206
37590454
11820248
16267958
-22641696
14566442
-10339920
-32353350
41787448
-8385160
-54780676
72636892
-868868
54703236
-43594444
14842812
-18127623
-50293511
16694332
-29768368
-8911152
-23152364
-3087278
20791476
13819500
-5107520
-11152917
-4922280
6113710
424560
-19572036
-40491642
-18798228
5731908
-9948423
48188695
67591772
-17356652
3244734
-4422176
-22652337
-15513575
78262820
34361752
14045928
28424142
207790
-31108358
20596197
7973380
26090162
-15179851
11103864
54701880
-29628478
30218400
-53789610
-12098292
-1882245
40887126
45071270
-9508044
-35883846
-7998228
34588141
-37674846
11924853
-6086240
3306846
17120010
46274912
61439829
-17822982
18599946
-13123773
-12826780
46935858
37353688
-2068734
-1467417
-21495221
-7573427
-30945429
-11405550
4723974
-11347371
7269842
38635131
-1744821
1524645
-23098395
-2629581
19039927
-85696928
23508645
4791680
14989882
-54590088
59860203
-32821116
-9464627
-11002315
4184678
29373722
18826498
-27348783
51185836
65544420
46836959
18630418
-29404548
-59070501
30585601
2944440
58440629
-25099350
36319389
154484
-31939362
-85759788
9337368
30013669
50750350
-9062613
48775704
-9474500
-889790
5333540
-18558616
64453354
52174442
-40257774
13860335
35598240
82518372
-14563599
90389994
-3725138
8993310
-1781367
-34397911
-23848944
43040110
-23483034
974734
-1933080
-2362092
36451809
-24887448
-12167631
-12477039
-60974022
-11094798
-41594604
-11028807
6188238
-89350330
-38865361
-55757772
19785310
41372206
-75845500
4385846
-97828331
-20512913
70766848
66206735
-27162592
-55627008
-27785108
-42025988
-6756313
-35019285
-9259098
-1951120
5604150
10029799
-21330086
-17667742
909829
14635792
3490110
85820130
-58342822
20837724
36658800
-17358920
-8763676
-11968390
-16334748
9637362
3587876
20672850
-16119742
8994820
3583320
-31871719
35571536
18435964
-57785583
27065408
-21530595
-84683313
-35044203
-41841624
1568218
-35883672
-9211914
41982951
20053398
-15599356
44228668
-16497894
-11446143
9425160
-12217995
28427868
-24537930
-93555384
68398100
-3295776
6920100
27788752
-418180
-13003766
7334499
45545700
9190780
-55540620
22238575
12739564
-11603962
48761528
-6804530
6777618
-30039255
42738429
20355520
-19082602
-35260749
-31382680
-19914138
13542760
5097788
-29815344
296300
30536298
3520300
-41926626
15644940
-3409684
26457564
-5226014
26238454
41865237
52801118
-6923364
20303638
-14048715
-4891762
-14608704
2253611
-20976860
14413356
-59724525
26494448
5221848
82593033
12195823
-20293445
-5268288
27113041
-30196226
-7956189
37915977
7106304
-47145481
-14262056
-18383120
-53120124
36467486
-26410347
6877768
18360986
38410054
20558435
-41223848
81994337
-10423972
-18958250
6025558
35720050
-6427864
-1131230
-13795842
35290870
-38853156
72941103
-29511358
-21026559
49335696
-8365851
47054433
-2037492
-66791046
-11278477
-16306570
-42016704
91945604
-1369632
-5728416
-5305848
-151320
13709301
-5614536
-89595977
42181915
-69232056
14027250
9785450
83629562
63934626
-10413408
-12913869
5622124
-13818408
-36311216
-128056213
-5094457
-59501949
10899552
-19793895
-12628932
5595200
25544409
8650200
35353179
-28075928
5380006
-16659184
-14618838
3357805
-8510390
17887827
-3092801
20726628
-5537952
42385604
31177340
-7594245
14410847
-50840414
-16542496
-813702
22202270
22977080
-50099413
-8797926
-103780613
-84396283
-1538502
-39488453
36158282
16624062
45819032
-27809197
-27049563
1539870
21926964
25953390
-13068948
-47760044
8748798
544052
-1662234
-36933220
16736684
-14035860
-1918500
-26923208
12199126
14844006
106538720
22553024
6638636
-5869167
-36675080
1517746
-7260134
-7408504
-17054886
29116048
25648476
68793393
59158675
-42227727
-46184094
-21800340
-19617003
-11818010
20607206
13004968
-43028996
25595036
27031952
53290848
35363216
27971080
65644408
12919376
-45963526
16785762
-9232918
-2552626
-64650064
-12033405
-24004708
64393493
25955980
31676116
7187080
14928788
5251335
82918310
9260278
-26419297
-59722236
33199530
-2785783
-23551587
-30814900
60305172
-21067794
2290168
-48727992
18648839
-52277852
7281374
84336134
-2389590
33561332
-13390112
42172785
87025463
12184416
-61231984
16904244
-11125026
-42623008
8442549
-96012887
23989119
-2601936
38162422
-16089678
-3748944
5922615
26911740
23415268
37812512
10054699
11906910
19594399
4851352
37134132
13161497
-65009792
3567885
-43622657
-15742024
-5550503
-9631166
-8439478
27197567
-19625315
5812990
-1128912
-263707
33201984
-9694962
2478375
39917236
-2818452
-39151436
-1003977
12305459
93710240
-13651398
66399870
-3405576
55408699
-26111492
-50809418
69099032
6490836
19932708
1622739
13396518
36759305
-53386329
-56318258
24752293
9587190
17166060
628040
1623909
-17148303
-7496301
7854012
-25433430
19700688
-4821887
57632569
40142479
-17839780
-33335066
9397805
38758896
3900132
-15084338
-53329060
-43176147
15837069
-7560730
42867594
-4574659
-67972355
91484155
28332020
58122163
7617452
-28143924
-15188190
48483833
15065890
-9902908
-38694176
-79356280
-56034852
2740165
-20913098
-8018000
26378330
34666432
-7143654
-6072528
-54662308
-6031606
41853960
-40997112
-8313286
23618748
15857456
-26054106
5181090
-33603092
-10207842
1529698
10224735
-15095451
-27730272
-13070419
4041590
29998140
-5903214
-2695909
23612637
53325942
5007166
35175560
-52771310
3886890
-18500468
10737095
-7721208
-26079839
26254332
31287323
2695938
-7148566
260908
3754230
36955437
-38076808
2080586
3063370
33286101
3056566
9325754
17021484
-24095675
56922326
-12690530
-96908148
1376556
-14287544
-26461596
13693153
46404760
66252711
26430422
50082112
-44956002
3910729
-78642330
42965080
3237366
86401788
75151360
-30225837
-2533593
49925115
140593440
-21445408
-36496560
25813760
36480896
15780677
-9358017
30568137
34462208
62037824
-33179025
-32336962
13910265
1281252
-23610409
27741084
47510841
6800422
-20293278
4814733
-7276424
10851716
-775890
95473056
-9592500
32152392
-6314487
-16942914
-6452212
1964700
-23062346
8659944
-13400502
7428514
5960414
-25072356
-17936640
-54192332
3247158
49752896
52858715
-71732751
16300620
13005411
24910470
38814336
52500192
20430547
-432864
-6833632
-29585586
5092032
6863146
-14497584
10885365
3220588
-13665028
8116870
62710164
4009214
52391048
-3112592
-5147772
-20283144
32257083
14599572
-217884
-11409510
38920800
-13621959
3679284
1582482
1864190
12144696
21556416
118972152
-46333704
25325952
-4864050
2014522
7460112
20205367
-65141680
-20751938
49968859
-14616570
41874503
-7865982
-2646802
-10256078
2178435
-18490020
6747480
-46652774
24221040
-14929580
-34903948
83211620
23350354
3113650
-56247440
47665504
12468038
80118552
-51090410
-53777195
-672511
35360440
-36984216
-34971976
26708190
11174031
-20573206
171276
-53800182
28923976
29585478
-37173328
-22570308
63533474
26559426
21426276
-30997004
-1890820
4126650
-31129740
136441118
29978510
5636904
-37964
-706858
19921249
22609212
48710764
3217324
-52920826
1772310
-9849686
47819339
-69446010
43851102
-19836392
-51046182
-7138649
-22986012
-139303686
48700988
-27587828
36677793
-87880456
-47879575
29140466
-37713908
18229947
27072084
9516445
-11520134
65022561
-5401878
-10635297
27384181
-302692
3218544
89631528
3208702
-27867573
63813265
27551356
-41262358
-12937384
-3103743
14935506
27536461
-30593990
-6835083
-88515042
37922730
30446569
-22645455
21571449
21293815
4163360
-120414051
20363320
6799607
3090692
7301861
61424451
-875781
11985498
-10240640
-4447137
5160712
-58956737
-11585964
15815712
6013148
-11083644
2149416
-6656088
-47796652
17653564
-53754144
-541319
-22180608
-7486928
22204564
22407268
5969030
12783582
-4139771
5581992
-8955339
-12208665
18677876
-6461496
-18168934
-4544116
8721910
11506286
-24684387
14530048
-30645062
-27508052
-7629940
3527176
-31821317
-5369439
17755868
-74849885
-8320858
4946622
14981901
-20136907
9815388
-20233983
28012194
-11855556
-3372268
13206228
-52215280
12509768
5191557
-20703188
7365832
-445294
-14143640
-20748236
-69810115
12762858
60416820
56086373
-16979002
23840260
42858244
33234189
-6324681
27709795
-12201366
12458140
39514839
-15128532
5026752
-28824559
-80028337
118914552
3465549
-3624755
29720004
24360225
-39269186
43288560
21216530
-41223715
20073771
6863913
9891357
-13270479
11363466
38377640
39697146
6262120
4927070
12070134
39333008
-961992
-97484964
-6976398
-1053328
49279428
33944544
2072732
25557480
-8781318
11795608
56630436
-32868398
-17112624
-43609571
-69165228
-15635026
-3368260
14868560
1601703
-56882608
-87818710
9791708
64635315
23881249
-26056600
-46050986
-7874032
-43763055
13138918
12017098
-13071060
20772846
49326178
27770368
-22426643
60473759
8243244
31313464
-33282328
61703381
-2616191
-114514674
-2320776
3240091
-18687956
-20336596
-14715188
-442436
14379848
-19891292
74489849
37747998
-54975312
-79944901
49439026
7249042
-40537934
-87845783
31670539
28647360
53730848
10062470
29656292
38999482
6707851
-15023362
-29429406
54181374
26806760
-5853200
26683532
3234436
-30397616
17632944
-33727710
11374900
74401858
1355424
21480240
85076354
-40312038
101567742
51353540
29167520
-27954668
45987558
18956501
31260402
54414250
38274036
12660792
28488208
-118220553
-8512764
-6057756
7774893
-20509446
-77245043
-69554738
-7118127
36002979
38988410
-12318212
-16723353
27735534
87279117
-154880
-11997855
-43214136
-13231772
-123252
-698872
-2866296
11177162
-1207199
17380766
10310568
1095984
27252705
-49629880
-9508992
43017451
13401882
1319451
-6246656
-9173232
55452206
4149705
37282267
-33952503
33936738
22093154
10929300
101415
-4769426
-90426893
-4588911
834309
-8105000
-10243582
25390567
25345240
19292424
20465510
9897374
2594262
-38976609
-35190437
19078656
61820360
28806897
-56059785
-25505614
5784200
8688427
-77257793
-47269468
-56403666
-92988872
-15541145
3590110
101419222
5055836
15511150
-2404840
-38051168
60602742
86443520
13979466
63397360
34654268
40264165
-15189817
26829870
-127995747
-26197912
84827498
18873000
-16931935
18927451
8071584
28367404
-14204664
-39669151
30388584
584292
2242782
51366543
-16894233
2641624
-7729774
8155002
33943196
12205676
186648
15445189
-14893883
-5353462
-2054382
-35460367
-12984954
10769115
-95410117
-20579726
-44557582
12475390
-420813
-18324548
6580294
-158068574
-38464845
-8959085
-8091809
31087359
-15973251
39693244
-14860558
34718412
10217046
14094329
9083954
-6269437
-39510040
-56188896
7125718
-37648504
-3528124
-17994020
16097346
10789938
-25636086
3020156
-11894636
-3314359
-10254729
49076479
2966808
-28441791
-13657651
56794030
-12470712
21996301
-27308435
-15144360
-17536025
-5774080
-3836144
-7781284
-3473552
71329056
57439620
-8426191
23710330
-3050688
21565005
-22608832
-25594827
-33058188
-6943480
-60405020
-29629275
-35941424
-23122744
-7900815
926690
-11878170
82684996
-18107347
-61589580
39463342
-12269282
4512735
-55225204
-40104231
25393423
8382470
2688758
25929088
13065502
-14597377
-31136368
-2809944
-2603573
-5955014
15321753
-6233379
-32971654
-64432780
9254720
-16103781
-9690396
-1476555
-41307232
30523245
54815292
-31047732
-2416527
20075554
-21043156
19629330
40177651
45970439
16182432
59488686
-21049910
8871823
-40141758
1347174
-9821652
-103950409
41672760
15856120
-7133558
9942302
63612788
-35339197
-19198893
-11348790
4585620
-8346632
-40732316
4908684
1923264
-1620240
30161808
4689672
22980738
3653536
-50771062
-56112497
-5269626
-42428472
-20188233
8151054
-32211649
-32430176
98059808
13294640
65594410
20681304
-3606050
-38493198
15223028
-75515640
4528216
24803820
-35652548
-7043311
-24183252
26013774
29147310
-24382119
-13145720
-6929898
-7627025
-82892928
13162308
9652627
19435104
31127264
-15730479
-3388928
-32991776
-2072362
-72999487
7719286
8890925
-14544192
7034764
10851412
-22017111
10549721
6629653
-26378413
5676935
-25001217
16275853
10037648
-25762526
-11223972
-6643085
-10663660
14003920
72598725
-31960983
-42362964
-16700
45753394
-11977948
55879022
-14168020
32398654
36922212
8014074
18602048
13540608
108915208
75898336
62086613
-48427036
14316284
13123797
33863679
-54264474
12334422
46299922
-82584030
-39209296
-24498820
-74954874
44550729
-5934780
2610823
20691622
8673846
23890792
17489016
-1003437
24276548
6474688
-27845620
109790625
9115130
57678516
-11011228
-15776520
77718038
-12095588
9010103
-7327480
-10316904
-33490312
15864780
-2931712
13393925
8173352
15762888
-8323072
-42682826
-9310830
-10674572
-4583353
-14836918
12786874
1380904
2789492
-13512303
-16335687
46186509
-22575763
30599315
28570376
-5650910
16074444
-6311344
49976364
56482961
84449667
33988430
-35994672
37053210
-84453224
-8923443
-42727600
-9168429
-41868906
64295058
24348834
33444527
-26658404
1265400
-8259507
10623540
-11207554
11674368
80125662
-30396923
-36935715
-61900897
20876850
-20012544
-1150799
75883134
-2653322
-42992123
32015630
-9278802
17633331
6607008
35402862
-45414488
7269255
19617248
-14732424
-12506986
15447562
-18306303
-11050870
3713704
-60205454
1591950
37598840
10866732
-13035132
-13691134
-22640627
-43822260
4890618
14017200
-8940954
131428644
-23597333
4952002
1698810
-57827
-1014945
2732352
-37079180
-51690108
-276336
