20000 20000 39993
0 0 935
0 7 58
1 1 613
1 8 479
2 2 428
2 9 309
3 3 968
3 10 -698
4 4 113
4 11 227
5 5 437
5 12 715
6 6 158
6 13 -77
7 7 446
7 14 245
8 8 -945
8 15 9
9 9 -742
9 16 322
10 10 -998
10 17 754
11 11 -549
11 18 -787
12 12 344
12 19 -328
13 13 679
13 20 318
14 14 851
14 21 -182
15 15 868
15 22 155
16 16 -278
16 23 -29
17 17 415
17 24 168
18 18 -586
18 25 2
19 19 -249
19 26 243
20 20 -895
20 27 -191
21 21 394
21 28 105
22 22 673
22 29 124
23 23 393
23 30 70
24 24 973
24 31 -348
25 25 937
25 32 -633
26 26 859
26 33 110
27 27 -100
27 34 493
28 28 776
28 35 -392
29 29 340
29 36 -334
30 30 -46
30 37 -987
31 31 89
31 38 666
32 32 -336
32 39 -749
33 33 -533
33 40 776
34 34 617
34 41 400
35 35 -327
35 42 623
36 36 297
36 43 -451
37 37 542
37 44 243
38 38 395
38 45 472
39 39 -952
39 46 -788
40 40 -197
40 47 -18
41 41 114
41 48 887
42 42 -281
42 49 -247
43 43 259
43 50 981
44 44 855
44 51 197
45 45 429
45 52 369
46 46 -979
46 53 336
47 47 30
47 54 884
48 48 -530
48 55 -243
49 49 669
49 56 -928
50 50 811
50 57 302
51 51 -341
51 58 119
52 52 952
52 59 -42
53 53 261
53 60 133
54 54 -697
54 61 -833
55 55 767
55 62 381
56 56 -794
56 63 -472
57 57 486
57 64 -69
58 58 -906
58 65 141
59 59 180
59 66 454
60 60 841
60 67 331
61 61 -320
61 68 -737
62 62 -448
62 69 491
63 63 -134
63 70 468
64 64 -45
64 71 29
65 65 241
65 72 -900
66 66 430
66 73 -986
67 67 -702
67 74 196
68 68 -882
68 75 -16
69 69 -744
69 76 -24
70 70 775
70 77 -504
71 71 991
71 78 -104
72 72 -218
72 79 -307
73 73 524
73 80 582
74 74 496
74 81 473
75 75 -315
75 82 427
76 76 -859
76 83 -195
77 77 -572
77 84 -697
78 78 754
78 85 -431
79 79 -86
79 86 704
80 80 511
80 87 -686
81 81 211
81 88 -475
82 82 -9
82 89 -331
83 83 374
83 90 -918
84 84 531
84 91 -48
85 85 -674
85 92 361
86 86 26
86 93 588
87 87 513
87 94 524
88 88 366
88 95 90
89 89 -558
89 96 290
90 90 278
90 97 -746
91 91 472
91 98 185
92 92 -668
92 99 310
93 93 -624
93 100 -863
94 94 244
94 101 -43
95 95 528
95 102 448
96 96 32
96 103 -520
97 97 -116
97 104 -969
98 98 815
98 105 -194
99 99 329
99 106 -516
100 100 300
100 107 412
101 101 531
101 108 68
102 102 -898
102 109 -960
103 103 474
103 110 171
104 104 260
104 111 -762
105 105 -344
105 112 984
106 106 687
106 113 -632
107 107 405
107 114 -895
108 108 503
108 115 -659
109 109 935
109 116 485
110 110 274
110 117 -96
111 111 842
111 118 -294
112 112 -551
112 119 -612
113 113 -179
113 120 -9
114 114 -7
114 121 -887
115 115 -164
115 122 -611
116 116 -564
116 123 669
117 117 -777
117 124 -550
118 118 278
118 125 283
119 119 854
119 126 -486
120 120 -155
120 127 -166
121 121 35
121 128 -44
122 122 516
122 129 660
123 123 -445
123 130 866
124 124 -442
124 131 -803
125 125 -604
125 132 213
126 126 -744
126 133 280
127 127 923
127 134 -694
128 128 -584
128 135 647
129 129 -999
129 136 -617
130 130 -137
130 137 -735
131 131 312
131 138 -7
132 132 494
132 139 -585
133 133 319
133 140 553
134 134 -881
134 141 -774
135 135 639
135 142 -831
136 136 -653
136 143 -534
137 137 912
137 144 40
138 138 217
138 145 -566
139 139 -274
139 146 -871
140 140 -224
140 147 409
141 141 -705
141 148 -877
142 142 744
142 149 766
143 143 82
143 150 460
144 144 946
144 151 106
145 145 100
145 152 410
146 146 -316
146 153 -72
147 147 -560
147 154 -130
148 148 300
148 155 -68
149 149 660
149 156 -586
150 150 148
150 157 -275
151 151 566
151 158 -356
152 152 -319
152 159 429
153 153 202
153 160 241
154 154 -884
154 161 -509
155 155 -688
155 162 -942
156 156 269
156 163 -541
157 157 397
157 164 531
158 158 -764
158 165 -97
159 159 -859
159 166 521
160 160 702
160 167 649
161 161 312
161 168 -547
162 162 900
162 169 -721
163 163 919
163 170 846
164 164 686
164 171 422
165 165 991
165 172 357
166 166 -383
166 173 -293
167 167 649
167 174 399
168 168 -127
168 175 -571
169 169 815
169 176 52
170 170 282
170 177 943
171 171 181
171 178 935
172 172 280
172 179 268
173 173 216
173 180 -913
174 174 -6
174 181 955
175 175 4
175 182 -491
176 176 -811
176 183 -111
177 177 573
177 184 -841
178 178 -693
178 185 -270
179 179 -207
179 186 -10
180 180 120
180 187 -980
181 181 905
181 188 -266
182 182 -483
182 189 261
183 183 558
183 190 600
184 184 553
184 191 257
185 185 919
185 192 654
186 186 -141
186 193 -233
187 187 762
187 194 420
188 188 -408
188 195 384
189 189 49
189 196 -784
190 190 837
190 197 42
191 191 -825
191 198 131
192 192 -189
192 199 -528
193 193 -138
193 200 93
194 194 -326
194 201 -631
195 195 233
195 202 541
196 196 726
196 203 742
197 197 -61
197 204 -365
198 198 -868
198 205 951
199 199 569
199 206 -668
200 200 -284
200 207 -979
201 201 415
201 208 937
202 202 -259
202 209 313
203 203 873
203 210 -855
204 204 403
204 211 461
205 205 -276
205 212 638
206 206 290
206 213 417
207 207 860
207 214 295
208 208 -280
208 215 900
209 209 790
209 216 -843
210 210 541
210 217 -193
211 211 -419
211 218 -825
212 212 309
212 219 -651
213 213 -132
213 220 835
214 214 455
214 221 -424
215 215 132
215 222 -648
216 216 -86
216 223 546
217 217 -858
217 224 288
218 218 -49
218 225 558
219 219 -633
219 226 -564
220 220 110
220 227 71
221 221 598
221 228 -457
222 222 924
222 229 -873
223 223 -652
223 230 959
224 224 842
224 231 183
225 225 -423
225 232 -394
226 226 -604
226 233 49
227 227 -277
227 234 457
228 228 -801
228 235 -793
229 229 -317
229 236 493
230 230 -613
230 237 -39
231 231 -486
231 238 -10
232 232 758
232 239 -942
233 233 679
233 240 400
234 234 -448
234 241 -106
235 235 369
235 242 688
236 236 327
236 243 -243
237 237 -2
237 244 710
238 238 674
238 245 -153
239 239 -987
239 246 129
240 240 -559
240 247 351
241 241 -234
241 248 445
242 242 926
242 249 6
243 243 327
243 250 -601
244 244 39
244 251 972
245 245 -330
245 252 -770
246 246 317
246 253 604
247 247 618
247 254 956
248 248 162
248 255 -309
249 249 825
249 256 614
250 250 -842
250 257 913
251 251 -327
251 258 -287
252 252 987
252 259 -34
253 253 880
253 260 -112
254 254 560
254 261 -781
255 255 347
255 262 -745
256 256 -303
256 263 -264
257 257 -694
257 264 -158
258 258 139
258 265 98
259 259 -542
259 266 891
260 260 -493
260 267 -408
261 261 776
261 268 91
262 262 865
262 269 597
263 263 833
263 270 26
264 264 189
264 271 -194
265 265 69
265 272 -881
266 266 -358
266 273 -66
267 267 455
267 274 354
268 268 -9
268 275 -144
269 269 -128
269 276 -679
270 270 -467
270 277 -121
271 271 -862
271 278 707
272 272 -954
272 279 105
273 273 -241
273 280 296
274 274 -310
274 281 -545
275 275 -397
275 282 639
276 276 292
276 283 -440
277 277 -778
277 284 -789
278 278 -731
278 285 -845
279 279 -713
279 286 -727
280 280 524
280 287 -427
281 281 692
281 288 -77
282 282 715
282 289 308
283 283 -308
283 290 -491
284 284 -855
284 291 -907
285 285 354
285 292 -86
286 286 896
286 293 -616
287 287 -807
287 294 530
288 288 -827
288 295 -821
289 289 -435
289 296 816
290 290 99
290 297 -72
291 291 -261
291 298 -689
292 292 -291
292 299 87
293 293 397
293 300 844
294 294 -704
294 301 818
295 295 -955
295 302 -112
296 296 -397
296 303 -827
297 297 989
297 304 884
298 298 -567
298 305 977
299 299 360
299 306 392
300 300 -304
300 307 999
301 301 -638
301 308 228
302 302 -936
302 309 -740
303 303 -508
303 310 -134
304 304 387
304 311 -502
305 305 -975
305 312 749
306 306 295
306 313 967
307 307 70
307 314 -880
308 308 716
308 315 -789
309 309 680
309 316 -48
310 310 508
310 317 -797
311 311 -452
311 318 353
312 312 -702
312 319 -18
313 313 109
313 320 -354
314 314 944
314 321 -78
315 315 -112
315 322 806
316 316 918
316 323 -450
317 317 -564
317 324 707
318 318 14
318 325 -978
319 319 -362
319 326 918
320 320 793
320 327 -728
321 321 -574
321 328 -77
322 322 499
322 329 110
323 323 -724
323 330 345
324 324 -659
324 331 383
325 325 834
325 332 619
326 326 -926
326 333 -574
327 327 -514
327 334 325
328 328 -459
328 335 -266
329 329 -235
329 336 829
330 330 -297
330 337 394
331 331 -758
331 338 608
332 332 -10
332 339 -415
333 333 538
333 340 -666
334 334 756
334 341 -732
335 335 -146
335 342 -408
336 336 840
336 343 -437
337 337 -189
337 344 -22
338 338 -792
338 345 827
339 339 63
339 346 -272
340 340 884
340 347 -963
341 341 -632
341 348 239
342 342 -214
342 349 48
343 343 -815
343 350 731
344 344 -615
344 351 750
345 345 792
345 352 837
346 346 3
346 353 316
347 347 564
347 354 -209
348 348 -28
348 355 199
349 349 -388
349 356 -377
350 350 -504
350 357 457
351 351 -402
351 358 990
352 352 462
352 359 -828
353 353 -467
353 360 497
354 354 -178
354 361 -882
355 355 -973
355 362 -208
356 356 670
356 363 999
357 357 -49
357 364 595
358 358 22
358 365 -26
359 359 224
359 366 868
360 360 329
360 367 639
361 361 927
361 368 -97
362 362 -263
362 369 49
363 363 954
363 370 678
364 364 394
364 371 -860
365 365 -74
365 372 315
366 366 -23
366 373 -937
367 367 642
367 374 -687
368 368 -214
368 375 -605
369 369 -830
369 376 431
370 370 -317
370 377 -718
371 371 458
371 378 -540
372 372 929
372 379 -196
373 373 -565
373 380 -615
374 374 881
374 381 -548
375 375 -886
375 382 798
376 376 231
376 383 -873
377 377 -749
377 384 -580
378 378 702
378 385 -627
379 379 -780
379 386 382
380 380 102
380 387 -345
381 381 323
381 388 685
382 382 152
382 389 501
383 383 -386
383 390 10
384 384 8
384 391 -779
385 385 889
385 392 40
386 386 -666
386 393 4
387 387 923
387 394 598
388 388 862
388 395 899
389 389 865
389 396 -375
390 390 -490
390 397 166
391 391 -421
391 398 -25
392 392 507
392 399 353
393 393 110
393 400 -219
394 394 36
394 401 835
395 395 -415
395 402 -202
396 396 -949
396 403 819
397 397 -306
397 404 -375
398 398 112
398 405 -238
399 399 -872
399 406 -900
400 400 703
400 407 -871
401 401 -949
401 408 -457
402 402 -19
402 409 712
403 403 361
403 410 -231
404 404 -285
404 411 318
405 405 -577
405 412 584
406 406 213
406 413 12
407 407 285
407 414 -479
408 408 -569
408 415 65
409 409 320
409 416 316
410 410 -363
410 417 235
411 411 13
411 418 48
412 412 863
412 419 -666
413 413 993
413 420 112
414 414 -565
414 421 671
415 415 -146
415 422 -778
416 416 -805
416 423 658
417 417 -131
417 424 -986
418 418 -764
418 425 -722
419 419 2
419 426 -649
420 420 -351
420 427 -329
421 421 45
421 428 -284
422 422 687
422 429 -392
423 423 681
423 430 -285
424 424 -838
424 431 364
425 425 828
425 432 418
426 426 199
426 433 898
427 427 -300
427 434 97
428 428 990
428 435 270
429 429 22
429 436 -917
430 430 827
430 437 -822
431 431 -853
431 438 -635
432 432 -250
432 439 -184
433 433 -465
433 440 -977
434 434 -293
434 441 273
435 435 279
435 442 358
436 436 -900
436 443 -913
437 437 -183
437 444 237
438 438 872
438 445 -328
439 439 -250
439 446 115
440 440 585
440 447 388
441 441 821
441 448 -41
442 442 -652
442 449 88
443 443 -860
443 450 -944
444 444 822
444 451 783
445 445 -226
445 452 289
446 446 -354
446 453 -394
447 447 -540
447 454 893
448 448 868
448 455 -705
449 449 621
449 456 -974
450 450 520
450 457 215
451 451 -711
451 458 718
452 452 191
452 459 -689
453 453 -186
453 460 8
454 454 660
454 461 109
455 455 77
455 462 232
456 456 -230
456 463 558
457 457 -177
457 464 368
458 458 -697
458 465 -285
459 459 350
459 466 240
460 460 -284
460 467 116
461 461 -336
461 468 -935
462 462 -396
462 469 -945
463 463 805
463 470 437
464 464 362
464 471 349
465 465 -131
465 472 -297
466 466 646
466 473 802
467 467 49
467 474 828
468 468 897
468 475 -411
469 469 13
469 476 -406
470 470 -328
470 477 -72
471 471 -522
471 478 473
472 472 767
472 479 374
473 473 -365
473 480 -893
474 474 -317
474 481 596
475 475 -419
475 482 525
476 476 -190
476 483 42
477 477 120
477 484 -365
478 478 135
478 485 -455
479 479 -697
479 486 72
480 480 594
480 487 -268
481 481 699
481 488 898
482 482 82
482 489 250
483 483 -466
483 490 973
484 484 -231
484 491 855
485 485 -845
485 492 -342
486 486 -915
486 493 -595
487 487 998
487 494 927
488 488 -103
488 495 -211
489 489 -165
489 496 -651
490 490 -719
490 497 657
491 491 692
491 498 -297
492 492 -13
492 499 -574
493 493 471
493 500 298
494 494 -211
494 501 -979
495 495 -916
495 502 -434
496 496 -22
496 503 2
497 497 -544
497 504 725
498 498 134
498 505 -685
499 499 -531
499 506 -312
500 500 314
500 507 465
501 501 -176
501 508 669
502 502 -701
502 509 110
503 503 -860
503 510 138
504 504 211
504 511 -783
505 505 -710
505 512 108
506 506 -725
506 513 -706
507 507 -892
507 514 72
508 508 638
508 515 2
509 509 570
509 516 978
510 510 -179
510 517 -482
511 511 597
511 518 -597
512 512 -124
512 519 390
513 513 -380
513 520 -226
514 514 61
514 521 449
515 515 -263
515 522 851
516 516 194
516 523 302
517 517 980
517 524 -710
518 518 349
518 525 -735
519 519 -572
519 526 -769
520 520 56
520 527 -541
521 521 403
521 528 -904
522 522 -796
522 529 -79
523 523 -308
523 530 -576
524 524 770
524 531 -514
525 525 536
525 532 -156
526 526 -8
526 533 -910
527 527 -768
527 534 -582
528 528 -589
528 535 984
529 529 -544
529 536 861
530 530 -865
530 537 -595
531 531 431
531 538 711
532 532 -972
532 539 -622
533 533 209
533 540 -660
534 534 -717
534 541 -565
535 535 316
535 542 872
536 536 768
536 543 134
537 537 -871
537 544 127
538 538 -769
538 545 -110
539 539 417
539 546 -830
540 540 839
540 547 -999
541 541 -127
541 548 922
542 542 307
542 549 -862
543 543 312
543 550 239
544 544 -370
544 551 529
545 545 -133
545 552 642
546 546 -397
546 553 -895
547 547 985
547 554 477
548 548 -658
548 555 -762
549 549 411
549 556 -685
550 550 -659
550 557 868
551 551 -144
551 558 841
552 552 -878
552 559 371
553 553 186
553 560 -902
554 554 497
554 561 -9
555 555 -914
555 562 -220
556 556 -556
556 563 271
557 557 781
557 564 871
558 558 681
558 565 90
559 559 768
559 566 -615
560 560 -934
560 567 337
561 561 -225
561 568 -620
562 562 116
562 569 -107
563 563 -735
563 570 -165
564 564 -993
564 571 -660
565 565 -61
565 572 -796
566 566 -720
566 573 556
567 567 -757
567 574 -773
568 568 -455
568 575 -719
569 569 194
569 576 628
570 570 -761
570 577 -752
571 571 413
571 578 -32
572 572 -318
572 579 -442
573 573 -490
573 580 -151
574 574 -533
574 581 570
575 575 -324
575 582 -313
576 576 -711
576 583 238
577 577 339
577 584 960
578 578 474
578 585 857
579 579 311
579 586 -335
580 580 -536
580 587 147
581 581 -896
581 588 287
582 582 -643
582 589 -345
583 583 486
583 590 -587
584 584 78
584 591 -49
585 585 -75
585 592 -991
586 586 -293
586 593 517
587 587 469
587 594 -771
588 588 77
588 595 662
589 589 479
589 596 458
590 590 228
590 597 -945
591 591 -918
591 598 -40
592 592 -969
592 599 -299
593 593 -235
593 600 -704
594 594 -648
594 601 537
595 595 518
595 602 -295
596 596 -167
596 603 935
597 597 129
597 604 -719
598 598 693
598 605 -714
599 599 -620
599 606 465
600 600 -80
600 607 -993
601 601 -346
601 608 -701
602 602 967
602 609 88
603 603 372
603 610 -589
604 604 -553
604 611 -899
605 605 -358
605 612 516
606 606 -604
606 613 -521
607 607 695
607 614 -956
608 608 -747
608 615 398
609 609 124
609 616 -11
610 610 -906
610 617 927
611 611 784
611 618 -281
612 612 -372
612 619 -803
613 613 -917
613 620 -526
614 614 281
614 621 90
615 615 -350
615 622 -989
616 616 1
616 623 -266
617 617 496
617 624 882
618 618 846
618 625 -288
619 619 217
619 626 989
620 620 -575
620 627 -70
621 621 -779
621 628 300
622 622 673
622 629 -976
623 623 -146
623 630 -152
624 624 -295
624 631 413
625 625 -273
625 632 765
626 626 -41
626 633 -680
627 627 612
627 634 811
628 628 -811
628 635 131
629 629 -381
629 636 -796
630 630 -270
630 637 81
631 631 -569
631 638 -433
632 632 -777
632 639 -38
633 633 -472
633 640 -725
634 634 469
634 641 -397
635 635 127
635 642 323
636 636 -238
636 643 -919
637 637 -784
637 644 573
638 638 776
638 645 893
639 639 999
639 646 560
640 640 -832
640 647 477
641 641 619
641 648 -33
642 642 907
642 649 640
643 643 555
643 650 -832
644 644 866
644 651 -645
645 645 127
645 652 332
646 646 -913
646 653 37
647 647 654
647 654 -704
648 648 772
648 655 377
649 649 48
649 656 223
650 650 -687
650 657 -693
651 651 -284
651 658 224
652 652 -219
652 659 -653
653 653 -696
653 660 876
654 654 426
654 661 -929
655 655 464
655 662 74
656 656 -262
656 663 -125
657 657 -258
657 664 -43
658 658 -733
658 665 -881
659 659 244
659 666 -892
660 660 -101
660 667 861
661 661 -342
661 668 367
662 662 -900
662 669 -879
663 663 -38
663 670 371
664 664 870
664 671 -159
665 665 853
665 672 682
666 666 -379
666 673 -46
667 667 718
667 674 765
668 668 601
668 675 -436
669 669 170
669 676 920
670 670 -350
670 677 -305
671 671 -715
671 678 356
672 672 879
672 679 -753
673 673 -894
673 680 376
674 674 -150
674 681 -378
675 675 -1
675 682 -496
676 676 -758
676 683 -463
677 677 -134
677 684 -546
678 678 81
678 685 341
679 679 456
679 686 -965
680 680 929
680 687 45
681 681 365
681 688 872
682 682 706
682 689 719
683 683 -954
683 690 145
684 684 457
684 691 -991
685 685 4
685 692 -757
686 686 759
686 693 -25
687 687 257
687 694 -204
688 688 147
688 695 118
689 689 102
689 696 -171
690 690 -688
690 697 989
691 691 602
691 698 4
692 692 -953
692 699 825
693 693 763
693 700 -893
694 694 68
694 701 -576
695 695 599
695 702 -935
696 696 191
696 703 -443
697 697 575
697 704 211
698 698 246
698 705 525
699 699 350
699 706 907
700 700 853
700 707 -714
701 701 -900
701 708 770
702 702 934
702 709 581
703 703 839
703 710 987
704 704 -811
704 711 761
705 705 299
705 712 307
706 706 -177
706 713 788
707 707 76
707 714 -40
708 708 -734
708 715 -681
709 709 127
709 716 274
710 710 217
710 717 740
711 711 748
711 718 809
712 712 -755
712 719 588
713 713 238
713 720 -68
714 714 -985
714 721 264
715 715 -690
715 722 966
716 716 -941
716 723 383
717 717 366
717 724 829
718 718 483
718 725 -749
719 719 -740
719 726 -931
720 720 -448
720 727 -43
721 721 -621
721 728 165
722 722 -862
722 729 -54
723 723 861
723 730 322
724 724 429
724 731 -484
725 725 187
725 732 -148
726 726 -337
726 733 852
727 727 -80
727 734 80
728 728 -61
728 735 581
729 729 875
729 736 -44
730 730 -244
730 737 79
731 731 -697
731 738 -271
732 732 835
732 739 -474
733 733 -856
733 740 -273
734 734 461
734 741 -177
735 735 26
735 742 -840
736 736 213
736 743 -801
737 737 -843
737 744 -277
738 738 765
738 745 -277
739 739 635
739 746 -154
740 740 815
740 747 -626
741 741 -116
741 748 778
742 742 267
742 749 342
743 743 387
743 750 317
744 744 667
744 751 -350
745 745 -424
745 752 -813
746 746 657
746 753 -59
747 747 764
747 754 -984
748 748 -195
748 755 -610
749 749 -825
749 756 501
750 750 -149
750 757 713
751 751 79
751 758 417
752 752 -675
752 759 946
753 753 -88
753 760 238
754 754 -900
754 761 559
755 755 837
755 762 223
756 756 -935
756 763 729
757 757 722
757 764 151
758 758 955
758 765 -813
759 759 816
759 766 -585
760 760 -888
760 767 25
761 761 583
761 768 -155
762 762 -5
762 769 802
763 763 151
763 770 -947
764 764 847
764 771 215
765 765 -220
765 772 434
766 766 -522
766 773 722
767 767 809
767 774 911
768 768 -211
768 775 -302
769 769 -382
769 776 592
770 770 -267
770 777 398
771 771 -64
771 778 100
772 772 519
772 779 191
773 773 979
773 780 -905
774 774 656
774 781 770
775 775 366
775 782 -325
776 776 223
776 783 405
777 777 -270
777 784 177
778 778 -902
778 785 309
779 779 29
779 786 -79
780 780 223
780 787 789
781 781 908
781 788 907
782 782 -680
782 789 411
783 783 -559
783 790 871
784 784 -246
784 791 35
785 785 86
785 792 529
786 786 802
786 793 968
787 787 362
787 794 -282
788 788 -284
788 795 -528
789 789 837
789 796 -994
790 790 626
790 797 348
791 791 -441
791 798 -951
792 792 -773
792 799 -813
793 793 -519
793 800 149
794 794 365
794 801 -356
795 795 -964
795 802 543
796 796 683
796 803 373
797 797 628
797 804 -93
798 798 365
798 805 -151
799 799 766
799 806 -256
800 800 -383
800 807 92
801 801 -635
801 808 -106
802 802 160
802 809 -521
803 803 -891
803 810 -150
804 804 -246
804 811 -800
805 805 -28
805 812 -194
806 806 235
806 813 19
807 807 -751
807 814 425
808 808 -334
808 815 -962
809 809 -820
809 816 963
810 810 -68
810 817 -595
811 811 601
811 818 -805
812 812 968
812 819 -514
813 813 -311
813 820 271
814 814 -871
814 821 544
815 815 -57
815 822 145
816 816 -666
816 823 -164
817 817 839
817 824 789
818 818 -746
818 825 483
819 819 -617
819 826 -588
820 820 338
820 827 168
821 821 458
821 828 -581
822 822 -469
822 829 753
823 823 -547
823 830 96
824 824 -609
824 831 -4
825 825 -428
825 832 -222
826 826 -465
826 833 -167
827 827 389
827 834 554
828 828 -239
828 835 803
829 829 -515
829 836 -466
830 830 877
830 837 134
831 831 -600
831 838 -978
832 832 -154
832 839 -535
833 833 -497
833 840 -195
834 834 746
834 841 747
835 835 -448
835 842 573
836 836 756
836 843 559
837 837 -684
837 844 -974
838 838 760
838 845 49
839 839 -594
839 846 682
840 840 517
840 847 -55
841 841 744
841 848 252
842 842 -786
842 849 647
843 843 418
843 850 827
844 844 490
844 851 727
845 845 340
845 852 618
846 846 859
846 853 725
847 847 -557
847 854 -792
848 848 -891
848 855 66
849 849 556
849 856 940
850 850 -985
850 857 -412
851 851 834
851 858 858
852 852 425
852 859 -712
853 853 -145
853 860 672
854 854 674
854 861 438
855 855 510
855 862 943
856 856 -811
856 863 -28
857 857 -561
857 864 -972
858 858 233
858 865 -564
859 859 686
859 866 -722
860 860 -386
860 867 630
861 861 -425
861 868 -860
862 862 570
862 869 585
863 863 -229
863 870 -246
864 864 -66
864 871 -851
865 865 780
865 872 -171
866 866 982
866 873 -92
867 867 857
867 874 -909
868 868 843
868 875 666
869 869 987
869 876 -954
870 870 92
870 877 -679
871 871 -782
871 878 736
872 872 188
872 879 -206
873 873 -26
873 880 -101
874 874 350
874 881 239
875 875 701
875 882 -230
876 876 -845
876 883 -883
877 877 281
877 884 64
878 878 -580
878 885 520
879 879 956
879 886 -992
880 880 -706
880 887 -856
881 881 409
881 888 -143
882 882 447
882 889 886
883 883 529
883 890 592
884 884 80
884 891 -28
885 885 716
885 892 -600
886 886 -695
886 893 -245
887 887 -129
887 894 930
888 888 -804
888 895 -101
889 889 991
889 896 -90
890 890 -752
890 897 232
891 891 527
891 898 74
892 892 182
892 899 -293
893 893 -628
893 900 597
894 894 -708
894 901 488
895 895 -290
895 902 220
896 896 467
896 903 -649
897 897 530
897 904 -333
898 898 769
898 905 457
899 899 986
899 906 -495
900 900 -809
900 907 -138
901 901 -259
901 908 414
902 902 155
902 909 -722
903 903 50
903 910 -102
904 904 425
904 911 809
905 905 -836
905 912 -509
906 906 373
906 913 208
907 907 -828
907 914 -976
908 908 103
908 915 -864
909 909 744
909 916 -557
910 910 33
910 917 170
911 911 -367
911 918 515
912 912 722
912 919 -519
913 913 -482
913 920 -625
914 914 -429
914 921 -314
915 915 -346
915 922 -616
916 916 129
916 923 384
917 917 24
917 924 958
918 918 -133
918 925 846
919 919 547
919 926 -755
920 920 721
920 927 797
921 921 425
921 928 -407
922 922 -551
922 929 -881
923 923 -539
923 930 400
924 924 -412
924 931 -898
925 925 -129
925 932 -547
926 926 888
926 933 635
927 927 -503
927 934 -697
928 928 153
928 935 463
929 929 -542
929 936 104
930 930 438
930 937 -376
931 931 24
931 938 491
932 932 -100
932 939 -630
933 933 570
933 940 -508
934 934 -537
934 941 -255
935 935 -296
935 942 874
936 936 -393
936 943 992
937 937 -10
937 944 674
938 938 -365
938 945 9
939 939 -107
939 946 37
940 940 571
940 947 -668
941 941 -286
941 948 802
942 942 911
942 949 -647
943 943 -218
943 950 861
944 944 -545
944 951 -720
945 945 -92
945 952 -18
946 946 -372
946 953 -47
947 947 757
947 954 -130
948 948 -747
948 955 -947
949 949 -927
949 956 176
950 950 963
950 957 -511
951 951 407
951 958 592
952 952 309
952 959 -605
953 953 622
953 960 -636
954 954 -779
954 961 603
955 955 -564
955 962 -22
956 956 731
956 963 135
957 957 -397
957 964 156
958 958 -836
958 965 30
959 959 454
959 966 -447
960 960 -575
960 967 978
961 961 943
961 968 -39
962 962 675
962 969 -175
963 963 -333
963 970 -414
964 964 -666
964 971 -388
965 965 -420
965 972 -727
966 966 106
966 973 941
967 967 -717
967 974 -80
968 968 924
968 975 54
969 969 -338
969 976 -771
970 970 -635
970 977 321
971 971 -875
971 978 -578
972 972 -890
972 979 -176
973 973 -839
973 980 -869
974 974 -290
974 981 -8
975 975 -924
975 982 -272
976 976 -115
976 983 681
977 977 -20
977 984 193
978 978 -523
978 985 -291
979 979 -658
979 986 230
980 980 893
980 987 614
981 981 480
981 988 -240
982 982 -957
982 989 -28
983 983 -952
983 990 -221
984 984 -288
984 991 -596
985 985 651
985 992 -677
986 986 -938
986 993 622
987 987 63
987 994 521
988 988 -745
988 995 -299
989 989 -261
989 996 -396
990 990 171
990 997 -400
991 991 -447
991 998 -463
992 992 -399
992 999 51
993 993 -380
993 1000 267
994 994 -648
994 1001 616
995 995 -673
995 1002 821
996 996 975
996 1003 -294
997 997 834
997 1004 39
998 998 -973
998 1005 517
999 999 -320
999 1006 756
1000 1000 -142
1000 1007 615
1001 1001 795
1001 1008 978
1002 1002 -332
1002 1009 502
1003 1003 -288
1003 1010 -362
1004 1004 870
1004 1011 -952
1005 1005 -180
1005 1012 133
1006 1006 108
1006 1013 534
1007 1007 273
1007 1014 980
1008 1008 695
1008 1015 676
1009 1009 -468
1009 1016 531
1010 1010 818
1010 1017 528
1011 1011 716
1011 1018 -289
1012 1012 -669
1012 1019 -275
1013 1013 249
1013 1020 -551
1014 1014 -979
1014 1021 547
1015 1015 -283
1015 1022 412
1016 1016 168
1016 1023 78
1017 1017 -762
1017 1024 335
1018 1018 -706
1018 1025 -336
1019 1019 144
1019 1026 -305
1020 1020 988
1020 1027 -91
1021 1021 -122
1021 1028 -549
1022 1022 445
1022 1029 -144
1023 1023 878
1023 1030 318
1024 1024 980
1024 1031 739
1025 1025 520
1025 1032 -748
1026 1026 903
1026 1033 494
1027 1027 -680
1027 1034 -700
1028 1028 849
1028 1035 766
1029 1029 -829
1029 1036 -288
1030 1030 -427
1030 1037 439
1031 1031 -607
1031 1038 -952
1032 1032 -910
1032 1039 213
1033 1033 459
1033 1040 714
1034 1034 656
1034 1041 -259
1035 1035 685
1035 1042 486
1036 1036 817
1036 1043 -250
1037 1037 667
1037 1044 946
1038 1038 -25
1038 1045 512
1039 1039 311
1039 1046 -110
1040 1040 140
1040 1047 507
1041 1041 461
1041 1048 -178
1042 1042 900
1042 1049 667
1043 1043 -237
1043 1050 724
1044 1044 -684
1044 1051 -22
1045 1045 -845
1045 1052 -932
1046 1046 -832
1046 1053 205
1047 1047 -669
1047 1054 -676
1048 1048 -562
1048 1055 951
1049 1049 318
1049 1056 -57
1050 1050 -338
1050 1057 -648
1051 1051 587
1051 1058 201
1052 1052 418
1052 1059 -824
1053 1053 -657
1053 1060 928
1054 1054 -864
1054 1061 -608
1055 1055 -727
1055 1062 -864
1056 1056 1
1056 1063 993
1057 1057 105
1057 1064 557
1058 1058 845
1058 1065 248
1059 1059 -398
1059 1066 -972
1060 1060 -723
1060 1067 -321
1061 1061 -83
1061 1068 -430
1062 1062 -874
1062 1069 293
1063 1063 334
1063 1070 16
1064 1064 -556
1064 1071 -45
1065 1065 -825
1065 1072 -317
1066 1066 -760
1066 1073 897
1067 1067 698
1067 1074 508
1068 1068 190
1068 1075 463
1069 1069 986
1069 1076 681
1070 1070 -485
1070 1077 857
1071 1071 -963
1071 1078 -844
1072 1072 960
1072 1079 -829
1073 1073 -405
1073 1080 660
1074 1074 383
1074 1081 -903
1075 1075 40
1075 1082 560
1076 1076 61
1076 1083 -128
1077 1077 -350
1077 1084 339
1078 1078 -36
1078 1085 22
1079 1079 633
1079 1086 -910
1080 1080 -215
1080 1087 643
1081 1081 645
1081 1088 -473
1082 1082 507
1082 1089 992
1083 1083 -744
1083 1090 497
1084 1084 643
1084 1091 -735
1085 1085 -144
1085 1092 411
1086 1086 -722
1086 1093 900
1087 1087 -158
1087 1094 688
1088 1088 772
1088 1095 159
1089 1089 -600
1089 1096 -114
1090 1090 878
1090 1097 836
1091 1091 -292
1091 1098 -860
1092 1092 471
1092 1099 -580
1093 1093 150
1093 1100 297
1094 1094 18
1094 1101 732
1095 1095 -341
1095 1102 596
1096 1096 -936
1096 1103 -969
1097 1097 4
1097 1104 -200
1098 1098 -232
1098 1105 -224
1099 1099 502
1099 1106 -980
1100 1100 -680
1100 1107 486
1101 1101 -188
1101 1108 -541
1102 1102 -792
1102 1109 990
1103 1103 65
1103 1110 -869
1104 1104 -213
1104 1111 -861
1105 1105 48
1105 1112 -554
1106 1106 43
1106 1113 -354
1107 1107 -416
1107 1114 -682
1108 1108 613
1108 1115 763
1109 1109 145
1109 1116 644
1110 1110 888
1110 1117 -604
1111 1111 -484
1111 1118 113
1112 1112 907
1112 1119 819
1113 1113 419
1113 1120 -19
1114 1114 -85
1114 1121 650
1115 1115 830
1115 1122 -977
1116 1116 596
1116 1123 -252
1117 1117 -118
1117 1124 -385
1118 1118 432
1118 1125 15
1119 1119 172
1119 1126 -318
1120 1120 538
1120 1127 -504
1121 1121 954
1121 1128 558
1122 1122 -548
1122 1129 -924
1123 1123 345
1123 1130 134
1124 1124 -644
1124 1131 -705
1125 1125 -474
1125 1132 987
1126 1126 751
1126 1133 79
1127 1127 908
1127 1134 386
1128 1128 828
1128 1135 -289
1129 1129 -883
1129 1136 262
1130 1130 521
1130 1137 -415
1131 1131 299
1131 1138 253
1132 1132 -539
1132 1139 -75
1133 1133 -335
1133 1140 -127
1134 1134 -914
1134 1141 483
1135 1135 -919
1135 1142 -812
1136 1136 994
1136 1143 -849
1137 1137 991
1137 1144 903
1138 1138 -497
1138 1145 -958
1139 1139 654
1139 1146 -1
1140 1140 364
1140 1147 -907
1141 1141 -580
1141 1148 -433
1142 1142 999
1142 1149 -411
1143 1143 911
1143 1150 111
1144 1144 1
1144 1151 -781
1145 1145 161
1145 1152 719
1146 1146 97
1146 1153 -523
1147 1147 927
1147 1154 -920
1148 1148 -668
1148 1155 368
1149 1149 802
1149 1156 136
1150 1150 -164
1150 1157 621
1151 1151 -560
1151 1158 539
1152 1152 937
1152 1159 -922
1153 1153 -802
1153 1160 738
1154 1154 797
1154 1161 -33
1155 1155 -229
1155 1162 895
1156 1156 732
1156 1163 55
1157 1157 -630
1157 1164 -784
1158 1158 704
1158 1165 363
1159 1159 -47
1159 1166 -995
1160 1160 611
1160 1167 836
1161 1161 -834
1161 1168 130
1162 1162 500
1162 1169 278
1163 1163 71
1163 1170 -804
1164 1164 -924
1164 1171 -679
1165 1165 -19
1165 1172 27
1166 1166 481
1166 1173 -133
1167 1167 56
1167 1174 -338
1168 1168 534
1168 1175 882
1169 1169 -725
1169 1176 25
1170 1170 -152
1170 1177 466
1171 1171 748
1171 1178 -488
1172 1172 751
1172 1179 31
1173 1173 -953
1173 1180 -474
1174 1174 -846
1174 1181 -176
1175 1175 928
1175 1182 -938
1176 1176 875
1176 1183 -328
1177 1177 776
1177 1184 194
1178 1178 -291
1178 1185 -886
1179 1179 -493
1179 1186 -319
1180 1180 735
1180 1187 579
1181 1181 136
1181 1188 320
1182 1182 44
1182 1189 982
1183 1183 696
1183 1190 603
1184 1184 629
1184 1191 741
1185 1185 -572
1185 1192 -902
1186 1186 40
1186 1193 594
1187 1187 594
1187 1194 680
1188 1188 -640
1188 1195 -882
1189 1189 646
1189 1196 240
1190 1190 746
1190 1197 -169
1191 1191 -487
1191 1198 619
1192 1192 -43
1192 1199 -627
1193 1193 -388
1193 1200 86
1194 1194 359
1194 1201 256
1195 1195 -36
1195 1202 274
1196 1196 -470
1196 1203 -609
1197 1197 174
1197 1204 -295
1198 1198 -220
1198 1205 -230
1199 1199 160
1199 1206 -944
1200 1200 870
1200 1207 -99
1201 1201 354
1201 1208 109
1202 1202 -948
1202 1209 348
1203 1203 -907
1203 1210 -195
1204 1204 464
1204 1211 -218
1205 1205 -401
1205 1212 982
1206 1206 207
1206 1213 -554
1207 1207 619
1207 1214 -754
1208 1208 -972
1208 1215 -720
1209 1209 -395
1209 1216 -930
1210 1210 -460
1210 1217 776
1211 1211 -503
1211 1218 -715
1212 1212 -719
1212 1219 132
1213 1213 475
1213 1220 -43
1214 1214 -914
1214 1221 205
1215 1215 -747
1215 1222 871
1216 1216 971
1216 1223 -877
1217 1217 -364
1217 1224 372
1218 1218 821
1218 1225 301
1219 1219 25
1219 1226 840
1220 1220 920
1220 1227 -244
1221 1221 -651
1221 1228 846
1222 1222 680
1222 1229 -407
1223 1223 -585
1223 1230 256
1224 1224 760
1224 1231 -745
1225 1225 -103
1225 1232 -192
1226 1226 -330
1226 1233 -118
1227 1227 -518
1227 1234 214
1228 1228 -55
1228 1235 973
1229 1229 -999
1229 1236 952
1230 1230 -529
1230 1237 -468
1231 1231 510
1231 1238 373
1232 1232 914
1232 1239 849
1233 1233 -527
1233 1240 703
1234 1234 -257
1234 1241 897
1235 1235 -560
1235 1242 -358
1236 1236 286
1236 1243 600
1237 1237 506
1237 1244 331
1238 1238 882
1238 1245 875
1239 1239 -992
1239 1246 168
1240 1240 936
1240 1247 -893
1241 1241 -78
1241 1248 564
1242 1242 918
1242 1249 -703
1243 1243 -602
1243 1250 -781
1244 1244 -253
1244 1251 144
1245 1245 -537
1245 1252 517
1246 1246 -721
1246 1253 439
1247 1247 46
1247 1254 -344
1248 1248 -321
1248 1255 70
1249 1249 -379
1249 1256 625
1250 1250 304
1250 1257 -279
1251 1251 -450
1251 1258 -162
1252 1252 -705
1252 1259 -428
1253 1253 265
1253 1260 131
1254 1254 930
1254 1261 850
1255 1255 -41
1255 1262 -811
1256 1256 477
1256 1263 -210
1257 1257 742
1257 1264 -782
1258 1258 -620
1258 1265 -216
1259 1259 683
1259 1266 742
1260 1260 -382
1260 1267 -379
1261 1261 985
1261 1268 32
1262 1262 -848
1262 1269 854
1263 1263 -556
1263 1270 292
1264 1264 -610
1264 1271 989
1265 1265 -187
1265 1272 711
1266 1266 580
1266 1273 969
1267 1267 264
1267 1274 905
1268 1268 4
1268 1275 531
1269 1269 984
1269 1276 322
1270 1270 460
1270 1277 344
1271 1271 164
1271 1278 900
1272 1272 190
1272 1279 197
1273 1273 613
1273 1280 -860
1274 1274 260
1274 1281 88
1275 1275 545
1275 1282 995
1276 1276 200
1276 1283 -295
1277 1277 -325
1277 1284 -835
1278 1278 905
1278 1285 -811
1279 1279 -605
1279 1286 -475
1280 1280 -820
1280 1287 21
1281 1281 -880
1281 1288 -260
1282 1282 442
1282 1289 228
1283 1283 -141
1283 1290 895
1284 1284 331
1284 1291 173
1285 1285 732
1285 1292 544
1286 1286 -875
1286 1293 141
1287 1287 296
1287 1294 407
1288 1288 635
1288 1295 620
1289 1289 93
1289 1296 -884
1290 1290 -867
1290 1297 -435
1291 1291 334
1291 1298 -698
1292 1292 472
1292 1299 68
1293 1293 684
1293 1300 -873
1294 1294 -989
1294 1301 -744
1295 1295 22
1295 1302 -993
1296 1296 -303
1296 1303 408
1297 1297 690
1297 1304 805
1298 1298 155
1298 1305 432
1299 1299 -796
1299 1306 -120
1300 1300 -203
1300 1307 -72
1301 1301 -683
1301 1308 128
1302 1302 -950
1302 1309 187
1303 1303 -950
1303 1310 -685
1304 1304 -435
1304 1311 -422
1305 1305 -118
1305 1312 -959
1306 1306 -932
1306 1313 -495
1307 1307 829
1307 1314 -856
1308 1308 972
1308 1315 -141
1309 1309 -772
1309 1316 584
1310 1310 -589
1310 1317 -49
1311 1311 829
1311 1318 -221
1312 1312 -344
1312 1319 91
1313 1313 848
1313 1320 -856
1314 1314 -629
1314 1321 -287
1315 1315 413
1315 1322 407
1316 1316 74
1316 1323 -578
1317 1317 495
1317 1324 -43
1318 1318 -758
1318 1325 537
1319 1319 -765
1319 1326 620
1320 1320 -789
1320 1327 -968
1321 1321 -74
1321 1328 748
1322 1322 563
1322 1329 228
1323 1323 462
1323 1330 -380
1324 1324 809
1324 1331 650
1325 1325 947
1325 1332 -327
1326 1326 -876
1326 1333 -699
1327 1327 -800
1327 1334 -452
1328 1328 661
1328 1335 378
1329 1329 872
1329 1336 -396
1330 1330 819
1330 1337 -324
1331 1331 194
1331 1338 6
1332 1332 -820
1332 1339 -754
1333 1333 -944
1333 1340 -529
1334 1334 -589
1334 1341 -846
1335 1335 258
1335 1342 -810
1336 1336 -39
1336 1343 452
1337 1337 630
1337 1344 246
1338 1338 -630
1338 1345 198
1339 1339 138
1339 1346 -548
1340 1340 230
1340 1347 724
1341 1341 907
1341 1348 -132
1342 1342 79
1342 1349 -632
1343 1343 984
1343 1350 -172
1344 1344 -555
1344 1351 654
1345 1345 505
1345 1352 168
1346 1346 421
1346 1353 324
1347 1347 -753
1347 1354 473
1348 1348 530
1348 1355 -988
1349 1349 471
1349 1356 611
1350 1350 923
1350 1357 -579
1351 1351 860
1351 1358 878
1352 1352 -184
1352 1359 198
1353 1353 690
1353 1360 -155
1354 1354 -585
1354 1361 304
1355 1355 -958
1355 1362 166
1356 1356 -547
1356 1363 902
1357 1357 -781
1357 1364 -190
1358 1358 728
1358 1365 661
1359 1359 -689
1359 1366 -519
1360 1360 -626
1360 1367 -921
1361 1361 650
1361 1368 525
1362 1362 394
1362 1369 -379
1363 1363 752
1363 1370 -841
1364 1364 -400
1364 1371 696
1365 1365 -579
1365 1372 -266
1366 1366 597
1366 1373 91
1367 1367 269
1367 1374 7
1368 1368 -614
1368 1375 804
1369 1369 38
1369 1376 335
1370 1370 203
1370 1377 -965
1371 1371 -967
1371 1378 -206
1372 1372 556
1372 1379 -758
1373 1373 469
1373 1380 -995
1374 1374 -671
1374 1381 -680
1375 1375 -581
1375 1382 795
1376 1376 -529
1376 1383 597
1377 1377 975
1377 1384 -157
1378 1378 534
1378 1385 390
1379 1379 -612
1379 1386 -317
1380 1380 -929
1380 1387 -306
1381 1381 957
1381 1388 -458
1382 1382 -405
1382 1389 -406
1383 1383 136
1383 1390 -67
1384 1384 -353
1384 1391 -691
1385 1385 -964
1385 1392 565
1386 1386 246
1386 1393 27
1387 1387 174
1387 1394 708
1388 1388 -587
1388 1395 -165
1389 1389 -663
1389 1396 -980
1390 1390 823
1390 1397 -737
1391 1391 -940
1391 1398 -74
1392 1392 842
1392 1399 42
1393 1393 522
1393 1400 151
1394 1394 -982
1394 1401 -246
1395 1395 -306
1395 1402 605
1396 1396 331
1396 1403 33
1397 1397 860
1397 1404 -186
1398 1398 -534
1398 1405 168
1399 1399 700
1399 1406 637
1400 1400 -161
1400 1407 -961
1401 1401 -278
1401 1408 873
1402 1402 -396
1402 1409 368
1403 1403 -285
1403 1410 149
1404 1404 538
1404 1411 -417
1405 1405 757
1405 1412 815
1406 1406 -963
1406 1413 -45
1407 1407 728
1407 1414 329
1408 1408 -63
1408 1415 210
1409 1409 -281
1409 1416 163
1410 1410 -994
1410 1417 874
1411 1411 -458
1411 1418 682
1412 1412 691
1412 1419 286
1413 1413 -584
1413 1420 147
1414 1414 -753
1414 1421 73
1415 1415 -862
1415 1422 -634
1416 1416 -672
1416 1423 -560
1417 1417 15
1417 1424 968
1418 1418 912
1418 1425 54
1419 1419 -32
1419 1426 -741
1420 1420 450
1420 1427 -14
1421 1421 -412
1421 1428 882
1422 1422 522
1422 1429 -710
1423 1423 396
1423 1430 736
1424 1424 -939
1424 1431 -316
1425 1425 14
1425 1432 -370
1426 1426 48
1426 1433 -22
1427 1427 -407
1427 1434 -760
1428 1428 -511
1428 1435 934
1429 1429 -668
1429 1436 -63
1430 1430 426
1430 1437 -189
1431 1431 339
1431 1438 -595
1432 1432 -843
1432 1439 238
1433 1433 -173
1433 1440 46
1434 1434 857
1434 1441 -87
1435 1435 626
1435 1442 36
1436 1436 833
1436 1443 -516
1437 1437 -191
1437 1444 706
1438 1438 -29
1438 1445 143
1439 1439 786
1439 1446 126
1440 1440 -465
1440 1447 512
1441 1441 314
1441 1448 61
1442 1442 -332
1442 1449 -467
1443 1443 -243
1443 1450 912
1444 1444 907
1444 1451 926
1445 1445 -981
1445 1452 213
1446 1446 -625
1446 1453 -120
1447 1447 428
1447 1454 -881
1448 1448 582
1448 1455 30
1449 1449 -766
1449 1456 -320
1450 1450 821
1450 1457 366
1451 1451 699
1451 1458 904
1452 1452 726
1452 1459 511
1453 1453 -374
1453 1460 -134
1454 1454 -575
1454 1461 -785
1455 1455 40
1455 1462 -179
1456 1456 967
1456 1463 381
1457 1457 -117
1457 1464 477
1458 1458 -992
1458 1465 -342
1459 1459 447
1459 1466 753
1460 1460 653
1460 1467 -368
1461 1461 -360
1461 1468 -794
1462 1462 994
1462 1469 578
1463 1463 -302
1463 1470 680
1464 1464 -108
1464 1471 617
1465 1465 -212
1465 1472 -278
1466 1466 116
1466 1473 84
1467 1467 140
1467 1474 239
1468 1468 -360
1468 1475 307
1469 1469 -589
1469 1476 -420
1470 1470 265
1470 1477 233
1471 1471 -162
1471 1478 -319
1472 1472 72
1472 1479 -511
1473 1473 -251
1473 1480 -918
1474 1474 876
1474 1481 -901
1475 1475 621
1475 1482 -775
1476 1476 617
1476 1483 -770
1477 1477 -974
1477 1484 -611
1478 1478 -31
1478 1485 388
1479 1479 350
1479 1486 426
1480 1480 -161
1480 1487 -284
1481 1481 423
1481 1488 918
1482 1482 788
1482 1489 -955
1483 1483 -978
1483 1490 -385
1484 1484 -344
1484 1491 -792
1485 1485 -430
1485 1492 933
1486 1486 373
1486 1493 -483
1487 1487 941
1487 1494 -830
1488 1488 -442
1488 1495 -351
1489 1489 -580
1489 1496 -72
1490 1490 -997
1490 1497 -764
1491 1491 557
1491 1498 359
1492 1492 -237
1492 1499 -490
1493 1493 949
1493 1500 343
1494 1494 -754
1494 1501 -677
1495 1495 933
1495 1502 -438
1496 1496 638
1496 1503 -596
1497 1497 127
1497 1504 -710
1498 1498 -590
1498 1505 235
1499 1499 667
1499 1506 -871
1500 1500 -756
1500 1507 -759
1501 1501 -329
1501 1508 235
1502 1502 -897
1502 1509 912
1503 1503 415
1503 1510 48
1504 1504 408
1504 1511 -280
1505 1505 -601
1505 1512 272
1506 1506 -27
1506 1513 -21
1507 1507 68
1507 1514 628
1508 1508 827
1508 1515 182
1509 1509 920
1509 1516 -953
1510 1510 -552
1510 1517 -286
1511 1511 841
1511 1518 327
1512 1512 277
1512 1519 374
1513 1513 934
1513 1520 810
1514 1514 -432
1514 1521 -109
1515 1515 -863
1515 1522 -992
1516 1516 96
1516 1523 -111
1517 1517 -518
1517 1524 -527
1518 1518 -111
1518 1525 -267
1519 1519 461
1519 1526 -689
1520 1520 -397
1520 1527 -173
1521 1521 -241
1521 1528 522
1522 1522 -186
1522 1529 923
1523 1523 176
1523 1530 642
1524 1524 -484
1524 1531 -869
1525 1525 -73
1525 1532 -349
1526 1526 862
1526 1533 319
1527 1527 552
1527 1534 583
1528 1528 819
1528 1535 -564
1529 1529 119
1529 1536 -957
1530 1530 -457
1530 1537 -801
1531 1531 -563
1531 1538 -3
1532 1532 -63
1532 1539 -898
1533 1533 798
1533 1540 672
1534 1534 -562
1534 1541 210
1535 1535 -604
1535 1542 830
1536 1536 -379
1536 1543 -978
1537 1537 308
1537 1544 -496
1538 1538 -847
1538 1545 528
1539 1539 233
1539 1546 64
1540 1540 152
1540 1547 257
1541 1541 469
1541 1548 856
1542 1542 -66
1542 1549 -721
1543 1543 -533
1543 1550 -679
1544 1544 -319
1544 1551 -337
1545 1545 396
1545 1552 -413
1546 1546 -563
1546 1553 489
1547 1547 -712
1547 1554 124
1548 1548 -267
1548 1555 67
1549 1549 -654
1549 1556 -701
1550 1550 167
1550 1557 -18
1551 1551 777
1551 1558 -244
1552 1552 796
1552 1559 -627
1553 1553 -524
1553 1560 -46
1554 1554 592
1554 1561 35
1555 1555 -532
1555 1562 -174
1556 1556 -363
1556 1563 562
1557 1557 -612
1557 1564 -368
1558 1558 -87
1558 1565 542
1559 1559 774
1559 1566 656
1560 1560 892
1560 1567 -30
1561 1561 198
1561 1568 956
1562 1562 105
1562 1569 -399
1563 1563 -708
1563 1570 -820
1564 1564 530
1564 1571 -201
1565 1565 -245
1565 1572 -854
1566 1566 -478
1566 1573 -23
1567 1567 535
1567 1574 -940
1568 1568 248
1568 1575 123
1569 1569 -274
1569 1576 -226
1570 1570 -925
1570 1577 -7
1571 1571 497
1571 1578 -791
1572 1572 -626
1572 1579 -239
1573 1573 -842
1573 1580 299
1574 1574 -119
1574 1581 13
1575 1575 828
1575 1582 -283
1576 1576 167
1576 1583 -215
1577 1577 -722
1577 1584 703
1578 1578 707
1578 1585 -65
1579 1579 -246
1579 1586 239
1580 1580 -772
1580 1587 -750
1581 1581 -231
1581 1588 -646
1582 1582 474
1582 1589 427
1583 1583 949
1583 1590 -149
1584 1584 843
1584 1591 360
1585 1585 194
1585 1592 -76
1586 1586 162
1586 1593 -179
1587 1587 -525
1587 1594 660
1588 1588 595
1588 1595 -806
1589 1589 -169
1589 1596 697
1590 1590 -29
1590 1597 -413
1591 1591 917
1591 1598 -951
1592 1592 -182
1592 1599 -125
1593 1593 -975
1593 1600 308
1594 1594 -609
1594 1601 -903
1595 1595 -822
1595 1602 749
1596 1596 -665
1596 1603 -837
1597 1597 -40
1597 1604 576
1598 1598 -508
1598 1605 328
1599 1599 -759
1599 1606 -784
1600 1600 -309
1600 1607 -827
1601 1601 136
1601 1608 -78
1602 1602 -699
1602 1609 491
1603 1603 293
1603 1610 682
1604 1604 -610
1604 1611 -91
1605 1605 347
1605 1612 854
1606 1606 501
1606 1613 814
1607 1607 357
1607 1614 983
1608 1608 -766
1608 1615 -911
1609 1609 -219
1609 1616 300
1610 1610 -866
1610 1617 -812
1611 1611 -755
1611 1618 -23
1612 1612 95
1612 1619 -476
1613 1613 -937
1613 1620 -642
1614 1614 -926
1614 1621 -105
1615 1615 748
1615 1622 -726
1616 1616 -552
1616 1623 576
1617 1617 389
1617 1624 -502
1618 1618 167
1618 1625 -9
1619 1619 -994
1619 1626 -732
1620 1620 -164
1620 1627 -21
1621 1621 567
1621 1628 -138
1622 1622 -988
1622 1629 -20
1623 1623 936
1623 1630 47
1624 1624 -768
1624 1631 870
1625 1625 -917
1625 1632 -708
1626 1626 748
1626 1633 -528
1627 1627 -301
1627 1634 -392
1628 1628 550
1628 1635 514
1629 1629 -687
1629 1636 603
1630 1630 741
1630 1637 205
1631 1631 -511
1631 1638 -580
1632 1632 -836
1632 1639 533
1633 1633 504
1633 1640 190
1634 1634 -372
1634 1641 -212
1635 1635 -951
1635 1642 899
1636 1636 634
1636 1643 -387
1637 1637 -642
1637 1644 -759
1638 1638 422
1638 1645 -575
1639 1639 -233
1639 1646 -53
1640 1640 -445
1640 1647 -653
1641 1641 -706
1641 1648 371
1642 1642 -828
1642 1649 100
1643 1643 -237
1643 1650 940
1644 1644 -847
1644 1651 -36
1645 1645 -961
1645 1652 -171
1646 1646 438
1646 1653 318
1647 1647 -990
1647 1654 490
1648 1648 -819
1648 1655 988
1649 1649 803
1649 1656 -927
1650 1650 776
1650 1657 333
1651 1651 -775
1651 1658 -275
1652 1652 4
1652 1659 -912
1653 1653 -339
1653 1660 997
1654 1654 681
1654 1661 556
1655 1655 -387
1655 1662 -480
1656 1656 699
1656 1663 -447
1657 1657 135
1657 1664 816
1658 1658 -153
1658 1665 -163
1659 1659 -684
1659 1666 -110
1660 1660 -196
1660 1667 -561
1661 1661 344
1661 1668 -118
1662 1662 750
1662 1669 20
1663 1663 597
1663 1670 -22
1664 1664 655
1664 1671 827
1665 1665 -119
1665 1672 -129
1666 1666 -277
1666 1673 -403
1667 1667 482
1667 1674 464
1668 1668 -154
1668 1675 -818
1669 1669 -966
1669 1676 513
1670 1670 4
1670 1677 788
1671 1671 371
1671 1678 759
1672 1672 -933
1672 1679 970
1673 1673 -208
1673 1680 928
1674 1674 27
1674 1681 -228
1675 1675 -517
1675 1682 -319
1676 1676 990
1676 1683 271
1677 1677 -341
1677 1684 635
1678 1678 -504
1678 1685 456
1679 1679 -648
1679 1686 28
1680 1680 -247
1680 1687 -88
1681 1681 866
1681 1688 165
1682 1682 716
1682 1689 908
1683 1683 -829
1683 1690 -613
1684 1684 -781
1684 1691 962
1685 1685 -673
1685 1692 741
1686 1686 -831
1686 1693 668
1687 1687 -644
1687 1694 -172
1688 1688 -823
1688 1695 -687
1689 1689 -73
1689 1696 6
1690 1690 296
1690 1697 318
1691 1691 909
1691 1698 999
1692 1692 914
1692 1699 97
1693 1693 394
1693 1700 941
1694 1694 602
1694 1701 376
1695 1695 -732
1695 1702 -682
1696 1696 -798
1696 1703 867
1697 1697 363
1697 1704 -200
1698 1698 -209
1698 1705 -11
1699 1699 -955
1699 1706 576
1700 1700 964
1700 1707 870
1701 1701 263
1701 1708 -21
1702 1702 -427
1702 1709 -345
1703 1703 271
1703 1710 948
1704 1704 -345
1704 1711 -918
1705 1705 -960
1705 1712 761
1706 1706 -498
1706 1713 -315
1707 1707 -916
1707 1714 298
1708 1708 -63
1708 1715 544
1709 1709 64
1709 1716 514
1710 1710 348
1710 1717 -525
1711 1711 973
1711 1718 40
1712 1712 -538
1712 1719 -19
1713 1713 -302
1713 1720 -449
1714 1714 -825
1714 1721 913
1715 1715 150
1715 1722 -375
1716 1716 -382
1716 1723 -401
1717 1717 -843
1717 1724 534
1718 1718 331
1718 1725 94
1719 1719 -506
1719 1726 -296
1720 1720 -198
1720 1727 -884
1721 1721 -340
1721 1728 98
1722 1722 -359
1722 1729 563
1723 1723 971
1723 1730 -932
1724 1724 635
1724 1731 -607
1725 1725 250
1725 1732 718
1726 1726 -101
1726 1733 561
1727 1727 491
1727 1734 -928
1728 1728 -289
1728 1735 965
1729 1729 618
1729 1736 -140
1730 1730 140
1730 1737 -157
1731 1731 200
1731 1738 -634
1732 1732 932
1732 1739 -449
1733 1733 188
1733 1740 -327
1734 1734 -980
1734 1741 671
1735 1735 -241
1735 1742 508
1736 1736 263
1736 1743 -750
1737 1737 -355
1737 1744 -427
1738 1738 261
1738 1745 -773
1739 1739 476
1739 1746 -493
1740 1740 931
1740 1747 -285
1741 1741 863
1741 1748 -100
1742 1742 -31
1742 1749 458
1743 1743 544
1743 1750 -368
1744 1744 -624
1744 1751 -28
1745 1745 442
1745 1752 -706
1746 1746 47
1746 1753 80
1747 1747 440
1747 1754 241
1748 1748 848
1748 1755 302
1749 1749 -390
1749 1756 689
1750 1750 249
1750 1757 -789
1751 1751 598
1751 1758 -234
1752 1752 -279
1752 1759 -347
1753 1753 30
1753 1760 -392
1754 1754 93
1754 1761 -184
1755 1755 510
1755 1762 -662
1756 1756 -870
1756 1763 184
1757 1757 646
1757 1764 -894
1758 1758 334
1758 1765 -697
1759 1759 -337
1759 1766 714
1760 1760 202
1760 1767 476
1761 1761 842
1761 1768 -7
1762 1762 576
1762 1769 -976
1763 1763 410
1763 1770 996
1764 1764 51
1764 1771 -643
1765 1765 756
1765 1772 -857
1766 1766 995
1766 1773 -691
1767 1767 -889
1767 1774 478
1768 1768 52
1768 1775 -753
1769 1769 -882
1769 1776 805
1770 1770 507
1770 1777 -922
1771 1771 994
1771 1778 314
1772 1772 985
1772 1779 883
1773 1773 895
1773 1780 -944
1774 1774 280
1774 1781 359
1775 1775 86
1775 1782 -577
1776 1776 -24
1776 1783 -528
1777 1777 -863
1777 1784 490
1778 1778 -867
1778 1785 139
1779 1779 70
1779 1786 113
1780 1780 559
1780 1787 -303
1781 1781 271
1781 1788 -731
1782 1782 -83
1782 1789 -962
1783 1783 333
1783 1790 -308
1784 1784 440
1784 1791 844
1785 1785 896
1785 1792 165
1786 1786 654
1786 1793 365
1787 1787 737
1787 1794 724
1788 1788 -690
1788 1795 -980
1789 1789 -224
1789 1796 408
1790 1790 -182
1790 1797 204
1791 1791 -6
1791 1798 -578
1792 1792 -946
1792 1799 14
1793 1793 440
1793 1800 818
1794 1794 307
1794 1801 717
1795 1795 621
1795 1802 875
1796 1796 348
1796 1803 -167
1797 1797 826
1797 1804 -251
1798 1798 174
1798 1805 503
1799 1799 6
1799 1806 -598
1800 1800 941
1800 1807 -373
1801 1801 972
1801 1808 743
1802 1802 41
1802 1809 174
1803 1803 525
1803 1810 -861
1804 1804 917
1804 1811 392
1805 1805 73
1805 1812 -455
1806 1806 222
1806 1813 -926
1807 1807 546
1807 1814 243
1808 1808 104
1808 1815 79
1809 1809 994
1809 1816 623
1810 1810 -284
1810 1817 -549
1811 1811 467
1811 1818 511
1812 1812 14
1812 1819 390
1813 1813 -593
1813 1820 -648
1814 1814 870
1814 1821 -421
1815 1815 -999
1815 1822 251
1816 1816 595
1816 1823 -127
1817 1817 -378
1817 1824 404
1818 1818 399
1818 1825 646
1819 1819 -756
1819 1826 -882
1820 1820 392
1820 1827 680
1821 1821 549
1821 1828 -732
1822 1822 370
1822 1829 -399
1823 1823 -279
1823 1830 -446
1824 1824 -380
1824 1831 -584
1825 1825 578
1825 1832 135
1826 1826 854
1826 1833 305
1827 1827 159
1827 1834 292
1828 1828 385
1828 1835 -413
1829 1829 -583
1829 1836 -399
1830 1830 197
1830 1837 -433
1831 1831 -74
1831 1838 -845
1832 1832 127
1832 1839 -988
1833 1833 -287
1833 1840 540
1834 1834 809
1834 1841 -783
1835 1835 -970
1835 1842 -825
1836 1836 870
1836 1843 752
1837 1837 133
1837 1844 315
1838 1838 -68
1838 1845 604
1839 1839 -527
1839 1846 -760
1840 1840 584
1840 1847 -123
1841 1841 -544
1841 1848 -542
1842 1842 -282
1842 1849 972
1843 1843 -96
1843 1850 281
1844 1844 -813
1844 1851 -575
1845 1845 435
1845 1852 -872
1846 1846 -658
1846 1853 -198
1847 1847 -899
1847 1854 300
1848 1848 307
1848 1855 107
1849 1849 392
1849 1856 687
1850 1850 403
1850 1857 406
1851 1851 -167
1851 1858 34
1852 1852 211
1852 1859 -398
1853 1853 -159
1853 1860 597
1854 1854 391
1854 1861 679
1855 1855 -259
1855 1862 -773
1856 1856 -559
1856 1863 332
1857 1857 538
1857 1864 521
1858 1858 -227
1858 1865 -624
1859 1859 433
1859 1866 -555
1860 1860 -44
1860 1867 3
1861 1861 860
1861 1868 4
1862 1862 741
1862 1869 -934
1863 1863 -932
1863 1870 -331
1864 1864 -82
1864 1871 585
1865 1865 139
1865 1872 -35
1866 1866 -950
1866 1873 383
1867 1867 -65
1867 1874 263
1868 1868 452
1868 1875 -902
1869 1869 715
1869 1876 663
1870 1870 801
1870 1877 832
1871 1871 -635
1871 1878 -632
1872 1872 -349
1872 1879 -638
1873 1873 -461
1873 1880 566
1874 1874 -546
1874 1881 737
1875 1875 608
1875 1882 -205
1876 1876 -676
1876 1883 -497
1877 1877 -521
1877 1884 -116
1878 1878 200
1878 1885 296
1879 1879 -660
1879 1886 847
1880 1880 762
1880 1887 761
1881 1881 -286
1881 1888 -44
1882 1882 242
1882 1889 -267
1883 1883 -676
1883 1890 -240
1884 1884 -814
1884 1891 814
1885 1885 164
1885 1892 268
1886 1886 -820
1886 1893 613
1887 1887 18
1887 1894 852
1888 1888 558
1888 1895 -690
1889 1889 972
1889 1896 -240
1890 1890 777
1890 1897 -550
1891 1891 -754
1891 1898 -407
1892 1892 -391
1892 1899 -632
1893 1893 236
1893 1900 596
1894 1894 -198
1894 1901 -673
1895 1895 93
1895 1902 383
1896 1896 -950
1896 1903 -863
1897 1897 -414
1897 1904 -699
1898 1898 904
1898 1905 -34
1899 1899 -566
1899 1906 797
1900 1900 -751
1900 1907 650
1901 1901 800
1901 1908 492
1902 1902 -772
1902 1909 68
1903 1903 836
1903 1910 -486
1904 1904 869
1904 1911 749
1905 1905 796
1905 1912 -926
1906 1906 -712
1906 1913 97
1907 1907 -649
1907 1914 -194
1908 1908 -879
1908 1915 533
1909 1909 894
1909 1916 119
1910 1910 -287
1910 1917 -34
1911 1911 -678
1911 1918 -269
1912 1912 -922
1912 1919 13
1913 1913 757
1913 1920 -638
1914 1914 700
1914 1921 847
1915 1915 620
1915 1922 -162
1916 1916 -286
1916 1923 957
1917 1917 582
1917 1924 -800
1918 1918 -36
1918 1925 -728
1919 1919 1
1919 1926 876
1920 1920 -937
1920 1927 679
1921 1921 830
1921 1928 412
1922 1922 -271
1922 1929 -207
1923 1923 -944
1923 1930 -838
1924 1924 939
1924 1931 -959
1925 1925 427
1925 1932 -585
1926 1926 -636
1926 1933 -944
1927 1927 607
1927 1934 902
1928 1928 -271
1928 1935 634
1929 1929 -411
1929 1936 84
1930 1930 -399
1930 1937 -726
1931 1931 -987
1931 1938 957
1932 1932 -883
1932 1939 888
1933 1933 992
1933 1940 538
1934 1934 157
1934 1941 780
1935 1935 81
1935 1942 958
1936 1936 759
1936 1943 53
1937 1937 87
1937 1944 -93
1938 1938 573
1938 1945 -145
1939 1939 -743
1939 1946 -425
1940 1940 -469
1940 1947 795
1941 1941 579
1941 1948 -947
1942 1942 -590
1942 1949 750
1943 1943 -890
1943 1950 -725
1944 1944 -199
1944 1951 -790
1945 1945 -893
1945 1952 740
1946 1946 -540
1946 1953 -387
1947 1947 -727
1947 1954 2
1948 1948 -929
1948 1955 442
1949 1949 229
1949 1956 -324
1950 1950 498
1950 1957 675
1951 1951 881
1951 1958 926
1952 1952 865
1952 1959 -142
1953 1953 264
1953 1960 337
1954 1954 892
1954 1961 -718
1955 1955 865
1955 1962 359
1956 1956 -745
1956 1963 -968
1957 1957 876
1957 1964 609
1958 1958 -558
1958 1965 -860
1959 1959 672
1959 1966 -80
1960 1960 14
1960 1967 -561
1961 1961 -997
1961 1968 51
1962 1962 -481
1962 1969 370
1963 1963 -207
1963 1970 -464
1964 1964 -288
1964 1971 616
1965 1965 -730
1965 1972 -16
1966 1966 945
1966 1973 242
1967 1967 134
1967 1974 332
1968 1968 477
1968 1975 542
1969 1969 -929
1969 1976 867
1970 1970 -904
1970 1977 949
1971 1971 259
1971 1978 695
1972 1972 -249
1972 1979 144
1973 1973 130
1973 1980 -384
1974 1974 724
1974 1981 660
1975 1975 -887
1975 1982 -482
1976 1976 208
1976 1983 -145
1977 1977 672
1977 1984 410
1978 1978 -946
1978 1985 -781
1979 1979 700
1979 1986 500
1980 1980 -922
1980 1987 821
1981 1981 -832
1981 1988 -909
1982 1982 -349
1982 1989 671
1983 1983 -923
1983 1990 -441
1984 1984 135
1984 1991 -485
1985 1985 604
1985 1992 -254
1986 1986 756
1986 1993 -588
1987 1987 14
1987 1994 797
1988 1988 -543
1988 1995 -928
1989 1989 -624
1989 1996 319
1990 1990 866
1990 1997 116
1991 1991 -678
1991 1998 304
1992 1992 -483
1992 1999 725
1993 1993 107
1993 2000 -791
1994 1994 -222
1994 2001 -884
1995 1995 -526
1995 2002 494
1996 1996 -48
1996 2003 459
1997 1997 -225
1997 2004 975
1998 1998 -65
1998 2005 -160
1999 1999 259
1999 2006 -198
2000 2000 703
2000 2007 -420
2001 2001 975
2001 2008 -137
2002 2002 -216
2002 2009 -303
2003 2003 286
2003 2010 -28
2004 2004 488
2004 2011 94
2005 2005 317
2005 2012 874
2006 2006 -329
2006 2013 -303
2007 2007 39
2007 2014 -520
2008 2008 -877
2008 2015 -381
2009 2009 -188
2009 2016 -555
2010 2010 -241
2010 2017 -664
2011 2011 -827
2011 2018 153
2012 2012 194
2012 2019 315
2013 2013 336
2013 2020 -860
2014 2014 -624
2014 2021 -900
2015 2015 614
2015 2022 779
2016 2016 -227
2016 2023 727
2017 2017 780
2017 2024 488
2018 2018 -141
2018 2025 -772
2019 2019 -769
2019 2026 512
2020 2020 629
2020 2027 564
2021 2021 -393
2021 2028 -79
2022 2022 809
2022 2029 996
2023 2023 170
2023 2030 -834
2024 2024 822
2024 2031 316
2025 2025 -13
2025 2032 715
2026 2026 -547
2026 2033 -278
2027 2027 820
2027 2034 -945
2028 2028 92
2028 2035 426
2029 2029 -71
2029 2036 400
2030 2030 -353
2030 2037 642
2031 2031 197
2031 2038 -346
2032 2032 -466
2032 2039 162
2033 2033 698
2033 2040 -922
2034 2034 907
2034 2041 -78
2035 2035 918
2035 2042 -444
2036 2036 539
2036 2043 358
2037 2037 102
2037 2044 911
2038 2038 57
2038 2045 362
2039 2039 -222
2039 2046 -501
2040 2040 572
2040 2047 776
2041 2041 172
2041 2048 -37
2042 2042 651
2042 2049 -803
2043 2043 862
2043 2050 -52
2044 2044 91
2044 2051 66
2045 2045 805
2045 2052 -586
2046 2046 434
2046 2053 65
2047 2047 -751
2047 2054 678
2048 2048 -32
2048 2055 -59
2049 2049 -583
2049 2056 -748
2050 2050 535
2050 2057 969
2051 2051 470
2051 2058 28
2052 2052 769
2052 2059 927
2053 2053 -139
2053 2060 -682
2054 2054 322
2054 2061 -695
2055 2055 612
2055 2062 -977
2056 2056 -532
2056 2063 -500
2057 2057 870
2057 2064 93
2058 2058 -251
2058 2065 78
2059 2059 -297
2059 2066 -71
2060 2060 208
2060 2067 -916
2061 2061 -48
2061 2068 769
2062 2062 531
2062 2069 -492
2063 2063 909
2063 2070 723
2064 2064 139
2064 2071 903
2065 2065 545
2065 2072 964
2066 2066 614
2066 2073 -953
2067 2067 835
2067 2074 330
2068 2068 210
2068 2075 677
2069 2069 -471
2069 2076 -298
2070 2070 -72
2070 2077 -461
2071 2071 -72
2071 2078 440
2072 2072 -968
2072 2079 90
2073 2073 -731
2073 2080 794
2074 2074 -278
2074 2081 -984
2075 2075 388
2075 2082 -826
2076 2076 -807
2076 2083 -734
2077 2077 -599
2077 2084 557
2078 2078 628
2078 2085 -272
2079 2079 952
2079 2086 288
2080 2080 475
2080 2087 177
2081 2081 -358
2081 2088 465
2082 2082 982
2082 2089 -273
2083 2083 291
2083 2090 -390
2084 2084 767
2084 2091 -345
2085 2085 -546
2085 2092 -30
2086 2086 39
2086 2093 216
2087 2087 30
2087 2094 652
2088 2088 -732
2088 2095 237
2089 2089 -137
2089 2096 -820
2090 2090 309
2090 2097 387
2091 2091 1
2091 2098 732
2092 2092 983
2092 2099 598
2093 2093 -624
2093 2100 -177
2094 2094 -749
2094 2101 -998
2095 2095 574
2095 2102 -702
2096 2096 738
2096 2103 204
2097 2097 -456
2097 2104 -796
2098 2098 -848
2098 2105 -67
2099 2099 586
2099 2106 -921
2100 2100 -239
2100 2107 405
2101 2101 708
2101 2108 706
2102 2102 -890
2102 2109 -778
2103 2103 -36
2103 2110 874
2104 2104 828
2104 2111 868
2105 2105 -576
2105 2112 -991
2106 2106 964
2106 2113 479
2107 2107 142
2107 2114 88
2108 2108 38
2108 2115 -885
2109 2109 -750
2109 2116 952
2110 2110 -765
2110 2117 413
2111 2111 986
2111 2118 -556
2112 2112 49
2112 2119 -754
2113 2113 490
2113 2120 -826
2114 2114 898
2114 2121 -943
2115 2115 930
2115 2122 -604
2116 2116 24
2116 2123 -878
2117 2117 756
2117 2124 466
2118 2118 740
2118 2125 780
2119 2119 -871
2119 2126 912
2120 2120 -295
2120 2127 942
2121 2121 -175
2121 2128 631
2122 2122 -972
2122 2129 -415
2123 2123 57
2123 2130 -965
2124 2124 239
2124 2131 -35
2125 2125 700
2125 2132 850
2126 2126 909
2126 2133 335
2127 2127 130
2127 2134 -605
2128 2128 -113
2128 2135 687
2129 2129 134
2129 2136 -5
2130 2130 -479
2130 2137 -587
2131 2131 -336
2131 2138 -320
2132 2132 -77
2132 2139 -627
2133 2133 139
2133 2140 337
2134 2134 -766
2134 2141 -178
2135 2135 -94
2135 2142 62
2136 2136 -837
2136 2143 -989
2137 2137 -889
2137 2144 304
2138 2138 -75
2138 2145 -904
2139 2139 -570
2139 2146 -925
2140 2140 281
2140 2147 -823
2141 2141 196
2141 2148 298
2142 2142 635
2142 2149 390
2143 2143 -267
2143 2150 -260
2144 2144 -259
2144 2151 -945
2145 2145 -330
2145 2152 -954
2146 2146 -282
2146 2153 -796
2147 2147 -706
2147 2154 941
2148 2148 -400
2148 2155 910
2149 2149 -477
2149 2156 679
2150 2150 -325
2150 2157 -605
2151 2151 35
2151 2158 -665
2152 2152 -563
2152 2159 -53
2153 2153 407
2153 2160 -437
2154 2154 951
2154 2161 -19
2155 2155 718
2155 2162 -374
2156 2156 -102
2156 2163 -456
2157 2157 918
2157 2164 -327
2158 2158 -963
2158 2165 932
2159 2159 367
2159 2166 -699
2160 2160 20
2160 2167 753
2161 2161 -619
2161 2168 -974
2162 2162 -423
2162 2169 -247
2163 2163 433
2163 2170 703
2164 2164 -369
2164 2171 -546
2165 2165 917
2165 2172 101
2166 2166 -487
2166 2173 -841
2167 2167 445
2167 2174 -357
2168 2168 68
2168 2175 333
2169 2169 -16
2169 2176 86
2170 2170 -711
2170 2177 -581
2171 2171 303
2171 2178 561
2172 2172 -527
2172 2179 -569
2173 2173 932
2173 2180 -850
2174 2174 488
2174 2181 274
2175 2175 -569
2175 2182 -129
2176 2176 926
2176 2183 -13
2177 2177 41
2177 2184 -997
2178 2178 -151
2178 2185 12
2179 2179 511
2179 2186 548
2180 2180 205
2180 2187 -178
2181 2181 124
2181 2188 -501
2182 2182 -855
2182 2189 -75
2183 2183 737
2183 2190 810
2184 2184 136
2184 2191 101
2185 2185 -664
2185 2192 -181
2186 2186 952
2186 2193 260
2187 2187 -437
2187 2194 -968
2188 2188 488
2188 2195 159
2189 2189 46
2189 2196 -722
2190 2190 285
2190 2197 -466
2191 2191 -962
2191 2198 -267
2192 2192 913
2192 2199 894
2193 2193 -814
2193 2200 -782
2194 2194 707
2194 2201 197
2195 2195 609
2195 2202 -848
2196 2196 -802
2196 2203 -327
2197 2197 145
2197 2204 361
2198 2198 -421
2198 2205 904
2199 2199 -106
2199 2206 -715
2200 2200 -379
2200 2207 -723
2201 2201 330
2201 2208 -514
2202 2202 381
2202 2209 -389
2203 2203 859
2203 2210 348
2204 2204 670
2204 2211 74
2205 2205 528
2205 2212 -187
2206 2206 360
2206 2213 -857
2207 2207 -193
2207 2214 131
2208 2208 -328
2208 2215 -790
2209 2209 -508
2209 2216 -125
2210 2210 -105
2210 2217 -697
2211 2211 -702
2211 2218 889
2212 2212 927
2212 2219 318
2213 2213 376
2213 2220 -412
2214 2214 648
2214 2221 256
2215 2215 838
2215 2222 -132
2216 2216 -656
2216 2223 -148
2217 2217 -820
2217 2224 514
2218 2218 -59
2218 2225 308
2219 2219 -231
2219 2226 -979
2220 2220 478
2220 2227 483
2221 2221 236
2221 2228 -116
2222 2222 422
2222 2229 -314
2223 2223 -39
2223 2230 855
2224 2224 -687
2224 2231 188
2225 2225 -702
2225 2232 172
2226 2226 -34
2226 2233 -858
2227 2227 -937
2227 2234 -416
2228 2228 634
2228 2235 22
2229 2229 21
2229 2236 -31
2230 2230 665
2230 2237 -846
2231 2231 336
2231 2238 992
2232 2232 340
2232 2239 124
2233 2233 -899
2233 2240 -953
2234 2234 -462
2234 2241 367
2235 2235 863
2235 2242 596
2236 2236 733
2236 2243 -549
2237 2237 -919
2237 2244 -65
2238 2238 -520
2238 2245 -772
2239 2239 -275
2239 2246 533
2240 2240 901
2240 2247 -981
2241 2241 979
2241 2248 -732
2242 2242 -795
2242 2249 251
2243 2243 -665
2243 2250 710
2244 2244 -492
2244 2251 403
2245 2245 479
2245 2252 333
2246 2246 420
2246 2253 747
2247 2247 -716
2247 2254 877
2248 2248 -607
2248 2255 -841
2249 2249 -791
2249 2256 -65
2250 2250 -96
2250 2257 -829
2251 2251 -647
2251 2258 357
2252 2252 615
2252 2259 599
2253 2253 563
2253 2260 -185
2254 2254 529
2254 2261 -870
2255 2255 -556
2255 2262 153
2256 2256 -517
2256 2263 138
2257 2257 -233
2257 2264 -571
2258 2258 616
2258 2265 357
2259 2259 149
2259 2266 -8
2260 2260 737
2260 2267 951
2261 2261 -496
2261 2268 -321
2262 2262 149
2262 2269 123
2263 2263 202
2263 2270 50
2264 2264 317
2264 2271 304
2265 2265 11
2265 2272 543
2266 2266 -695
2266 2273 270
2267 2267 -422
2267 2274 -86
2268 2268 -860
2268 2275 99
2269 2269 438
2269 2276 859
2270 2270 892
2270 2277 576
2271 2271 813
2271 2278 318
2272 2272 232
2272 2279 -686
2273 2273 -683
2273 2280 449
2274 2274 226
2274 2281 -248
2275 2275 912
2275 2282 212
2276 2276 232
2276 2283 642
2277 2277 -88
2277 2284 67
2278 2278 -83
2278 2285 840
2279 2279 -770
2279 2286 732
2280 2280 776
2280 2287 -305
2281 2281 299
2281 2288 968
2282 2282 281
2282 2289 467
2283 2283 64
2283 2290 944
2284 2284 650
2284 2291 -700
2285 2285 460
2285 2292 -722
2286 2286 -949
2286 2293 -53
2287 2287 -388
2287 2294 275
2288 2288 -100
2288 2295 -862
2289 2289 308
2289 2296 -820
2290 2290 763
2290 2297 40
2291 2291 -549
2291 2298 307
2292 2292 -386
2292 2299 -582
2293 2293 -397
2293 2300 -74
2294 2294 234
2294 2301 -909
2295 2295 -824
2295 2302 -254
2296 2296 -899
2296 2303 -837
2297 2297 -236
2297 2304 -843
2298 2298 -787
2298 2305 -589
2299 2299 -271
2299 2306 844
2300 2300 921
2300 2307 868
2301 2301 937
2301 2308 197
2302 2302 218
2302 2309 -279
2303 2303 -875
2303 2310 344
2304 2304 -516
2304 2311 -654
2305 2305 865
2305 2312 868
2306 2306 -47
2306 2313 52
2307 2307 348
2307 2314 -592
2308 2308 -341
2308 2315 -690
2309 2309 71
2309 2316 928
2310 2310 -601
2310 2317 835
2311 2311 978
2311 2318 -398
2312 2312 527
2312 2319 685
2313 2313 -107
2313 2320 -45
2314 2314 916
2314 2321 -507
2315 2315 448
2315 2322 -837
2316 2316 790
2316 2323 -820
2317 2317 341
2317 2324 -501
2318 2318 -248
2318 2325 775
2319 2319 633
2319 2326 754
2320 2320 -480
2320 2327 923
2321 2321 -226
2321 2328 241
2322 2322 -982
2322 2329 844
2323 2323 920
2323 2330 -351
2324 2324 260
2324 2331 -694
2325 2325 821
2325 2332 843
2326 2326 -968
2326 2333 664
2327 2327 11
2327 2334 -341
2328 2328 -744
2328 2335 484
2329 2329 527
2329 2336 864
2330 2330 662
2330 2337 -213
2331 2331 -946
2331 2338 296
2332 2332 858
2332 2339 -847
2333 2333 575
2333 2340 -621
2334 2334 282
2334 2341 -665
2335 2335 713
2335 2342 -760
2336 2336 -568
2336 2343 -466
2337 2337 149
2337 2344 794
2338 2338 500
2338 2345 -616
2339 2339 -846
2339 2346 -606
2340 2340 384
2340 2347 -40
2341 2341 -659
2341 2348 -657
2342 2342 174
2342 2349 563
2343 2343 717
2343 2350 647
2344 2344 465
2344 2351 -877
2345 2345 969
2345 2352 -699
2346 2346 -948
2346 2353 -82
2347 2347 -752
2347 2354 -468
2348 2348 -44
2348 2355 -721
2349 2349 411
2349 2356 -934
2350 2350 785
2350 2357 890
2351 2351 795
2351 2358 -271
2352 2352 -545
2352 2359 315
2353 2353 -886
2353 2360 34
2354 2354 73
2354 2361 42
2355 2355 383
2355 2362 -367
2356 2356 584
2356 2363 502
2357 2357 915
2357 2364 -634
2358 2358 -477
2358 2365 871
2359 2359 -728
2359 2366 -498
2360 2360 217
2360 2367 209
2361 2361 98
2361 2368 910
2362 2362 -289
2362 2369 -642
2363 2363 -269
2363 2370 -760
2364 2364 381
2364 2371 -614
2365 2365 -940
2365 2372 364
2366 2366 699
2366 2373 319
2367 2367 -773
2367 2374 904
2368 2368 -127
2368 2375 578
2369 2369 702
2369 2376 546
2370 2370 690
2370 2377 585
2371 2371 287
2371 2378 76
2372 2372 638
2372 2379 -289
2373 2373 -592
2373 2380 -323
2374 2374 -875
2374 2381 -115
2375 2375 632
2375 2382 -229
2376 2376 846
2376 2383 -679
2377 2377 59
2377 2384 -389
2378 2378 -999
2378 2385 -674
2379 2379 -635
2379 2386 -235
2380 2380 100
2380 2387 -81
2381 2381 -166
2381 2388 -669
2382 2382 471
2382 2389 -978
2383 2383 -287
2383 2390 438
2384 2384 516
2384 2391 619
2385 2385 232
2385 2392 -586
2386 2386 742
2386 2393 333
2387 2387 952
2387 2394 -29
2388 2388 117
2388 2395 -852
2389 2389 -371
2389 2396 -884
2390 2390 -948
2390 2397 766
2391 2391 73
2391 2398 -91
2392 2392 -731
2392 2399 214
2393 2393 346
2393 2400 137
2394 2394 -106
2394 2401 -392
2395 2395 522
2395 2402 -429
2396 2396 175
2396 2403 335
2397 2397 676
2397 2404 -562
2398 2398 74
2398 2405 690
2399 2399 -477
2399 2406 665
2400 2400 262
2400 2407 -570
2401 2401 -22
2401 2408 -557
2402 2402 954
2402 2409 159
2403 2403 946
2403 2410 -538
2404 2404 184
2404 2411 -667
2405 2405 142
2405 2412 684
2406 2406 -947
2406 2413 629
2407 2407 -564
2407 2414 -719
2408 2408 271
2408 2415 -499
2409 2409 595
2409 2416 -994
2410 2410 451
2410 2417 406
2411 2411 211
2411 2418 315
2412 2412 80
2412 2419 944
2413 2413 548
2413 2420 78
2414 2414 787
2414 2421 827
2415 2415 -682
2415 2422 -500
2416 2416 169
2416 2423 -602
2417 2417 973
2417 2424 -111
2418 2418 14
2418 2425 -429
2419 2419 -141
2419 2426 44
2420 2420 877
2420 2427 -70
2421 2421 -729
2421 2428 -823
2422 2422 -492
2422 2429 543
2423 2423 -453
2423 2430 -243
2424 2424 -29
2424 2431 109
2425 2425 914
2425 2432 -778
2426 2426 -712
2426 2433 424
2427 2427 845
2427 2434 -222
2428 2428 -309
2428 2435 -97
2429 2429 801
2429 2436 797
2430 2430 918
2430 2437 807
2431 2431 -812
2431 2438 98
2432 2432 928
2432 2439 31
2433 2433 966
2433 2440 565
2434 2434 -749
2434 2441 238
2435 2435 704
2435 2442 -849
2436 2436 855
2436 2443 219
2437 2437 -666
2437 2444 798
2438 2438 462
2438 2445 299
2439 2439 340
2439 2446 324
2440 2440 240
2440 2447 280
2441 2441 783
2441 2448 759
2442 2442 -311
2442 2449 454
2443 2443 807
2443 2450 143
2444 2444 418
2444 2451 -46
2445 2445 -127
2445 2452 -665
2446 2446 -160
2446 2453 -193
2447 2447 -41
2447 2454 448
2448 2448 298
2448 2455 -215
2449 2449 -371
2449 2456 -154
2450 2450 -201
2450 2457 717
2451 2451 -989
2451 2458 581
2452 2452 -767
2452 2459 -458
2453 2453 166
2453 2460 711
2454 2454 -170
2454 2461 -178
2455 2455 -885
2455 2462 630
2456 2456 919
2456 2463 590
2457 2457 244
2457 2464 154
2458 2458 810
2458 2465 -260
2459 2459 -8
2459 2466 -480
2460 2460 708
2460 2467 409
2461 2461 -269
2461 2468 -736
2462 2462 -320
2462 2469 -95
2463 2463 615
2463 2470 634
2464 2464 762
2464 2471 -40
2465 2465 -382
2465 2472 42
2466 2466 276
2466 2473 -185
2467 2467 -581
2467 2474 -620
2468 2468 345
2468 2475 -121
2469 2469 -862
2469 2476 -236
2470 2470 518
2470 2477 493
2471 2471 753
2471 2478 -666
2472 2472 129
2472 2479 -485
2473 2473 -454
2473 2480 944
2474 2474 -293
2474 2481 -570
2475 2475 -388
2475 2482 -688
2476 2476 399
2476 2483 128
2477 2477 240
2477 2484 -304
2478 2478 -348
2478 2485 143
2479 2479 -776
2479 2486 -230
2480 2480 659
2480 2487 453
2481 2481 361
2481 2488 -11
2482 2482 -937
2482 2489 51
2483 2483 712
2483 2490 63
2484 2484 646
2484 2491 -667
2485 2485 -173
2485 2492 497
2486 2486 -264
2486 2493 549
2487 2487 585
2487 2494 -153
2488 2488 -394
2488 2495 386
2489 2489 -314
2489 2496 -744
2490 2490 -164
2490 2497 483
2491 2491 -138
2491 2498 -360
2492 2492 506
2492 2499 -22
2493 2493 580
2493 2500 -237
2494 2494 903
2494 2501 695
2495 2495 213
2495 2502 -84
2496 2496 -762
2496 2503 -622
2497 2497 -798
2497 2504 595
2498 2498 -424
2498 2505 -600
2499 2499 59
2499 2506 -846
2500 2500 727
2500 2507 -93
2501 2501 -232
2501 2508 -44
2502 2502 -979
2502 2509 267
2503 2503 117
2503 2510 679
2504 2504 -615
2504 2511 -380
2505 2505 -939
2505 2512 858
2506 2506 -617
2506 2513 -729
2507 2507 332
2507 2514 -474
2508 2508 61
2508 2515 -783
2509 2509 -620
2509 2516 462
2510 2510 -306
2510 2517 -625
2511 2511 869
2511 2518 687
2512 2512 265
2512 2519 67
2513 2513 -127
2513 2520 345
2514 2514 -821
2514 2521 684
2515 2515 -621
2515 2522 -586
2516 2516 -646
2516 2523 -287
2517 2517 -437
2517 2524 243
2518 2518 -893
2518 2525 562
2519 2519 764
2519 2526 -458
2520 2520 193
2520 2527 273
2521 2521 963
2521 2528 -519
2522 2522 181
2522 2529 -49
2523 2523 -778
2523 2530 -362
2524 2524 368
2524 2531 164
2525 2525 687
2525 2532 -313
2526 2526 -261
2526 2533 -473
2527 2527 -538
2527 2534 161
2528 2528 -537
2528 2535 -632
2529 2529 318
2529 2536 922
2530 2530 -678
2530 2537 -418
2531 2531 803
2531 2538 542
2532 2532 651
2532 2539 292
2533 2533 -123
2533 2540 123
2534 2534 38
2534 2541 -928
2535 2535 -254
2535 2542 -204
2536 2536 427
2536 2543 441
2537 2537 678
2537 2544 356
2538 2538 -373
2538 2545 304
2539 2539 -762
2539 2546 239
2540 2540 -646
2540 2547 214
2541 2541 -432
2541 2548 -192
2542 2542 799
2542 2549 239
2543 2543 -218
2543 2550 157
2544 2544 -635
2544 2551 -84
2545 2545 -786
2545 2552 -517
2546 2546 123
2546 2553 468
2547 2547 -5
2547 2554 848
2548 2548 171
2548 2555 -109
2549 2549 960
2549 2556 493
2550 2550 -722
2550 2557 881
2551 2551 159
2551 2558 -160
2552 2552 214
2552 2559 110
2553 2553 763
2553 2560 229
2554 2554 -547
2554 2561 349
2555 2555 544
2555 2562 266
2556 2556 782
2556 2563 524
2557 2557 986
2557 2564 -312
2558 2558 712
2558 2565 -142
2559 2559 315
2559 2566 -292
2560 2560 -487
2560 2567 -123
2561 2561 -623
2561 2568 -441
2562 2562 251
2562 2569 292
2563 2563 -503
2563 2570 -437
2564 2564 -556
2564 2571 517
2565 2565 370
2565 2572 -386
2566 2566 -706
2566 2573 -428
2567 2567 797
2567 2574 112
2568 2568 444
2568 2575 242
2569 2569 156
2569 2576 714
2570 2570 533
2570 2577 -546
2571 2571 614
2571 2578 218
2572 2572 917
2572 2579 192
2573 2573 -957
2573 2580 830
2574 2574 667
2574 2581 922
2575 2575 308
2575 2582 200
2576 2576 -415
2576 2583 -752
2577 2577 856
2577 2584 583
2578 2578 -250
2578 2585 91
2579 2579 -217
2579 2586 -816
2580 2580 -766
2580 2587 -753
2581 2581 739
2581 2588 -249
2582 2582 -694
2582 2589 -451
2583 2583 -577
2583 2590 789
2584 2584 -976
2584 2591 -949
2585 2585 -720
2585 2592 -516
2586 2586 -750
2586 2593 -613
2587 2587 -149
2587 2594 441
2588 2588 766
2588 2595 -178
2589 2589 -875
2589 2596 -936
2590 2590 328
2590 2597 164
2591 2591 200
2591 2598 -841
2592 2592 -180
2592 2599 -847
2593 2593 -660
2593 2600 553
2594 2594 -330
2594 2601 927
2595 2595 -965
2595 2602 67
2596 2596 -570
2596 2603 -977
2597 2597 -901
2597 2604 -22
2598 2598 235
2598 2605 496
2599 2599 -986
2599 2606 258
2600 2600 598
2600 2607 295
2601 2601 927
2601 2608 -773
2602 2602 -557
2602 2609 624
2603 2603 612
2603 2610 -412
2604 2604 -549
2604 2611 120
2605 2605 -459
2605 2612 79
2606 2606 -292
2606 2613 779
2607 2607 762
2607 2614 437
2608 2608 -738
2608 2615 381
2609 2609 852
2609 2616 360
2610 2610 -711
2610 2617 517
2611 2611 784
2611 2618 355
2612 2612 -570
2612 2619 419
2613 2613 448
2613 2620 665
2614 2614 -344
2614 2621 -713
2615 2615 -423
2615 2622 -858
2616 2616 472
2616 2623 -878
2617 2617 -558
2617 2624 -15
2618 2618 -548
2618 2625 -134
2619 2619 -966
2619 2626 807
2620 2620 378
2620 2627 -161
2621 2621 245
2621 2628 -353
2622 2622 -453
2622 2629 366
2623 2623 225
2623 2630 706
2624 2624 502
2624 2631 386
2625 2625 863
2625 2632 -64
2626 2626 -621
2626 2633 -736
2627 2627 10
2627 2634 142
2628 2628 698
2628 2635 -447
2629 2629 538
2629 2636 -980
2630 2630 -614
2630 2637 -585
2631 2631 691
2631 2638 -758
2632 2632 -507
2632 2639 -187
2633 2633 905
2633 2640 -366
2634 2634 -910
2634 2641 909
2635 2635 -682
2635 2642 261
2636 2636 248
2636 2643 -113
2637 2637 851
2637 2644 396
2638 2638 -996
2638 2645 -903
2639 2639 -298
2639 2646 -784
2640 2640 375
2640 2647 -372
2641 2641 -998
2641 2648 -51
2642 2642 -130
2642 2649 -726
2643 2643 591
2643 2650 320
2644 2644 622
2644 2651 755
2645 2645 106
2645 2652 -644
2646 2646 174
2646 2653 -41
2647 2647 -911
2647 2654 141
2648 2648 454
2648 2655 365
2649 2649 944
2649 2656 -147
2650 2650 -543
2650 2657 -567
2651 2651 -578
2651 2658 -711
2652 2652 -454
2652 2659 -257
2653 2653 263
2653 2660 -710
2654 2654 -30
2654 2661 -398
2655 2655 -491
2655 2662 144
2656 2656 486
2656 2663 -603
2657 2657 -552
2657 2664 464
2658 2658 345
2658 2665 555
2659 2659 234
2659 2666 -512
2660 2660 -236
2660 2667 -732
2661 2661 906
2661 2668 107
2662 2662 33
2662 2669 -895
2663 2663 238
2663 2670 855
2664 2664 -106
2664 2671 63
2665 2665 646
2665 2672 -37
2666 2666 798
2666 2673 -648
2667 2667 -809
2667 2674 -562
2668 2668 -646
2668 2675 923
2669 2669 737
2669 2676 388
2670 2670 251
2670 2677 124
2671 2671 -913
2671 2678 315
2672 2672 -203
2672 2679 542
2673 2673 -563
2673 2680 -4
2674 2674 -840
2674 2681 40
2675 2675 341
2675 2682 939
2676 2676 602
2676 2683 -263
2677 2677 479
2677 2684 993
2678 2678 -578
2678 2685 723
2679 2679 -987
2679 2686 22
2680 2680 -832
2680 2687 -937
2681 2681 863
2681 2688 -307
2682 2682 -109
2682 2689 -153
2683 2683 -150
2683 2690 -331
2684 2684 -626
2684 2691 566
2685 2685 -923
2685 2692 373
2686 2686 -685
2686 2693 476
2687 2687 -166
2687 2694 -484
2688 2688 447
2688 2695 239
2689 2689 -497
2689 2696 868
2690 2690 179
2690 2697 -357
2691 2691 159
2691 2698 521
2692 2692 955
2692 2699 -34
2693 2693 -411
2693 2700 778
2694 2694 -382
2694 2701 619
2695 2695 140
2695 2702 550
2696 2696 -884
2696 2703 270
2697 2697 429
2697 2704 -757
2698 2698 943
2698 2705 71
2699 2699 974
2699 2706 842
2700 2700 -436
2700 2707 -346
2701 2701 -545
2701 2708 -509
2702 2702 397
2702 2709 -687
2703 2703 543
2703 2710 -436
2704 2704 564
2704 2711 -733
2705 2705 209
2705 2712 -35
2706 2706 -218
2706 2713 -317
2707 2707 -899
2707 2714 -508
2708 2708 -949
2708 2715 -897
2709 2709 498
2709 2716 143
2710 2710 827
2710 2717 -906
2711 2711 785
2711 2718 448
2712 2712 -360
2712 2719 455
2713 2713 968
2713 2720 -598
2714 2714 -315
2714 2721 -405
2715 2715 324
2715 2722 -712
2716 2716 522
2716 2723 -232
2717 2717 903
2717 2724 -357
2718 2718 251
2718 2725 -874
2719 2719 731
2719 2726 316
2720 2720 -97
2720 2727 -724
2721 2721 30
2721 2728 -47
2722 2722 145
2722 2729 165
2723 2723 172
2723 2730 -439
2724 2724 548
2724 2731 792
2725 2725 -27
2725 2732 -932
2726 2726 -89
2726 2733 -695
2727 2727 922
2727 2734 524
2728 2728 682
2728 2735 -433
2729 2729 -7
2729 2736 -898
2730 2730 -752
2730 2737 -257
2731 2731 700
2731 2738 345
2732 2732 152
2732 2739 -592
2733 2733 147
2733 2740 616
2734 2734 -515
2734 2741 -634
2735 2735 972
2735 2742 833
2736 2736 268
2736 2743 114
2737 2737 545
2737 2744 749
2738 2738 -476
2738 2745 -198
2739 2739 -533
2739 2746 -300
2740 2740 216
2740 2747 129
2741 2741 -760
2741 2748 436
2742 2742 -628
2742 2749 130
2743 2743 -570
2743 2750 413
2744 2744 -759
2744 2751 -351
2745 2745 -351
2745 2752 -721
2746 2746 896
2746 2753 -816
2747 2747 -721
2747 2754 873
2748 2748 -635
2748 2755 423
2749 2749 99
2749 2756 -555
2750 2750 152
2750 2757 -854
2751 2751 -78
2751 2758 -282
2752 2752 -703
2752 2759 327
2753 2753 482
2753 2760 -537
2754 2754 -344
2754 2761 -969
2755 2755 29
2755 2762 761
2756 2756 148
2756 2763 -324
2757 2757 -651
2757 2764 -484
2758 2758 313
2758 2765 -135
2759 2759 -757
2759 2766 467
2760 2760 371
2760 2767 302
2761 2761 -831
2761 2768 -820
2762 2762 -199
2762 2769 967
2763 2763 -272
2763 2770 -437
2764 2764 862
2764 2771 -398
2765 2765 -512
2765 2772 959
2766 2766 758
2766 2773 -662
2767 2767 -380
2767 2774 -893
2768 2768 79
2768 2775 -588
2769 2769 -675
2769 2776 709
2770 2770 257
2770 2777 -575
2771 2771 68
2771 2778 225
2772 2772 -117
2772 2779 -9
2773 2773 -687
2773 2780 781
2774 2774 -380
2774 2781 -547
2775 2775 -22
2775 2782 -356
2776 2776 -877
2776 2783 -609
2777 2777 -296
2777 2784 695
2778 2778 -480
2778 2785 239
2779 2779 759
2779 2786 485
2780 2780 363
2780 2787 -982
2781 2781 104
2781 2788 -209
2782 2782 312
2782 2789 -913
2783 2783 837
2783 2790 933
2784 2784 -613
2784 2791 -99
2785 2785 515
2785 2792 -34
2786 2786 -124
2786 2793 455
2787 2787 -276
2787 2794 -843
2788 2788 -874
2788 2795 579
2789 2789 66
2789 2796 391
2790 2790 225
2790 2797 -677
2791 2791 -132
2791 2798 854
2792 2792 257
2792 2799 798
2793 2793 91
2793 2800 -263
2794 2794 -633
2794 2801 -230
2795 2795 146
2795 2802 645
2796 2796 474
2796 2803 606
2797 2797 -792
2797 2804 961
2798 2798 10
2798 2805 -962
2799 2799 -772
2799 2806 -775
2800 2800 -991
2800 2807 -952
2801 2801 16
2801 2808 569
2802 2802 240
2802 2809 -782
2803 2803 -288
2803 2810 169
2804 2804 396
2804 2811 659
2805 2805 379
2805 2812 -58
2806 2806 633
2806 2813 -382
2807 2807 -230
2807 2814 905
2808 2808 203
2808 2815 988
2809 2809 747
2809 2816 61
2810 2810 246
2810 2817 192
2811 2811 -898
2811 2818 -37
2812 2812 -472
2812 2819 -970
2813 2813 297
2813 2820 833
2814 2814 831
2814 2821 797
2815 2815 777
2815 2822 232
2816 2816 301
2816 2823 852
2817 2817 -789
2817 2824 -947
2818 2818 -832
2818 2825 -173
2819 2819 754
2819 2826 -717
2820 2820 227
2820 2827 -698
2821 2821 617
2821 2828 -289
2822 2822 -942
2822 2829 -737
2823 2823 192
2823 2830 -16
2824 2824 710
2824 2831 -577
2825 2825 928
2825 2832 -563
2826 2826 -725
2826 2833 -201
2827 2827 -302
2827 2834 -311
2828 2828 -42
2828 2835 -551
2829 2829 186
2829 2836 -468
2830 2830 -134
2830 2837 799
2831 2831 -613
2831 2838 -756
2832 2832 -649
2832 2839 494
2833 2833 798
2833 2840 -681
2834 2834 -525
2834 2841 381
2835 2835 -474
2835 2842 -51
2836 2836 700
2836 2843 -191
2837 2837 -580
2837 2844 -922
2838 2838 902
2838 2845 339
2839 2839 723
2839 2846 148
2840 2840 351
2840 2847 42
2841 2841 -270
2841 2848 -443
2842 2842 -222
2842 2849 848
2843 2843 -501
2843 2850 -978
2844 2844 486
2844 2851 -995
2845 2845 700
2845 2852 135
2846 2846 605
2846 2853 -34
2847 2847 691
2847 2854 73
2848 2848 407
2848 2855 653
2849 2849 -717
2849 2856 701
2850 2850 -700
2850 2857 -48
2851 2851 219
2851 2858 974
2852 2852 -216
2852 2859 -296
2853 2853 682
2853 2860 400
2854 2854 496
2854 2861 -913
2855 2855 -141
2855 2862 -995
2856 2856 464
2856 2863 907
2857 2857 -523
2857 2864 653
2858 2858 -63
2858 2865 -98
2859 2859 446
2859 2866 360
2860 2860 -39
2860 2867 -738
2861 2861 357
2861 2868 -297
2862 2862 48
2862 2869 551
2863 2863 518
2863 2870 -241
2864 2864 535
2864 2871 -78
2865 2865 531
2865 2872 -332
2866 2866 -13
2866 2873 -253
2867 2867 820
2867 2874 -53
2868 2868 -508
2868 2875 -221
2869 2869 -251
2869 2876 -955
2870 2870 -332
2870 2877 -4
2871 2871 499
2871 2878 -3
2872 2872 430
2872 2879 -285
2873 2873 -612
2873 2880 -52
2874 2874 308
2874 2881 346
2875 2875 -151
2875 2882 -158
2876 2876 232
2876 2883 14
2877 2877 -530
2877 2884 -645
2878 2878 -489
2878 2885 -273
2879 2879 996
2879 2886 892
2880 2880 -610
2880 2887 232
2881 2881 -83
2881 2888 705
2882 2882 -573
2882 2889 -384
2883 2883 50
2883 2890 357
2884 2884 845
2884 2891 360
2885 2885 936
2885 2892 418
2886 2886 -406
2886 2893 226
2887 2887 -868
2887 2894 -356
2888 2888 748
2888 2895 -906
2889 2889 -406
2889 2896 -687
2890 2890 590
2890 2897 238
2891 2891 284
2891 2898 338
2892 2892 28
2892 2899 -956
2893 2893 657
2893 2900 -758
2894 2894 -836
2894 2901 -391
2895 2895 -697
2895 2902 851
2896 2896 -659
2896 2903 806
2897 2897 -796
2897 2904 -259
2898 2898 -43
2898 2905 152
2899 2899 -351
2899 2906 -561
2900 2900 -345
2900 2907 890
2901 2901 -548
2901 2908 264
2902 2902 324
2902 2909 -359
2903 2903 350
2903 2910 -331
2904 2904 -322
2904 2911 -206
2905 2905 -212
2905 2912 -8
2906 2906 -277
2906 2913 89
2907 2907 571
2907 2914 496
2908 2908 -464
2908 2915 -111
2909 2909 44
2909 2916 210
2910 2910 -497
2910 2917 554
2911 2911 66
2911 2918 -188
2912 2912 452
2912 2919 -241
2913 2913 -624
2913 2920 713
2914 2914 -26
2914 2921 412
2915 2915 744
2915 2922 191
2916 2916 -340
2916 2923 -295
2917 2917 977
2917 2924 -735
2918 2918 -266
2918 2925 895
2919 2919 -227
2919 2926 -13
2920 2920 -730
2920 2927 398
2921 2921 -965
2921 2928 -354
2922 2922 -37
2922 2929 483
2923 2923 -699
2923 2930 720
2924 2924 -456
2924 2931 -713
2925 2925 92
2925 2932 805
2926 2926 571
2926 2933 -629
2927 2927 -437
2927 2934 753
2928 2928 -48
2928 2935 675
2929 2929 640
2929 2936 909
2930 2930 868
2930 2937 -86
2931 2931 -485
2931 2938 351
2932 2932 -153
2932 2939 -421
2933 2933 878
2933 2940 -188
2934 2934 654
2934 2941 815
2935 2935 54
2935 2942 590
2936 2936 -817
2936 2943 -149
2937 2937 -877
2937 2944 405
2938 2938 -230
2938 2945 396
2939 2939 -69
2939 2946 972
2940 2940 -831
2940 2947 -681
2941 2941 354
2941 2948 71
2942 2942 819
2942 2949 -244
2943 2943 -720
2943 2950 124
2944 2944 -516
2944 2951 -624
2945 2945 45
2945 2952 459
2946 2946 -727
2946 2953 -949
2947 2947 608
2947 2954 -808
2948 2948 961
2948 2955 -320
2949 2949 437
2949 2956 -295
2950 2950 744
2950 2957 -953
2951 2951 43
2951 2958 580
2952 2952 -392
2952 2959 -538
2953 2953 -816
2953 2960 409
2954 2954 -532
2954 2961 -867
2955 2955 -906
2955 2962 -814
2956 2956 -677
2956 2963 -298
2957 2957 -351
2957 2964 867
2958 2958 -295
2958 2965 -777
2959 2959 -458
2959 2966 -491
2960 2960 -194
2960 2967 -91
2961 2961 -22
2961 2968 263
2962 2962 -315
2962 2969 218
2963 2963 -764
2963 2970 660
2964 2964 -543
2964 2971 -898
2965 2965 -708
2965 2972 42
2966 2966 -675
2966 2973 -154
2967 2967 493
2967 2974 681
2968 2968 -359
2968 2975 -704
2969 2969 680
2969 2976 710
2970 2970 -555
2970 2977 -652
2971 2971 -823
2971 2978 239
2972 2972 490
2972 2979 -778
2973 2973 399
2973 2980 -342
2974 2974 312
2974 2981 715
2975 2975 85
2975 2982 358
2976 2976 725
2976 2983 -198
2977 2977 -727
2977 2984 453
2978 2978 790
2978 2985 -349
2979 2979 -712
2979 2986 373
2980 2980 85
2980 2987 121
2981 2981 -79
2981 2988 -344
2982 2982 780
2982 2989 992
2983 2983 882
2983 2990 -2
2984 2984 565
2984 2991 -55
2985 2985 314
2985 2992 -278
2986 2986 446
2986 2993 -518
2987 2987 -880
2987 2994 15
2988 2988 -876
2988 2995 81
2989 2989 71
2989 2996 -975
2990 2990 -579
2990 2997 143
2991 2991 -651
2991 2998 -285
2992 2992 -347
2992 2999 340
2993 2993 868
2993 3000 -129
2994 2994 -468
2994 3001 901
2995 2995 -675
2995 3002 623
2996 2996 391
2996 3003 -315
2997 2997 672
2997 3004 779
2998 2998 109
2998 3005 -836
2999 2999 709
2999 3006 858
3000 3000 807
3000 3007 467
3001 3001 581
3001 3008 -56
3002 3002 -590
3002 3009 -668
3003 3003 -371
3003 3010 135
3004 3004 -454
3004 3011 -345
3005 3005 -830
3005 3012 455
3006 3006 -41
3006 3013 684
3007 3007 974
3007 3014 764
3008 3008 -683
3008 3015 -399
3009 3009 -670
3009 3016 756
3010 3010 -433
3010 3017 587
3011 3011 -977
3011 3018 658
3012 3012 -539
3012 3019 307
3013 3013 -95
3013 3020 -155
3014 3014 -395
3014 3021 -168
3015 3015 -683
3015 3022 930
3016 3016 356
3016 3023 -473
3017 3017 921
3017 3024 260
3018 3018 -61
3018 3025 -486
3019 3019 10
3019 3026 946
3020 3020 95
3020 3027 -47
3021 3021 -755
3021 3028 -486
3022 3022 433
3022 3029 -796
3023 3023 93
3023 3030 -355
3024 3024 784
3024 3031 675
3025 3025 398
3025 3032 -571
3026 3026 -630
3026 3033 -125
3027 3027 -415
3027 3034 680
3028 3028 -190
3028 3035 441
3029 3029 41
3029 3036 -238
3030 3030 -555
3030 3037 166
3031 3031 -195
3031 3038 318
3032 3032 432
3032 3039 -816
3033 3033 -938
3033 3040 91
3034 3034 -271
3034 3041 -988
3035 3035 -814
3035 3042 252
3036 3036 -454
3036 3043 -562
3037 3037 -326
3037 3044 222
3038 3038 3
3038 3045 182
3039 3039 -340
3039 3046 -26
3040 3040 -13
3040 3047 615
3041 3041 -317
3041 3048 460
3042 3042 -512
3042 3049 338
3043 3043 621
3043 3050 -380
3044 3044 860
3044 3051 342
3045 3045 -387
3045 3052 -22
3046 3046 43
3046 3053 -460
3047 3047 -67
3047 3054 -890
3048 3048 -282
3048 3055 -650
3049 3049 -138
3049 3056 -65
3050 3050 -563
3050 3057 602
3051 3051 -467
3051 3058 -977
3052 3052 -597
3052 3059 -273
3053 3053 -453
3053 3060 392
3054 3054 -226
3054 3061 -790
3055 3055 -389
3055 3062 838
3056 3056 454
3056 3063 -616
3057 3057 -72
3057 3064 -702
3058 3058 -935
3058 3065 902
3059 3059 -66
3059 3066 15
3060 3060 762
3060 3067 -348
3061 3061 844
3061 3068 -134
3062 3062 -300
3062 3069 -916
3063 3063 539
3063 3070 297
3064 3064 554
3064 3071 997
3065 3065 -365
3065 3072 -889
3066 3066 624
3066 3073 4
3067 3067 739
3067 3074 -582
3068 3068 -479
3068 3075 100
3069 3069 -127
3069 3076 385
3070 3070 565
3070 3077 -304
3071 3071 597
3071 3078 -784
3072 3072 -310
3072 3079 465
3073 3073 -637
3073 3080 875
3074 3074 -943
3074 3081 -877
3075 3075 -434
3075 3082 951
3076 3076 571
3076 3083 769
3077 3077 798
3077 3084 -438
3078 3078 -143
3078 3085 -888
3079 3079 -465
3079 3086 983
3080 3080 -556
3080 3087 453
3081 3081 -298
3081 3088 815
3082 3082 133
3082 3089 85
3083 3083 -291
3083 3090 -932
3084 3084 590
3084 3091 535
3085 3085 13
3085 3092 -269
3086 3086 733
3086 3093 -276
3087 3087 851
3087 3094 774
3088 3088 -79
3088 3095 491
3089 3089 32
3089 3096 -561
3090 3090 443
3090 3097 -867
3091 3091 -475
3091 3098 214
3092 3092 -735
3092 3099 -159
3093 3093 -21
3093 3100 849
3094 3094 228
3094 3101 -804
3095 3095 -414
3095 3102 -10
3096 3096 260
3096 3103 -878
3097 3097 -7
3097 3104 -61
3098 3098 442
3098 3105 -784
3099 3099 -556
3099 3106 155
3100 3100 75
3100 3107 -444
3101 3101 -175
3101 3108 -901
3102 3102 571
3102 3109 458
3103 3103 -91
3103 3110 -890
3104 3104 -272
3104 3111 861
3105 3105 -226
3105 3112 -482
3106 3106 854
3106 3113 493
3107 3107 47
3107 3114 -804
3108 3108 525
3108 3115 -139
3109 3109 688
3109 3116 -804
3110 3110 61
3110 3117 -485
3111 3111 -902
3111 3118 852
3112 3112 482
3112 3119 362
3113 3113 532
3113 3120 -145
3114 3114 957
3114 3121 714
3115 3115 962
3115 3122 -928
3116 3116 -199
3116 3123 200
3117 3117 -604
3117 3124 -329
3118 3118 396
3118 3125 -961
3119 3119 821
3119 3126 274
3120 3120 951
3120 3127 264
3121 3121 -733
3121 3128 461
3122 3122 569
3122 3129 78
3123 3123 -844
3123 3130 562
3124 3124 244
3124 3131 -295
3125 3125 -717
3125 3132 -155
3126 3126 -945
3126 3133 717
3127 3127 -619
3127 3134 746
3128 3128 -906
3128 3135 -668
3129 3129 -499
3129 3136 -980
3130 3130 267
3130 3137 82
3131 3131 -471
3131 3138 -130
3132 3132 783
3132 3139 -464
3133 3133 -753
3133 3140 -646
3134 3134 -224
3134 3141 -983
3135 3135 -654
3135 3142 789
3136 3136 -98
3136 3143 729
3137 3137 -271
3137 3144 588
3138 3138 -320
3138 3145 -423
3139 3139 617
3139 3146 560
3140 3140 -962
3140 3147 290
3141 3141 -144
3141 3148 29
3142 3142 215
3142 3149 -229
3143 3143 561
3143 3150 -530
3144 3144 -507
3144 3151 -831
3145 3145 484
3145 3152 560
3146 3146 -596
3146 3153 276
3147 3147 931
3147 3154 499
3148 3148 -299
3148 3155 790
3149 3149 229
3149 3156 -665
3150 3150 -366
3150 3157 383
3151 3151 514
3151 3158 507
3152 3152 735
3152 3159 -591
3153 3153 834
3153 3160 -788
3154 3154 -949
3154 3161 277
3155 3155 -955
3155 3162 885
3156 3156 843
3156 3163 -152
3157 3157 896
3157 3164 -343
3158 3158 361
3158 3165 -888
3159 3159 -446
3159 3166 909
3160 3160 -240
3160 3167 -778
3161 3161 533
3161 3168 654
3162 3162 589
3162 3169 168
3163 3163 38
3163 3170 382
3164 3164 965
3164 3171 -78
3165 3165 -180
3165 3172 926
3166 3166 -349
3166 3173 11
3167 3167 -419
3167 3174 712
3168 3168 370
3168 3175 -966
3169 3169 -29
3169 3176 -233
3170 3170 277
3170 3177 -135
3171 3171 389
3171 3178 -348
3172 3172 -250
3172 3179 -649
3173 3173 442
3173 3180 -526
3174 3174 399
3174 3181 80
3175 3175 -467
3175 3182 302
3176 3176 355
3176 3183 -354
3177 3177 569
3177 3184 -285
3178 3178 -971
3178 3185 143
3179 3179 940
3179 3186 -387
3180 3180 580
3180 3187 647
3181 3181 -976
3181 3188 822
3182 3182 326
3182 3189 -620
3183 3183 -103
3183 3190 83
3184 3184 437
3184 3191 914
3185 3185 -629
3185 3192 17
3186 3186 -282
3186 3193 941
3187 3187 -216
3187 3194 777
3188 3188 592
3188 3195 112
3189 3189 -491
3189 3196 118
3190 3190 -31
3190 3197 413
3191 3191 -517
3191 3198 927
3192 3192 373
3192 3199 579
3193 3193 591
3193 3200 865
3194 3194 14
3194 3201 -165
3195 3195 522
3195 3202 -414
3196 3196 1
3196 3203 -602
3197 3197 284
3197 3204 543
3198 3198 -464
3198 3205 -561
3199 3199 743
3199 3206 531
3200 3200 -33
3200 3207 348
3201 3201 316
3201 3208 -608
3202 3202 -974
3202 3209 127
3203 3203 996
3203 3210 -574
3204 3204 -894
3204 3211 180
3205 3205 -458
3205 3212 -10
3206 3206 -177
3206 3213 -62
3207 3207 571
3207 3214 546
3208 3208 -971
3208 3215 432
3209 3209 -496
3209 3216 467
3210 3210 363
3210 3217 254
3211 3211 386
3211 3218 -598
3212 3212 -385
3212 3219 -927
3213 3213 802
3213 3220 94
3214 3214 11
3214 3221 151
3215 3215 -950
3215 3222 -500
3216 3216 416
3216 3223 -366
3217 3217 -961
3217 3224 -361
3218 3218 -299
3218 3225 -784
3219 3219 -989
3219 3226 493
3220 3220 -183
3220 3227 145
3221 3221 660
3221 3228 -125
3222 3222 -962
3222 3229 484
3223 3223 -957
3223 3230 455
3224 3224 -401
3224 3231 -836
3225 3225 -60
3225 3232 -934
3226 3226 -820
3226 3233 -964
3227 3227 -43
3227 3234 452
3228 3228 671
3228 3235 -691
3229 3229 -201
3229 3236 853
3230 3230 145
3230 3237 734
3231 3231 -759
3231 3238 671
3232 3232 219
3232 3239 685
3233 3233 352
3233 3240 676
3234 3234 678
3234 3241 -840
3235 3235 -768
3235 3242 124
3236 3236 198
3236 3243 849
3237 3237 261
3237 3244 -436
3238 3238 -458
3238 3245 677
3239 3239 -334
3239 3246 -512
3240 3240 -64
3240 3247 -269
3241 3241 672
3241 3248 612
3242 3242 -586
3242 3249 -885
3243 3243 729
3243 3250 -490
3244 3244 -909
3244 3251 500
3245 3245 882
3245 3252 918
3246 3246 30
3246 3253 -598
3247 3247 -981
3247 3254 -577
3248 3248 665
3248 3255 -528
3249 3249 796
3249 3256 -462
3250 3250 -632
3250 3257 -741
3251 3251 369
3251 3258 409
3252 3252 -252
3252 3259 -13
3253 3253 -861
3253 3260 203
3254 3254 -396
3254 3261 -868
3255 3255 339
3255 3262 -976
3256 3256 593
3256 3263 -456
3257 3257 308
3257 3264 -939
3258 3258 8
3258 3265 370
3259 3259 -703
3259 3266 -962
3260 3260 -487
3260 3267 266
3261 3261 655
3261 3268 -898
3262 3262 997
3262 3269 693
3263 3263 774
3263 3270 -129
3264 3264 -256
3264 3271 294
3265 3265 -642
3265 3272 -806
3266 3266 -5
3266 3273 -670
3267 3267 566
3267 3274 553
3268 3268 601
3268 3275 655
3269 3269 70
3269 3276 762
3270 3270 -442
3270 3277 641
3271 3271 659
3271 3278 901
3272 3272 902
3272 3279 62
3273 3273 -287
3273 3280 -365
3274 3274 63
3274 3281 -977
3275 3275 464
3275 3282 433
3276 3276 -739
3276 3283 -160
3277 3277 63
3277 3284 -348
3278 3278 -167
3278 3285 978
3279 3279 569
3279 3286 -194
3280 3280 135
3280 3287 837
3281 3281 596
3281 3288 -539
3282 3282 791
3282 3289 904
3283 3283 471
3283 3290 861
3284 3284 -669
3284 3291 324
3285 3285 501
3285 3292 -702
3286 3286 662
3286 3293 -919
3287 3287 740
3287 3294 890
3288 3288 425
3288 3295 709
3289 3289 325
3289 3296 -60
3290 3290 -866
3290 3297 -623
3291 3291 -24
3291 3298 -639
3292 3292 377
3292 3299 841
3293 3293 285
3293 3300 -698
3294 3294 -217
3294 3301 -514
3295 3295 -562
3295 3302 -59
3296 3296 -347
3296 3303 87
3297 3297 -76
3297 3304 -705
3298 3298 -798
3298 3305 643
3299 3299 -799
3299 3306 331
3300 3300 -841
3300 3307 442
3301 3301 64
3301 3308 660
3302 3302 817
3302 3309 -42
3303 3303 748
3303 3310 -142
3304 3304 -774
3304 3311 -290
3305 3305 342
3305 3312 -23
3306 3306 -240
3306 3313 371
3307 3307 305
3307 3314 973
3308 3308 -178
3308 3315 -514
3309 3309 -30
3309 3316 -746
3310 3310 -984
3310 3317 -422
3311 3311 690
3311 3318 516
3312 3312 400
3312 3319 794
3313 3313 76
3313 3320 369
3314 3314 153
3314 3321 -515
3315 3315 868
3315 3322 -916
3316 3316 615
3316 3323 474
3317 3317 -996
3317 3324 -684
3318 3318 -290
3318 3325 612
3319 3319 -957
3319 3326 -496
3320 3320 132
3320 3327 889
3321 3321 9
3321 3328 116
3322 3322 49
3322 3329 763
3323 3323 -77
3323 3330 -825
3324 3324 -130
3324 3331 -201
3325 3325 -925
3325 3332 -128
3326 3326 -559
3326 3333 90
3327 3327 -604
3327 3334 238
3328 3328 -524
3328 3335 -173
3329 3329 -665
3329 3336 918
3330 3330 -765
3330 3337 -135
3331 3331 827
3331 3338 581
3332 3332 -918
3332 3339 191
3333 3333 -103
3333 3340 -61
3334 3334 62
3334 3341 293
3335 3335 865
3335 3342 -103
3336 3336 -137
3336 3343 -34
3337 3337 -786
3337 3344 244
3338 3338 984
3338 3345 840
3339 3339 -471
3339 3346 681
3340 3340 -335
3340 3347 -978
3341 3341 -152
3341 3348 -538
3342 3342 460
3342 3349 -327
3343 3343 61
3343 3350 382
3344 3344 -451
3344 3351 -902
3345 3345 54
3345 3352 -337
3346 3346 -325
3346 3353 -220
3347 3347 -810
3347 3354 -868
3348 3348 -102
3348 3355 -324
3349 3349 817
3349 3356 -396
3350 3350 -8
3350 3357 454
3351 3351 -396
3351 3358 504
3352 3352 -72
3352 3359 -673
3353 3353 -758
3353 3360 732
3354 3354 -772
3354 3361 802
3355 3355 155
3355 3362 871
3356 3356 309
3356 3363 778
3357 3357 423
3357 3364 -566
3358 3358 -368
3358 3365 -396
3359 3359 299
3359 3366 -22
3360 3360 -163
3360 3367 -694
3361 3361 365
3361 3368 100
3362 3362 437
3362 3369 957
3363 3363 -202
3363 3370 -133
3364 3364 233
3364 3371 -576
3365 3365 -106
3365 3372 -271
3366 3366 -726
3366 3373 -635
3367 3367 -97
3367 3374 -980
3368 3368 -212
3368 3375 686
3369 3369 -582
3369 3376 962
3370 3370 -305
3370 3377 532
3371 3371 887
3371 3378 710
3372 3372 920
3372 3379 -353
3373 3373 514
3373 3380 546
3374 3374 -435
3374 3381 160
3375 3375 -481
3375 3382 -205
3376 3376 -488
3376 3383 197
3377 3377 792
3377 3384 -714
3378 3378 358
3378 3385 437
3379 3379 825
3379 3386 904
3380 3380 710
3380 3387 87
3381 3381 -377
3381 3388 22
3382 3382 -549
3382 3389 644
3383 3383 124
3383 3390 74
3384 3384 974
3384 3391 378
3385 3385 817
3385 3392 -755
3386 3386 496
3386 3393 575
3387 3387 -995
3387 3394 -899
3388 3388 88
3388 3395 -894
3389 3389 -215
3389 3396 -744
3390 3390 -601
3390 3397 301
3391 3391 -913
3391 3398 -139
3392 3392 -610
3392 3399 47
3393 3393 -131
3393 3400 -373
3394 3394 -571
3394 3401 14
3395 3395 -697
3395 3402 -550
3396 3396 372
3396 3403 -910
3397 3397 -155
3397 3404 140
3398 3398 486
3398 3405 -976
3399 3399 -757
3399 3406 343
3400 3400 -443
3400 3407 -772
3401 3401 -50
3401 3408 295
3402 3402 212
3402 3409 819
3403 3403 960
3403 3410 2
3404 3404 -641
3404 3411 -738
3405 3405 787
3405 3412 -188
3406 3406 -303
3406 3413 282
3407 3407 -249
3407 3414 597
3408 3408 512
3408 3415 -877
3409 3409 -523
3409 3416 -803
3410 3410 -207
3410 3417 852
3411 3411 650
3411 3418 -858
3412 3412 618
3412 3419 -562
3413 3413 396
3413 3420 293
3414 3414 -811
3414 3421 -202
3415 3415 -499
3415 3422 309
3416 3416 -216
3416 3423 -938
3417 3417 -320
3417 3424 -325
3418 3418 -255
3418 3425 -334
3419 3419 -919
3419 3426 -819
3420 3420 -677
3420 3427 558
3421 3421 889
3421 3428 740
3422 3422 -858
3422 3429 764
3423 3423 -199
3423 3430 -422
3424 3424 -336
3424 3431 919
3425 3425 -78
3425 3432 671
3426 3426 106
3426 3433 31
3427 3427 -163
3427 3434 -500
3428 3428 136
3428 3435 259
3429 3429 728
3429 3436 -511
3430 3430 545
3430 3437 78
3431 3431 751
3431 3438 328
3432 3432 -336
3432 3439 920
3433 3433 -967
3433 3440 -430
3434 3434 -677
3434 3441 267
3435 3435 -480
3435 3442 856
3436 3436 590
3436 3443 522
3437 3437 -950
3437 3444 510
3438 3438 181
3438 3445 94
3439 3439 455
3439 3446 -943
3440 3440 727
3440 3447 129
3441 3441 236
3441 3448 -561
3442 3442 363
3442 3449 219
3443 3443 878
3443 3450 -535
3444 3444 -608
3444 3451 948
3445 3445 543
3445 3452 25
3446 3446 261
3446 3453 -552
3447 3447 -24
3447 3454 -260
3448 3448 -33
3448 3455 460
3449 3449 -868
3449 3456 950
3450 3450 -911
3450 3457 -737
3451 3451 -947
3451 3458 -681
3452 3452 504
3452 3459 -757
3453 3453 -2
3453 3460 -759
3454 3454 346
3454 3461 897
3455 3455 -321
3455 3462 -993
3456 3456 971
3456 3463 568
3457 3457 131
3457 3464 249
3458 3458 -70
3458 3465 145
3459 3459 -734
3459 3466 358
3460 3460 441
3460 3467 180
3461 3461 -369
3461 3468 474
3462 3462 -752
3462 3469 580
3463 3463 -606
3463 3470 -62
3464 3464 -450
3464 3471 565
3465 3465 -410
3465 3472 681
3466 3466 -166
3466 3473 -872
3467 3467 21
3467 3474 227
3468 3468 891
3468 3475 -941
3469 3469 57
3469 3476 -249
3470 3470 -206
3470 3477 -379
3471 3471 903
3471 3478 844
3472 3472 -760
3472 3479 -749
3473 3473 -606
3473 3480 -195
3474 3474 395
3474 3481 117
3475 3475 -551
3475 3482 117
3476 3476 614
3476 3483 -875
3477 3477 -921
3477 3484 -212
3478 3478 21
3478 3485 532
3479 3479 863
3479 3486 -104
3480 3480 -677
3480 3487 205
3481 3481 790
3481 3488 -98
3482 3482 469
3482 3489 -364
3483 3483 -56
3483 3490 -536
3484 3484 692
3484 3491 -432
3485 3485 967
3485 3492 436
3486 3486 186
3486 3493 -790
3487 3487 -501
3487 3494 -452
3488 3488 -729
3488 3495 607
3489 3489 -195
3489 3496 428
3490 3490 -785
3490 3497 -523
3491 3491 810
3491 3498 -856
3492 3492 689
3492 3499 -281
3493 3493 -203
3493 3500 -284
3494 3494 -744
3494 3501 947
3495 3495 -443
3495 3502 109
3496 3496 -228
3496 3503 113
3497 3497 727
3497 3504 -84
3498 3498 677
3498 3505 591
3499 3499 -445
3499 3506 -772
3500 3500 906
3500 3507 -485
3501 3501 -1
3501 3508 -639
3502 3502 590
3502 3509 968
3503 3503 728
3503 3510 -773
3504 3504 771
3504 3511 399
3505 3505 397
3505 3512 -437
3506 3506 -276
3506 3513 -383
3507 3507 -875
3507 3514 -145
3508 3508 -452
3508 3515 200
3509 3509 -297
3509 3516 159
3510 3510 941
3510 3517 -545
3511 3511 155
3511 3518 26
3512 3512 18
3512 3519 185
3513 3513 -838
3513 3520 122
3514 3514 -547
3514 3521 -377
3515 3515 729
3515 3522 198
3516 3516 -34
3516 3523 310
3517 3517 -59
3517 3524 106
3518 3518 504
3518 3525 -108
3519 3519 -167
3519 3526 838
3520 3520 -111
3520 3527 233
3521 3521 543
3521 3528 -812
3522 3522 -779
3522 3529 205
3523 3523 82
3523 3530 -478
3524 3524 -328
3524 3531 698
3525 3525 292
3525 3532 581
3526 3526 -471
3526 3533 -264
3527 3527 908
3527 3534 -226
3528 3528 -851
3528 3535 -414
3529 3529 464
3529 3536 216
3530 3530 -674
3530 3537 -910
3531 3531 780
3531 3538 -467
3532 3532 339
3532 3539 -28
3533 3533 184
3533 3540 568
3534 3534 -905
3534 3541 225
3535 3535 -374
3535 3542 -222
3536 3536 211
3536 3543 207
3537 3537 400
3537 3544 -401
3538 3538 11
3538 3545 -263
3539 3539 -466
3539 3546 40
3540 3540 866
3540 3547 590
3541 3541 -189
3541 3548 -399
3542 3542 982
3542 3549 -811
3543 3543 97
3543 3550 -31
3544 3544 -778
3544 3551 -817
3545 3545 -423
3545 3552 -33
3546 3546 -160
3546 3553 657
3547 3547 -291
3547 3554 -904
3548 3548 -274
3548 3555 792
3549 3549 966
3549 3556 8
3550 3550 696
3550 3557 704
3551 3551 -963
3551 3558 546
3552 3552 191
3552 3559 -866
3553 3553 166
3553 3560 180
3554 3554 -567
3554 3561 -35
3555 3555 193
3555 3562 169
3556 3556 352
3556 3563 -291
3557 3557 -156
3557 3564 -958
3558 3558 972
3558 3565 -693
3559 3559 -638
3559 3566 -304
3560 3560 -801
3560 3567 68
3561 3561 -613
3561 3568 -684
3562 3562 -314
3562 3569 -36
3563 3563 -33
3563 3570 699
3564 3564 -421
3564 3571 -556
3565 3565 40
3565 3572 -601
3566 3566 507
3566 3573 36
3567 3567 635
3567 3574 307
3568 3568 -748
3568 3575 -95
3569 3569 455
3569 3576 -507
3570 3570 -869
3570 3577 604
3571 3571 212
3571 3578 -624
3572 3572 -105
3572 3579 -14
3573 3573 18
3573 3580 -217
3574 3574 -766
3574 3581 -657
3575 3575 456
3575 3582 -72
3576 3576 104
3576 3583 338
3577 3577 -287
3577 3584 299
3578 3578 -683
3578 3585 865
3579 3579 -900
3579 3586 -473
3580 3580 368
3580 3587 -304
3581 3581 991
3581 3588 -143
3582 3582 897
3582 3589 -121
3583 3583 353
3583 3590 768
3584 3584 598
3584 3591 193
3585 3585 202
3585 3592 -214
3586 3586 531
3586 3593 776
3587 3587 -691
3587 3594 333
3588 3588 290
3588 3595 -445
3589 3589 -37
3589 3596 -674
3590 3590 691
3590 3597 230
3591 3591 586
3591 3598 760
3592 3592 -376
3592 3599 -25
3593 3593 497
3593 3600 920
3594 3594 -203
3594 3601 644
3595 3595 -36
3595 3602 -591
3596 3596 559
3596 3603 629
3597 3597 425
3597 3604 837
3598 3598 305
3598 3605 8
3599 3599 129
3599 3606 172
3600 3600 -683
3600 3607 -36
3601 3601 44
3601 3608 928
3602 3602 -690
3602 3609 -531
3603 3603 566
3603 3610 299
3604 3604 608
3604 3611 153
3605 3605 104
3605 3612 -151
3606 3606 -861
3606 3613 -372
3607 3607 26
3607 3614 -952
3608 3608 415
3608 3615 -645
3609 3609 -635
3609 3616 -710
3610 3610 -780
3610 3617 -985
3611 3611 -766
3611 3618 204
3612 3612 -873
3612 3619 225
3613 3613 -871
3613 3620 -100
3614 3614 -910
3614 3621 -910
3615 3615 560
3615 3622 -436
3616 3616 468
3616 3623 -494
3617 3617 -44
3617 3624 349
3618 3618 -492
3618 3625 159
3619 3619 -403
3619 3626 469
3620 3620 -961
3620 3627 -950
3621 3621 -827
3621 3628 -545
3622 3622 114
3622 3629 -175
3623 3623 833
3623 3630 536
3624 3624 -936
3624 3631 -296
3625 3625 592
3625 3632 -86
3626 3626 -729
3626 3633 827
3627 3627 777
3627 3634 -33
3628 3628 -504
3628 3635 -374
3629 3629 558
3629 3636 145
3630 3630 -220
3630 3637 -265
3631 3631 -791
3631 3638 255
3632 3632 -717
3632 3639 234
3633 3633 -89
3633 3640 -654
3634 3634 -889
3634 3641 306
3635 3635 375
3635 3642 -854
3636 3636 -946
3636 3643 -737
3637 3637 761
3637 3644 393
3638 3638 859
3638 3645 280
3639 3639 689
3639 3646 -986
3640 3640 -819
3640 3647 64
3641 3641 -835
3641 3648 480
3642 3642 -372
3642 3649 -796
3643 3643 840
3643 3650 -919
3644 3644 -241
3644 3651 295
3645 3645 764
3645 3652 838
3646 3646 762
3646 3653 -81
3647 3647 -180
3647 3654 59
3648 3648 -285
3648 3655 258
3649 3649 615
3649 3656 104
3650 3650 -773
3650 3657 -746
3651 3651 -597
3651 3658 -246
3652 3652 -338
3652 3659 -629
3653 3653 252
3653 3660 -676
3654 3654 -876
3654 3661 337
3655 3655 -417
3655 3662 -639
3656 3656 622
3656 3663 161
3657 3657 509
3657 3664 -881
3658 3658 -454
3658 3665 -463
3659 3659 -506
3659 3666 827
3660 3660 850
3660 3667 -41
3661 3661 -59
3661 3668 -380
3662 3662 -409
3662 3669 612
3663 3663 -135
3663 3670 -830
3664 3664 -847
3664 3671 -264
3665 3665 155
3665 3672 -876
3666 3666 727
3666 3673 19
3667 3667 282
3667 3674 121
3668 3668 -635
3668 3675 -97
3669 3669 -560
3669 3676 -858
3670 3670 -171
3670 3677 107
3671 3671 187
3671 3678 626
3672 3672 850
3672 3679 541
3673 3673 982
3673 3680 -183
3674 3674 -192
3674 3681 -438
3675 3675 -621
3675 3682 24
3676 3676 -387
3676 3683 213
3677 3677 -205
3677 3684 489
3678 3678 296
3678 3685 433
3679 3679 329
3679 3686 -641
3680 3680 960
3680 3687 -347
3681 3681 -990
3681 3688 -472
3682 3682 664
3682 3689 -461
3683 3683 609
3683 3690 218
3684 3684 188
3684 3691 177
3685 3685 115
3685 3692 -65
3686 3686 -651
3686 3693 704
3687 3687 133
3687 3694 -153
3688 3688 776
3688 3695 259
3689 3689 779
3689 3696 806
3690 3690 -200
3690 3697 -375
3691 3691 274
3691 3698 -719
3692 3692 94
3692 3699 969
3693 3693 463
3693 3700 791
3694 3694 -647
3694 3701 964
3695 3695 -48
3695 3702 618
3696 3696 815
3696 3703 312
3697 3697 199
3697 3704 258
3698 3698 687
3698 3705 946
3699 3699 -181
3699 3706 850
3700 3700 -925
3700 3707 86
3701 3701 -229
3701 3708 616
3702 3702 -870
3702 3709 447
3703 3703 -323
3703 3710 -781
3704 3704 539
3704 3711 -556
3705 3705 389
3705 3712 287
3706 3706 509
3706 3713 91
3707 3707 -273
3707 3714 667
3708 3708 -865
3708 3715 301
3709 3709 -498
3709 3716 -348
3710 3710 343
3710 3717 29
3711 3711 -796
3711 3718 811
3712 3712 -748
3712 3719 -201
3713 3713 -678
3713 3720 -743
3714 3714 -397
3714 3721 -673
3715 3715 -361
3715 3722 299
3716 3716 105
3716 3723 989
3717 3717 356
3717 3724 683
3718 3718 -127
3718 3725 -197
3719 3719 840
3719 3726 -232
3720 3720 912
3720 3727 670
3721 3721 88
3721 3728 568
3722 3722 720
3722 3729 -665
3723 3723 -956
3723 3730 -174
3724 3724 502
3724 3731 301
3725 3725 -256
3725 3732 230
3726 3726 -379
3726 3733 724
3727 3727 332
3727 3734 635
3728 3728 -55
3728 3735 663
3729 3729 -320
3729 3736 576
3730 3730 -116
3730 3737 -907
3731 3731 -730
3731 3738 850
3732 3732 -803
3732 3739 -307
3733 3733 -875
3733 3740 669
3734 3734 171
3734 3741 -411
3735 3735 -848
3735 3742 -160
3736 3736 -424
3736 3743 210
3737 3737 -4
3737 3744 216
3738 3738 -446
3738 3745 465
3739 3739 953
3739 3746 -303
3740 3740 683
3740 3747 441
3741 3741 279
3741 3748 750
3742 3742 343
3742 3749 -130
3743 3743 -454
3743 3750 -35
3744 3744 -184
3744 3751 -500
3745 3745 952
3745 3752 -260
3746 3746 -464
3746 3753 -235
3747 3747 110
3747 3754 505
3748 3748 -79
3748 3755 -997
3749 3749 -293
3749 3756 595
3750 3750 785
3750 3757 -370
3751 3751 -283
3751 3758 78
3752 3752 -415
3752 3759 -745
3753 3753 377
3753 3760 -843
3754 3754 -862
3754 3761 521
3755 3755 296
3755 3762 -495
3756 3756 959
3756 3763 -45
3757 3757 -540
3757 3764 -736
3758 3758 453
3758 3765 539
3759 3759 -633
3759 3766 693
3760 3760 499
3760 3767 -524
3761 3761 171
3761 3768 37
3762 3762 14
3762 3769 661
3763 3763 454
3763 3770 507
3764 3764 505
3764 3771 -721
3765 3765 426
3765 3772 -534
3766 3766 247
3766 3773 508
3767 3767 312
3767 3774 -288
3768 3768 226
3768 3775 -346
3769 3769 251
3769 3776 475
3770 3770 -316
3770 3777 488
3771 3771 -100
3771 3778 842
3772 3772 -131
3772 3779 -710
3773 3773 -877
3773 3780 -614
3774 3774 766
3774 3781 -897
3775 3775 -662
3775 3782 -535
3776 3776 797
3776 3783 -106
3777 3777 -305
3777 3784 206
3778 3778 378
3778 3785 878
3779 3779 -390
3779 3786 28
3780 3780 971
3780 3787 -995
3781 3781 107
3781 3788 494
3782 3782 -172
3782 3789 769
3783 3783 162
3783 3790 -68
3784 3784 -492
3784 3791 259
3785 3785 805
3785 3792 460
3786 3786 -215
3786 3793 536
3787 3787 158
3787 3794 970
3788 3788 972
3788 3795 110
3789 3789 -536
3789 3796 -779
3790 3790 915
3790 3797 350
3791 3791 -854
3791 3798 -563
3792 3792 76
3792 3799 -117
3793 3793 -80
3793 3800 947
3794 3794 -321
3794 3801 780
3795 3795 343
3795 3802 -50
3796 3796 237
3796 3803 -554
3797 3797 228
3797 3804 696
3798 3798 -600
3798 3805 -588
3799 3799 845
3799 3806 -668
3800 3800 230
3800 3807 -883
3801 3801 562
3801 3808 -896
3802 3802 -383
3802 3809 730
3803 3803 700
3803 3810 -186
3804 3804 912
3804 3811 -407
3805 3805 392
3805 3812 -354
3806 3806 255
3806 3813 -157
3807 3807 -532
3807 3814 -825
3808 3808 646
3808 3815 953
3809 3809 663
3809 3816 577
3810 3810 -688
3810 3817 -449
3811 3811 -736
3811 3818 890
3812 3812 -652
3812 3819 -267
3813 3813 -856
3813 3820 578
3814 3814 883
3814 3821 -769
3815 3815 -286
3815 3822 158
3816 3816 -357
3816 3823 -383
3817 3817 -844
3817 3824 -681
3818 3818 -262
3818 3825 606
3819 3819 916
3819 3826 -597
3820 3820 -162
3820 3827 -420
3821 3821 317
3821 3828 550
3822 3822 995
3822 3829 522
3823 3823 -858
3823 3830 -956
3824 3824 -792
3824 3831 868
3825 3825 78
3825 3832 -126
3826 3826 -632
3826 3833 889
3827 3827 -28
3827 3834 850
3828 3828 480
3828 3835 560
3829 3829 553
3829 3836 915
3830 3830 -298
3830 3837 -52
3831 3831 23
3831 3838 698
3832 3832 -996
3832 3839 831
3833 3833 -486
3833 3840 -775
3834 3834 260
3834 3841 213
3835 3835 -477
3835 3842 234
3836 3836 -860
3836 3843 558
3837 3837 -207
3837 3844 526
3838 3838 85
3838 3845 471
3839 3839 37
3839 3846 302
3840 3840 -33
3840 3847 409
3841 3841 820
3841 3848 -757
3842 3842 22
3842 3849 864
3843 3843 436
3843 3850 -818
3844 3844 45
3844 3851 -741
3845 3845 402
3845 3852 -769
3846 3846 -739
3846 3853 -527
3847 3847 551
3847 3854 -68
3848 3848 -898
3848 3855 -36
3849 3849 -497
3849 3856 251
3850 3850 -985
3850 3857 -166
3851 3851 53
3851 3858 -478
3852 3852 -140
3852 3859 -546
3853 3853 777
3853 3860 -658
3854 3854 -289
3854 3861 205
3855 3855 -770
3855 3862 268
3856 3856 110
3856 3863 -729
3857 3857 -152
3857 3864 692
3858 3858 -754
3858 3865 -872
3859 3859 654
3859 3866 -540
3860 3860 -496
3860 3867 381
3861 3861 -585
3861 3868 405
3862 3862 -498
3862 3869 292
3863 3863 315
3863 3870 588
3864 3864 -963
3864 3871 732
3865 3865 336
3865 3872 113
3866 3866 -5
3866 3873 -509
3867 3867 -696
3867 3874 414
3868 3868 724
3868 3875 357
3869 3869 457
3869 3876 -179
3870 3870 -259
3870 3877 -752
3871 3871 -304
3871 3878 -725
3872 3872 320
3872 3879 975
3873 3873 999
3873 3880 -859
3874 3874 -77
3874 3881 471
3875 3875 409
3875 3882 911
3876 3876 -574
3876 3883 -270
3877 3877 -228
3877 3884 -575
3878 3878 -715
3878 3885 -817
3879 3879 -903
3879 3886 -358
3880 3880 649
3880 3887 472
3881 3881 85
3881 3888 -915
3882 3882 508
3882 3889 998
3883 3883 -439
3883 3890 970
3884 3884 -306
3884 3891 740
3885 3885 -230
3885 3892 907
3886 3886 962
3886 3893 407
3887 3887 437
3887 3894 174
3888 3888 823
3888 3895 -652
3889 3889 -40
3889 3896 644
3890 3890 -608
3890 3897 -603
3891 3891 8
3891 3898 -473
3892 3892 196
3892 3899 -972
3893 3893 -208
3893 3900 188
3894 3894 -349
3894 3901 245
3895 3895 -567
3895 3902 33
3896 3896 -715
3896 3903 -128
3897 3897 -291
3897 3904 -295
3898 3898 892
3898 3905 -51
3899 3899 743
3899 3906 -442
3900 3900 -874
3900 3907 219
3901 3901 -343
3901 3908 454
3902 3902 258
3902 3909 -522
3903 3903 367
3903 3910 204
3904 3904 81
3904 3911 434
3905 3905 562
3905 3912 -245
3906 3906 -988
3906 3913 -878
3907 3907 717
3907 3914 -887
3908 3908 -519
3908 3915 -348
3909 3909 -980
3909 3916 991
3910 3910 -53
3910 3917 909
3911 3911 -640
3911 3918 832
3912 3912 -45
3912 3919 413
3913 3913 -41
3913 3920 -324
3914 3914 -820
3914 3921 -879
3915 3915 -731
3915 3922 -933
3916 3916 -262
3916 3923 933
3917 3917 140
3917 3924 -867
3918 3918 656
3918 3925 803
3919 3919 950
3919 3926 997
3920 3920 874
3920 3927 556
3921 3921 978
3921 3928 988
3922 3922 779
3922 3929 -734
3923 3923 628
3923 3930 -548
3924 3924 133
3924 3931 -395
3925 3925 -725
3925 3932 -753
3926 3926 -574
3926 3933 -305
3927 3927 290
3927 3934 691
3928 3928 383
3928 3935 -837
3929 3929 109
3929 3936 -168
3930 3930 -731
3930 3937 -431
3931 3931 -148
3931 3938 -430
3932 3932 575
3932 3939 281
3933 3933 463
3933 3940 -156
3934 3934 -851
3934 3941 -161
3935 3935 315
3935 3942 -673
3936 3936 -909
3936 3943 381
3937 3937 28
3937 3944 705
3938 3938 -79
3938 3945 -297
3939 3939 -478
3939 3946 531
3940 3940 51
3940 3947 827
3941 3941 9
3941 3948 357
3942 3942 52
3942 3949 61
3943 3943 -820
3943 3950 22
3944 3944 967
3944 3951 -441
3945 3945 -862
3945 3952 168
3946 3946 843
3946 3953 827
3947 3947 -400
3947 3954 -776
3948 3948 -202
3948 3955 -713
3949 3949 -433
3949 3956 -935
3950 3950 573
3950 3957 -419
3951 3951 811
3951 3958 -170
3952 3952 -345
3952 3959 248
3953 3953 571
3953 3960 250
3954 3954 661
3954 3961 -500
3955 3955 191
3955 3962 234
3956 3956 -418
3956 3963 920
3957 3957 -614
3957 3964 102
3958 3958 -23
3958 3965 -554
3959 3959 766
3959 3966 -48
3960 3960 -144
3960 3967 -86
3961 3961 990
3961 3968 -149
3962 3962 -815
3962 3969 691
3963 3963 785
3963 3970 571
3964 3964 630
3964 3971 -336
3965 3965 -82
3965 3972 -465
3966 3966 815
3966 3973 -848
3967 3967 421
3967 3974 526
3968 3968 646
3968 3975 772
3969 3969 -617
3969 3976 250
3970 3970 -887
3970 3977 892
3971 3971 846
3971 3978 -134
3972 3972 -46
3972 3979 569
3973 3973 -63
3973 3980 -925
3974 3974 -920
3974 3981 -935
3975 3975 -898
3975 3982 884
3976 3976 40
3976 3983 620
3977 3977 407
3977 3984 560
3978 3978 710
3978 3985 693
3979 3979 482
3979 3986 -143
3980 3980 623
3980 3987 518
3981 3981 159
3981 3988 -944
3982 3982 893
3982 3989 542
3983 3983 366
3983 3990 676
3984 3984 43
3984 3991 877
3985 3985 77
3985 3992 -715
3986 3986 -97
3986 3993 810
3987 3987 347
3987 3994 409
3988 3988 -821
3988 3995 -423
3989 3989 -814
3989 3996 87
3990 3990 387
3990 3997 -377
3991 3991 -358
3991 3998 -444
3992 3992 -398
3992 3999 639
3993 3993 297
3993 4000 183
3994 3994 783
3994 4001 498
3995 3995 319
3995 4002 6
3996 3996 118
3996 4003 560
3997 3997 356
3997 4004 425
3998 3998 804
3998 4005 945
3999 3999 727
3999 4006 288
4000 4000 -314
4000 4007 664
4001 4001 125
4001 4008 507
4002 4002 334
4002 4009 299
4003 4003 -321
4003 4010 155
4004 4004 828
4004 4011 -591
4005 4005 -546
4005 4012 -834
4006 4006 -856
4006 4013 889
4007 4007 -733
4007 4014 -478
4008 4008 564
4008 4015 607
4009 4009 -281
4009 4016 -937
4010 4010 563
4010 4017 405
4011 4011 -82
4011 4018 -192
4012 4012 576
4012 4019 -717
4013 4013 554
4013 4020 629
4014 4014 -490
4014 4021 341
4015 4015 -168
4015 4022 -253
4016 4016 460
4016 4023 142
4017 4017 -547
4017 4024 -404
4018 4018 -165
4018 4025 237
4019 4019 264
4019 4026 145
4020 4020 -551
4020 4027 810
4021 4021 838
4021 4028 893
4022 4022 121
4022 4029 -650
4023 4023 -743
4023 4030 100
4024 4024 135
4024 4031 168
4025 4025 537
4025 4032 403
4026 4026 876
4026 4033 458
4027 4027 719
4027 4034 -322
4028 4028 -740
4028 4035 303
4029 4029 -161
4029 4036 701
4030 4030 -593
4030 4037 804
4031 4031 -865
4031 4038 -576
4032 4032 611
4032 4039 -274
4033 4033 -960
4033 4040 -189
4034 4034 843
4034 4041 814
4035 4035 904
4035 4042 941
4036 4036 395
4036 4043 111
4037 4037 -840
4037 4044 83
4038 4038 -206
4038 4045 829
4039 4039 -655
4039 4046 -530
4040 4040 584
4040 4047 962
4041 4041 784
4041 4048 -860
4042 4042 12
4042 4049 542
4043 4043 -371
4043 4050 502
4044 4044 491
4044 4051 -176
4045 4045 264
4045 4052 -547
4046 4046 830
4046 4053 -59
4047 4047 -308
4047 4054 553
4048 4048 -9
4048 4055 623
4049 4049 -191
4049 4056 543
4050 4050 339
4050 4057 -673
4051 4051 -803
4051 4058 205
4052 4052 -331
4052 4059 -617
4053 4053 -495
4053 4060 -12
4054 4054 242
4054 4061 -580
4055 4055 167
4055 4062 -946
4056 4056 -194
4056 4063 117
4057 4057 976
4057 4064 917
4058 4058 -894
4058 4065 -960
4059 4059 -333
4059 4066 -502
4060 4060 852
4060 4067 -421
4061 4061 125
4061 4068 566
4062 4062 45
4062 4069 -93
4063 4063 -802
4063 4070 266
4064 4064 -284
4064 4071 264
4065 4065 -86
4065 4072 995
4066 4066 561
4066 4073 -59
4067 4067 -437
4067 4074 773
4068 4068 917
4068 4075 726
4069 4069 -947
4069 4076 -627
4070 4070 894
4070 4077 -431
4071 4071 299
4071 4078 -389
4072 4072 444
4072 4079 -996
4073 4073 -322
4073 4080 -113
4074 4074 -84
4074 4081 -393
4075 4075 -292
4075 4082 519
4076 4076 677
4076 4083 55
4077 4077 -133
4077 4084 588
4078 4078 -123
4078 4085 -169
4079 4079 -449
4079 4086 -741
4080 4080 -741
4080 4087 -20
4081 4081 748
4081 4088 -129
4082 4082 -961
4082 4089 -320
4083 4083 290
4083 4090 792
4084 4084 -969
4084 4091 46
4085 4085 -64
4085 4092 778
4086 4086 32
4086 4093 -64
4087 4087 -539
4087 4094 256
4088 4088 -239
4088 4095 314
4089 4089 -231
4089 4096 -630
4090 4090 -560
4090 4097 235
4091 4091 797
4091 4098 -320
4092 4092 -510
4092 4099 -147
4093 4093 -386
4093 4100 -408
4094 4094 -905
4094 4101 -767
4095 4095 764
4095 4102 -417
4096 4096 -199
4096 4103 120
4097 4097 516
4097 4104 534
4098 4098 -200
4098 4105 381
4099 4099 -81
4099 4106 828
4100 4100 133
4100 4107 -837
4101 4101 -642
4101 4108 -269
4102 4102 289
4102 4109 290
4103 4103 -792
4103 4110 -214
4104 4104 -759
4104 4111 -659
4105 4105 -815
4105 4112 -217
4106 4106 -707
4106 4113 30
4107 4107 -963
4107 4114 767
4108 4108 933
4108 4115 649
4109 4109 -947
4109 4116 159
4110 4110 -660
4110 4117 -867
4111 4111 -815
4111 4118 -991
4112 4112 867
4112 4119 472
4113 4113 -411
4113 4120 727
4114 4114 663
4114 4121 131
4115 4115 53
4115 4122 -99
4116 4116 233
4116 4123 810
4117 4117 -996
4117 4124 -125
4118 4118 -496
4118 4125 558
4119 4119 557
4119 4126 582
4120 4120 647
4120 4127 3
4121 4121 796
4121 4128 -51
4122 4122 73
4122 4129 -336
4123 4123 -165
4123 4130 903
4124 4124 164
4124 4131 -871
4125 4125 -721
4125 4132 -645
4126 4126 -886
4126 4133 78
4127 4127 -115
4127 4134 -959
4128 4128 -379
4128 4135 984
4129 4129 900
4129 4136 -293
4130 4130 -950
4130 4137 740
4131 4131 -511
4131 4138 370
4132 4132 734
4132 4139 861
4133 4133 -549
4133 4140 -254
4134 4134 102
4134 4141 -979
4135 4135 413
4135 4142 -266
4136 4136 -615
4136 4143 917
4137 4137 -308
4137 4144 987
4138 4138 726
4138 4145 -484
4139 4139 36
4139 4146 -211
4140 4140 495
4140 4147 -693
4141 4141 -588
4141 4148 -392
4142 4142 429
4142 4149 -358
4143 4143 -820
4143 4150 -372
4144 4144 -389
4144 4151 589
4145 4145 -77
4145 4152 583
4146 4146 84
4146 4153 904
4147 4147 -779
4147 4154 601
4148 4148 610
4148 4155 482
4149 4149 592
4149 4156 -385
4150 4150 144
4150 4157 993
4151 4151 -234
4151 4158 55
4152 4152 955
4152 4159 565
4153 4153 -461
4153 4160 -393
4154 4154 546
4154 4161 -320
4155 4155 673
4155 4162 -569
4156 4156 -309
4156 4163 63
4157 4157 -109
4157 4164 834
4158 4158 -853
4158 4165 -516
4159 4159 188
4159 4166 -18
4160 4160 423
4160 4167 848
4161 4161 -58
4161 4168 -461
4162 4162 -951
4162 4169 466
4163 4163 -831
4163 4170 404
4164 4164 -853
4164 4171 -176
4165 4165 -977
4165 4172 -229
4166 4166 650
4166 4173 689
4167 4167 828
4167 4174 950
4168 4168 -629
4168 4175 -288
4169 4169 849
4169 4176 -450
4170 4170 475
4170 4177 477
4171 4171 607
4171 4178 237
4172 4172 735
4172 4179 -624
4173 4173 -267
4173 4180 931
4174 4174 664
4174 4181 27
4175 4175 991
4175 4182 -564
4176 4176 152
4176 4183 -971
4177 4177 233
4177 4184 344
4178 4178 -212
4178 4185 -7
4179 4179 -83
4179 4186 614
4180 4180 -149
4180 4187 -309
4181 4181 386
4181 4188 -137
4182 4182 865
4182 4189 799
4183 4183 783
4183 4190 312
4184 4184 -825
4184 4191 -198
4185 4185 40
4185 4192 215
4186 4186 242
4186 4193 -307
4187 4187 -459
4187 4194 -428
4188 4188 -775
4188 4195 489
4189 4189 439
4189 4196 -67
4190 4190 -224
4190 4197 -723
4191 4191 558
4191 4198 -893
4192 4192 621
4192 4199 -233
4193 4193 606
4193 4200 967
4194 4194 -240
4194 4201 800
4195 4195 157
4195 4202 -937
4196 4196 -768
4196 4203 -430
4197 4197 817
4197 4204 -600
4198 4198 -57
4198 4205 384
4199 4199 -681
4199 4206 908
4200 4200 13
4200 4207 -791
4201 4201 369
4201 4208 145
4202 4202 158
4202 4209 -212
4203 4203 798
4203 4210 -489
4204 4204 -301
4204 4211 -942
4205 4205 126
4205 4212 464
4206 4206 258
4206 4213 -817
4207 4207 -96
4207 4214 -908
4208 4208 334
4208 4215 -209
4209 4209 -798
4209 4216 -650
4210 4210 -636
4210 4217 -133
4211 4211 271
4211 4218 -510
4212 4212 955
4212 4219 -316
4213 4213 368
4213 4220 396
4214 4214 747
4214 4221 -867
4215 4215 191
4215 4222 559
4216 4216 856
4216 4223 427
4217 4217 -874
4217 4224 -704
4218 4218 -803
4218 4225 -198
4219 4219 -59
4219 4226 381
4220 4220 -293
4220 4227 -846
4221 4221 -686
4221 4228 -388
4222 4222 456
4222 4229 988
4223 4223 564
4223 4230 184
4224 4224 632
4224 4231 650
4225 4225 -850
4225 4232 -158
4226 4226 176
4226 4233 -614
4227 4227 -781
4227 4234 687
4228 4228 110
4228 4235 -283
4229 4229 -131
4229 4236 -118
4230 4230 -698
4230 4237 -851
4231 4231 -320
4231 4238 726
4232 4232 -879
4232 4239 285
4233 4233 895
4233 4240 150
4234 4234 910
4234 4241 -557
4235 4235 877
4235 4242 293
4236 4236 107
4236 4243 -444
4237 4237 827
4237 4244 -553
4238 4238 -710
4238 4245 -850
4239 4239 835
4239 4246 -169
4240 4240 -145
4240 4247 283
4241 4241 -699
4241 4248 752
4242 4242 -219
4242 4249 231
4243 4243 -471
4243 4250 945
4244 4244 -846
4244 4251 530
4245 4245 897
4245 4252 658
4246 4246 -838
4246 4253 -306
4247 4247 -429
4247 4254 632
4248 4248 -32
4248 4255 -286
4249 4249 431
4249 4256 -135
4250 4250 -625
4250 4257 -948
4251 4251 213
4251 4258 -122
4252 4252 -100
4252 4259 992
4253 4253 -376
4253 4260 79
4254 4254 685
4254 4261 331
4255 4255 -50
4255 4262 -3
4256 4256 -63
4256 4263 564
4257 4257 -999
4257 4264 50
4258 4258 826
4258 4265 -475
4259 4259 -488
4259 4266 692
4260 4260 302
4260 4267 -854
4261 4261 -444
4261 4268 -677
4262 4262 40
4262 4269 836
4263 4263 -555
4263 4270 -799
4264 4264 -545
4264 4271 613
4265 4265 358
4265 4272 -199
4266 4266 -212
4266 4273 122
4267 4267 -468
4267 4274 -575
4268 4268 -274
4268 4275 -570
4269 4269 -71
4269 4276 -129
4270 4270 -986
4270 4277 -702
4271 4271 842
4271 4278 731
4272 4272 501
4272 4279 -950
4273 4273 152
4273 4280 -896
4274 4274 734
4274 4281 -927
4275 4275 315
4275 4282 -523
4276 4276 -143
4276 4283 -932
4277 4277 -838
4277 4284 -793
4278 4278 -213
4278 4285 9
4279 4279 -462
4279 4286 701
4280 4280 -189
4280 4287 -689
4281 4281 44
4281 4288 -457
4282 4282 -195
4282 4289 316
4283 4283 116
4283 4290 -28
4284 4284 -190
4284 4291 821
4285 4285 -939
4285 4292 -506
4286 4286 736
4286 4293 -36
4287 4287 773
4287 4294 309
4288 4288 -991
4288 4295 453
4289 4289 403
4289 4296 -782
4290 4290 -663
4290 4297 -762
4291 4291 -110
4291 4298 601
4292 4292 941
4292 4299 324
4293 4293 722
4293 4300 -3
4294 4294 -551
4294 4301 819
4295 4295 -768
4295 4302 -645
4296 4296 -292
4296 4303 706
4297 4297 868
4297 4304 -760
4298 4298 703
4298 4305 -918
4299 4299 574
4299 4306 738
4300 4300 532
4300 4307 582
4301 4301 -863
4301 4308 928
4302 4302 -318
4302 4309 -975
4303 4303 -144
4303 4310 907
4304 4304 -978
4304 4311 -947
4305 4305 -278
4305 4312 -306
4306 4306 87
4306 4313 694
4307 4307 -746
4307 4314 -167
4308 4308 11
4308 4315 -142
4309 4309 -708
4309 4316 972
4310 4310 -185
4310 4317 859
4311 4311 -636
4311 4318 141
4312 4312 -666
4312 4319 476
4313 4313 -189
4313 4320 -529
4314 4314 -183
4314 4321 -512
4315 4315 -26
4315 4322 -121
4316 4316 -314
4316 4323 546
4317 4317 -591
4317 4324 638
4318 4318 861
4318 4325 -764
4319 4319 -606
4319 4326 657
4320 4320 916
4320 4327 -365
4321 4321 -621
4321 4328 462
4322 4322 737
4322 4329 520
4323 4323 509
4323 4330 -93
4324 4324 722
4324 4331 48
4325 4325 603
4325 4332 -641
4326 4326 -206
4326 4333 -596
4327 4327 -497
4327 4334 -206
4328 4328 -374
4328 4335 -857
4329 4329 -953
4329 4336 87
4330 4330 -754
4330 4337 419
4331 4331 -884
4331 4338 -852
4332 4332 -503
4332 4339 -674
4333 4333 -410
4333 4340 5
4334 4334 596
4334 4341 482
4335 4335 -998
4335 4342 -653
4336 4336 838
4336 4343 -835
4337 4337 764
4337 4344 -204
4338 4338 -510
4338 4345 -28
4339 4339 89
4339 4346 -758
4340 4340 -366
4340 4347 -321
4341 4341 -584
4341 4348 954
4342 4342 -449
4342 4349 -231
4343 4343 62
4343 4350 224
4344 4344 -328
4344 4351 375
4345 4345 -524
4345 4352 302
4346 4346 13
4346 4353 901
4347 4347 -288
4347 4354 -136
4348 4348 521
4348 4355 -87
4349 4349 301
4349 4356 -471
4350 4350 -783
4350 4357 -641
4351 4351 821
4351 4358 -346
4352 4352 225
4352 4359 -61
4353 4353 -231
4353 4360 -261
4354 4354 -403
4354 4361 191
4355 4355 -692
4355 4362 999
4356 4356 993
4356 4363 776
4357 4357 -514
4357 4364 14
4358 4358 -722
4358 4365 621
4359 4359 -978
4359 4366 485
4360 4360 -688
4360 4367 272
4361 4361 -353
4361 4368 791
4362 4362 961
4362 4369 790
4363 4363 68
4363 4370 343
4364 4364 168
4364 4371 465
4365 4365 767
4365 4372 -652
4366 4366 -585
4366 4373 -812
4367 4367 -365
4367 4374 -56
4368 4368 -315
4368 4375 -699
4369 4369 850
4369 4376 -796
4370 4370 -12
4370 4377 -277
4371 4371 822
4371 4378 808
4372 4372 -488
4372 4379 315
4373 4373 -709
4373 4380 -47
4374 4374 139
4374 4381 -466
4375 4375 -745
4375 4382 -409
4376 4376 73
4376 4383 -365
4377 4377 823
4377 4384 820
4378 4378 682
4378 4385 469
4379 4379 -349
4379 4386 -135
4380 4380 416
4380 4387 -538
4381 4381 -365
4381 4388 -332
4382 4382 970
4382 4389 -170
4383 4383 -76
4383 4390 257
4384 4384 -47
4384 4391 -251
4385 4385 958
4385 4392 -49
4386 4386 -678
4386 4393 -403
4387 4387 -690
4387 4394 -939
4388 4388 698
4388 4395 317
4389 4389 -755
4389 4396 869
4390 4390 367
4390 4397 32
4391 4391 546
4391 4398 521
4392 4392 706
4392 4399 -97
4393 4393 683
4393 4400 482
4394 4394 -994
4394 4401 212
4395 4395 576
4395 4402 -904
4396 4396 131
4396 4403 427
4397 4397 162
4397 4404 -399
4398 4398 -537
4398 4405 -873
4399 4399 -337
4399 4406 553
4400 4400 -158
4400 4407 270
4401 4401 163
4401 4408 -623
4402 4402 -459
4402 4409 -602
4403 4403 879
4403 4410 -462
4404 4404 530
4404 4411 -987
4405 4405 -110
4405 4412 935
4406 4406 -665
4406 4413 177
4407 4407 821
4407 4414 703
4408 4408 45
4408 4415 -911
4409 4409 -148
4409 4416 -94
4410 4410 51
4410 4417 476
4411 4411 -633
4411 4418 711
4412 4412 -951
4412 4419 315
4413 4413 -906
4413 4420 -39
4414 4414 358
4414 4421 207
4415 4415 404
4415 4422 8
4416 4416 -533
4416 4423 -895
4417 4417 -297
4417 4424 -248
4418 4418 650
4418 4425 -991
4419 4419 -532
4419 4426 -371
4420 4420 -438
4420 4427 -403
4421 4421 -273
4421 4428 -547
4422 4422 722
4422 4429 -811
4423 4423 485
4423 4430 223
4424 4424 350
4424 4431 -337
4425 4425 758
4425 4432 -526
4426 4426 -131
4426 4433 -563
4427 4427 961
4427 4434 -452
4428 4428 640
4428 4435 -735
4429 4429 -634
4429 4436 -154
4430 4430 147
4430 4437 707
4431 4431 -874
4431 4438 -82
4432 4432 -83
4432 4439 871
4433 4433 840
4433 4440 -839
4434 4434 574
4434 4441 -413
4435 4435 -507
4435 4442 173
4436 4436 -33
4436 4443 278
4437 4437 -828
4437 4444 -878
4438 4438 -671
4438 4445 107
4439 4439 -976
4439 4446 685
4440 4440 686
4440 4447 701
4441 4441 281
4441 4448 -883
4442 4442 537
4442 4449 -509
4443 4443 -947
4443 4450 511
4444 4444 407
4444 4451 963
4445 4445 -811
4445 4452 772
4446 4446 570
4446 4453 118
4447 4447 787
4447 4454 -806
4448 4448 894
4448 4455 -848
4449 4449 -844
4449 4456 -257
4450 4450 944
4450 4457 28
4451 4451 -692
4451 4458 153
4452 4452 990
4452 4459 872
4453 4453 402
4453 4460 1
4454 4454 219
4454 4461 848
4455 4455 748
4455 4462 -926
4456 4456 -826
4456 4463 -366
4457 4457 -850
4457 4464 998
4458 4458 -864
4458 4465 723
4459 4459 277
4459 4466 -932
4460 4460 804
4460 4467 -254
4461 4461 676
4461 4468 266
4462 4462 652
4462 4469 357
4463 4463 167
4463 4470 639
4464 4464 839
4464 4471 388
4465 4465 483
4465 4472 491
4466 4466 863
4466 4473 348
4467 4467 390
4467 4474 504
4468 4468 -832
4468 4475 -681
4469 4469 -271
4469 4476 90
4470 4470 821
4470 4477 99
4471 4471 663
4471 4478 -610
4472 4472 -926
4472 4479 -633
4473 4473 353
4473 4480 36
4474 4474 613
4474 4481 -685
4475 4475 -356
4475 4482 322
4476 4476 -362
4476 4483 -195
4477 4477 -791
4477 4484 549
4478 4478 787
4478 4485 -148
4479 4479 -413
4479 4486 840
4480 4480 -160
4480 4487 893
4481 4481 -369
4481 4488 289
4482 4482 163
4482 4489 988
4483 4483 249
4483 4490 -913
4484 4484 -473
4484 4491 -989
4485 4485 986
4485 4492 789
4486 4486 -970
4486 4493 325
4487 4487 827
4487 4494 -768
4488 4488 -505
4488 4495 656
4489 4489 -653
4489 4496 -446
4490 4490 -58
4490 4497 242
4491 4491 923
4491 4498 269
4492 4492 562
4492 4499 -30
4493 4493 -351
4493 4500 -580
4494 4494 -459
4494 4501 346
4495 4495 -587
4495 4502 830
4496 4496 -685
4496 4503 -542
4497 4497 -858
4497 4504 739
4498 4498 -133
4498 4505 278
4499 4499 -642
4499 4506 880
4500 4500 -859
4500 4507 580
4501 4501 708
4501 4508 707
4502 4502 -918
4502 4509 725
4503 4503 229
4503 4510 492
4504 4504 -268
4504 4511 -607
4505 4505 -203
4505 4512 939
4506 4506 762
4506 4513 770
4507 4507 743
4507 4514 -907
4508 4508 503
4508 4515 406
4509 4509 -960
4509 4516 663
4510 4510 737
4510 4517 -835
4511 4511 -196
4511 4518 -390
4512 4512 -529
4512 4519 539
4513 4513 -450
4513 4520 985
4514 4514 -264
4514 4521 148
4515 4515 -466
4515 4522 592
4516 4516 616
4516 4523 354
4517 4517 619
4517 4524 -439
4518 4518 782
4518 4525 902
4519 4519 -715
4519 4526 143
4520 4520 -17
4520 4527 904
4521 4521 -458
4521 4528 -660
4522 4522 28
4522 4529 -647
4523 4523 -15
4523 4530 86
4524 4524 479
4524 4531 755
4525 4525 923
4525 4532 -783
4526 4526 747
4526 4533 147
4527 4527 473
4527 4534 622
4528 4528 651
4528 4535 74
4529 4529 124
4529 4536 -529
4530 4530 -261
4530 4537 -246
4531 4531 -879
4531 4538 116
4532 4532 334
4532 4539 626
4533 4533 -769
4533 4540 -587
4534 4534 -339
4534 4541 -126
4535 4535 916
4535 4542 -675
4536 4536 -704
4536 4543 -936
4537 4537 -291
4537 4544 -76
4538 4538 762
4538 4545 579
4539 4539 53
4539 4546 293
4540 4540 962
4540 4547 -558
4541 4541 -335
4541 4548 22
4542 4542 -441
4542 4549 -941
4543 4543 170
4543 4550 -597
4544 4544 -205
4544 4551 -982
4545 4545 -536
4545 4552 255
4546 4546 -305
4546 4553 420
4547 4547 881
4547 4554 -514
4548 4548 -714
4548 4555 980
4549 4549 -13
4549 4556 -650
4550 4550 274
4550 4557 240
4551 4551 299
4551 4558 -966
4552 4552 -470
4552 4559 400
4553 4553 -170
4553 4560 -363
4554 4554 146
4554 4561 -968
4555 4555 -39
4555 4562 294
4556 4556 -234
4556 4563 454
4557 4557 -920
4557 4564 176
4558 4558 -982
4558 4565 -783
4559 4559 -211
4559 4566 639
4560 4560 446
4560 4567 -445
4561 4561 -529
4561 4568 884
4562 4562 278
4562 4569 896
4563 4563 -867
4563 4570 192
4564 4564 -640
4564 4571 55
4565 4565 -988
4565 4572 338
4566 4566 801
4566 4573 -692
4567 4567 -975
4567 4574 141
4568 4568 772
4568 4575 -288
4569 4569 772
4569 4576 879
4570 4570 -892
4570 4577 110
4571 4571 -386
4571 4578 686
4572 4572 414
4572 4579 -93
4573 4573 -383
4573 4580 -261
4574 4574 379
4574 4581 897
4575 4575 -344
4575 4582 662
4576 4576 -958
4576 4583 321
4577 4577 368
4577 4584 320
4578 4578 -656
4578 4585 990
4579 4579 98
4579 4586 -810
4580 4580 656
4580 4587 -140
4581 4581 -741
4581 4588 510
4582 4582 -290
4582 4589 588
4583 4583 -585
4583 4590 -754
4584 4584 487
4584 4591 -903
4585 4585 -512
4585 4592 -250
4586 4586 -401
4586 4593 821
4587 4587 120
4587 4594 426
4588 4588 -397
4588 4595 708
4589 4589 -712
4589 4596 -450
4590 4590 933
4590 4597 912
4591 4591 125
4591 4598 160
4592 4592 -104
4592 4599 -628
4593 4593 614
4593 4600 563
4594 4594 -699
4594 4601 -574
4595 4595 712
4595 4602 -95
4596 4596 -68
4596 4603 396
4597 4597 5
4597 4604 573
4598 4598 76
4598 4605 753
4599 4599 647
4599 4606 535
4600 4600 87
4600 4607 -958
4601 4601 -927
4601 4608 -549
4602 4602 749
4602 4609 -221
4603 4603 -869
4603 4610 145
4604 4604 -384
4604 4611 -415
4605 4605 -951
4605 4612 552
4606 4606 753
4606 4613 -458
4607 4607 138
4607 4614 -107
4608 4608 -926
4608 4615 -926
4609 4609 -557
4609 4616 331
4610 4610 850
4610 4617 750
4611 4611 -931
4611 4618 -375
4612 4612 661
4612 4619 -720
4613 4613 -636
4613 4620 -511
4614 4614 831
4614 4621 -528
4615 4615 547
4615 4622 900
4616 4616 -329
4616 4623 -160
4617 4617 -147
4617 4624 -86
4618 4618 -493
4618 4625 690
4619 4619 773
4619 4626 503
4620 4620 255
4620 4627 693
4621 4621 298
4621 4628 -603
4622 4622 -178
4622 4629 689
4623 4623 -74
4623 4630 -994
4624 4624 -201
4624 4631 835
4625 4625 32
4625 4632 592
4626 4626 -281
4626 4633 -225
4627 4627 -125
4627 4634 588
4628 4628 -481
4628 4635 -551
4629 4629 -639
4629 4636 -720
4630 4630 -604
4630 4637 703
4631 4631 -680
4631 4638 797
4632 4632 389
4632 4639 -848
4633 4633 335
4633 4640 -874
4634 4634 47
4634 4641 128
4635 4635 191
4635 4642 -108
4636 4636 -243
4636 4643 -707
4637 4637 702
4637 4644 -52
4638 4638 470
4638 4645 -238
4639 4639 515
4639 4646 44
4640 4640 631
4640 4647 120
4641 4641 -768
4641 4648 927
4642 4642 -39
4642 4649 499
4643 4643 85
4643 4650 42
4644 4644 -948
4644 4651 260
4645 4645 -445
4645 4652 -889
4646 4646 864
4646 4653 -252
4647 4647 -235
4647 4654 326
4648 4648 190
4648 4655 -778
4649 4649 -387
4649 4656 -407
4650 4650 -660
4650 4657 606
4651 4651 179
4651 4658 -866
4652 4652 -229
4652 4659 460
4653 4653 -945
4653 4660 527
4654 4654 -287
4654 4661 189
4655 4655 639
4655 4662 656
4656 4656 146
4656 4663 342
4657 4657 368
4657 4664 113
4658 4658 -236
4658 4665 -251
4659 4659 266
4659 4666 -128
4660 4660 472
4660 4667 68
4661 4661 19
4661 4668 -426
4662 4662 28
4662 4669 127
4663 4663 568
4663 4670 8
4664 4664 -904
4664 4671 107
4665 4665 -386
4665 4672 792
4666 4666 999
4666 4673 -44
4667 4667 927
4667 4674 -794
4668 4668 831
4668 4675 -793
4669 4669 -869
4669 4676 937
4670 4670 713
4670 4677 83
4671 4671 420
4671 4678 -825
4672 4672 44
4672 4679 -865
4673 4673 -452
4673 4680 404
4674 4674 794
4674 4681 -1
4675 4675 -878
4675 4682 -41
4676 4676 -249
4676 4683 817
4677 4677 -177
4677 4684 610
4678 4678 -530
4678 4685 -918
4679 4679 795
4679 4686 -132
4680 4680 -289
4680 4687 953
4681 4681 -77
4681 4688 823
4682 4682 -649
4682 4689 542
4683 4683 -920
4683 4690 218
4684 4684 -46
4684 4691 -626
4685 4685 309
4685 4692 -553
4686 4686 -609
4686 4693 770
4687 4687 92
4687 4694 208
4688 4688 -211
4688 4695 -572
4689 4689 559
4689 4696 -363
4690 4690 -327
4690 4697 -162
4691 4691 -572
4691 4698 -764
4692 4692 822
4692 4699 643
4693 4693 -717
4693 4700 -928
4694 4694 510
4694 4701 -795
4695 4695 -768
4695 4702 -24
4696 4696 305
4696 4703 -832
4697 4697 -618
4697 4704 51
4698 4698 211
4698 4705 35
4699 4699 -205
4699 4706 767
4700 4700 946
4700 4707 -645
4701 4701 287
4701 4708 -849
4702 4702 -216
4702 4709 296
4703 4703 540
4703 4710 202
4704 4704 -856
4704 4711 -573
4705 4705 -287
4705 4712 -939
4706 4706 -331
4706 4713 526
4707 4707 926
4707 4714 -729
4708 4708 265
4708 4715 -442
4709 4709 79
4709 4716 -950
4710 4710 960
4710 4717 709
4711 4711 -142
4711 4718 -222
4712 4712 -821
4712 4719 436
4713 4713 307
4713 4720 920
4714 4714 223
4714 4721 952
4715 4715 -546
4715 4722 575
4716 4716 -191
4716 4723 -602
4717 4717 -160
4717 4724 332
4718 4718 171
4718 4725 -183
4719 4719 -240
4719 4726 -697
4720 4720 -19
4720 4727 -226
4721 4721 148
4721 4728 957
4722 4722 634
4722 4729 770
4723 4723 -661
4723 4730 -499
4724 4724 705
4724 4731 38
4725 4725 99
4725 4732 534
4726 4726 -330
4726 4733 -337
4727 4727 -495
4727 4734 7
4728 4728 -315
4728 4735 360
4729 4729 746
4729 4736 900
4730 4730 809
4730 4737 -301
4731 4731 874
4731 4738 -828
4732 4732 762
4732 4739 -490
4733 4733 -830
4733 4740 -750
4734 4734 -84
4734 4741 -502
4735 4735 972
4735 4742 322
4736 4736 454
4736 4743 -523
4737 4737 611
4737 4744 595
4738 4738 -468
4738 4745 -83
4739 4739 996
4739 4746 952
4740 4740 518
4740 4747 -134
4741 4741 98
4741 4748 1
4742 4742 -537
4742 4749 769
4743 4743 -227
4743 4750 -89
4744 4744 337
4744 4751 907
4745 4745 -732
4745 4752 -446
4746 4746 -505
4746 4753 -890
4747 4747 -644
4747 4754 -971
4748 4748 526
4748 4755 -839
4749 4749 909
4749 4756 909
4750 4750 -595
4750 4757 858
4751 4751 956
4751 4758 -782
4752 4752 120
4752 4759 -556
4753 4753 -846
4753 4760 -309
4754 4754 -308
4754 4761 378
4755 4755 -558
4755 4762 -113
4756 4756 611
4756 4763 427
4757 4757 611
4757 4764 436
4758 4758 -693
4758 4765 -31
4759 4759 375
4759 4766 838
4760 4760 -275
4760 4767 -900
4761 4761 921
4761 4768 26
4762 4762 149
4762 4769 489
4763 4763 476
4763 4770 -611
4764 4764 -500
4764 4771 645
4765 4765 600
4765 4772 -568
4766 4766 -406
4766 4773 818
4767 4767 787
4767 4774 753
4768 4768 -168
4768 4775 -437
4769 4769 -308
4769 4776 -729
4770 4770 -430
4770 4777 32
4771 4771 782
4771 4778 -363
4772 4772 -197
4772 4779 180
4773 4773 922
4773 4780 -650
4774 4774 259
4774 4781 725
4775 4775 -57
4775 4782 58
4776 4776 602
4776 4783 58
4777 4777 834
4777 4784 805
4778 4778 289
4778 4785 693
4779 4779 -205
4779 4786 411
4780 4780 617
4780 4787 -809
4781 4781 608
4781 4788 270
4782 4782 -873
4782 4789 518
4783 4783 -667
4783 4790 897
4784 4784 179
4784 4791 -892
4785 4785 -811
4785 4792 -951
4786 4786 523
4786 4793 -976
4787 4787 605
4787 4794 -83
4788 4788 502
4788 4795 -952
4789 4789 -888
4789 4796 787
4790 4790 651
4790 4797 -478
4791 4791 490
4791 4798 925
4792 4792 -484
4792 4799 -122
4793 4793 -388
4793 4800 -428
4794 4794 915
4794 4801 -454
4795 4795 51
4795 4802 31
4796 4796 -312
4796 4803 -714
4797 4797 141
4797 4804 61
4798 4798 -364
4798 4805 -830
4799 4799 -996
4799 4806 -740
4800 4800 -628
4800 4807 271
4801 4801 -6
4801 4808 639
4802 4802 869
4802 4809 436
4803 4803 683
4803 4810 406
4804 4804 940
4804 4811 964
4805 4805 304
4805 4812 -720
4806 4806 -157
4806 4813 815
4807 4807 -865
4807 4814 228
4808 4808 -30
4808 4815 928
4809 4809 -946
4809 4816 93
4810 4810 -611
4810 4817 -732
4811 4811 864
4811 4818 59
4812 4812 600
4812 4819 493
4813 4813 -379
4813 4820 -492
4814 4814 73
4814 4821 -979
4815 4815 732
4815 4822 -310
4816 4816 546
4816 4823 268
4817 4817 -668
4817 4824 582
4818 4818 -341
4818 4825 238
4819 4819 -66
4819 4826 898
4820 4820 -357
4820 4827 -79
4821 4821 -12
4821 4828 56
4822 4822 98
4822 4829 758
4823 4823 -885
4823 4830 -214
4824 4824 983
4824 4831 247
4825 4825 -316
4825 4832 810
4826 4826 242
4826 4833 -433
4827 4827 340
4827 4834 497
4828 4828 -120
4828 4835 469
4829 4829 583
4829 4836 28
4830 4830 640
4830 4837 674
4831 4831 -27
4831 4838 209
4832 4832 -407
4832 4839 -289
4833 4833 -730
4833 4840 -256
4834 4834 -122
4834 4841 -288
4835 4835 185
4835 4842 -717
4836 4836 576
4836 4843 543
4837 4837 475
4837 4844 339
4838 4838 -868
4838 4845 731
4839 4839 -836
4839 4846 728
4840 4840 -646
4840 4847 -96
4841 4841 -746
4841 4848 -733
4842 4842 -229
4842 4849 -314
4843 4843 -352
4843 4850 -328
4844 4844 -237
4844 4851 -659
4845 4845 63
4845 4852 600
4846 4846 108
4846 4853 -676
4847 4847 -310
4847 4854 -246
4848 4848 -773
4848 4855 -595
4849 4849 603
4849 4856 503
4850 4850 -142
4850 4857 -681
4851 4851 515
4851 4858 531
4852 4852 -121
4852 4859 88
4853 4853 167
4853 4860 721
4854 4854 991
4854 4861 -274
4855 4855 97
4855 4862 848
4856 4856 -72
4856 4863 568
4857 4857 600
4857 4864 -419
4858 4858 -756
4858 4865 641
4859 4859 966
4859 4866 656
4860 4860 -190
4860 4867 294
4861 4861 -775
4861 4868 507
4862 4862 -705
4862 4869 375
4863 4863 824
4863 4870 -578
4864 4864 -89
4864 4871 -139
4865 4865 -947
4865 4872 847
4866 4866 -604
4866 4873 643
4867 4867 -465
4867 4874 -365
4868 4868 -878
4868 4875 -145
4869 4869 -989
4869 4876 195
4870 4870 -150
4870 4877 69
4871 4871 -88
4871 4878 -149
4872 4872 390
4872 4879 -266
4873 4873 -588
4873 4880 649
4874 4874 279
4874 4881 -326
4875 4875 59
4875 4882 -891
4876 4876 -977
4876 4883 -693
4877 4877 -54
4877 4884 457
4878 4878 -716
4878 4885 -637
4879 4879 -297
4879 4886 514
4880 4880 878
4880 4887 -812
4881 4881 -711
4881 4888 -293
4882 4882 295
4882 4889 -445
4883 4883 358
4883 4890 689
4884 4884 -155
4884 4891 542
4885 4885 -6
4885 4892 498
4886 4886 261
4886 4893 -402
4887 4887 154
4887 4894 -779
4888 4888 364
4888 4895 357
4889 4889 -566
4889 4896 146
4890 4890 525
4890 4897 548
4891 4891 -981
4891 4898 930
4892 4892 33
4892 4899 -596
4893 4893 88
4893 4900 442
4894 4894 690
4894 4901 -986
4895 4895 458
4895 4902 805
4896 4896 -921
4896 4903 -374
4897 4897 958
4897 4904 -510
4898 4898 -401
4898 4905 875
4899 4899 -796
4899 4906 -412
4900 4900 -549
4900 4907 289
4901 4901 -676
4901 4908 757
4902 4902 -927
4902 4909 926
4903 4903 436
4903 4910 -186
4904 4904 -959
4904 4911 -248
4905 4905 -746
4905 4912 -820
4906 4906 149
4906 4913 273
4907 4907 -691
4907 4914 752
4908 4908 -59
4908 4915 47
4909 4909 10
4909 4916 -857
4910 4910 -673
4910 4917 739
4911 4911 380
4911 4918 854
4912 4912 597
4912 4919 125
4913 4913 -278
4913 4920 -389
4914 4914 870
4914 4921 -100
4915 4915 -416
4915 4922 -442
4916 4916 392
4916 4923 -695
4917 4917 613
4917 4924 1
4918 4918 -37
4918 4925 -193
4919 4919 614
4919 4926 964
4920 4920 -726
4920 4927 -53
4921 4921 -912
4921 4928 -223
4922 4922 799
4922 4929 599
4923 4923 -962
4923 4930 277
4924 4924 884
4924 4931 884
4925 4925 506
4925 4932 -552
4926 4926 -759
4926 4933 -172
4927 4927 639
4927 4934 760
4928 4928 733
4928 4935 -505
4929 4929 -833
4929 4936 -775
4930 4930 431
4930 4937 -609
4931 4931 998
4931 4938 -740
4932 4932 470
4932 4939 653
4933 4933 -423
4933 4940 -867
4934 4934 -172
4934 4941 823
4935 4935 -546
4935 4942 39
4936 4936 875
4936 4943 72
4937 4937 -788
4937 4944 -670
4938 4938 -704
4938 4945 928
4939 4939 641
4939 4946 981
4940 4940 740
4940 4947 305
4941 4941 -43
4941 4948 346
4942 4942 -421
4942 4949 -415
4943 4943 -870
4943 4950 482
4944 4944 226
4944 4951 -891
4945 4945 84
4945 4952 -713
4946 4946 601
4946 4953 -335
4947 4947 179
4947 4954 -870
4948 4948 677
4948 4955 -835
4949 4949 -362
4949 4956 -448
4950 4950 292
4950 4957 -272
4951 4951 -535
4951 4958 261
4952 4952 -987
4952 4959 -444
4953 4953 -320
4953 4960 774
4954 4954 641
4954 4961 -53
4955 4955 -388
4955 4962 109
4956 4956 -141
4956 4963 491
4957 4957 -921
4957 4964 862
4958 4958 -150
4958 4965 608
4959 4959 -469
4959 4966 -335
4960 4960 395
4960 4967 204
4961 4961 -691
4961 4968 -808
4962 4962 98
4962 4969 214
4963 4963 -488
4963 4970 322
4964 4964 158
4964 4971 81
4965 4965 323
4965 4972 762
4966 4966 407
4966 4973 176
4967 4967 278
4967 4974 551
4968 4968 -344
4968 4975 -329
4969 4969 625
4969 4976 961
4970 4970 831
4970 4977 959
4971 4971 -614
4971 4978 -991
4972 4972 -296
4972 4979 -962
4973 4973 -439
4973 4980 -174
4974 4974 -676
4974 4981 559
4975 4975 444
4975 4982 638
4976 4976 -506
4976 4983 412
4977 4977 676
4977 4984 181
4978 4978 931
4978 4985 -630
4979 4979 -243
4979 4986 -825
4980 4980 823
4980 4987 267
4981 4981 570
4981 4988 -798
4982 4982 497
4982 4989 584
4983 4983 -868
4983 4990 -613
4984 4984 25
4984 4991 32
4985 4985 -612
4985 4992 812
4986 4986 -457
4986 4993 659
4987 4987 -428
4987 4994 -638
4988 4988 676
4988 4995 -956
4989 4989 -397
4989 4996 -513
4990 4990 619
4990 4997 9
4991 4991 -749
4991 4998 -964
4992 4992 -947
4992 4999 249
4993 4993 -866
4993 5000 350
4994 4994 165
4994 5001 -513
4995 4995 270
4995 5002 780
4996 4996 298
4996 5003 237
4997 4997 -527
4997 5004 -705
4998 4998 611
4998 5005 -849
4999 4999 496
4999 5006 842
5000 5000 295
5000 5007 551
5001 5001 -270
5001 5008 -391
5002 5002 -774
5002 5009 503
5003 5003 -126
5003 5010 -58
5004 5004 319
5004 5011 -713
5005 5005 741
5005 5012 525
5006 5006 496
5006 5013 -601
5007 5007 709
5007 5014 779
5008 5008 513
5008 5015 -464
5009 5009 -284
5009 5016 -615
5010 5010 -413
5010 5017 -199
5011 5011 -970
5011 5018 559
5012 5012 833
5012 5019 -695
5013 5013 -778
5013 5020 -701
5014 5014 -906
5014 5021 -799
5015 5015 607
5015 5022 -752
5016 5016 513
5016 5023 -245
5017 5017 -8
5017 5024 -350
5018 5018 774
5018 5025 617
5019 5019 685
5019 5026 900
5020 5020 -631
5020 5027 -883
5021 5021 972
5021 5028 -879
5022 5022 -156
5022 5029 -890
5023 5023 772
5023 5030 21
5024 5024 -919
5024 5031 -370
5025 5025 -935
5025 5032 -911
5026 5026 373
5026 5033 -31
5027 5027 -514
5027 5034 -318
5028 5028 197
5028 5035 -911
5029 5029 294
5029 5036 909
5030 5030 -765
5030 5037 899
5031 5031 -45
5031 5038 -958
5032 5032 128
5032 5039 583
5033 5033 414
5033 5040 9
5034 5034 613
5034 5041 -5
5035 5035 3
5035 5042 479
5036 5036 791
5036 5043 -112
5037 5037 319
5037 5044 83
5038 5038 -71
5038 5045 504
5039 5039 -973
5039 5046 -978
5040 5040 -318
5040 5047 -163
5041 5041 -663
5041 5048 611
5042 5042 -582
5042 5049 728
5043 5043 -335
5043 5050 484
5044 5044 492
5044 5051 499
5045 5045 965
5045 5052 -500
5046 5046 -897
5046 5053 463
5047 5047 44
5047 5054 -175
5048 5048 -607
5048 5055 -98
5049 5049 -753
5049 5056 -440
5050 5050 737
5050 5057 290
5051 5051 558
5051 5058 -657
5052 5052 -420
5052 5059 -431
5053 5053 -390
5053 5060 -987
5054 5054 525
5054 5061 -504
5055 5055 710
5055 5062 -127
5056 5056 -985
5056 5063 -952
5057 5057 -757
5057 5064 552
5058 5058 60
5058 5065 9
5059 5059 254
5059 5066 590
5060 5060 -576
5060 5067 -85
5061 5061 736
5061 5068 -224
5062 5062 -472
5062 5069 982
5063 5063 340
5063 5070 947
5064 5064 -201
5064 5071 -909
5065 5065 567
5065 5072 -905
5066 5066 488
5066 5073 315
5067 5067 358
5067 5074 -226
5068 5068 565
5068 5075 814
5069 5069 -378
5069 5076 680
5070 5070 -956
5070 5077 -931
5071 5071 -321
5071 5078 -86
5072 5072 -75
5072 5079 -891
5073 5073 -483
5073 5080 235
5074 5074 -742
5074 5081 41
5075 5075 256
5075 5082 653
5076 5076 -648
5076 5083 -367
5077 5077 -128
5077 5084 -297
5078 5078 -561
5078 5085 -747
5079 5079 631
5079 5086 531
5080 5080 585
5080 5087 -380
5081 5081 -466
5081 5088 281
5082 5082 983
5082 5089 36
5083 5083 489
5083 5090 -482
5084 5084 -255
5084 5091 252
5085 5085 -376
5085 5092 -150
5086 5086 -411
5086 5093 948
5087 5087 -522
5087 5094 840
5088 5088 -625
5088 5095 -110
5089 5089 -928
5089 5096 -482
5090 5090 -900
5090 5097 -122
5091 5091 242
5091 5098 -133
5092 5092 -108
5092 5099 -750
5093 5093 816
5093 5100 -456
5094 5094 -395
5094 5101 -396
5095 5095 153
5095 5102 739
5096 5096 958
5096 5103 440
5097 5097 2
5097 5104 -344
5098 5098 -772
5098 5105 -93
5099 5099 704
5099 5106 -174
5100 5100 -539
5100 5107 -546
5101 5101 -40
5101 5108 -613
5102 5102 -710
5102 5109 -699
5103 5103 -181
5103 5110 -294
5104 5104 -37
5104 5111 -730
5105 5105 -768
5105 5112 761
5106 5106 -927
5106 5113 -71
5107 5107 -654
5107 5114 -626
5108 5108 -965
5108 5115 694
5109 5109 -326
5109 5116 -177
5110 5110 -344
5110 5117 12
5111 5111 168
5111 5118 689
5112 5112 -742
5112 5119 -152
5113 5113 46
5113 5120 204
5114 5114 580
5114 5121 -327
5115 5115 821
5115 5122 -73
5116 5116 -53
5116 5123 84
5117 5117 757
5117 5124 288
5118 5118 978
5118 5125 -335
5119 5119 525
5119 5126 -874
5120 5120 -805
5120 5127 971
5121 5121 -807
5121 5128 433
5122 5122 178
5122 5129 40
5123 5123 327
5123 5130 96
5124 5124 783
5124 5131 -370
5125 5125 -182
5125 5132 -488
5126 5126 246
5126 5133 -551
5127 5127 -593
5127 5134 705
5128 5128 205
5128 5135 134
5129 5129 -309
5129 5136 471
5130 5130 318
5130 5137 416
5131 5131 832
5131 5138 -528
5132 5132 488
5132 5139 -458
5133 5133 158
5133 5140 -685
5134 5134 -472
5134 5141 309
5135 5135 757
5135 5142 309
5136 5136 -706
5136 5143 -398
5137 5137 -409
5137 5144 429
5138 5138 775
5138 5145 -353
5139 5139 731
5139 5146 -275
5140 5140 168
5140 5147 -152
5141 5141 571
5141 5148 -557
5142 5142 -801
5142 5149 590
5143 5143 402
5143 5150 -287
5144 5144 -825
5144 5151 655
5145 5145 602
5145 5152 428
5146 5146 184
5146 5153 617
5147 5147 -506
5147 5154 -531
5148 5148 227
5148 5155 -286
5149 5149 713
5149 5156 -196
5150 5150 503
5150 5157 320
5151 5151 -70
5151 5158 678
5152 5152 795
5152 5159 -4
5153 5153 369
5153 5160 339
5154 5154 413
5154 5161 -589
5155 5155 224
5155 5162 413
5156 5156 151
5156 5163 -536
5157 5157 578
5157 5164 162
5158 5158 731
5158 5165 -970
5159 5159 369
5159 5166 -14
5160 5160 552
5160 5167 478
5161 5161 -238
5161 5168 -607
5162 5162 -812
5162 5169 -89
5163 5163 -539
5163 5170 973
5164 5164 -960
5164 5171 127
5165 5165 376
5165 5172 -430
5166 5166 -964
5166 5173 918
5167 5167 -90
5167 5174 576
5168 5168 -614
5168 5175 834
5169 5169 -947
5169 5176 941
5170 5170 218
5170 5177 444
5171 5171 -152
5171 5178 -518
5172 5172 343
5172 5179 663
5173 5173 -886
5173 5180 -285
5174 5174 -996
5174 5181 -522
5175 5175 540
5175 5182 32
5176 5176 -192
5176 5183 -456
5177 5177 -826
5177 5184 972
5178 5178 260
5178 5185 -453
5179 5179 -332
5179 5186 -464
5180 5180 319
5180 5187 -602
5181 5181 -817
5181 5188 997
5182 5182 -950
5182 5189 780
5183 5183 455
5183 5190 268
5184 5184 -69
5184 5191 -751
5185 5185 802
5185 5192 171
5186 5186 236
5186 5193 -720
5187 5187 775
5187 5194 -68
5188 5188 -239
5188 5195 -560
5189 5189 -601
5189 5196 -969
5190 5190 568
5190 5197 -859
5191 5191 124
5191 5198 -606
5192 5192 493
5192 5199 -221
5193 5193 -996
5193 5200 308
5194 5194 -309
5194 5201 652
5195 5195 -597
5195 5202 287
5196 5196 -907
5196 5203 236
5197 5197 -738
5197 5204 193
5198 5198 -728
5198 5205 687
5199 5199 738
5199 5206 503
5200 5200 538
5200 5207 707
5201 5201 455
5201 5208 231
5202 5202 504
5202 5209 776
5203 5203 -348
5203 5210 695
5204 5204 123
5204 5211 -607
5205 5205 747
5205 5212 166
5206 5206 -857
5206 5213 -779
5207 5207 -411
5207 5214 866
5208 5208 -101
5208 5215 130
5209 5209 -697
5209 5216 6
5210 5210 -262
5210 5217 -292
5211 5211 858
5211 5218 -27
5212 5212 709
5212 5219 -968
5213 5213 -847
5213 5220 -508
5214 5214 -745
5214 5221 104
5215 5215 478
5215 5222 643
5216 5216 688
5216 5223 501
5217 5217 -899
5217 5224 935
5218 5218 900
5218 5225 -217
5219 5219 -706
5219 5226 -965
5220 5220 -16
5220 5227 -606
5221 5221 568
5221 5228 486
5222 5222 -845
5222 5229 48
5223 5223 -129
5223 5230 796
5224 5224 605
5224 5231 267
5225 5225 556
5225 5232 712
5226 5226 284
5226 5233 -780
5227 5227 -449
5227 5234 765
5228 5228 -692
5228 5235 -613
5229 5229 169
5229 5236 -598
5230 5230 689
5230 5237 -364
5231 5231 -510
5231 5238 125
5232 5232 -123
5232 5239 781
5233 5233 776
5233 5240 -412
5234 5234 -474
5234 5241 -391
5235 5235 -766
5235 5242 379
5236 5236 -868
5236 5243 -623
5237 5237 963
5237 5244 293
5238 5238 -760
5238 5245 323
5239 5239 -14
5239 5246 41
5240 5240 -493
5240 5247 -155
5241 5241 -639
5241 5248 220
5242 5242 -827
5242 5249 -466
5243 5243 162
5243 5250 719
5244 5244 -645
5244 5251 351
5245 5245 177
5245 5252 307
5246 5246 994
5246 5253 -54
5247 5247 436
5247 5254 -16
5248 5248 10
5248 5255 -359
5249 5249 351
5249 5256 926
5250 5250 220
5250 5257 918
5251 5251 3
5251 5258 425
5252 5252 -971
5252 5259 494
5253 5253 -213
5253 5260 282
5254 5254 -1
5254 5261 138
5255 5255 842
5255 5262 628
5256 5256 630
5256 5263 811
5257 5257 -813
5257 5264 258
5258 5258 23
5258 5265 241
5259 5259 42
5259 5266 218
5260 5260 -307
5260 5267 573
5261 5261 856
5261 5268 -755
5262 5262 752
5262 5269 468
5263 5263 -588
5263 5270 678
5264 5264 58
5264 5271 681
5265 5265 448
5265 5272 780
5266 5266 51
5266 5273 -592
5267 5267 -836
5267 5274 820
5268 5268 -933
5268 5275 -505
5269 5269 -897
5269 5276 422
5270 5270 736
5270 5277 548
5271 5271 -397
5271 5278 -964
5272 5272 148
5272 5279 -883
5273 5273 433
5273 5280 -897
5274 5274 360
5274 5281 -928
5275 5275 -165
5275 5282 854
5276 5276 -692
5276 5283 587
5277 5277 520
5277 5284 192
5278 5278 58
5278 5285 -46
5279 5279 134
5279 5286 -401
5280 5280 401
5280 5287 -630
5281 5281 92
5281 5288 159
5282 5282 841
5282 5289 -904
5283 5283 722
5283 5290 -278
5284 5284 -386
5284 5291 -320
5285 5285 538
5285 5292 -104
5286 5286 -318
5286 5293 -187
5287 5287 -825
5287 5294 -97
5288 5288 194
5288 5295 -216
5289 5289 -499
5289 5296 983
5290 5290 -339
5290 5297 -624
5291 5291 278
5291 5298 821
5292 5292 998
5292 5299 -676
5293 5293 713
5293 5300 -813
5294 5294 -424
5294 5301 448
5295 5295 821
5295 5302 867
5296 5296 -777
5296 5303 -417
5297 5297 -193
5297 5304 255
5298 5298 -28
5298 5305 -885
5299 5299 75
5299 5306 -560
5300 5300 -17
5300 5307 -380
5301 5301 894
5301 5308 154
5302 5302 926
5302 5309 -687
5303 5303 737
5303 5310 -190
5304 5304 490
5304 5311 -781
5305 5305 22
5305 5312 -699
5306 5306 -494
5306 5313 -753
5307 5307 209
5307 5314 -643
5308 5308 -992
5308 5315 800
5309 5309 978
5309 5316 -697
5310 5310 770
5310 5317 -477
5311 5311 935
5311 5318 -720
5312 5312 877
5312 5319 423
5313 5313 -60
5313 5320 -771
5314 5314 -110
5314 5321 802
5315 5315 787
5315 5322 -205
5316 5316 -986
5316 5323 -701
5317 5317 955
5317 5324 531
5318 5318 -639
5318 5325 628
5319 5319 -318
5319 5326 -411
5320 5320 -750
5320 5327 -619
5321 5321 315
5321 5328 982
5322 5322 889
5322 5329 967
5323 5323 981
5323 5330 -846
5324 5324 -197
5324 5331 -117
5325 5325 518
5325 5332 531
5326 5326 436
5326 5333 375
5327 5327 -425
5327 5334 -876
5328 5328 -894
5328 5335 -476
5329 5329 70
5329 5336 -655
5330 5330 -110
5330 5337 -643
5331 5331 -624
5331 5338 190
5332 5332 51
5332 5339 101
5333 5333 350
5333 5340 459
5334 5334 -275
5334 5341 309
5335 5335 -253
5335 5342 313
5336 5336 626
5336 5343 -174
5337 5337 -943
5337 5344 -253
5338 5338 403
5338 5345 873
5339 5339 -627
5339 5346 -937
5340 5340 823
5340 5347 501
5341 5341 326
5341 5348 -68
5342 5342 -659
5342 5349 -756
5343 5343 -790
5343 5350 148
5344 5344 323
5344 5351 -786
5345 5345 -542
5345 5352 253
5346 5346 394
5346 5353 -344
5347 5347 -356
5347 5354 -225
5348 5348 -10
5348 5355 688
5349 5349 -568
5349 5356 -431
5350 5350 -586
5350 5357 -133
5351 5351 -605
5351 5358 -763
5352 5352 -887
5352 5359 -642
5353 5353 125
5353 5360 883
5354 5354 917
5354 5361 401
5355 5355 -391
5355 5362 -36
5356 5356 176
5356 5363 597
5357 5357 -851
5357 5364 790
5358 5358 -339
5358 5365 -680
5359 5359 302
5359 5366 726
5360 5360 -972
5360 5367 522
5361 5361 799
5361 5368 179
5362 5362 -219
5362 5369 200
5363 5363 -893
5363 5370 -387
5364 5364 487
5364 5371 376
5365 5365 -659
5365 5372 812
5366 5366 941
5366 5373 -472
5367 5367 155
5367 5374 662
5368 5368 445
5368 5375 864
5369 5369 -204
5369 5376 -621
5370 5370 -863
5370 5377 693
5371 5371 862
5371 5378 807
5372 5372 235
5372 5379 852
5373 5373 382
5373 5380 -658
5374 5374 501
5374 5381 66
5375 5375 -821
5375 5382 -572
5376 5376 -49
5376 5383 145
5377 5377 282
5377 5384 -566
5378 5378 21
5378 5385 471
5379 5379 -780
5379 5386 64
5380 5380 -335
5380 5387 -806
5381 5381 619
5381 5388 865
5382 5382 991
5382 5389 752
5383 5383 -750
5383 5390 174
5384 5384 145
5384 5391 57
5385 5385 -795
5385 5392 522
5386 5386 -555
5386 5393 322
5387 5387 417
5387 5394 -388
5388 5388 -650
5388 5395 518
5389 5389 268
5389 5396 994
5390 5390 -66
5390 5397 220
5391 5391 -506
5391 5398 -864
5392 5392 -887
5392 5399 58
5393 5393 -144
5393 5400 511
5394 5394 -654
5394 5401 -715
5395 5395 -18
5395 5402 873
5396 5396 311
5396 5403 -153
5397 5397 664
5397 5404 388
5398 5398 672
5398 5405 -671
5399 5399 -757
5399 5406 978
5400 5400 532
5400 5407 696
5401 5401 -122
5401 5408 -641
5402 5402 -969
5402 5409 735
5403 5403 -795
5403 5410 -425
5404 5404 -68
5404 5411 -755
5405 5405 652
5405 5412 -999
5406 5406 -528
5406 5413 -494
5407 5407 -733
5407 5414 -133
5408 5408 -466
5408 5415 -700
5409 5409 380
5409 5416 993
5410 5410 776
5410 5417 275
5411 5411 919
5411 5418 252
5412 5412 711
5412 5419 -743
5413 5413 336
5413 5420 -966
5414 5414 744
5414 5421 -84
5415 5415 4
5415 5422 -731
5416 5416 -174
5416 5423 480
5417 5417 -107
5417 5424 269
5418 5418 -895
5418 5425 -122
5419 5419 653
5419 5426 122
5420 5420 414
5420 5427 601
5421 5421 837
5421 5428 -941
5422 5422 -719
5422 5429 -983
5423 5423 413
5423 5430 -248
5424 5424 426
5424 5431 -619
5425 5425 -938
5425 5432 541
5426 5426 -883
5426 5433 707
5427 5427 -119
5427 5434 -561
5428 5428 -316
5428 5435 -242
5429 5429 -609
5429 5436 -853
5430 5430 -483
5430 5437 1
5431 5431 -713
5431 5438 608
5432 5432 14
5432 5439 116
5433 5433 294
5433 5440 -944
5434 5434 366
5434 5441 -636
5435 5435 546
5435 5442 -864
5436 5436 -930
5436 5443 628
5437 5437 -539
5437 5444 -125
5438 5438 886
5438 5445 -591
5439 5439 127
5439 5446 94
5440 5440 706
5440 5447 290
5441 5441 209
5441 5448 -521
5442 5442 -488
5442 5449 -106
5443 5443 162
5443 5450 -357
5444 5444 -243
5444 5451 -772
5445 5445 926
5445 5452 -885
5446 5446 -66
5446 5453 -149
5447 5447 865
5447 5454 -92
5448 5448 -217
5448 5455 222
5449 5449 29
5449 5456 -216
5450 5450 97
5450 5457 -455
5451 5451 506
5451 5458 -312
5452 5452 -677
5452 5459 -203
5453 5453 579
5453 5460 320
5454 5454 410
5454 5461 -442
5455 5455 -489
5455 5462 4
5456 5456 -27
5456 5463 -121
5457 5457 443
5457 5464 611
5458 5458 313
5458 5465 850
5459 5459 -629
5459 5466 820
5460 5460 -475
5460 5467 -436
5461 5461 -325
5461 5468 111
5462 5462 629
5462 5469 90
5463 5463 -589
5463 5470 313
5464 5464 307
5464 5471 -44
5465 5465 -927
5465 5472 -290
5466 5466 -917
5466 5473 779
5467 5467 967
5467 5474 -257
5468 5468 -377
5468 5475 -90
5469 5469 308
5469 5476 961
5470 5470 -532
5470 5477 204
5471 5471 -928
5471 5478 -592
5472 5472 699
5472 5479 -80
5473 5473 935
5473 5480 -49
5474 5474 -183
5474 5481 816
5475 5475 35
5475 5482 581
5476 5476 274
5476 5483 -837
5477 5477 -4
5477 5484 81
5478 5478 -234
5478 5485 -290
5479 5479 -350
5479 5486 557
5480 5480 -582
5480 5487 -297
5481 5481 -349
5481 5488 808
5482 5482 534
5482 5489 -740
5483 5483 -735
5483 5490 580
5484 5484 2
5484 5491 -685
5485 5485 -347
5485 5492 262
5486 5486 -620
5486 5493 695
5487 5487 201
5487 5494 -107
5488 5488 323
5488 5495 -478
5489 5489 188
5489 5496 77
5490 5490 -942
5490 5497 102
5491 5491 800
5491 5498 -810
5492 5492 -380
5492 5499 -385
5493 5493 936
5493 5500 538
5494 5494 73
5494 5501 806
5495 5495 -391
5495 5502 -83
5496 5496 874
5496 5503 957
5497 5497 980
5497 5504 721
5498 5498 -72
5498 5505 749
5499 5499 -724
5499 5506 -36
5500 5500 896
5500 5507 129
5501 5501 902
5501 5508 -537
5502 5502 194
5502 5509 829
5503 5503 258
5503 5510 918
5504 5504 -81
5504 5511 115
5505 5505 -505
5505 5512 -866
5506 5506 809
5506 5513 744
5507 5507 -595
5507 5514 -581
5508 5508 449
5508 5515 847
5509 5509 -556
5509 5516 366
5510 5510 700
5510 5517 -679
5511 5511 -562
5511 5518 -430
5512 5512 -279
5512 5519 -732
5513 5513 -205
5513 5520 -704
5514 5514 725
5514 5521 -881
5515 5515 996
5515 5522 210
5516 5516 -10
5516 5523 -589
5517 5517 -370
5517 5524 -132
5518 5518 19
5518 5525 793
5519 5519 735
5519 5526 -383
5520 5520 277
5520 5527 -975
5521 5521 -609
5521 5528 -279
5522 5522 28
5522 5529 62
5523 5523 530
5523 5530 -738
5524 5524 -818
5524 5531 -968
5525 5525 33
5525 5532 -266
5526 5526 755
5526 5533 710
5527 5527 -708
5527 5534 668
5528 5528 -491
5528 5535 819
5529 5529 671
5529 5536 -130
5530 5530 62
5530 5537 -938
5531 5531 -320
5531 5538 -811
5532 5532 -353
5532 5539 954
5533 5533 584
5533 5540 684
5534 5534 125
5534 5541 737
5535 5535 298
5535 5542 251
5536 5536 -495
5536 5543 -616
5537 5537 -719
5537 5544 -542
5538 5538 923
5538 5545 85
5539 5539 142
5539 5546 610
5540 5540 795
5540 5547 -728
5541 5541 -618
5541 5548 996
5542 5542 422
5542 5549 -828
5543 5543 477
5543 5550 179
5544 5544 418
5544 5551 465
5545 5545 36
5545 5552 -800
5546 5546 -851
5546 5553 -6
5547 5547 254
5547 5554 243
5548 5548 672
5548 5555 461
5549 5549 404
5549 5556 991
5550 5550 -820
5550 5557 561
5551 5551 -202
5551 5558 50
5552 5552 -821
5552 5559 266
5553 5553 602
5553 5560 112
5554 5554 -50
5554 5561 -576
5555 5555 673
5555 5562 -361
5556 5556 851
5556 5563 -544
5557 5557 -399
5557 5564 -44
5558 5558 668
5558 5565 799
5559 5559 868
5559 5566 129
5560 5560 -868
5560 5567 336
5561 5561 -921
5561 5568 334
5562 5562 778
5562 5569 -21
5563 5563 508
5563 5570 -315
5564 5564 -898
5564 5571 320
5565 5565 982
5565 5572 -396
5566 5566 743
5566 5573 267
5567 5567 726
5567 5574 122
5568 5568 650
5568 5575 -685
5569 5569 257
5569 5576 -467
5570 5570 -364
5570 5577 993
5571 5571 -691
5571 5578 92
5572 5572 503
5572 5579 567
5573 5573 902
5573 5580 -928
5574 5574 314
5574 5581 198
5575 5575 -684
5575 5582 -25
5576 5576 -70
5576 5583 674
5577 5577 576
5577 5584 154
5578 5578 545
5578 5585 285
5579 5579 -644
5579 5586 624
5580 5580 654
5580 5587 854
5581 5581 -188
5581 5588 -991
5582 5582 681
5582 5589 -129
5583 5583 907
5583 5590 686
5584 5584 742
5584 5591 926
5585 5585 -897
5585 5592 664
5586 5586 988
5586 5593 642
5587 5587 -347
5587 5594 -23
5588 5588 49
5588 5595 -95
5589 5589 303
5589 5596 -54
5590 5590 -759
5590 5597 484
5591 5591 978
5591 5598 -589
5592 5592 -830
5592 5599 512
5593 5593 232
5593 5600 -988
5594 5594 508
5594 5601 -552
5595 5595 139
5595 5602 594
5596 5596 -193
5596 5603 -356
5597 5597 -637
5597 5604 552
5598 5598 -113
5598 5605 613
5599 5599 736
5599 5606 -709
5600 5600 535
5600 5607 574
5601 5601 -746
5601 5608 481
5602 5602 194
5602 5609 173
5603 5603 212
5603 5610 903
5604 5604 -660
5604 5611 362
5605 5605 510
5605 5612 -458
5606 5606 115
5606 5613 -974
5607 5607 441
5607 5614 794
5608 5608 885
5608 5615 94
5609 5609 -587
5609 5616 716
5610 5610 -188
5610 5617 432
5611 5611 -94
5611 5618 661
5612 5612 -635
5612 5619 -88
5613 5613 -252
5613 5620 2
5614 5614 909
5614 5621 188
5615 5615 -71
5615 5622 536
5616 5616 -525
5616 5623 798
5617 5617 658
5617 5624 -273
5618 5618 410
5618 5625 -170
5619 5619 -739
5619 5626 -476
5620 5620 751
5620 5627 758
5621 5621 683
5621 5628 392
5622 5622 406
5622 5629 592
5623 5623 174
5623 5630 221
5624 5624 -867
5624 5631 3
5625 5625 113
5625 5632 820
5626 5626 -619
5626 5633 815
5627 5627 919
5627 5634 846
5628 5628 578
5628 5635 -919
5629 5629 133
5629 5636 -441
5630 5630 600
5630 5637 431
5631 5631 -525
5631 5638 397
5632 5632 129
5632 5639 127
5633 5633 569
5633 5640 -815
5634 5634 148
5634 5641 513
5635 5635 228
5635 5642 -297
5636 5636 -658
5636 5643 620
5637 5637 -588
5637 5644 448
5638 5638 725
5638 5645 63
5639 5639 123
5639 5646 993
5640 5640 12
5640 5647 144
5641 5641 100
5641 5648 226
5642 5642 -279
5642 5649 -424
5643 5643 -938
5643 5650 421
5644 5644 632
5644 5651 921
5645 5645 541
5645 5652 -890
5646 5646 780
5646 5653 -991
5647 5647 -219
5647 5654 942
5648 5648 -882
5648 5655 -341
5649 5649 954
5649 5656 -895
5650 5650 520
5650 5657 -159
5651 5651 764
5651 5658 -167
5652 5652 239
5652 5659 -337
5653 5653 -142
5653 5660 -928
5654 5654 748
5654 5661 625
5655 5655 -830
5655 5662 860
5656 5656 -587
5656 5663 -213
5657 5657 -671
5657 5664 900
5658 5658 -982
5658 5665 787
5659 5659 357
5659 5666 -621
5660 5660 -261
5660 5667 440
5661 5661 -156
5661 5668 -650
5662 5662 -449
5662 5669 644
5663 5663 104
5663 5670 243
5664 5664 -81
5664 5671 352
5665 5665 -882
5665 5672 -595
5666 5666 360
5666 5673 -498
5667 5667 -712
5667 5674 -470
5668 5668 -759
5668 5675 -396
5669 5669 -131
5669 5676 674
5670 5670 -960
5670 5677 750
5671 5671 589
5671 5678 47
5672 5672 343
5672 5679 144
5673 5673 39
5673 5680 -906
5674 5674 -952
5674 5681 -253
5675 5675 111
5675 5682 -785
5676 5676 201
5676 5683 228
5677 5677 -999
5677 5684 991
5678 5678 281
5678 5685 -75
5679 5679 920
5679 5686 -160
5680 5680 91
5680 5687 -7
5681 5681 897
5681 5688 -193
5682 5682 -300
5682 5689 13
5683 5683 746
5683 5690 -848
5684 5684 400
5684 5691 903
5685 5685 25
5685 5692 -721
5686 5686 765
5686 5693 -499
5687 5687 -850
5687 5694 -118
5688 5688 400
5688 5695 -374
5689 5689 658
5689 5696 983
5690 5690 -994
5690 5697 -717
5691 5691 490
5691 5698 -950
5692 5692 564
5692 5699 -381
5693 5693 361
5693 5700 892
5694 5694 107
5694 5701 -70
5695 5695 -144
5695 5702 261
5696 5696 -120
5696 5703 -94
5697 5697 793
5697 5704 -309
5698 5698 327
5698 5705 -947
5699 5699 -398
5699 5706 826
5700 5700 -229
5700 5707 -290
5701 5701 247
5701 5708 625
5702 5702 485
5702 5709 846
5703 5703 -356
5703 5710 901
5704 5704 112
5704 5711 249
5705 5705 558
5705 5712 -724
5706 5706 658
5706 5713 -226
5707 5707 879
5707 5714 719
5708 5708 727
5708 5715 -239
5709 5709 -401
5709 5716 -404
5710 5710 -95
5710 5717 541
5711 5711 -625
5711 5718 -770
5712 5712 219
5712 5719 -26
5713 5713 -535
5713 5720 961
5714 5714 -495
5714 5721 -459
5715 5715 -597
5715 5722 841
5716 5716 -382
5716 5723 725
5717 5717 -543
5717 5724 -850
5718 5718 806
5718 5725 -556
5719 5719 -407
5719 5726 -937
5720 5720 646
5720 5727 883
5721 5721 -418
5721 5728 -115
5722 5722 -250
5722 5729 -6
5723 5723 474
5723 5730 77
5724 5724 949
5724 5731 90
5725 5725 -27
5725 5732 -711
5726 5726 -772
5726 5733 -863
5727 5727 353
5727 5734 -369
5728 5728 -582
5728 5735 44
5729 5729 433
5729 5736 447
5730 5730 -332
5730 5737 -8
5731 5731 44
5731 5738 363
5732 5732 -76
5732 5739 900
5733 5733 787
5733 5740 -328
5734 5734 903
5734 5741 446
5735 5735 -590
5735 5742 -850
5736 5736 79
5736 5743 630
5737 5737 -575
5737 5744 598
5738 5738 111
5738 5745 388
5739 5739 303
5739 5746 885
5740 5740 391
5740 5747 -323
5741 5741 -796
5741 5748 246
5742 5742 -33
5742 5749 -18
5743 5743 246
5743 5750 363
5744 5744 675
5744 5751 383
5745 5745 557
5745 5752 449
5746 5746 -964
5746 5753 -92
5747 5747 -837
5747 5754 -545
5748 5748 897
5748 5755 367
5749 5749 832
5749 5756 -927
5750 5750 156
5750 5757 -450
5751 5751 407
5751 5758 813
5752 5752 662
5752 5759 44
5753 5753 -515
5753 5760 -763
5754 5754 -797
5754 5761 366
5755 5755 767
5755 5762 -396
5756 5756 -443
5756 5763 71
5757 5757 -201
5757 5764 167
5758 5758 104
5758 5765 -257
5759 5759 -69
5759 5766 -569
5760 5760 620
5760 5767 -139
5761 5761 884
5761 5768 -4
5762 5762 -774
5762 5769 729
5763 5763 737
5763 5770 508
5764 5764 870
5764 5771 -195
5765 5765 -583
5765 5772 427
5766 5766 -171
5766 5773 -145
5767 5767 -32
5767 5774 -904
5768 5768 -644
5768 5775 -187
5769 5769 566
5769 5776 305
5770 5770 964
5770 5777 -318
5771 5771 -581
5771 5778 -37
5772 5772 114
5772 5779 551
5773 5773 -988
5773 5780 983
5774 5774 -428
5774 5781 531
5775 5775 -801
5775 5782 500
5776 5776 451
5776 5783 -408
5777 5777 744
5777 5784 423
5778 5778 -569
5778 5785 -898
5779 5779 -872
5779 5786 389
5780 5780 409
5780 5787 -338
5781 5781 442
5781 5788 -861
5782 5782 -73
5782 5789 225
5783 5783 907
5783 5790 648
5784 5784 -82
5784 5791 335
5785 5785 190
5785 5792 -265
5786 5786 414
5786 5793 802
5787 5787 444
5787 5794 134
5788 5788 475
5788 5795 -580
5789 5789 876
5789 5796 -937
5790 5790 295
5790 5797 -340
5791 5791 -610
5791 5798 -5
5792 5792 -296
5792 5799 -641
5793 5793 -483
5793 5800 683
5794 5794 68
5794 5801 147
5795 5795 -107
5795 5802 254
5796 5796 606
5796 5803 596
5797 5797 741
5797 5804 -398
5798 5798 894
5798 5805 380
5799 5799 297
5799 5806 -255
5800 5800 492
5800 5807 -456
5801 5801 -740
5801 5808 412
5802 5802 -46
5802 5809 171
5803 5803 39
5803 5810 140
5804 5804 955
5804 5811 -435
5805 5805 506
5805 5812 231
5806 5806 -377
5806 5813 246
5807 5807 434
5807 5814 179
5808 5808 561
5808 5815 -425
5809 5809 493
5809 5816 996
5810 5810 621
5810 5817 796
5811 5811 -8
5811 5818 -605
5812 5812 -678
5812 5819 -880
5813 5813 -826
5813 5820 389
5814 5814 -677
5814 5821 -730
5815 5815 548
5815 5822 720
5816 5816 748
5816 5823 -70
5817 5817 -84
5817 5824 72
5818 5818 906
5818 5825 -47
5819 5819 949
5819 5826 -946
5820 5820 -921
5820 5827 -318
5821 5821 413
5821 5828 387
5822 5822 610
5822 5829 426
5823 5823 285
5823 5830 36
5824 5824 963
5824 5831 -126
5825 5825 -311
5825 5832 -981
5826 5826 -914
5826 5833 757
5827 5827 -109
5827 5834 -400
5828 5828 749
5828 5835 696
5829 5829 948
5829 5836 416
5830 5830 -365
5830 5837 647
5831 5831 723
5831 5838 336
5832 5832 432
5832 5839 -893
5833 5833 754
5833 5840 -981
5834 5834 -811
5834 5841 -416
5835 5835 -971
5835 5842 540
5836 5836 350
5836 5843 -106
5837 5837 -708
5837 5844 846
5838 5838 868
5838 5845 -339
5839 5839 -928
5839 5846 711
5840 5840 402
5840 5847 -606
5841 5841 352
5841 5848 -502
5842 5842 588
5842 5849 508
5843 5843 -265
5843 5850 673
5844 5844 924
5844 5851 529
5845 5845 -917
5845 5852 568
5846 5846 -626
5846 5853 361
5847 5847 313
5847 5854 321
5848 5848 641
5848 5855 733
5849 5849 131
5849 5856 744
5850 5850 -574
5850 5857 870
5851 5851 -808
5851 5858 878
5852 5852 -403
5852 5859 -320
5853 5853 621
5853 5860 938
5854 5854 578
5854 5861 112
5855 5855 -911
5855 5862 129
5856 5856 -829
5856 5863 -795
5857 5857 504
5857 5864 326
5858 5858 184
5858 5865 -293
5859 5859 -50
5859 5866 677
5860 5860 -466
5860 5867 -716
5861 5861 -672
5861 5868 481
5862 5862 425
5862 5869 -226
5863 5863 -849
5863 5870 857
5864 5864 717
5864 5871 875
5865 5865 -810
5865 5872 -273
5866 5866 -503
5866 5873 -378
5867 5867 735
5867 5874 536
5868 5868 369
5868 5875 387
5869 5869 789
5869 5876 566
5870 5870 -536
5870 5877 -746
5871 5871 -432
5871 5878 -523
5872 5872 -869
5872 5879 -785
5873 5873 -58
5873 5880 -111
5874 5874 578
5874 5881 641
5875 5875 -406
5875 5882 -140
5876 5876 769
5876 5883 -449
5877 5877 406
5877 5884 143
5878 5878 -804
5878 5885 941
5879 5879 -265
5879 5886 584
5880 5880 286
5880 5887 -144
5881 5881 843
5881 5888 574
5882 5882 -475
5882 5889 894
5883 5883 308
5883 5890 -116
5884 5884 629
5884 5891 -367
5885 5885 -91
5885 5892 659
5886 5886 690
5886 5893 -321
5887 5887 -529
5887 5894 219
5888 5888 8
5888 5895 -89
5889 5889 -83
5889 5896 763
5890 5890 -312
5890 5897 -957
5891 5891 826
5891 5898 -457
5892 5892 267
5892 5899 957
5893 5893 178
5893 5900 132
5894 5894 -137
5894 5901 807
5895 5895 -455
5895 5902 317
5896 5896 -451
5896 5903 302
5897 5897 976
5897 5904 -804
5898 5898 -590
5898 5905 302
5899 5899 -660
5899 5906 -496
5900 5900 -278
5900 5907 -212
5901 5901 110
5901 5908 -132
5902 5902 901
5902 5909 821
5903 5903 750
5903 5910 -709
5904 5904 123
5904 5911 775
5905 5905 -332
5905 5912 -753
5906 5906 533
5906 5913 352
5907 5907 865
5907 5914 54
5908 5908 -531
5908 5915 836
5909 5909 -621
5909 5916 905
5910 5910 -34
5910 5917 503
5911 5911 -70
5911 5918 594
5912 5912 703
5912 5919 617
5913 5913 -853
5913 5920 -120
5914 5914 -826
5914 5921 128
5915 5915 231
5915 5922 -770
5916 5916 -37
5916 5923 -722
5917 5917 511
5917 5924 -922
5918 5918 924
5918 5925 439
5919 5919 -248
5919 5926 69
5920 5920 -576
5920 5927 946
5921 5921 -526
5921 5928 29
5922 5922 -152
5922 5929 -831
5923 5923 864
5923 5930 87
5924 5924 387
5924 5931 73
5925 5925 -751
5925 5932 -851
5926 5926 -133
5926 5933 -285
5927 5927 -734
5927 5934 900
5928 5928 -472
5928 5935 -771
5929 5929 -663
5929 5936 526
5930 5930 -655
5930 5937 71
5931 5931 -660
5931 5938 574
5932 5932 54
5932 5939 -875
5933 5933 864
5933 5940 555
5934 5934 -121
5934 5941 -348
5935 5935 -937
5935 5942 429
5936 5936 74
5936 5943 869
5937 5937 -969
5937 5944 162
5938 5938 -540
5938 5945 142
5939 5939 -902
5939 5946 195
5940 5940 -702
5940 5947 -535
5941 5941 -232
5941 5948 -888
5942 5942 -879
5942 5949 747
5943 5943 39
5943 5950 -206
5944 5944 950
5944 5951 -71
5945 5945 -842
5945 5952 734
5946 5946 -388
5946 5953 -408
5947 5947 -962
5947 5954 819
5948 5948 146
5948 5955 979
5949 5949 -786
5949 5956 -230
5950 5950 -540
5950 5957 205
5951 5951 280
5951 5958 -973
5952 5952 -641
5952 5959 -464
5953 5953 -526
5953 5960 -871
5954 5954 -170
5954 5961 441
5955 5955 735
5955 5962 -266
5956 5956 -511
5956 5963 2
5957 5957 -914
5957 5964 -131
5958 5958 -709
5958 5965 -61
5959 5959 -155
5959 5966 468
5960 5960 -160
5960 5967 -416
5961 5961 662
5961 5968 -170
5962 5962 821
5962 5969 445
5963 5963 418
5963 5970 -637
5964 5964 874
5964 5971 -955
5965 5965 218
5965 5972 255
5966 5966 -786
5966 5973 -588
5967 5967 -819
5967 5974 -523
5968 5968 774
5968 5975 -382
5969 5969 728
5969 5976 -843
5970 5970 -468
5970 5977 199
5971 5971 282
5971 5978 349
5972 5972 949
5972 5979 932
5973 5973 -564
5973 5980 -2
5974 5974 -367
5974 5981 228
5975 5975 -763
5975 5982 767
5976 5976 798
5976 5983 -207
5977 5977 -656
5977 5984 -597
5978 5978 207
5978 5985 -715
5979 5979 -401
5979 5986 996
5980 5980 -279
5980 5987 266
5981 5981 -435
5981 5988 -294
5982 5982 -679
5982 5989 820
5983 5983 -626
5983 5990 -105
5984 5984 -820
5984 5991 10
5985 5985 668
5985 5992 78
5986 5986 -989
5986 5993 -46
5987 5987 170
5987 5994 -159
5988 5988 382
5988 5995 466
5989 5989 335
5989 5996 -289
5990 5990 -547
5990 5997 567
5991 5991 131
5991 5998 -533
5992 5992 937
5992 5999 -324
5993 5993 -857
5993 6000 -556
5994 5994 632
5994 6001 955
5995 5995 92
5995 6002 -428
5996 5996 8
5996 6003 -748
5997 5997 576
5997 6004 -472
5998 5998 -717
5998 6005 478
5999 5999 118
5999 6006 -621
6000 6000 384
6000 6007 412
6001 6001 -979
6001 6008 515
6002 6002 434
6002 6009 945
6003 6003 481
6003 6010 -679
6004 6004 560
6004 6011 97
6005 6005 492
6005 6012 956
6006 6006 143
6006 6013 904
6007 6007 635
6007 6014 618
6008 6008 -184
6008 6015 567
6009 6009 449
6009 6016 719
6010 6010 -706
6010 6017 317
6011 6011 925
6011 6018 -979
6012 6012 256
6012 6019 -647
6013 6013 10
6013 6020 285
6014 6014 -306
6014 6021 234
6015 6015 -566
6015 6022 -94
6016 6016 -465
6016 6023 728
6017 6017 -538
6017 6024 -904
6018 6018 -101
6018 6025 846
6019 6019 371
6019 6026 -634
6020 6020 -888
6020 6027 -786
6021 6021 775
6021 6028 -946
6022 6022 262
6022 6029 777
6023 6023 445
6023 6030 -341
6024 6024 -70
6024 6031 -153
6025 6025 448
6025 6032 751
6026 6026 -903
6026 6033 -936
6027 6027 -110
6027 6034 -799
6028 6028 -152
6028 6035 655
6029 6029 -289
6029 6036 -134
6030 6030 -560
6030 6037 -681
6031 6031 -154
6031 6038 -204
6032 6032 683
6032 6039 -980
6033 6033 587
6033 6040 881
6034 6034 -30
6034 6041 542
6035 6035 -528
6035 6042 580
6036 6036 -699
6036 6043 -708
6037 6037 561
6037 6044 -564
6038 6038 800
6038 6045 652
6039 6039 -624
6039 6046 -19
6040 6040 76
6040 6047 -143
6041 6041 97
6041 6048 -904
6042 6042 540
6042 6049 -486
6043 6043 465
6043 6050 -324
6044 6044 205
6044 6051 825
6045 6045 -798
6045 6052 -87
6046 6046 945
6046 6053 362
6047 6047 -312
6047 6054 284
6048 6048 -440
6048 6055 -505
6049 6049 607
6049 6056 434
6050 6050 -502
6050 6057 -631
6051 6051 -569
6051 6058 556
6052 6052 292
6052 6059 755
6053 6053 -313
6053 6060 -405
6054 6054 563
6054 6061 48
6055 6055 -747
6055 6062 -83
6056 6056 880
6056 6063 -331
6057 6057 911
6057 6064 -660
6058 6058 721
6058 6065 610
6059 6059 123
6059 6066 -479
6060 6060 -872
6060 6067 316
6061 6061 -632
6061 6068 9
6062 6062 -327
6062 6069 734
6063 6063 -230
6063 6070 451
6064 6064 96
6064 6071 -891
6065 6065 -859
6065 6072 885
6066 6066 -448
6066 6073 257
6067 6067 103
6067 6074 101
6068 6068 -259
6068 6075 549
6069 6069 -78
6069 6076 -283
6070 6070 -297
6070 6077 -499
6071 6071 -400
6071 6078 -90
6072 6072 373
6072 6079 -926
6073 6073 -811
6073 6080 681
6074 6074 932
6074 6081 -98
6075 6075 639
6075 6082 316
6076 6076 -493
6076 6083 383
6077 6077 -124
6077 6084 519
6078 6078 -588
6078 6085 658
6079 6079 197
6079 6086 77
6080 6080 795
6080 6087 -703
6081 6081 160
6081 6088 -264
6082 6082 469
6082 6089 360
6083 6083 -147
6083 6090 -731
6084 6084 -334
6084 6091 -405
6085 6085 -156
6085 6092 751
6086 6086 160
6086 6093 -229
6087 6087 1
6087 6094 -655
6088 6088 -98
6088 6095 817
6089 6089 711
6089 6096 210
6090 6090 -374
6090 6097 -704
6091 6091 637
6091 6098 739
6092 6092 -857
6092 6099 812
6093 6093 418
6093 6100 -687
6094 6094 348
6094 6101 624
6095 6095 -637
6095 6102 203
6096 6096 238
6096 6103 305
6097 6097 660
6097 6104 -504
6098 6098 -185
6098 6105 -6
6099 6099 -792
6099 6106 -743
6100 6100 832
6100 6107 433
6101 6101 -916
6101 6108 -516
6102 6102 -955
6102 6109 882
6103 6103 506
6103 6110 -800
6104 6104 41
6104 6111 -281
6105 6105 491
6105 6112 350
6106 6106 -563
6106 6113 962
6107 6107 301
6107 6114 -849
6108 6108 152
6108 6115 -458
6109 6109 -416
6109 6116 208
6110 6110 50
6110 6117 941
6111 6111 -629
6111 6118 -418
6112 6112 93
6112 6119 -907
6113 6113 925
6113 6120 -313
6114 6114 -435
6114 6121 -885
6115 6115 828
6115 6122 778
6116 6116 457
6116 6123 740
6117 6117 845
6117 6124 -871
6118 6118 -811
6118 6125 477
6119 6119 607
6119 6126 617
6120 6120 -694
6120 6127 -178
6121 6121 -340
6121 6128 704
6122 6122 165
6122 6129 274
6123 6123 197
6123 6130 -30
6124 6124 -795
6124 6131 687
6125 6125 247
6125 6132 15
6126 6126 -552
6126 6133 -960
6127 6127 247
6127 6134 395
6128 6128 -448
6128 6135 -256
6129 6129 -314
6129 6136 -200
6130 6130 65
6130 6137 -288
6131 6131 -516
6131 6138 -65
6132 6132 -444
6132 6139 567
6133 6133 291
6133 6140 -731
6134 6134 600
6134 6141 -528
6135 6135 891
6135 6142 39
6136 6136 15
6136 6143 105
6137 6137 -880
6137 6144 -182
6138 6138 871
6138 6145 653
6139 6139 872
6139 6146 -326
6140 6140 107
6140 6147 132
6141 6141 -627
6141 6148 -520
6142 6142 460
6142 6149 -758
6143 6143 277
6143 6150 763
6144 6144 -40
6144 6151 -191
6145 6145 380
6145 6152 -988
6146 6146 247
6146 6153 208
6147 6147 -51
6147 6154 410
6148 6148 371
6148 6155 309
6149 6149 -144
6149 6156 -414
6150 6150 737
6150 6157 254
6151 6151 538
6151 6158 -447
6152 6152 -177
6152 6159 629
6153 6153 -29
6153 6160 849
6154 6154 -719
6154 6161 -532
6155 6155 -89
6155 6162 983
6156 6156 -344
6156 6163 601
6157 6157 580
6157 6164 61
6158 6158 -638
6158 6165 -986
6159 6159 61
6159 6166 -839
6160 6160 -46
6160 6167 -142
6161 6161 -180
6161 6168 706
6162 6162 918
6162 6169 -513
6163 6163 658
6163 6170 940
6164 6164 343
6164 6171 -605
6165 6165 818
6165 6172 -393
6166 6166 211
6166 6173 643
6167 6167 -694
6167 6174 976
6168 6168 -327
6168 6175 8
6169 6169 -432
6169 6176 -890
6170 6170 643
6170 6177 261
6171 6171 -376
6171 6178 966
6172 6172 -316
6172 6179 966
6173 6173 -440
6173 6180 397
6174 6174 -962
6174 6181 -179
6175 6175 -724
6175 6182 587
6176 6176 397
6176 6183 -812
6177 6177 -690
6177 6184 -831
6178 6178 996
6178 6185 -535
6179 6179 741
6179 6186 -531
6180 6180 -268
6180 6187 263
6181 6181 -295
6181 6188 125
6182 6182 207
6182 6189 833
6183 6183 -367
6183 6190 991
6184 6184 89
6184 6191 233
6185 6185 -79
6185 6192 32
6186 6186 -234
6186 6193 -166
6187 6187 424
6187 6194 -895
6188 6188 -923
6188 6195 -101
6189 6189 -544
6189 6196 751
6190 6190 761
6190 6197 -592
6191 6191 509
6191 6198 169
6192 6192 -123
6192 6199 643
6193 6193 572
6193 6200 -116
6194 6194 -467
6194 6201 -468
6195 6195 625
6195 6202 -669
6196 6196 -228
6196 6203 539
6197 6197 -33
6197 6204 -266
6198 6198 -322
6198 6205 -572
6199 6199 169
6199 6206 -411
6200 6200 -31
6200 6207 -998
6201 6201 2
6201 6208 -790
6202 6202 808
6202 6209 -22
6203 6203 870
6203 6210 -621
6204 6204 688
6204 6211 494
6205 6205 31
6205 6212 -791
6206 6206 223
6206 6213 221
6207 6207 -358
6207 6214 -84
6208 6208 808
6208 6215 -880
6209 6209 -30
6209 6216 908
6210 6210 697
6210 6217 -578
6211 6211 -285
6211 6218 -267
6212 6212 827
6212 6219 -65
6213 6213 178
6213 6220 -343
6214 6214 309
6214 6221 762
6215 6215 -30
6215 6222 926
6216 6216 662
6216 6223 -874
6217 6217 545
6217 6224 309
6218 6218 21
6218 6225 718
6219 6219 370
6219 6226 94
6220 6220 -589
6220 6227 433
6221 6221 547
6221 6228 676
6222 6222 801
6222 6229 -575
6223 6223 281
6223 6230 -278
6224 6224 -922
6224 6231 160
6225 6225 968
6225 6232 -94
6226 6226 944
6226 6233 372
6227 6227 11
6227 6234 -393
6228 6228 -14
6228 6235 -758
6229 6229 -600
6229 6236 141
6230 6230 -38
6230 6237 -669
6231 6231 -729
6231 6238 87
6232 6232 -77
6232 6239 778
6233 6233 -656
6233 6240 -310
6234 6234 -896
6234 6241 513
6235 6235 -405
6235 6242 -325
6236 6236 791
6236 6243 802
6237 6237 656
6237 6244 -728
6238 6238 -19
6238 6245 670
6239 6239 676
6239 6246 -628
6240 6240 355
6240 6247 289
6241 6241 131
6241 6248 703
6242 6242 687
6242 6249 -852
6243 6243 -557
6243 6250 -957
6244 6244 653
6244 6251 -121
6245 6245 -716
6245 6252 704
6246 6246 892
6246 6253 527
6247 6247 -44
6247 6254 748
6248 6248 975
6248 6255 -255
6249 6249 31
6249 6256 -375
6250 6250 -508
6250 6257 626
6251 6251 9
6251 6258 370
6252 6252 -415
6252 6259 293
6253 6253 173
6253 6260 627
6254 6254 84
6254 6261 -509
6255 6255 -900
6255 6262 -277
6256 6256 99
6256 6263 80
6257 6257 -540
6257 6264 163
6258 6258 -81
6258 6265 323
6259 6259 98
6259 6266 746
6260 6260 -211
6260 6267 162
6261 6261 425
6261 6268 204
6262 6262 -838
6262 6269 171
6263 6263 117
6263 6270 -303
6264 6264 721
6264 6271 -128
6265 6265 501
6265 6272 -655
6266 6266 -567
6266 6273 -329
6267 6267 -537
6267 6274 -128
6268 6268 118
6268 6275 296
6269 6269 -483
6269 6276 -34
6270 6270 629
6270 6277 397
6271 6271 -320
6271 6278 -146
6272 6272 256
6272 6279 23
6273 6273 -473
6273 6280 408
6274 6274 -304
6274 6281 703
6275 6275 203
6275 6282 102
6276 6276 -367
6276 6283 -212
6277 6277 402
6277 6284 194
6278 6278 -245
6278 6285 807
6279 6279 -741
6279 6286 -444
6280 6280 973
6280 6287 -917
6281 6281 -898
6281 6288 -398
6282 6282 -722
6282 6289 577
6283 6283 -678
6283 6290 -204
6284 6284 -76
6284 6291 -56
6285 6285 513
6285 6292 -938
6286 6286 -367
6286 6293 -537
6287 6287 922
6287 6294 454
6288 6288 116
6288 6295 55
6289 6289 -706
6289 6296 -892
6290 6290 275
6290 6297 -325
6291 6291 717
6291 6298 -455
6292 6292 -916
6292 6299 -880
6293 6293 274
6293 6300 31
6294 6294 -451
6294 6301 -577
6295 6295 -354
6295 6302 858
6296 6296 834
6296 6303 700
6297 6297 674
6297 6304 -935
6298 6298 -378
6298 6305 119
6299 6299 30
6299 6306 416
6300 6300 147
6300 6307 552
6301 6301 574
6301 6308 398
6302 6302 262
6302 6309 -903
6303 6303 949
6303 6310 -661
6304 6304 122
6304 6311 -166
6305 6305 762
6305 6312 209
6306 6306 -458
6306 6313 -356
6307 6307 491
6307 6314 -124
6308 6308 668
6308 6315 795
6309 6309 -429
6309 6316 379
6310 6310 98
6310 6317 307
6311 6311 606
6311 6318 -561
6312 6312 320
6312 6319 865
6313 6313 -672
6313 6320 -221
6314 6314 967
6314 6321 120
6315 6315 113
6315 6322 -646
6316 6316 -995
6316 6323 19
6317 6317 -957
6317 6324 -559
6318 6318 969
6318 6325 154
6319 6319 489
6319 6326 -617
6320 6320 798
6320 6327 277
6321 6321 -273
6321 6328 -798
6322 6322 643
6322 6329 657
6323 6323 293
6323 6330 392
6324 6324 306
6324 6331 -132
6325 6325 -959
6325 6332 -342
6326 6326 -826
6326 6333 -604
6327 6327 -826
6327 6334 102
6328 6328 478
6328 6335 -357
6329 6329 196
6329 6336 716
6330 6330 219
6330 6337 726
6331 6331 225
6331 6338 827
6332 6332 -633
6332 6339 622
6333 6333 -655
6333 6340 36
6334 6334 -152
6334 6341 -670
6335 6335 277
6335 6342 -531
6336 6336 366
6336 6343 300
6337 6337 -74
6337 6344 -147
6338 6338 -862
6338 6345 12
6339 6339 39
6339 6346 -56
6340 6340 -570
6340 6347 -772
6341 6341 433
6341 6348 -444
6342 6342 867
6342 6349 -595
6343 6343 -303
6343 6350 -20
6344 6344 90
6344 6351 491
6345 6345 170
6345 6352 873
6346 6346 135
6346 6353 -888
6347 6347 -471
6347 6354 -575
6348 6348 168
6348 6355 -377
6349 6349 940
6349 6356 117
6350 6350 134
6350 6357 504
6351 6351 115
6351 6358 509
6352 6352 397
6352 6359 862
6353 6353 -803
6353 6360 661
6354 6354 597
6354 6361 -624
6355 6355 431
6355 6362 -486
6356 6356 299
6356 6363 -66
6357 6357 151
6357 6364 518
6358 6358 -160
6358 6365 567
6359 6359 -290
6359 6366 -121
6360 6360 -182
6360 6367 -904
6361 6361 -267
6361 6368 -604
6362 6362 911
6362 6369 -131
6363 6363 416
6363 6370 -444
6364 6364 409
6364 6371 294
6365 6365 59
6365 6372 209
6366 6366 282
6366 6373 -699
6367 6367 -104
6367 6374 -395
6368 6368 -619
6368 6375 706
6369 6369 -831
6369 6376 -219
6370 6370 946
6370 6377 -204
6371 6371 792
6371 6378 -309
6372 6372 -48
6372 6379 -13
6373 6373 -391
6373 6380 -310
6374 6374 -296
6374 6381 -574
6375 6375 -731
6375 6382 -298
6376 6376 622
6376 6383 -356
6377 6377 -617
6377 6384 -794
6378 6378 -692
6378 6385 171
6379 6379 255
6379 6386 853
6380 6380 -324
6380 6387 -905
6381 6381 294
6381 6388 -320
6382 6382 341
6382 6389 440
6383 6383 100
6383 6390 840
6384 6384 118
6384 6391 -979
6385 6385 -413
6385 6392 -90
6386 6386 96
6386 6393 525
6387 6387 402
6387 6394 788
6388 6388 -370
6388 6395 -920
6389 6389 -686
6389 6396 65
6390 6390 603
6390 6397 264
6391 6391 338
6391 6398 549
6392 6392 933
6392 6399 440
6393 6393 -90
6393 6400 200
6394 6394 554
6394 6401 -323
6395 6395 -618
6395 6402 -675
6396 6396 273
6396 6403 -923
6397 6397 -993
6397 6404 -473
6398 6398 -52
6398 6405 -803
6399 6399 852
6399 6406 -16
6400 6400 -437
6400 6407 773
6401 6401 744
6401 6408 669
6402 6402 105
6402 6409 147
6403 6403 -239
6403 6410 -592
6404 6404 -727
6404 6411 762
6405 6405 367
6405 6412 -518
6406 6406 -834
6406 6413 220
6407 6407 -756
6407 6414 745
6408 6408 -884
6408 6415 87
6409 6409 -818
6409 6416 404
6410 6410 328
6410 6417 269
6411 6411 -734
6411 6418 -433
6412 6412 97
6412 6419 885
6413 6413 441
6413 6420 -58
6414 6414 287
6414 6421 -612
6415 6415 -835
6415 6422 -582
6416 6416 -979
6416 6423 974
6417 6417 457
6417 6424 -875
6418 6418 -574
6418 6425 65
6419 6419 437
6419 6426 403
6420 6420 -631
6420 6427 783
6421 6421 29
6421 6428 -31
6422 6422 222
6422 6429 -217
6423 6423 -716
6423 6430 -781
6424 6424 -431
6424 6431 -107
6425 6425 41
6425 6432 182
6426 6426 -447
6426 6433 -521
6427 6427 -125
6427 6434 -746
6428 6428 500
6428 6435 -859
6429 6429 -911
6429 6436 533
6430 6430 651
6430 6437 190
6431 6431 693
6431 6438 460
6432 6432 -271
6432 6439 -548
6433 6433 173
6433 6440 -66
6434 6434 -966
6434 6441 832
6435 6435 -287
6435 6442 -512
6436 6436 345
6436 6443 536
6437 6437 -991
6437 6444 -6
6438 6438 -141
6438 6445 -437
6439 6439 252
6439 6446 -254
6440 6440 -81
6440 6447 -381
6441 6441 324
6441 6448 365
6442 6442 -452
6442 6449 -305
6443 6443 -166
6443 6450 -921
6444 6444 529
6444 6451 121
6445 6445 392
6445 6452 830
6446 6446 857
6446 6453 666
6447 6447 -689
6447 6454 -336
6448 6448 -651
6448 6455 308
6449 6449 29
6449 6456 -399
6450 6450 602
6450 6457 211
6451 6451 -826
6451 6458 819
6452 6452 363
6452 6459 514
6453 6453 489
6453 6460 828
6454 6454 451
6454 6461 316
6455 6455 -669
6455 6462 457
6456 6456 -717
6456 6463 -786
6457 6457 28
6457 6464 928
6458 6458 714
6458 6465 249
6459 6459 -44
6459 6466 -912
6460 6460 -36
6460 6467 619
6461 6461 347
6461 6468 -32
6462 6462 744
6462 6469 902
6463 6463 417
6463 6470 72
6464 6464 -504
6464 6471 576
6465 6465 51
6465 6472 -212
6466 6466 840
6466 6473 -6
6467 6467 -775
6467 6474 -566
6468 6468 947
6468 6475 771
6469 6469 -819
6469 6476 -258
6470 6470 -246
6470 6477 -100
6471 6471 713
6471 6478 -555
6472 6472 992
6472 6479 854
6473 6473 -894
6473 6480 709
6474 6474 -963
6474 6481 863
6475 6475 -736
6475 6482 928
6476 6476 -364
6476 6483 -460
6477 6477 -918
6477 6484 -682
6478 6478 -895
6478 6485 47
6479 6479 398
6479 6486 -783
6480 6480 -741
6480 6487 -212
6481 6481 -176
6481 6488 -333
6482 6482 -889
6482 6489 226
6483 6483 238
6483 6490 -477
6484 6484 923
6484 6491 -556
6485 6485 962
6485 6492 -189
6486 6486 -773
6486 6493 742
6487 6487 362
6487 6494 -255
6488 6488 36
6488 6495 -859
6489 6489 330
6489 6496 591
6490 6490 908
6490 6497 145
6491 6491 -404
6491 6498 -853
6492 6492 446
6492 6499 327
6493 6493 269
6493 6500 -894
6494 6494 -337
6494 6501 834
6495 6495 -165
6495 6502 948
6496 6496 282
6496 6503 -28
6497 6497 -296
6497 6504 766
6498 6498 -754
6498 6505 -744
6499 6499 -299
6499 6506 -276
6500 6500 706
6500 6507 241
6501 6501 -973
6501 6508 811
6502 6502 -831
6502 6509 447
6503 6503 249
6503 6510 -890
6504 6504 -440
6504 6511 -147
6505 6505 63
6505 6512 401
6506 6506 -594
6506 6513 461
6507 6507 -989
6507 6514 -405
6508 6508 743
6508 6515 -209
6509 6509 -778
6509 6516 -201
6510 6510 52
6510 6517 -679
6511 6511 -79
6511 6518 907
6512 6512 800
6512 6519 851
6513 6513 -838
6513 6520 -523
6514 6514 599
6514 6521 -916
6515 6515 277
6515 6522 681
6516 6516 -630
6516 6523 -60
6517 6517 -590
6517 6524 -278
6518 6518 289
6518 6525 650
6519 6519 -238
6519 6526 691
6520 6520 280
6520 6527 -116
6521 6521 -787
6521 6528 -134
6522 6522 61
6522 6529 357
6523 6523 -181
6523 6530 806
6524 6524 559
6524 6531 -748
6525 6525 130
6525 6532 956
6526 6526 -440
6526 6533 1
6527 6527 -537
6527 6534 -649
6528 6528 377
6528 6535 -444
6529 6529 557
6529 6536 517
6530 6530 -478
6530 6537 351
6531 6531 370
6531 6538 -322
6532 6532 -750
6532 6539 -934
6533 6533 -932
6533 6540 987
6534 6534 -884
6534 6541 750
6535 6535 230
6535 6542 -749
6536 6536 -62
6536 6543 -24
6537 6537 -262
6537 6544 -352
6538 6538 -410
6538 6545 -7
6539 6539 697
6539 6546 640
6540 6540 25
6540 6547 -911
6541 6541 -614
6541 6548 304
6542 6542 -13
6542 6549 727
6543 6543 26
6543 6550 -792
6544 6544 -123
6544 6551 -575
6545 6545 811
6545 6552 856
6546 6546 450
6546 6553 -19
6547 6547 -253
6547 6554 -508
6548 6548 773
6548 6555 413
6549 6549 719
6549 6556 994
6550 6550 -631
6550 6557 915
6551 6551 490
6551 6558 533
6552 6552 644
6552 6559 472
6553 6553 -724
6553 6560 -218
6554 6554 -233
6554 6561 135
6555 6555 -531
6555 6562 37
6556 6556 -73
6556 6563 -28
6557 6557 851
6557 6564 -300
6558 6558 -177
6558 6565 561
6559 6559 -481
6559 6566 557
6560 6560 -209
6560 6567 49
6561 6561 -459
6561 6568 43
6562 6562 154
6562 6569 999
6563 6563 -936
6563 6570 76
6564 6564 780
6564 6571 -866
6565 6565 401
6565 6572 402
6566 6566 170
6566 6573 845
6567 6567 -805
6567 6574 310
6568 6568 -556
6568 6575 856
6569 6569 679
6569 6576 -811
6570 6570 -751
6570 6577 432
6571 6571 -536
6571 6578 511
6572 6572 -484
6572 6579 -774
6573 6573 -312
6573 6580 -928
6574 6574 -842
6574 6581 907
6575 6575 489
6575 6582 -131
6576 6576 327
6576 6583 196
6577 6577 -251
6577 6584 -275
6578 6578 -700
6578 6585 1
6579 6579 -827
6579 6586 -367
6580 6580 -235
6580 6587 598
6581 6581 -482
6581 6588 -495
6582 6582 461
6582 6589 -940
6583 6583 295
6583 6590 -609
6584 6584 345
6584 6591 -478
6585 6585 -473
6585 6592 611
6586 6586 -819
6586 6593 -559
6587 6587 -20
6587 6594 -103
6588 6588 -499
6588 6595 -618
6589 6589 -391
6589 6596 208
6590 6590 871
6590 6597 -786
6591 6591 -685
6591 6598 480
6592 6592 -165
6592 6599 110
6593 6593 -971
6593 6600 557
6594 6594 -850
6594 6601 -120
6595 6595 939
6595 6602 -964
6596 6596 -976
6596 6603 -530
6597 6597 705
6597 6604 797
6598 6598 929
6598 6605 996
6599 6599 -524
6599 6606 634
6600 6600 953
6600 6607 -707
6601 6601 -634
6601 6608 646
6602 6602 -356
6602 6609 995
6603 6603 -430
6603 6610 -472
6604 6604 -912
6604 6611 -22
6605 6605 686
6605 6612 -877
6606 6606 -851
6606 6613 864
6607 6607 60
6607 6614 312
6608 6608 391
6608 6615 -984
6609 6609 -707
6609 6616 -262
6610 6610 399
6610 6617 -801
6611 6611 35
6611 6618 -502
6612 6612 -325
6612 6619 -172
6613 6613 -333
6613 6620 496
6614 6614 920
6614 6621 -920
6615 6615 327
6615 6622 -240
6616 6616 -159
6616 6623 -893
6617 6617 821
6617 6624 271
6618 6618 -257
6618 6625 613
6619 6619 -195
6619 6626 -40
6620 6620 -700
6620 6627 316
6621 6621 2
6621 6628 289
6622 6622 -510
6622 6629 558
6623 6623 -422
6623 6630 942
6624 6624 -348
6624 6631 -12
6625 6625 -128
6625 6632 -99
6626 6626 744
6626 6633 -493
6627 6627 611
6627 6634 -933
6628 6628 193
6628 6635 685
6629 6629 105
6629 6636 122
6630 6630 403
6630 6637 930
6631 6631 440
6631 6638 -886
6632 6632 -666
6632 6639 -633
6633 6633 -979
6633 6640 423
6634 6634 -355
6634 6641 -562
6635 6635 -760
6635 6642 988
6636 6636 645
6636 6643 -279
6637 6637 294
6637 6644 -989
6638 6638 -974
6638 6645 -789
6639 6639 576
6639 6646 -396
6640 6640 -351
6640 6647 794
6641 6641 -5
6641 6648 290
6642 6642 922
6642 6649 193
6643 6643 -329
6643 6650 -624
6644 6644 470
6644 6651 834
6645 6645 -794
6645 6652 485
6646 6646 -426
6646 6653 354
6647 6647 -91
6647 6654 -215
6648 6648 198
6648 6655 -71
6649 6649 -956
6649 6656 -834
6650 6650 698
6650 6657 787
6651 6651 -403
6651 6658 690
6652 6652 334
6652 6659 -581
6653 6653 737
6653 6660 -379
6654 6654 764
6654 6661 -549
6655 6655 -115
6655 6662 792
6656 6656 -157
6656 6663 625
6657 6657 678
6657 6664 438
6658 6658 218
6658 6665 -314
6659 6659 -877
6659 6666 837
6660 6660 437
6660 6667 15
6661 6661 117
6661 6668 407
6662 6662 50
6662 6669 893
6663 6663 512
6663 6670 -495
6664 6664 134
6664 6671 171
6665 6665 868
6665 6672 365
6666 6666 830
6666 6673 -19
6667 6667 -603
6667 6674 -699
6668 6668 -593
6668 6675 437
6669 6669 646
6669 6676 964
6670 6670 980
6670 6677 -585
6671 6671 -514
6671 6678 10
6672 6672 -406
6672 6679 690
6673 6673 271
6673 6680 851
6674 6674 768
6674 6681 -747
6675 6675 314
6675 6682 825
6676 6676 -631
6676 6683 253
6677 6677 931
6677 6684 750
6678 6678 223
6678 6685 -991
6679 6679 -821
6679 6686 -265
6680 6680 280
6680 6687 -498
6681 6681 -693
6681 6688 -388
6682 6682 402
6682 6689 36
6683 6683 -133
6683 6690 189
6684 6684 -56
6684 6691 -155
6685 6685 -79
6685 6692 -354
6686 6686 704
6686 6693 -46
6687 6687 699
6687 6694 -490
6688 6688 -462
6688 6695 -299
6689 6689 690
6689 6696 263
6690 6690 -841
6690 6697 -913
6691 6691 583
6691 6698 -731
6692 6692 -237
6692 6699 -647
6693 6693 260
6693 6700 -168
6694 6694 -847
6694 6701 -140
6695 6695 -775
6695 6702 -529
6696 6696 498
6696 6703 717
6697 6697 439
6697 6704 200
6698 6698 -914
6698 6705 736
6699 6699 560
6699 6706 4
6700 6700 11
6700 6707 637
6701 6701 358
6701 6708 666
6702 6702 331
6702 6709 -406
6703 6703 -510
6703 6710 336
6704 6704 885
6704 6711 -122
6705 6705 -759
6705 6712 -772
6706 6706 514
6706 6713 322
6707 6707 721
6707 6714 337
6708 6708 -319
6708 6715 267
6709 6709 480
6709 6716 -890
6710 6710 199
6710 6717 227
6711 6711 954
6711 6718 -49
6712 6712 278
6712 6719 593
6713 6713 574
6713 6720 252
6714 6714 -68
6714 6721 -885
6715 6715 108
6715 6722 938
6716 6716 -949
6716 6723 -999
6717 6717 87
6717 6724 -946
6718 6718 947
6718 6725 816
6719 6719 -476
6719 6726 -267
6720 6720 -61
6720 6727 -884
6721 6721 282
6721 6728 638
6722 6722 -518
6722 6729 -470
6723 6723 631
6723 6730 -358
6724 6724 591
6724 6731 234
6725 6725 -42
6725 6732 787
6726 6726 -482
6726 6733 911
6727 6727 492
6727 6734 -220
6728 6728 -931
6728 6735 -333
6729 6729 195
6729 6736 -588
6730 6730 250
6730 6737 -713
6731 6731 7
6731 6738 861
6732 6732 703
6732 6739 438
6733 6733 -208
6733 6740 992
6734 6734 336
6734 6741 -975
6735 6735 43
6735 6742 -466
6736 6736 -961
6736 6743 -985
6737 6737 429
6737 6744 -115
6738 6738 -192
6738 6745 -195
6739 6739 -176
6739 6746 135
6740 6740 -571
6740 6747 -152
6741 6741 887
6741 6748 -864
6742 6742 -825
6742 6749 940
6743 6743 -968
6743 6750 567
6744 6744 -147
6744 6751 204
6745 6745 52
6745 6752 -253
6746 6746 94
6746 6753 -60
6747 6747 224
6747 6754 -432
6748 6748 -524
6748 6755 -762
6749 6749 551
6749 6756 -842
6750 6750 -916
6750 6757 6
6751 6751 216
6751 6758 385
6752 6752 -103
6752 6759 137
6753 6753 432
6753 6760 -696
6754 6754 199
6754 6761 -390
6755 6755 -162
6755 6762 -230
6756 6756 181
6756 6763 -451
6757 6757 -14
6757 6764 -508
6758 6758 133
6758 6765 -646
6759 6759 -324
6759 6766 174
6760 6760 158
6760 6767 -645
6761 6761 59
6761 6768 539
6762 6762 -577
6762 6769 -215
6763 6763 239
6763 6770 540
6764 6764 -282
6764 6771 -868
6765 6765 -967
6765 6772 -848
6766 6766 -145
6766 6773 -38
6767 6767 -700
6767 6774 -463
6768 6768 -20
6768 6775 734
6769 6769 -987
6769 6776 634
6770 6770 -442
6770 6777 -462
6771 6771 -43
6771 6778 -898
6772 6772 350
6772 6779 214
6773 6773 545
6773 6780 501
6774 6774 -962
6774 6781 -638
6775 6775 156
6775 6782 -703
6776 6776 870
6776 6783 275
6777 6777 580
6777 6784 -734
6778 6778 -554
6778 6785 -262
6779 6779 927
6779 6786 778
6780 6780 448
6780 6787 958
6781 6781 -558
6781 6788 969
6782 6782 -883
6782 6789 752
6783 6783 705
6783 6790 77
6784 6784 250
6784 6791 601
6785 6785 347
6785 6792 -360
6786 6786 109
6786 6793 36
6787 6787 373
6787 6794 349
6788 6788 -672
6788 6795 256
6789 6789 58
6789 6796 -18
6790 6790 -501
6790 6797 -877
6791 6791 909
6791 6798 -882
6792 6792 654
6792 6799 -46
6793 6793 121
6793 6800 -142
6794 6794 539
6794 6801 -17
6795 6795 691
6795 6802 -827
6796 6796 273
6796 6803 -366
6797 6797 -833
6797 6804 332
6798 6798 -402
6798 6805 319
6799 6799 -290
6799 6806 479
6800 6800 -597
6800 6807 -306
6801 6801 23
6801 6808 88
6802 6802 -226
6802 6809 209
6803 6803 -799
6803 6810 -550
6804 6804 777
6804 6811 988
6805 6805 -655
6805 6812 919
6806 6806 664
6806 6813 602
6807 6807 -759
6807 6814 984
6808 6808 -288
6808 6815 275
6809 6809 251
6809 6816 -950
6810 6810 344
6810 6817 -800
6811 6811 391
6811 6818 835
6812 6812 -490
6812 6819 -697
6813 6813 144
6813 6820 -330
6814 6814 618
6814 6821 -311
6815 6815 457
6815 6822 -380
6816 6816 862
6816 6823 975
6817 6817 -597
6817 6824 452
6818 6818 384
6818 6825 866
6819 6819 -46
6819 6826 -849
6820 6820 341
6820 6827 524
6821 6821 982
6821 6828 754
6822 6822 -885
6822 6829 787
6823 6823 -734
6823 6830 -106
6824 6824 103
6824 6831 -607
6825 6825 183
6825 6832 -359
6826 6826 -547
6826 6833 528
6827 6827 -246
6827 6834 -584
6828 6828 -152
6828 6835 -963
6829 6829 600
6829 6836 215
6830 6830 63
6830 6837 -309
6831 6831 -511
6831 6838 -583
6832 6832 558
6832 6839 580
6833 6833 -98
6833 6840 -525
6834 6834 995
6834 6841 322
6835 6835 -800
6835 6842 -979
6836 6836 273
6836 6843 -999
6837 6837 230
6837 6844 -650
6838 6838 -634
6838 6845 661
6839 6839 382
6839 6846 79
6840 6840 476
6840 6847 712
6841 6841 -468
6841 6848 501
6842 6842 740
6842 6849 461
6843 6843 422
6843 6850 -642
6844 6844 934
6844 6851 873
6845 6845 -850
6845 6852 -75
6846 6846 -245
6846 6853 -134
6847 6847 -912
6847 6854 671
6848 6848 -173
6848 6855 -752
6849 6849 -888
6849 6856 -557
6850 6850 274
6850 6857 726
6851 6851 637
6851 6858 624
6852 6852 313
6852 6859 -144
6853 6853 907
6853 6860 -714
6854 6854 936
6854 6861 -98
6855 6855 177
6855 6862 866
6856 6856 -826
6856 6863 -930
6857 6857 -217
6857 6864 637
6858 6858 959
6858 6865 -175
6859 6859 218
6859 6866 460
6860 6860 234
6860 6867 513
6861 6861 -770
6861 6868 723
6862 6862 291
6862 6869 616
6863 6863 151
6863 6870 767
6864 6864 476
6864 6871 -54
6865 6865 -154
6865 6872 742
6866 6866 -363
6866 6873 729
6867 6867 -66
6867 6874 316
6868 6868 588
6868 6875 706
6869 6869 -584
6869 6876 856
6870 6870 247
6870 6877 395
6871 6871 988
6871 6878 -257
6872 6872 -326
6872 6879 331
6873 6873 -327
6873 6880 260
6874 6874 262
6874 6881 189
6875 6875 169
6875 6882 -604
6876 6876 -875
6876 6883 -573
6877 6877 327
6877 6884 -621
6878 6878 -499
6878 6885 515
6879 6879 -283
6879 6886 -111
6880 6880 -120
6880 6887 793
6881 6881 593
6881 6888 447
6882 6882 867
6882 6889 -933
6883 6883 373
6883 6890 -61
6884 6884 186
6884 6891 729
6885 6885 -610
6885 6892 -630
6886 6886 166
6886 6893 -155
6887 6887 -699
6887 6894 254
6888 6888 441
6888 6895 -386
6889 6889 895
6889 6896 -768
6890 6890 -816
6890 6897 -389
6891 6891 690
6891 6898 -314
6892 6892 -164
6892 6899 -714
6893 6893 9
6893 6900 899
6894 6894 794
6894 6901 678
6895 6895 274
6895 6902 615
6896 6896 842
6896 6903 619
6897 6897 695
6897 6904 -143
6898 6898 256
6898 6905 63
6899 6899 902
6899 6906 -676
6900 6900 946
6900 6907 4
6901 6901 646
6901 6908 731
6902 6902 -346
6902 6909 954
6903 6903 472
6903 6910 -558
6904 6904 -115
6904 6911 400
6905 6905 -390
6905 6912 845
6906 6906 807
6906 6913 -760
6907 6907 714
6907 6914 758
6908 6908 -278
6908 6915 102
6909 6909 -180
6909 6916 571
6910 6910 697
6910 6917 -344
6911 6911 875
6911 6918 -400
6912 6912 -143
6912 6919 831
6913 6913 647
6913 6920 -959
6914 6914 -666
6914 6921 323
6915 6915 933
6915 6922 290
6916 6916 -903
6916 6923 335
6917 6917 -491
6917 6924 -213
6918 6918 -251
6918 6925 904
6919 6919 526
6919 6926 852
6920 6920 -683
6920 6927 65
6921 6921 407
6921 6928 -149
6922 6922 768
6922 6929 -452
6923 6923 532
6923 6930 191
6924 6924 873
6924 6931 886
6925 6925 473
6925 6932 -363
6926 6926 -450
6926 6933 -841
6927 6927 -407
6927 6934 250
6928 6928 -846
6928 6935 -627
6929 6929 -577
6929 6936 -163
6930 6930 45
6930 6937 -421
6931 6931 -408
6931 6938 661
6932 6932 248
6932 6939 -281
6933 6933 -525
6933 6940 -291
6934 6934 -288
6934 6941 -329
6935 6935 -324
6935 6942 402
6936 6936 983
6936 6943 -846
6937 6937 618
6937 6944 -306
6938 6938 289
6938 6945 251
6939 6939 -951
6939 6946 -462
6940 6940 -469
6940 6947 -360
6941 6941 394
6941 6948 990
6942 6942 -212
6942 6949 620
6943 6943 266
6943 6950 -642
6944 6944 -714
6944 6951 908
6945 6945 -631
6945 6952 541
6946 6946 -147
6946 6953 700
6947 6947 -59
6947 6954 184
6948 6948 435
6948 6955 990
6949 6949 -964
6949 6956 -563
6950 6950 806
6950 6957 392
6951 6951 -799
6951 6958 991
6952 6952 965
6952 6959 -267
6953 6953 458
6953 6960 776
6954 6954 -399
6954 6961 827
6955 6955 -988
6955 6962 435
6956 6956 868
6956 6963 -650
6957 6957 945
6957 6964 -905
6958 6958 -660
6958 6965 374
6959 6959 842
6959 6966 -421
6960 6960 320
6960 6967 857
6961 6961 317
6961 6968 -867
6962 6962 114
6962 6969 860
6963 6963 183
6963 6970 442
6964 6964 289
6964 6971 -885
6965 6965 -826
6965 6972 -520
6966 6966 -146
6966 6973 -149
6967 6967 224
6967 6974 995
6968 6968 710
6968 6975 -790
6969 6969 795
6969 6976 235
6970 6970 206
6970 6977 -959
6971 6971 744
6971 6978 -321
6972 6972 -522
6972 6979 164
6973 6973 648
6973 6980 899
6974 6974 -559
6974 6981 501
6975 6975 -189
6975 6982 806
6976 6976 -965
6976 6983 927
6977 6977 362
6977 6984 -862
6978 6978 855
6978 6985 -485
6979 6979 873
6979 6986 522
6980 6980 -60
6980 6987 -877
6981 6981 -886
6981 6988 -879
6982 6982 903
6982 6989 -514
6983 6983 894
6983 6990 936
6984 6984 -716
6984 6991 394
6985 6985 -215
6985 6992 -673
6986 6986 223
6986 6993 173
6987 6987 643
6987 6994 856
6988 6988 -180
6988 6995 822
6989 6989 -612
6989 6996 -943
6990 6990 658
6990 6997 294
6991 6991 -424
6991 6998 29
6992 6992 713
6992 6999 -293
6993 6993 -852
6993 7000 611
6994 6994 -971
6994 7001 -144
6995 6995 33
6995 7002 -378
6996 6996 180
6996 7003 -418
6997 6997 749
6997 7004 109
6998 6998 449
6998 7005 496
6999 6999 790
6999 7006 -228
7000 7000 868
7000 7007 513
7001 7001 -11
7001 7008 839
7002 7002 -564
7002 7009 153
7003 7003 236
7003 7010 611
7004 7004 583
7004 7011 334
7005 7005 -351
7005 7012 -280
7006 7006 -835
7006 7013 -219
7007 7007 433
7007 7014 -69
7008 7008 -325
7008 7015 670
7009 7009 -715
7009 7016 -774
7010 7010 686
7010 7017 -885
7011 7011 -622
7011 7018 15
7012 7012 -43
7012 7019 -288
7013 7013 -545
7013 7020 627
7014 7014 -317
7014 7021 696
7015 7015 -343
7015 7022 157
7016 7016 -983
7016 7023 -892
7017 7017 -138
7017 7024 -892
7018 7018 -485
7018 7025 -349
7019 7019 -437
7019 7026 -193
7020 7020 992
7020 7027 791
7021 7021 -610
7021 7028 -124
7022 7022 -828
7022 7029 659
7023 7023 -33
7023 7030 -51
7024 7024 -928
7024 7031 -147
7025 7025 -233
7025 7032 -813
7026 7026 17
7026 7033 -132
7027 7027 -399
7027 7034 623
7028 7028 -610
7028 7035 -745
7029 7029 -579
7029 7036 818
7030 7030 -510
7030 7037 677
7031 7031 448
7031 7038 -361
7032 7032 220
7032 7039 -224
7033 7033 -446
7033 7040 -651
7034 7034 776
7034 7041 431
7035 7035 199
7035 7042 762
7036 7036 -752
7036 7043 -55
7037 7037 193
7037 7044 -219
7038 7038 261
7038 7045 -480
7039 7039 -532
7039 7046 860
7040 7040 545
7040 7047 -677
7041 7041 -192
7041 7048 521
7042 7042 668
7042 7049 -671
7043 7043 -27
7043 7050 266
7044 7044 536
7044 7051 303
7045 7045 946
7045 7052 843
7046 7046 -339
7046 7053 637
7047 7047 -576
7047 7054 -51
7048 7048 -335
7048 7055 876
7049 7049 54
7049 7056 716
7050 7050 -251
7050 7057 -636
7051 7051 849
7051 7058 694
7052 7052 -487
7052 7059 786
7053 7053 948
7053 7060 838
7054 7054 456
7054 7061 826
7055 7055 56
7055 7062 -965
7056 7056 -609
7056 7063 -58
7057 7057 -192
7057 7064 -847
7058 7058 248
7058 7065 59
7059 7059 695
7059 7066 311
7060 7060 965
7060 7067 -893
7061 7061 -818
7061 7068 -358
7062 7062 -64
7062 7069 614
7063 7063 -755
7063 7070 364
7064 7064 -463
7064 7071 593
7065 7065 -591
7065 7072 -975
7066 7066 174
7066 7073 497
7067 7067 920
7067 7074 2
7068 7068 479
7068 7075 81
7069 7069 -470
7069 7076 -542
7070 7070 -248
7070 7077 -825
7071 7071 -857
7071 7078 310
7072 7072 -21
7072 7079 -995
7073 7073 -806
7073 7080 -158
7074 7074 -735
7074 7081 -990
7075 7075 -472
7075 7082 370
7076 7076 -59
7076 7083 473
7077 7077 -40
7077 7084 -33
7078 7078 -94
7078 7085 -1
7079 7079 278
7079 7086 254
7080 7080 -282
7080 7087 -244
7081 7081 277
7081 7088 960
7082 7082 338
7082 7089 528
7083 7083 20
7083 7090 420
7084 7084 -271
7084 7091 -899
7085 7085 -809
7085 7092 -600
7086 7086 534
7086 7093 126
7087 7087 567
7087 7094 -771
7088 7088 -993
7088 7095 635
7089 7089 956
7089 7096 693
7090 7090 -985
7090 7097 176
7091 7091 829
7091 7098 233
7092 7092 -933
7092 7099 993
7093 7093 -944
7093 7100 145
7094 7094 803
7094 7101 451
7095 7095 591
7095 7102 -479
7096 7096 -522
7096 7103 -149
7097 7097 -17
7097 7104 -693
7098 7098 -464
7098 7105 -758
7099 7099 -218
7099 7106 835
7100 7100 -155
7100 7107 -828
7101 7101 -659
7101 7108 905
7102 7102 852
7102 7109 -263
7103 7103 -668
7103 7110 -954
7104 7104 634
7104 7111 774
7105 7105 714
7105 7112 -525
7106 7106 983
7106 7113 760
7107 7107 -130
7107 7114 -241
7108 7108 -982
7108 7115 771
7109 7109 462
7109 7116 -746
7110 7110 307
7110 7117 93
7111 7111 -389
7111 7118 687
7112 7112 -626
7112 7119 604
7113 7113 -117
7113 7120 117
7114 7114 113
7114 7121 87
7115 7115 59
7115 7122 -672
7116 7116 -882
7116 7123 -526
7117 7117 -926
7117 7124 -360
7118 7118 215
7118 7125 724
7119 7119 -110
7119 7126 217
7120 7120 -559
7120 7127 -253
7121 7121 733
7121 7128 -960
7122 7122 830
7122 7129 799
7123 7123 617
7123 7130 -706
7124 7124 683
7124 7131 640
7125 7125 -992
7125 7132 -748
7126 7126 -856
7126 7133 78
7127 7127 934
7127 7134 264
7128 7128 -245
7128 7135 583
7129 7129 -829
7129 7136 25
7130 7130 -861
7130 7137 -717
7131 7131 -766
7131 7138 -666
7132 7132 -423
7132 7139 860
7133 7133 -188
7133 7140 -906
7134 7134 -943
7134 7141 378
7135 7135 469
7135 7142 706
7136 7136 804
7136 7143 781
7137 7137 300
7137 7144 -846
7138 7138 139
7138 7145 194
7139 7139 259
7139 7146 115
7140 7140 916
7140 7147 784
7141 7141 -116
7141 7148 -142
7142 7142 661
7142 7149 534
7143 7143 370
7143 7150 287
7144 7144 493
7144 7151 645
7145 7145 -560
7145 7152 138
7146 7146 -322
7146 7153 246
7147 7147 995
7147 7154 721
7148 7148 14
7148 7155 99
7149 7149 -189
7149 7156 -528
7150 7150 -30
7150 7157 -311
7151 7151 581
7151 7158 200
7152 7152 -211
7152 7159 -504
7153 7153 365
7153 7160 -294
7154 7154 -913
7154 7161 -705
7155 7155 -398
7155 7162 585
7156 7156 -61
7156 7163 193
7157 7157 -506
7157 7164 635
7158 7158 213
7158 7165 178
7159 7159 470
7159 7166 -153
7160 7160 -11
7160 7167 4
7161 7161 -686
7161 7168 728
7162 7162 107
7162 7169 -467
7163 7163 18
7163 7170 -51
7164 7164 323
7164 7171 5
7165 7165 -824
7165 7172 419
7166 7166 136
7166 7173 443
7167 7167 -294
7167 7174 195
7168 7168 -511
7168 7175 163
7169 7169 -420
7169 7176 -100
7170 7170 -432
7170 7177 161
7171 7171 609
7171 7178 -183
7172 7172 -684
7172 7179 92
7173 7173 203
7173 7180 -835
7174 7174 377
7174 7181 984
7175 7175 -484
7175 7182 -445
7176 7176 514
7176 7183 336
7177 7177 -356
7177 7184 916
7178 7178 -592
7178 7185 -529
7179 7179 -131
7179 7186 -654
7180 7180 976
7180 7187 -53
7181 7181 -824
7181 7188 -562
7182 7182 172
7182 7189 -920
7183 7183 107
7183 7190 190
7184 7184 -876
7184 7191 925
7185 7185 435
7185 7192 -236
7186 7186 -202
7186 7193 -190
7187 7187 -366
7187 7194 667
7188 7188 604
7188 7195 -844
7189 7189 54
7189 7196 988
7190 7190 871
7190 7197 -6
7191 7191 859
7191 7198 -940
7192 7192 444
7192 7199 -885
7193 7193 844
7193 7200 -137
7194 7194 275
7194 7201 97
7195 7195 -681
7195 7202 -727
7196 7196 219
7196 7203 274
7197 7197 947
7197 7204 -600
7198 7198 -457
7198 7205 -8
7199 7199 -814
7199 7206 95
7200 7200 400
7200 7207 -961
7201 7201 71
7201 7208 868
7202 7202 -339
7202 7209 -855
7203 7203 386
7203 7210 -975
7204 7204 511
7204 7211 -882
7205 7205 -356
7205 7212 580
7206 7206 -255
7206 7213 -730
7207 7207 451
7207 7214 751
7208 7208 512
7208 7215 -173
7209 7209 -938
7209 7216 958
7210 7210 282
7210 7217 900
7211 7211 -38
7211 7218 -38
7212 7212 -621
7212 7219 -251
7213 7213 -768
7213 7220 720
7214 7214 -196
7214 7221 -166
7215 7215 -632
7215 7222 424
7216 7216 -861
7216 7223 46
7217 7217 192
7217 7224 220
7218 7218 483
7218 7225 -342
7219 7219 -612
7219 7226 -653
7220 7220 -118
7220 7227 542
7221 7221 722
7221 7228 997
7222 7222 -488
7222 7229 31
7223 7223 -937
7223 7230 -696
7224 7224 783
7224 7231 111
7225 7225 -13
7225 7232 833
7226 7226 -98
7226 7233 -812
7227 7227 -114
7227 7234 776
7228 7228 -923
7228 7235 -409
7229 7229 730
7229 7236 596
7230 7230 -566
7230 7237 -500
7231 7231 936
7231 7238 -281
7232 7232 -796
7232 7239 333
7233 7233 -205
7233 7240 316
7234 7234 512
7234 7241 -659
7235 7235 -140
7235 7242 277
7236 7236 463
7236 7243 -415
7237 7237 340
7237 7244 -596
7238 7238 -370
7238 7245 861
7239 7239 422
7239 7246 -833
7240 7240 -853
7240 7247 986
7241 7241 204
7241 7248 973
7242 7242 -140
7242 7249 318
7243 7243 174
7243 7250 -860
7244 7244 267
7244 7251 -461
7245 7245 539
7245 7252 738
7246 7246 -661
7246 7253 -494
7247 7247 -340
7247 7254 37
7248 7248 49
7248 7255 -119
7249 7249 -208
7249 7256 -328
7250 7250 169
7250 7257 -326
7251 7251 -866
7251 7258 869
7252 7252 -652
7252 7259 -975
7253 7253 188
7253 7260 -39
7254 7254 58
7254 7261 353
7255 7255 242
7255 7262 -119
7256 7256 546
7256 7263 909
7257 7257 221
7257 7264 -562
7258 7258 -663
7258 7265 754
7259 7259 643
7259 7266 995
7260 7260 235
7260 7267 -26
7261 7261 253
7261 7268 400
7262 7262 -894
7262 7269 835
7263 7263 879
7263 7270 378
7264 7264 741
7264 7271 -706
7265 7265 -263
7265 7272 -421
7266 7266 -840
7266 7273 282
7267 7267 952
7267 7274 -137
7268 7268 173
7268 7275 182
7269 7269 630
7269 7276 -523
7270 7270 136
7270 7277 167
7271 7271 -157
7271 7278 521
7272 7272 863
7272 7279 499
7273 7273 -108
7273 7280 155
7274 7274 792
7274 7281 -951
7275 7275 697
7275 7282 316
7276 7276 155
7276 7283 162
7277 7277 723
7277 7284 -232
7278 7278 393
7278 7285 802
7279 7279 -11
7279 7286 -511
7280 7280 126
7280 7287 66
7281 7281 -518
7281 7288 468
7282 7282 -954
7282 7289 -450
7283 7283 -759
7283 7290 197
7284 7284 -478
7284 7291 821
7285 7285 -898
7285 7292 -695
7286 7286 182
7286 7293 748
7287 7287 -48
7287 7294 11
7288 7288 -83
7288 7295 -506
7289 7289 180
7289 7296 404
7290 7290 -95
7290 7297 932
7291 7291 913
7291 7298 872
7292 7292 -137
7292 7299 -587
7293 7293 -337
7293 7300 287
7294 7294 -655
7294 7301 710
7295 7295 -966
7295 7302 59
7296 7296 120
7296 7303 42
7297 7297 231
7297 7304 107
7298 7298 162
7298 7305 183
7299 7299 -54
7299 7306 830
7300 7300 -784
7300 7307 -366
7301 7301 -162
7301 7308 532
7302 7302 838
7302 7309 983
7303 7303 963
7303 7310 -182
7304 7304 991
7304 7311 866
7305 7305 -278
7305 7312 153
7306 7306 269
7306 7313 -614
7307 7307 864
7307 7314 281
7308 7308 -80
7308 7315 125
7309 7309 186
7309 7316 -226
7310 7310 926
7310 7317 -238
7311 7311 -550
7311 7318 -540
7312 7312 -322
7312 7319 707
7313 7313 -309
7313 7320 573
7314 7314 -834
7314 7321 -695
7315 7315 708
7315 7322 -892
7316 7316 149
7316 7323 787
7317 7317 243
7317 7324 -62
7318 7318 337
7318 7325 -868
7319 7319 -677
7319 7326 920
7320 7320 -713
7320 7327 -657
7321 7321 -525
7321 7328 17
7322 7322 -55
7322 7329 669
7323 7323 435
7323 7330 -264
7324 7324 10
7324 7331 132
7325 7325 -870
7325 7332 -105
7326 7326 -643
7326 7333 570
7327 7327 415
7327 7334 -700
7328 7328 739
7328 7335 -82
7329 7329 432
7329 7336 702
7330 7330 88
7330 7337 -973
7331 7331 832
7331 7338 577
7332 7332 -105
7332 7339 741
7333 7333 58
7333 7340 675
7334 7334 -591
7334 7341 957
7335 7335 -179
7335 7342 59
7336 7336 305
7336 7343 -971
7337 7337 151
7337 7344 275
7338 7338 894
7338 7345 505
7339 7339 -317
7339 7346 887
7340 7340 -329
7340 7347 84
7341 7341 965
7341 7348 376
7342 7342 -938
7342 7349 -534
7343 7343 528
7343 7350 397
7344 7344 -445
7344 7351 935
7345 7345 -833
7345 7352 -364
7346 7346 -720
7346 7353 -684
7347 7347 -519
7347 7354 -291
7348 7348 729
7348 7355 821
7349 7349 88
7349 7356 -667
7350 7350 -375
7350 7357 48
7351 7351 341
7351 7358 541
7352 7352 26
7352 7359 722
7353 7353 -402
7353 7360 409
7354 7354 -121
7354 7361 -424
7355 7355 -475
7355 7362 -704
7356 7356 -391
7356 7363 694
7357 7357 -158
7357 7364 -415
7358 7358 686
7358 7365 331
7359 7359 150
7359 7366 759
7360 7360 424
7360 7367 -622
7361 7361 -300
7361 7368 223
7362 7362 -183
7362 7369 -588
7363 7363 201
7363 7370 194
7364 7364 -602
7364 7371 376
7365 7365 -225
7365 7372 -712
7366 7366 574
7366 7373 -199
7367 7367 -719
7367 7374 -408
7368 7368 -687
7368 7375 -138
7369 7369 880
7369 7376 -982
7370 7370 758
7370 7377 -396
7371 7371 146
7371 7378 404
7372 7372 -961
7372 7379 -339
7373 7373 266
7373 7380 614
7374 7374 -340
7374 7381 -740
7375 7375 501
7375 7382 -281
7376 7376 -514
7376 7383 -23
7377 7377 367
7377 7384 -708
7378 7378 795
7378 7385 -147
7379 7379 230
7379 7386 217
7380 7380 -302
7380 7387 -383
7381 7381 -333
7381 7388 349
7382 7382 -506
7382 7389 -532
7383 7383 -875
7383 7390 97
7384 7384 -279
7384 7391 172
7385 7385 189
7385 7392 -976
7386 7386 -507
7386 7393 -340
7387 7387 -36
7387 7394 324
7388 7388 -440
7388 7395 400
7389 7389 -409
7389 7396 -658
7390 7390 135
7390 7397 577
7391 7391 999
7391 7398 -52
7392 7392 75
7392 7399 -634
7393 7393 -257
7393 7400 -986
7394 7394 427
7394 7401 320
7395 7395 -589
7395 7402 823
7396 7396 -675
7396 7403 -770
7397 7397 -709
7397 7404 293
7398 7398 272
7398 7405 -478
7399 7399 486
7399 7406 122
7400 7400 508
7400 7407 476
7401 7401 498
7401 7408 -201
7402 7402 -810
7402 7409 -722
7403 7403 -624
7403 7410 -500
7404 7404 -690
7404 7411 -42
7405 7405 -516
7405 7412 952
7406 7406 348
7406 7413 -732
7407 7407 246
7407 7414 -903
7408 7408 486
7408 7415 -826
7409 7409 549
7409 7416 783
7410 7410 872
7410 7417 324
7411 7411 332
7411 7418 982
7412 7412 586
7412 7419 -428
7413 7413 591
7413 7420 -173
7414 7414 -64
7414 7421 -52
7415 7415 203
7415 7422 -287
7416 7416 -170
7416 7423 170
7417 7417 760
7417 7424 -683
7418 7418 -397
7418 7425 -310
7419 7419 -7
7419 7426 -556
7420 7420 -363
7420 7427 668
7421 7421 913
7421 7428 -381
7422 7422 760
7422 7429 -551
7423 7423 829
7423 7430 -455
7424 7424 697
7424 7431 535
7425 7425 -291
7425 7432 -651
7426 7426 -224
7426 7433 -362
7427 7427 -819
7427 7434 -282
7428 7428 89
7428 7435 -339
7429 7429 183
7429 7436 -555
7430 7430 504
7430 7437 -138
7431 7431 -274
7431 7438 424
7432 7432 -254
7432 7439 -4
7433 7433 144
7433 7440 873
7434 7434 819
7434 7441 794
7435 7435 193
7435 7442 158
7436 7436 -566
7436 7443 -580
7437 7437 -935
7437 7444 983
7438 7438 -231
7438 7445 610
7439 7439 -156
7439 7446 -542
7440 7440 305
7440 7447 -312
7441 7441 764
7441 7448 -166
7442 7442 -389
7442 7449 25
7443 7443 162
7443 7450 -651
7444 7444 -94
7444 7451 -317
7445 7445 -716
7445 7452 -77
7446 7446 -180
7446 7453 833
7447 7447 453
7447 7454 855
7448 7448 -266
7448 7455 -129
7449 7449 72
7449 7456 -724
7450 7450 -972
7450 7457 -408
7451 7451 -68
7451 7458 -662
7452 7452 -472
7452 7459 -946
7453 7453 614
7453 7460 -325
7454 7454 -833
7454 7461 112
7455 7455 220
7455 7462 -78
7456 7456 340
7456 7463 637
7457 7457 375
7457 7464 -509
7458 7458 37
7458 7465 -958
7459 7459 917
7459 7466 -953
7460 7460 673
7460 7467 274
7461 7461 -575
7461 7468 -751
7462 7462 344
7462 7469 -853
7463 7463 23
7463 7470 -572
7464 7464 -905
7464 7471 -627
7465 7465 523
7465 7472 922
7466 7466 -812
7466 7473 189
7467 7467 -181
7467 7474 743
7468 7468 -723
7468 7475 -250
7469 7469 -684
7469 7476 -372
7470 7470 -25
7470 7477 256
7471 7471 -88
7471 7478 -478
7472 7472 -570
7472 7479 27
7473 7473 79
7473 7480 76
7474 7474 -522
7474 7481 721
7475 7475 632
7475 7482 -896
7476 7476 250
7476 7483 -994
7477 7477 -672
7477 7484 423
7478 7478 -391
7478 7485 169
7479 7479 657
7479 7486 990
7480 7480 -163
7480 7487 -356
7481 7481 549
7481 7488 427
7482 7482 -33
7482 7489 19
7483 7483 446
7483 7490 -963
7484 7484 -225
7484 7491 546
7485 7485 724
7485 7492 -806
7486 7486 4
7486 7493 -78
7487 7487 594
7487 7494 -386
7488 7488 -454
7488 7495 -157
7489 7489 542
7489 7496 537
7490 7490 -707
7490 7497 -967
7491 7491 -802
7491 7498 816
7492 7492 220
7492 7499 926
7493 7493 -661
7493 7500 -464
7494 7494 -271
7494 7501 96
7495 7495 -512
7495 7502 97
7496 7496 752
7496 7503 -631
7497 7497 -149
7497 7504 -372
7498 7498 304
7498 7505 -407
7499 7499 723
7499 7506 48
7500 7500 642
7500 7507 181
7501 7501 -525
7501 7508 705
7502 7502 693
7502 7509 28
7503 7503 200
7503 7510 556
7504 7504 -336
7504 7511 514
7505 7505 752
7505 7512 -251
7506 7506 722
7506 7513 675
7507 7507 626
7507 7514 763
7508 7508 -101
7508 7515 -668
7509 7509 -979
7509 7516 866
7510 7510 714
7510 7517 791
7511 7511 76
7511 7518 -619
7512 7512 -156
7512 7519 943
7513 7513 -503
7513 7520 177
7514 7514 -321
7514 7521 949
7515 7515 -977
7515 7522 643
7516 7516 -278
7516 7523 433
7517 7517 -945
7517 7524 -126
7518 7518 978
7518 7525 -836
7519 7519 -386
7519 7526 886
7520 7520 -959
7520 7527 954
7521 7521 -780
7521 7528 554
7522 7522 -937
7522 7529 -376
7523 7523 826
7523 7530 -197
7524 7524 -813
7524 7531 602
7525 7525 -701
7525 7532 971
7526 7526 -843
7526 7533 544
7527 7527 309
7527 7534 -858
7528 7528 118
7528 7535 -788
7529 7529 906
7529 7536 749
7530 7530 266
7530 7537 12
7531 7531 54
7531 7538 -669
7532 7532 -604
7532 7539 -121
7533 7533 293
7533 7540 250
7534 7534 190
7534 7541 -742
7535 7535 -428
7535 7542 -37
7536 7536 -939
7536 7543 -136
7537 7537 300
7537 7544 642
7538 7538 -677
7538 7545 -27
7539 7539 -167
7539 7546 -269
7540 7540 -288
7540 7547 345
7541 7541 416
7541 7548 731
7542 7542 -517
7542 7549 62
7543 7543 -453
7543 7550 -947
7544 7544 24
7544 7551 973
7545 7545 -14
7545 7552 -431
7546 7546 973
7546 7553 -56
7547 7547 -360
7547 7554 216
7548 7548 -531
7548 7555 -25
7549 7549 -17
7549 7556 -85
7550 7550 -63
7550 7557 715
7551 7551 683
7551 7558 -932
7552 7552 140
7552 7559 198
7553 7553 188
7553 7560 -654
7554 7554 -193
7554 7561 -638
7555 7555 894
7555 7562 -230
7556 7556 -119
7556 7563 -723
7557 7557 -693
7557 7564 -769
7558 7558 -258
7558 7565 215
7559 7559 -963
7559 7566 -329
7560 7560 -882
7560 7567 -947
7561 7561 -340
7561 7568 -449
7562 7562 -724
7562 7569 768
7563 7563 613
7563 7570 876
7564 7564 -808
7564 7571 585
7565 7565 -286
7565 7572 -491
7566 7566 -47
7566 7573 107
7567 7567 -992
7567 7574 -385
7568 7568 244
7568 7575 599
7569 7569 286
7569 7576 217
7570 7570 -248
7570 7577 324
7571 7571 230
7571 7578 -965
7572 7572 550
7572 7579 70
7573 7573 834
7573 7580 509
7574 7574 -943
7574 7581 -800
7575 7575 10
7575 7582 -718
7576 7576 -316
7576 7583 727
7577 7577 708
7577 7584 887
7578 7578 831
7578 7585 -320
7579 7579 -120
7579 7586 491
7580 7580 157
7580 7587 -823
7581 7581 -178
7581 7588 -250
7582 7582 506
7582 7589 -981
7583 7583 249
7583 7590 -444
7584 7584 225
7584 7591 -906
7585 7585 -532
7585 7592 -420
7586 7586 966
7586 7593 631
7587 7587 721
7587 7594 692
7588 7588 376
7588 7595 86
7589 7589 -70
7589 7596 -43
7590 7590 998
7590 7597 -528
7591 7591 519
7591 7598 -214
7592 7592 243
7592 7599 -102
7593 7593 -772
7593 7600 -333
7594 7594 667
7594 7601 766
7595 7595 685
7595 7602 -860
7596 7596 -322
7596 7603 -80
7597 7597 -876
7597 7604 -457
7598 7598 881
7598 7605 -35
7599 7599 -274
7599 7606 829
7600 7600 1
7600 7607 -208
7601 7601 546
7601 7608 -286
7602 7602 719
7602 7609 712
7603 7603 458
7603 7610 -919
7604 7604 633
7604 7611 -45
7605 7605 635
7605 7612 800
7606 7606 230
7606 7613 901
7607 7607 975
7607 7614 -398
7608 7608 -804
7608 7615 559
7609 7609 245
7609 7616 -471
7610 7610 968
7610 7617 -642
7611 7611 384
7611 7618 -331
7612 7612 594
7612 7619 -159
7613 7613 -382
7613 7620 -697
7614 7614 -111
7614 7621 -771
7615 7615 984
7615 7622 765
7616 7616 -177
7616 7623 122
7617 7617 928
7617 7624 -445
7618 7618 371
7618 7625 469
7619 7619 -717
7619 7626 458
7620 7620 -341
7620 7627 -79
7621 7621 225
7621 7628 -787
7622 7622 -692
7622 7629 513
7623 7623 924
7623 7630 -251
7624 7624 42
7624 7631 -826
7625 7625 253
7625 7632 846
7626 7626 713
7626 7633 63
7627 7627 -567
7627 7634 19
7628 7628 668
7628 7635 81
7629 7629 975
7629 7636 -79
7630 7630 -934
7630 7637 500
7631 7631 956
7631 7638 -504
7632 7632 -258
7632 7639 -931
7633 7633 463
7633 7640 -782
7634 7634 506
7634 7641 206
7635 7635 -296
7635 7642 859
7636 7636 -676
7636 7643 358
7637 7637 -274
7637 7644 -952
7638 7638 673
7638 7645 730
7639 7639 138
7639 7646 74
7640 7640 785
7640 7647 689
7641 7641 592
7641 7648 -704
7642 7642 -542
7642 7649 794
7643 7643 411
7643 7650 60
7644 7644 211
7644 7651 876
7645 7645 850
7645 7652 470
7646 7646 -86
7646 7653 19
7647 7647 23
7647 7654 -146
7648 7648 -208
7648 7655 -626
7649 7649 -510
7649 7656 -642
7650 7650 75
7650 7657 573
7651 7651 -947
7651 7658 778
7652 7652 -757
7652 7659 940
7653 7653 -109
7653 7660 70
7654 7654 825
7654 7661 836
7655 7655 -329
7655 7662 292
7656 7656 971
7656 7663 846
7657 7657 -359
7657 7664 -80
7658 7658 256
7658 7665 520
7659 7659 226
7659 7666 -988
7660 7660 -175
7660 7667 -381
7661 7661 -84
7661 7668 156
7662 7662 -799
7662 7669 -519
7663 7663 88
7663 7670 -969
7664 7664 -141
7664 7671 990
7665 7665 -864
7665 7672 741
7666 7666 255
7666 7673 660
7667 7667 -487
7667 7674 856
7668 7668 451
7668 7675 866
7669 7669 180
7669 7676 -80
7670 7670 366
7670 7677 -28
7671 7671 141
7671 7678 335
7672 7672 888
7672 7679 -112
7673 7673 882
7673 7680 -818
7674 7674 -381
7674 7681 958
7675 7675 -140
7675 7682 -625
7676 7676 -317
7676 7683 -863
7677 7677 84
7677 7684 210
7678 7678 -559
7678 7685 -631
7679 7679 661
7679 7686 711
7680 7680 -378
7680 7687 -599
7681 7681 361
7681 7688 220
7682 7682 944
7682 7689 915
7683 7683 169
7683 7690 580
7684 7684 -292
7684 7691 470
7685 7685 -594
7685 7692 -157
7686 7686 552
7686 7693 -206
7687 7687 923
7687 7694 780
7688 7688 -13
7688 7695 405
7689 7689 -225
7689 7696 -661
7690 7690 -245
7690 7697 623
7691 7691 843
7691 7698 395
7692 7692 757
7692 7699 -374
7693 7693 565
7693 7700 773
7694 7694 990
7694 7701 220
7695 7695 -326
7695 7702 41
7696 7696 251
7696 7703 144
7697 7697 713
7697 7704 997
7698 7698 -835
7698 7705 -840
7699 7699 611
7699 7706 212
7700 7700 434
7700 7707 -844
7701 7701 263
7701 7708 -53
7702 7702 -231
7702 7709 685
7703 7703 69
7703 7710 837
7704 7704 -43
7704 7711 461
7705 7705 540
7705 7712 -841
7706 7706 -815
7706 7713 -551
7707 7707 -148
7707 7714 173
7708 7708 31
7708 7715 394
7709 7709 -922
7709 7716 390
7710 7710 900
7710 7717 -216
7711 7711 115
7711 7718 725
7712 7712 -321
7712 7719 585
7713 7713 43
7713 7720 348
7714 7714 -68
7714 7721 -325
7715 7715 -277
7715 7722 -743
7716 7716 202
7716 7723 326
7717 7717 208
7717 7724 -921
7718 7718 -969
7718 7725 611
7719 7719 -869
7719 7726 570
7720 7720 -119
7720 7727 223
7721 7721 376
7721 7728 -187
7722 7722 -616
7722 7729 679
7723 7723 -441
7723 7730 -733
7724 7724 217
7724 7731 215
7725 7725 111
7725 7732 549
7726 7726 411
7726 7733 372
7727 7727 -897
7727 7734 129
7728 7728 790
7728 7735 -237
7729 7729 454
7729 7736 -102
7730 7730 17
7730 7737 -490
7731 7731 743
7731 7738 701
7732 7732 -89
7732 7739 448
7733 7733 684
7733 7740 -595
7734 7734 -837
7734 7741 516
7735 7735 195
7735 7742 878
7736 7736 -816
7736 7743 703
7737 7737 141
7737 7744 898
7738 7738 -970
7738 7745 -745
7739 7739 749
7739 7746 -722
7740 7740 -2
7740 7747 -185
7741 7741 319
7741 7748 -403
7742 7742 -516
7742 7749 -898
7743 7743 -338
7743 7750 -263
7744 7744 362
7744 7751 815
7745 7745 -830
7745 7752 -371
7746 7746 776
7746 7753 364
7747 7747 -6
7747 7754 -518
7748 7748 -672
7748 7755 -160
7749 7749 -627
7749 7756 767
7750 7750 50
7750 7757 136
7751 7751 -706
7751 7758 169
7752 7752 -352
7752 7759 -48
7753 7753 580
7753 7760 262
7754 7754 195
7754 7761 -436
7755 7755 482
7755 7762 564
7756 7756 240
7756 7763 -959
7757 7757 14
7757 7764 -418
7758 7758 -416
7758 7765 694
7759 7759 414
7759 7766 838
7760 7760 -615
7760 7767 222
7761 7761 239
7761 7768 -413
7762 7762 829
7762 7769 -53
7763 7763 -73
7763 7770 -565
7764 7764 -717
7764 7771 -277
7765 7765 3
7765 7772 -294
7766 7766 -772
7766 7773 315
7767 7767 845
7767 7774 -323
7768 7768 -738
7768 7775 -214
7769 7769 409
7769 7776 -197
7770 7770 -797
7770 7777 -252
7771 7771 942
7771 7778 -425
7772 7772 318
7772 7779 -393
7773 7773 -559
7773 7780 -163
7774 7774 741
7774 7781 574
7775 7775 -237
7775 7782 610
7776 7776 -981
7776 7783 -749
7777 7777 -928
7777 7784 621
7778 7778 -229
7778 7785 -646
7779 7779 -501
7779 7786 -655
7780 7780 -913
7780 7787 248
7781 7781 198
7781 7788 635
7782 7782 895
7782 7789 279
7783 7783 146
7783 7790 -838
7784 7784 -970
7784 7791 -529
7785 7785 -501
7785 7792 519
7786 7786 739
7786 7793 861
7787 7787 -98
7787 7794 -426
7788 7788 -406
7788 7795 696
7789 7789 868
7789 7796 900
7790 7790 426
7790 7797 -294
7791 7791 -214
7791 7798 105
7792 7792 -446
7792 7799 -471
7793 7793 -516
7793 7800 -239
7794 7794 99
7794 7801 735
7795 7795 -938
7795 7802 -631
7796 7796 861
7796 7803 -981
7797 7797 -254
7797 7804 -449
7798 7798 -235
7798 7805 -303
7799 7799 255
7799 7806 -481
7800 7800 -211
7800 7807 760
7801 7801 502
7801 7808 -605
7802 7802 -819
7802 7809 640
7803 7803 201
7803 7810 889
7804 7804 952
7804 7811 706
7805 7805 597
7805 7812 -304
7806 7806 507
7806 7813 611
7807 7807 -75
7807 7814 -274
7808 7808 -825
7808 7815 476
7809 7809 656
7809 7816 985
7810 7810 996
7810 7817 -891
7811 7811 952
7811 7818 991
7812 7812 -331
7812 7819 -522
7813 7813 -763
7813 7820 -262
7814 7814 56
7814 7821 332
7815 7815 533
7815 7822 48
7816 7816 -755
7816 7823 -566
7817 7817 -569
7817 7824 523
7818 7818 -493
7818 7825 375
7819 7819 -661
7819 7826 -70
7820 7820 -127
7820 7827 776
7821 7821 -469
7821 7828 401
7822 7822 414
7822 7829 -383
7823 7823 -602
7823 7830 -495
7824 7824 -256
7824 7831 -25
7825 7825 901
7825 7832 -33
7826 7826 243
7826 7833 694
7827 7827 -705
7827 7834 -507
7828 7828 -393
7828 7835 -721
7829 7829 388
7829 7836 -137
7830 7830 -109
7830 7837 183
7831 7831 612
7831 7838 975
7832 7832 776
7832 7839 -270
7833 7833 -567
7833 7840 141
7834 7834 -125
7834 7841 213
7835 7835 -655
7835 7842 -575
7836 7836 929
7836 7843 526
7837 7837 -420
7837 7844 -189
7838 7838 261
7838 7845 -608
7839 7839 -595
7839 7846 97
7840 7840 -839
7840 7847 -510
7841 7841 -393
7841 7848 -615
7842 7842 321
7842 7849 -323
7843 7843 -745
7843 7850 280
7844 7844 -257
7844 7851 -940
7845 7845 877
7845 7852 803
7846 7846 112
7846 7853 -350
7847 7847 170
7847 7854 913
7848 7848 -641
7848 7855 181
7849 7849 -225
7849 7856 -340
7850 7850 628
7850 7857 29
7851 7851 -504
7851 7858 955
7852 7852 604
7852 7859 616
7853 7853 -355
7853 7860 -693
7854 7854 212
7854 7861 442
7855 7855 -238
7855 7862 187
7856 7856 778
7856 7863 634
7857 7857 774
7857 7864 -751
7858 7858 82
7858 7865 912
7859 7859 415
7859 7866 863
7860 7860 110
7860 7867 -644
7861 7861 -495
7861 7868 -703
7862 7862 225
7862 7869 4
7863 7863 -947
7863 7870 789
7864 7864 -592
7864 7871 734
7865 7865 -773
7865 7872 358
7866 7866 -680
7866 7873 -119
7867 7867 -440
7867 7874 -374
7868 7868 -644
7868 7875 -46
7869 7869 857
7869 7876 -265
7870 7870 889
7870 7877 100
7871 7871 143
7871 7878 -270
7872 7872 -150
7872 7879 180
7873 7873 -288
7873 7880 -295
7874 7874 -512
7874 7881 -899
7875 7875 844
7875 7882 -806
7876 7876 -481
7876 7883 417
7877 7877 -49
7877 7884 -831
7878 7878 911
7878 7885 836
7879 7879 773
7879 7886 430
7880 7880 -350
7880 7887 756
7881 7881 -317
7881 7888 -44
7882 7882 -556
7882 7889 144
7883 7883 181
7883 7890 604
7884 7884 -76
7884 7891 670
7885 7885 656
7885 7892 -724
7886 7886 740
7886 7893 -214
7887 7887 679
7887 7894 690
7888 7888 -508
7888 7895 406
7889 7889 360
7889 7896 -711
7890 7890 900
7890 7897 417
7891 7891 836
7891 7898 811
7892 7892 14
7892 7899 983
7893 7893 51
7893 7900 211
7894 7894 644
7894 7901 276
7895 7895 -122
7895 7902 166
7896 7896 817
7896 7903 402
7897 7897 -686
7897 7904 334
7898 7898 447
7898 7905 245
7899 7899 523
7899 7906 336
7900 7900 849
7900 7907 895
7901 7901 -558
7901 7908 -518
7902 7902 -852
7902 7909 -604
7903 7903 -178
7903 7910 628
7904 7904 -474
7904 7911 579
7905 7905 -919
7905 7912 -357
7906 7906 398
7906 7913 345
7907 7907 -928
7907 7914 -462
7908 7908 440
7908 7915 445
7909 7909 772
7909 7916 603
7910 7910 473
7910 7917 633
7911 7911 565
7911 7918 154
7912 7912 408
7912 7919 -519
7913 7913 313
7913 7920 -646
7914 7914 982
7914 7921 -281
7915 7915 -724
7915 7922 -786
7916 7916 -954
7916 7923 -144
7917 7917 105
7917 7924 -178
7918 7918 -925
7918 7925 989
7919 7919 935
7919 7926 544
7920 7920 -947
7920 7927 721
7921 7921 -461
7921 7928 -883
7922 7922 -212
7922 7929 -828
7923 7923 907
7923 7930 -824
7924 7924 71
7924 7931 489
7925 7925 397
7925 7932 215
7926 7926 224
7926 7933 21
7927 7927 -731
7927 7934 212
7928 7928 -436
7928 7935 863
7929 7929 -888
7929 7936 572
7930 7930 531
7930 7937 652
7931 7931 -514
7931 7938 -70
7932 7932 9
7932 7939 313
7933 7933 440
7933 7940 443
7934 7934 640
7934 7941 806
7935 7935 -239
7935 7942 259
7936 7936 268
7936 7943 -288
7937 7937 600
7937 7944 729
7938 7938 -537
7938 7945 724
7939 7939 -642
7939 7946 218
7940 7940 -97
7940 7947 -441
7941 7941 506
7941 7948 965
7942 7942 -315
7942 7949 -666
7943 7943 524
7943 7950 -346
7944 7944 618
7944 7951 -893
7945 7945 903
7945 7952 -702
7946 7946 690
7946 7953 -259
7947 7947 -381
7947 7954 -359
7948 7948 -105
7948 7955 80
7949 7949 785
7949 7956 -288
7950 7950 896
7950 7957 833
7951 7951 584
7951 7958 473
7952 7952 21
7952 7959 -176
7953 7953 -108
7953 7960 -660
7954 7954 872
7954 7961 748
7955 7955 767
7955 7962 427
7956 7956 117
7956 7963 331
7957 7957 -698
7957 7964 48
7958 7958 -383
7958 7965 658
7959 7959 729
7959 7966 -382
7960 7960 -202
7960 7967 -205
7961 7961 913
7961 7968 26
7962 7962 -989
7962 7969 -917
7963 7963 369
7963 7970 80
7964 7964 -980
7964 7971 -632
7965 7965 400
7965 7972 507
7966 7966 -15
7966 7973 -502
7967 7967 -338
7967 7974 601
7968 7968 344
7968 7975 36
7969 7969 -585
7969 7976 -60
7970 7970 277
7970 7977 -375
7971 7971 50
7971 7978 -530
7972 7972 -414
7972 7979 148
7973 7973 -395
7973 7980 -767
7974 7974 936
7974 7981 -545
7975 7975 -120
7975 7982 573
7976 7976 796
7976 7983 -149
7977 7977 -342
7977 7984 -539
7978 7978 785
7978 7985 -587
7979 7979 508
7979 7986 571
7980 7980 489
7980 7987 -736
7981 7981 104
7981 7988 870
7982 7982 -993
7982 7989 -173
7983 7983 -111
7983 7990 817
7984 7984 719
7984 7991 -777
7985 7985 -99
7985 7992 -86
7986 7986 914
7986 7993 890
7987 7987 -531
7987 7994 562
7988 7988 -899
7988 7995 947
7989 7989 37
7989 7996 -112
7990 7990 658
7990 7997 -741
7991 7991 -335
7991 7998 137
7992 7992 -830
7992 7999 666
7993 7993 681
7993 8000 -404
7994 7994 350
7994 8001 203
7995 7995 -367
7995 8002 52
7996 7996 -669
7996 8003 -439
7997 7997 533
7997 8004 193
7998 7998 -999
7998 8005 824
7999 7999 -193
7999 8006 -414
8000 8000 -211
8000 8007 483
8001 8001 -214
8001 8008 171
8002 8002 -805
8002 8009 -661
8003 8003 -265
8003 8010 -521
8004 8004 -14
8004 8011 76
8005 8005 479
8005 8012 -474
8006 8006 704
8006 8013 344
8007 8007 761
8007 8014 -225
8008 8008 -26
8008 8015 -337
8009 8009 -627
8009 8016 125
8010 8010 909
8010 8017 -125
8011 8011 -634
8011 8018 995
8012 8012 -570
8012 8019 -896
8013 8013 -49
8013 8020 -878
8014 8014 681
8014 8021 -211
8015 8015 690
8015 8022 -919
8016 8016 -4
8016 8023 -534
8017 8017 343
8017 8024 440
8018 8018 -474
8018 8025 5
8019 8019 -163
8019 8026 101
8020 8020 338
8020 8027 -397
8021 8021 -694
8021 8028 -221
8022 8022 -898
8022 8029 339
8023 8023 -933
8023 8030 49
8024 8024 483
8024 8031 742
8025 8025 -812
8025 8032 -567
8026 8026 -822
8026 8033 392
8027 8027 895
8027 8034 -706
8028 8028 -699
8028 8035 265
8029 8029 -21
8029 8036 306
8030 8030 -787
8030 8037 971
8031 8031 818
8031 8038 607
8032 8032 677
8032 8039 -848
8033 8033 276
8033 8040 -265
8034 8034 -973
8034 8041 508
8035 8035 -323
8035 8042 202
8036 8036 -628
8036 8043 663
8037 8037 -684
8037 8044 506
8038 8038 -139
8038 8045 -992
8039 8039 -747
8039 8046 66
8040 8040 -801
8040 8047 672
8041 8041 601
8041 8048 -926
8042 8042 -976
8042 8049 715
8043 8043 -492
8043 8050 428
8044 8044 541
8044 8051 -182
8045 8045 746
8045 8052 -530
8046 8046 503
8046 8053 922
8047 8047 649
8047 8054 717
8048 8048 -192
8048 8055 -240
8049 8049 -163
8049 8056 500
8050 8050 -683
8050 8057 -656
8051 8051 62
8051 8058 -363
8052 8052 -497
8052 8059 -986
8053 8053 639
8053 8060 -613
8054 8054 -369
8054 8061 932
8055 8055 156
8055 8062 -565
8056 8056 -257
8056 8063 923
8057 8057 173
8057 8064 -494
8058 8058 -249
8058 8065 -204
8059 8059 -223
8059 8066 408
8060 8060 573
8060 8067 291
8061 8061 -849
8061 8068 -417
8062 8062 -14
8062 8069 -676
8063 8063 179
8063 8070 137
8064 8064 360
8064 8071 359
8065 8065 -155
8065 8072 367
8066 8066 66
8066 8073 598
8067 8067 651
8067 8074 798
8068 8068 -570
8068 8075 298
8069 8069 502
8069 8076 -194
8070 8070 -525
8070 8077 -446
8071 8071 578
8071 8078 16
8072 8072 -160
8072 8079 -502
8073 8073 -204
8073 8080 -368
8074 8074 238
8074 8081 460
8075 8075 -949
8075 8082 779
8076 8076 143
8076 8083 31
8077 8077 239
8077 8084 15
8078 8078 -71
8078 8085 -869
8079 8079 -98
8079 8086 970
8080 8080 570
8080 8087 708
8081 8081 -425
8081 8088 -125
8082 8082 473
8082 8089 -413
8083 8083 242
8083 8090 938
8084 8084 -342
8084 8091 279
8085 8085 921
8085 8092 130
8086 8086 825
8086 8093 739
8087 8087 703
8087 8094 472
8088 8088 -46
8088 8095 -613
8089 8089 345
8089 8096 -309
8090 8090 -69
8090 8097 101
8091 8091 -633
8091 8098 -573
8092 8092 -963
8092 8099 276
8093 8093 848
8093 8100 556
8094 8094 901
8094 8101 654
8095 8095 -226
8095 8102 -415
8096 8096 868
8096 8103 -676
8097 8097 -246
8097 8104 589
8098 8098 2
8098 8105 314
8099 8099 -352
8099 8106 366
8100 8100 -683
8100 8107 -446
8101 8101 567
8101 8108 966
8102 8102 315
8102 8109 185
8103 8103 -633
8103 8110 -316
8104 8104 904
8104 8111 294
8105 8105 827
8105 8112 801
8106 8106 327
8106 8113 411
8107 8107 -522
8107 8114 -418
8108 8108 -275
8108 8115 -452
8109 8109 -859
8109 8116 -875
8110 8110 -313
8110 8117 -322
8111 8111 -743
8111 8118 906
8112 8112 -934
8112 8119 826
8113 8113 -907
8113 8120 -684
8114 8114 -12
8114 8121 -65
8115 8115 142
8115 8122 896
8116 8116 193
8116 8123 -57
8117 8117 246
8117 8124 282
8118 8118 580
8118 8125 -655
8119 8119 -733
8119 8126 158
8120 8120 -473
8120 8127 -602
8121 8121 -829
8121 8128 517
8122 8122 498
8122 8129 -519
8123 8123 -405
8123 8130 21
8124 8124 -95
8124 8131 361
8125 8125 -409
8125 8132 280
8126 8126 -458
8126 8133 356
8127 8127 172
8127 8134 -145
8128 8128 57
8128 8135 -187
8129 8129 -107
8129 8136 -841
8130 8130 -354
8130 8137 171
8131 8131 -623
8131 8138 674
8132 8132 925
8132 8139 89
8133 8133 562
8133 8140 172
8134 8134 -499
8134 8141 735
8135 8135 510
8135 8142 197
8136 8136 -909
8136 8143 871
8137 8137 172
8137 8144 52
8138 8138 -295
8138 8145 849
8139 8139 -447
8139 8146 -18
8140 8140 590
8140 8147 -308
8141 8141 200
8141 8148 -826
8142 8142 354
8142 8149 307
8143 8143 -141
8143 8150 -252
8144 8144 249
8144 8151 -96
8145 8145 -629
8145 8152 -47
8146 8146 744
8146 8153 -71
8147 8147 -826
8147 8154 -650
8148 8148 -903
8148 8155 433
8149 8149 28
8149 8156 518
8150 8150 -679
8150 8157 615
8151 8151 333
8151 8158 -304
8152 8152 -238
8152 8159 -677
8153 8153 -347
8153 8160 113
8154 8154 -838
8154 8161 134
8155 8155 28
8155 8162 713
8156 8156 -971
8156 8163 207
8157 8157 56
8157 8164 320
8158 8158 -864
8158 8165 932
8159 8159 -940
8159 8166 488
8160 8160 -890
8160 8167 -280
8161 8161 -276
8161 8168 684
8162 8162 -91
8162 8169 630
8163 8163 -661
8163 8170 812
8164 8164 732
8164 8171 196
8165 8165 -298
8165 8172 -985
8166 8166 362
8166 8173 826
8167 8167 -214
8167 8174 -609
8168 8168 -633
8168 8175 844
8169 8169 -196
8169 8176 -886
8170 8170 186
8170 8177 -524
8171 8171 794
8171 8178 81
8172 8172 380
8172 8179 -194
8173 8173 677
8173 8180 -492
8174 8174 816
8174 8181 -602
8175 8175 -815
8175 8182 383
8176 8176 -496
8176 8183 812
8177 8177 -721
8177 8184 -133
8178 8178 -606
8178 8185 239
8179 8179 349
8179 8186 944
8180 8180 -78
8180 8187 -210
8181 8181 938
8181 8188 302
8182 8182 472
8182 8189 946
8183 8183 -25
8183 8190 838
8184 8184 -787
8184 8191 -972
8185 8185 -437
8185 8192 761
8186 8186 466
8186 8193 -220
8187 8187 -96
8187 8194 -488
8188 8188 855
8188 8195 -650
8189 8189 -511
8189 8196 127
8190 8190 -221
8190 8197 511
8191 8191 -917
8191 8198 416
8192 8192 800
8192 8199 886
8193 8193 -511
8193 8200 653
8194 8194 -829
8194 8201 -770
8195 8195 517
8195 8202 -134
8196 8196 207
8196 8203 -887
8197 8197 -526
8197 8204 89
8198 8198 -424
8198 8205 -404
8199 8199 -261
8199 8206 110
8200 8200 -884
8200 8207 335
8201 8201 709
8201 8208 -273
8202 8202 -817
8202 8209 935
8203 8203 -629
8203 8210 -874
8204 8204 75
8204 8211 779
8205 8205 194
8205 8212 563
8206 8206 530
8206 8213 960
8207 8207 -917
8207 8214 611
8208 8208 -931
8208 8215 -195
8209 8209 -919
8209 8216 -790
8210 8210 -590
8210 8217 -974
8211 8211 213
8211 8218 -941
8212 8212 -482
8212 8219 -803
8213 8213 -454
8213 8220 912
8214 8214 936
8214 8221 -854
8215 8215 -847
8215 8222 653
8216 8216 987
8216 8223 666
8217 8217 403
8217 8224 -173
8218 8218 -888
8218 8225 619
8219 8219 -865
8219 8226 -115
8220 8220 644
8220 8227 850
8221 8221 170
8221 8228 -210
8222 8222 -911
8222 8229 735
8223 8223 389
8223 8230 -878
8224 8224 8
8224 8231 213
8225 8225 206
8225 8232 -37
8226 8226 -202
8226 8233 -635
8227 8227 -761
8227 8234 -416
8228 8228 436
8228 8235 330
8229 8229 -797
8229 8236 -194
8230 8230 -702
8230 8237 837
8231 8231 -189
8231 8238 175
8232 8232 -662
8232 8239 -503
8233 8233 147
8233 8240 -410
8234 8234 -275
8234 8241 335
8235 8235 -668
8235 8242 436
8236 8236 65
8236 8243 700
8237 8237 513
8237 8244 335
8238 8238 91
8238 8245 712
8239 8239 777
8239 8246 -254
8240 8240 -629
8240 8247 -552
8241 8241 716
8241 8248 -964
8242 8242 -524
8242 8249 -35
8243 8243 222
8243 8250 240
8244 8244 -138
8244 8251 586
8245 8245 659
8245 8252 -440
8246 8246 -650
8246 8253 -49
8247 8247 -921
8247 8254 672
8248 8248 604
8248 8255 -756
8249 8249 -368
8249 8256 -140
8250 8250 540
8250 8257 -744
8251 8251 -722
8251 8258 803
8252 8252 -994
8252 8259 973
8253 8253 854
8253 8260 -367
8254 8254 255
8254 8261 10
8255 8255 -557
8255 8262 -71
8256 8256 136
8256 8263 -2
8257 8257 975
8257 8264 -47
8258 8258 -671
8258 8265 -667
8259 8259 -146
8259 8266 -602
8260 8260 -965
8260 8267 495
8261 8261 836
8261 8268 -61
8262 8262 -314
8262 8269 -252
8263 8263 -682
8263 8270 -606
8264 8264 -915
8264 8271 799
8265 8265 703
8265 8272 -214
8266 8266 804
8266 8273 -29
8267 8267 416
8267 8274 -375
8268 8268 -40
8268 8275 -133
8269 8269 520
8269 8276 678
8270 8270 665
8270 8277 421
8271 8271 383
8271 8278 -877
8272 8272 -239
8272 8279 10
8273 8273 -833
8273 8280 -123
8274 8274 -284
8274 8281 -35
8275 8275 268
8275 8282 200
8276 8276 -254
8276 8283 717
8277 8277 -760
8277 8284 -815
8278 8278 857
8278 8285 -278
8279 8279 -570
8279 8286 -925
8280 8280 -166
8280 8287 -369
8281 8281 309
8281 8288 502
8282 8282 -868
8282 8289 96
8283 8283 181
8283 8290 -37
8284 8284 -277
8284 8291 -457
8285 8285 -913
8285 8292 39
8286 8286 632
8286 8293 -99
8287 8287 -419
8287 8294 435
8288 8288 785
8288 8295 130
8289 8289 -186
8289 8296 831
8290 8290 -733
8290 8297 -942
8291 8291 803
8291 8298 -676
8292 8292 -221
8292 8299 725
8293 8293 -587
8293 8300 -726
8294 8294 -332
8294 8301 262
8295 8295 -314
8295 8302 -928
8296 8296 -700
8296 8303 -169
8297 8297 -762
8297 8304 699
8298 8298 464
8298 8305 613
8299 8299 -438
8299 8306 612
8300 8300 268
8300 8307 906
8301 8301 -852
8301 8308 -604
8302 8302 -154
8302 8309 294
8303 8303 -879
8303 8310 -178
8304 8304 -42
8304 8311 144
8305 8305 719
8305 8312 526
8306 8306 974
8306 8313 751
8307 8307 356
8307 8314 -599
8308 8308 462
8308 8315 -162
8309 8309 -328
8309 8316 939
8310 8310 702
8310 8317 -97
8311 8311 71
8311 8318 -667
8312 8312 597
8312 8319 -17
8313 8313 -990
8313 8320 -894
8314 8314 948
8314 8321 -789
8315 8315 -513
8315 8322 476
8316 8316 623
8316 8323 469
8317 8317 -848
8317 8324 -666
8318 8318 730
8318 8325 -509
8319 8319 -67
8319 8326 -753
8320 8320 -905
8320 8327 755
8321 8321 -40
8321 8328 -498
8322 8322 -393
8322 8329 -645
8323 8323 454
8323 8330 -900
8324 8324 -101
8324 8331 488
8325 8325 -455
8325 8332 -657
8326 8326 886
8326 8333 333
8327 8327 -347
8327 8334 -391
8328 8328 800
8328 8335 737
8329 8329 309
8329 8336 -894
8330 8330 507
8330 8337 435
8331 8331 -740
8331 8338 559
8332 8332 18
8332 8339 979
8333 8333 -818
8333 8340 -403
8334 8334 -413
8334 8341 966
8335 8335 672
8335 8342 838
8336 8336 21
8336 8343 -229
8337 8337 525
8337 8344 -301
8338 8338 102
8338 8345 -52
8339 8339 957
8339 8346 412
8340 8340 43
8340 8347 -298
8341 8341 147
8341 8348 -245
8342 8342 348
8342 8349 -451
8343 8343 298
8343 8350 -931
8344 8344 980
8344 8351 710
8345 8345 137
8345 8352 -653
8346 8346 -630
8346 8353 39
8347 8347 -813
8347 8354 -175
8348 8348 304
8348 8355 -347
8349 8349 -818
8349 8356 -133
8350 8350 869
8350 8357 -435
8351 8351 755
8351 8358 799
8352 8352 -807
8352 8359 71
8353 8353 -633
8353 8360 -754
8354 8354 -66
8354 8361 884
8355 8355 -66
8355 8362 -855
8356 8356 -809
8356 8363 -855
8357 8357 869
8357 8364 -414
8358 8358 78
8358 8365 493
8359 8359 -461
8359 8366 -490
8360 8360 876
8360 8367 178
8361 8361 506
8361 8368 -711
8362 8362 949
8362 8369 741
8363 8363 -199
8363 8370 741
8364 8364 -200
8364 8371 -450
8365 8365 513
8365 8372 -828
8366 8366 -495
8366 8373 363
8367 8367 -441
8367 8374 -787
8368 8368 131
8368 8375 27
8369 8369 -537
8369 8376 288
8370 8370 -581
8370 8377 -817
8371 8371 -886
8371 8378 830
8372 8372 735
8372 8379 -6
8373 8373 -724
8373 8380 246
8374 8374 -845
8374 8381 -530
8375 8375 -440
8375 8382 -374
8376 8376 784
8376 8383 -920
8377 8377 -798
8377 8384 -589
8378 8378 268
8378 8385 777
8379 8379 -514
8379 8386 423
8380 8380 -44
8380 8387 -446
8381 8381 -221
8381 8388 -805
8382 8382 -521
8382 8389 164
8383 8383 636
8383 8390 -242
8384 8384 468
8384 8391 -414
8385 8385 568
8385 8392 417
8386 8386 -577
8386 8393 843
8387 8387 326
8387 8394 859
8388 8388 296
8388 8395 -562
8389 8389 -277
8389 8396 270
8390 8390 -990
8390 8397 111
8391 8391 -744
8391 8398 260
8392 8392 -279
8392 8399 978
8393 8393 201
8393 8400 772
8394 8394 -565
8394 8401 20
8395 8395 -646
8395 8402 -919
8396 8396 -270
8396 8403 -35
8397 8397 -517
8397 8404 -280
8398 8398 851
8398 8405 -713
8399 8399 -154
8399 8406 769
8400 8400 33
8400 8407 -705
8401 8401 944
8401 8408 244
8402 8402 338
8402 8409 -193
8403 8403 -619
8403 8410 99
8404 8404 153
8404 8411 -625
8405 8405 -621
8405 8412 -424
8406 8406 762
8406 8413 192
8407 8407 -413
8407 8414 537
8408 8408 943
8408 8415 646
8409 8409 776
8409 8416 352
8410 8410 -768
8410 8417 209
8411 8411 395
8411 8418 -672
8412 8412 558
8412 8419 142
8413 8413 -617
8413 8420 538
8414 8414 770
8414 8421 -283
8415 8415 844
8415 8422 555
8416 8416 21
8416 8423 381
8417 8417 655
8417 8424 270
8418 8418 -842
8418 8425 -460
8419 8419 -556
8419 8426 -348
8420 8420 -289
8420 8427 -861
8421 8421 586
8421 8428 183
8422 8422 704
8422 8429 -457
8423 8423 982
8423 8430 83
8424 8424 -357
8424 8431 -335
8425 8425 -579
8425 8432 -401
8426 8426 -895
8426 8433 385
8427 8427 -813
8427 8434 -154
8428 8428 934
8428 8435 645
8429 8429 895
8429 8436 1
8430 8430 -162
8430 8437 79
8431 8431 -557
8431 8438 -307
8432 8432 -850
8432 8439 -718
8433 8433 913
8433 8440 789
8434 8434 488
8434 8441 -883
8435 8435 -94
8435 8442 -85
8436 8436 98
8436 8443 628
8437 8437 -703
8437 8444 -204
8438 8438 -384
8438 8445 -845
8439 8439 713
8439 8446 978
8440 8440 -538
8440 8447 688
8441 8441 -68
8441 8448 -462
8442 8442 -601
8442 8449 -585
8443 8443 701
8443 8450 471
8444 8444 -612
8444 8451 670
8445 8445 -414
8445 8452 -725
8446 8446 480
8446 8453 303
8447 8447 791
8447 8454 -105
8448 8448 321
8448 8455 -850
8449 8449 879
8449 8456 255
8450 8450 773
8450 8457 -279
8451 8451 -252
8451 8458 -538
8452 8452 467
8452 8459 373
8453 8453 817
8453 8460 -636
8454 8454 -284
8454 8461 303
8455 8455 -453
8455 8462 138
8456 8456 639
8456 8463 323
8457 8457 867
8457 8464 318
8458 8458 306
8458 8465 -738
8459 8459 -982
8459 8466 361
8460 8460 -302
8460 8467 953
8461 8461 552
8461 8468 -296
8462 8462 950
8462 8469 836
8463 8463 473
8463 8470 908
8464 8464 -341
8464 8471 41
8465 8465 853
8465 8472 363
8466 8466 -538
8466 8473 -703
8467 8467 345
8467 8474 863
8468 8468 302
8468 8475 -843
8469 8469 -150
8469 8476 -852
8470 8470 230
8470 8477 -646
8471 8471 -87
8471 8478 -389
8472 8472 867
8472 8479 -302
8473 8473 121
8473 8480 474
8474 8474 975
8474 8481 -158
8475 8475 271
8475 8482 374
8476 8476 -685
8476 8483 -734
8477 8477 -218
8477 8484 -428
8478 8478 -683
8478 8485 115
8479 8479 -371
8479 8486 -914
8480 8480 231
8480 8487 -35
8481 8481 -61
8481 8488 -383
8482 8482 -296
8482 8489 -828
8483 8483 -189
8483 8490 663
8484 8484 607
8484 8491 62
8485 8485 -70
8485 8492 -900
8486 8486 -572
8486 8493 435
8487 8487 216
8487 8494 210
8488 8488 -655
8488 8495 219
8489 8489 900
8489 8496 -635
8490 8490 -322
8490 8497 -91
8491 8491 -949
8491 8498 -663
8492 8492 -189
8492 8499 960
8493 8493 826
8493 8500 -943
8494 8494 243
8494 8501 198
8495 8495 -441
8495 8502 988
8496 8496 -156
8496 8503 -573
8497 8497 -657
8497 8504 978
8498 8498 975
8498 8505 -193
8499 8499 -25
8499 8506 -93
8500 8500 287
8500 8507 -819
8501 8501 138
8501 8508 811
8502 8502 149
8502 8509 -383
8503 8503 539
8503 8510 -738
8504 8504 -494
8504 8511 -548
8505 8505 -536
8505 8512 790
8506 8506 628
8506 8513 964
8507 8507 118
8507 8514 651
8508 8508 -804
8508 8515 -329
8509 8509 467
8509 8516 207
8510 8510 -100
8510 8517 -657
8511 8511 -558
8511 8518 66
8512 8512 773
8512 8519 6
8513 8513 -747
8513 8520 -518
8514 8514 -858
8514 8521 -278
8515 8515 185
8515 8522 -214
8516 8516 -515
8516 8523 818
8517 8517 -531
8517 8524 -464
8518 8518 838
8518 8525 381
8519 8519 930
8519 8526 -773
8520 8520 -524
8520 8527 288
8521 8521 301
8521 8528 -756
8522 8522 -311
8522 8529 458
8523 8523 -785
8523 8530 596
8524 8524 -65
8524 8531 868
8525 8525 -379
8525 8532 -872
8526 8526 -569
8526 8533 618
8527 8527 448
8527 8534 837
8528 8528 783
8528 8535 -949
8529 8529 -792
8529 8536 -562
8530 8530 412
8530 8537 -72
8531 8531 712
8531 8538 485
8532 8532 -822
8532 8539 593
8533 8533 736
8533 8540 975
8534 8534 684
8534 8541 476
8535 8535 997
8535 8542 873
8536 8536 -858
8536 8543 -926
8537 8537 600
8537 8544 90
8538 8538 262
8538 8545 383
8539 8539 598
8539 8546 -440
8540 8540 -249
8540 8547 874
8541 8541 -316
8541 8548 -904
8542 8542 68
8542 8549 -410
8543 8543 -483
8543 8550 532
8544 8544 -573
8544 8551 -504
8545 8545 579
8545 8552 -527
8546 8546 -545
8546 8553 460
8547 8547 -42
8547 8554 591
8548 8548 -8
8548 8555 291
8549 8549 -486
8549 8556 -957
8550 8550 -552
8550 8557 -734
8551 8551 -130
8551 8558 -341
8552 8552 723
8552 8559 389
8553 8553 557
8553 8560 -133
8554 8554 -685
8554 8561 59
8555 8555 288
8555 8562 -150
8556 8556 -564
8556 8563 778
8557 8557 518
8557 8564 174
8558 8558 -624
8558 8565 157
8559 8559 -604
8559 8566 -988
8560 8560 -334
8560 8567 426
8561 8561 208
8561 8568 -343
8562 8562 737
8562 8569 87
8563 8563 -48
8563 8570 9
8564 8564 -314
8564 8571 -278
8565 8565 43
8565 8572 163
8566 8566 -172
8566 8573 362
8567 8567 396
8567 8574 358
8568 8568 -635
8568 8575 7
8569 8569 -846
8569 8576 195
8570 8570 690
8570 8577 -509
8571 8571 510
8571 8578 670
8572 8572 466
8572 8579 -963
8573 8573 -706
8573 8580 -341
8574 8574 782
8574 8581 295
8575 8575 -281
8575 8582 533
8576 8576 431
8576 8583 137
8577 8577 836
8577 8584 -252
8578 8578 158
8578 8585 493
8579 8579 71
8579 8586 735
8580 8580 825
8580 8587 173
8581 8581 949
8581 8588 -92
8582 8582 119
8582 8589 -109
8583 8583 420
8583 8590 -544
8584 8584 372
8584 8591 515
8585 8585 178
8585 8592 329
8586 8586 -337
8586 8593 -921
8587 8587 -245
8587 8594 792
8588 8588 668
8588 8595 601
8589 8589 61
8589 8596 -938
8590 8590 964
8590 8597 -962
8591 8591 719
8591 8598 -279
8592 8592 919
8592 8599 -448
8593 8593 884
8593 8600 22
8594 8594 659
8594 8601 786
8595 8595 632
8595 8602 35
8596 8596 646
8596 8603 373
8597 8597 -225
8597 8604 973
8598 8598 606
8598 8605 871
8599 8599 -234
8599 8606 612
8600 8600 -372
8600 8607 89
8601 8601 -156
8601 8608 -73
8602 8602 278
8602 8609 -118
8603 8603 32
8603 8610 -309
8604 8604 987
8604 8611 -950
8605 8605 439
8605 8612 -42
8606 8606 -846
8606 8613 -53
8607 8607 947
8607 8614 -39
8608 8608 802
8608 8615 836
8609 8609 565
8609 8616 447
8610 8610 641
8610 8617 351
8611 8611 -350
8611 8618 -275
8612 8612 417
8612 8619 -292
8613 8613 545
8613 8620 -615
8614 8614 -464
8614 8621 -199
8615 8615 406
8615 8622 -809
8616 8616 659
8616 8623 364
8617 8617 -264
8617 8624 667
8618 8618 -786
8618 8625 733
8619 8619 -212
8619 8626 -168
8620 8620 -933
8620 8627 -730
8621 8621 -860
8621 8628 373
8622 8622 249
8622 8629 960
8623 8623 -295
8623 8630 -728
8624 8624 -2
8624 8631 230
8625 8625 -699
8625 8632 -431
8626 8626 139
8626 8633 -794
8627 8627 -11
8627 8634 -649
8628 8628 659
8628 8635 722
8629 8629 122
8629 8636 954
8630 8630 357
8630 8637 752
8631 8631 705
8631 8638 603
8632 8632 579
8632 8639 781
8633 8633 -519
8633 8640 906
8634 8634 -53
8634 8641 -305
8635 8635 378
8635 8642 -750
8636 8636 -755
8636 8643 564
8637 8637 903
8637 8644 -29
8638 8638 -673
8638 8645 215
8639 8639 117
8639 8646 -264
8640 8640 -396
8640 8647 -969
8641 8641 246
8641 8648 -643
8642 8642 -220
8642 8649 488
8643 8643 516
8643 8650 642
8644 8644 917
8644 8651 -955
8645 8645 188
8645 8652 -818
8646 8646 397
8646 8653 136
8647 8647 -623
8647 8654 213
8648 8648 795
8648 8655 -149
8649 8649 -6
8649 8656 -19
8650 8650 122
8650 8657 -855
8651 8651 -745
8651 8658 484
8652 8652 557
8652 8659 293
8653 8653 -714
8653 8660 195
8654 8654 -515
8654 8661 120
8655 8655 -788
8655 8662 908
8656 8656 -791
8656 8663 530
8657 8657 -915
8657 8664 -139
8658 8658 844
8658 8665 755
8659 8659 841
8659 8666 -408
8660 8660 189
8660 8667 -870
8661 8661 -851
8661 8668 727
8662 8662 -960
8662 8669 -613
8663 8663 7
8663 8670 597
8664 8664 -253
8664 8671 -119
8665 8665 -410
8665 8672 203
8666 8666 -245
8666 8673 796
8667 8667 309
8667 8674 373
8668 8668 233
8668 8675 157
8669 8669 -394
8669 8676 -585
8670 8670 -727
8670 8677 398
8671 8671 934
8671 8678 -82
8672 8672 -700
8672 8679 -129
8673 8673 -81
8673 8680 -293
8674 8674 -146
8674 8681 816
8675 8675 582
8675 8682 -644
8676 8676 116
8676 8683 940
8677 8677 293
8677 8684 491
8678 8678 -59
8678 8685 174
8679 8679 -268
8679 8686 100
8680 8680 543
8680 8687 -485
8681 8681 105
8681 8688 -703
8682 8682 -738
8682 8689 840
8683 8683 -893
8683 8690 591
8684 8684 -605
8684 8691 -749
8685 8685 136
8685 8692 -221
8686 8686 704
8686 8693 -263
8687 8687 753
8687 8694 920
8688 8688 649
8688 8695 114
8689 8689 -645
8689 8696 -323
8690 8690 321
8690 8697 -659
8691 8691 -704
8691 8698 -75
8692 8692 -843
8692 8699 -53
8693 8693 8
8693 8700 -253
8694 8694 221
8694 8701 754
8695 8695 -317
8695 8702 -663
8696 8696 -560
8696 8703 -97
8697 8697 -77
8697 8704 60
8698 8698 974
8698 8705 8
8699 8699 548
8699 8706 626
8700 8700 -992
8700 8707 956
8701 8701 -130
8701 8708 663
8702 8702 45
8702 8709 687
8703 8703 -609
8703 8710 174
8704 8704 166
8704 8711 -528
8705 8705 -172
8705 8712 210
8706 8706 802
8706 8713 -598
8707 8707 -913
8707 8714 550
8708 8708 -81
8708 8715 22
8709 8709 748
8709 8716 -153
8710 8710 -828
8710 8717 -193
8711 8711 -252
8711 8718 630
8712 8712 -677
8712 8719 -787
8713 8713 -908
8713 8720 359
8714 8714 -600
8714 8721 -58
8715 8715 196
8715 8722 221
8716 8716 -355
8716 8723 -941
8717 8717 -927
8717 8724 862
8718 8718 911
8718 8725 -803
8719 8719 88
8719 8726 589
8720 8720 319
8720 8727 240
8721 8721 718
8721 8728 -487
8722 8722 -522
8722 8729 708
8723 8723 287
8723 8730 202
8724 8724 453
8724 8731 -420
8725 8725 869
8725 8732 -786
8726 8726 770
8726 8733 -253
8727 8727 -187
8727 8734 -849
8728 8728 -563
8728 8735 831
8729 8729 -348
8729 8736 576
8730 8730 -832
8730 8737 -63
8731 8731 -912
8731 8738 -599
8732 8732 85
8732 8739 -388
8733 8733 -792
8733 8740 -937
8734 8734 -961
8734 8741 838
8735 8735 998
8735 8742 -844
8736 8736 -365
8736 8743 244
8737 8737 -871
8737 8744 -32
8738 8738 -408
8738 8745 657
8739 8739 372
8739 8746 -994
8740 8740 835
8740 8747 193
8741 8741 -113
8741 8748 510
8742 8742 423
8742 8749 -96
8743 8743 -426
8743 8750 -203
8744 8744 -702
8744 8751 314
8745 8745 -84
8745 8752 -681
8746 8746 623
8746 8753 -896
8747 8747 274
8747 8754 -749
8748 8748 -884
8748 8755 -754
8749 8749 -592
8749 8756 692
8750 8750 641
8750 8757 -579
8751 8751 887
8751 8758 277
8752 8752 570
8752 8759 -631
8753 8753 570
8753 8760 -416
8754 8754 423
8754 8761 794
8755 8755 -95
8755 8762 434
8756 8756 -982
8756 8763 -842
8757 8757 529
8757 8764 775
8758 8758 -424
8758 8765 -936
8759 8759 -63
8759 8766 135
8760 8760 -729
8760 8767 212
8761 8761 -273
8761 8768 -911
8762 8762 270
8762 8769 -379
8763 8763 -310
8763 8770 109
8764 8764 -644
8764 8771 757
8765 8765 -164
8765 8772 943
8766 8766 -133
8766 8773 72
8767 8767 714
8767 8774 5
8768 8768 -73
8768 8775 270
8769 8769 109
8769 8776 -318
8770 8770 -454
8770 8777 528
8771 8771 -271
8771 8778 -420
8772 8772 185
8772 8779 324
8773 8773 990
8773 8780 -275
8774 8774 689
8774 8781 -222
8775 8775 333
8775 8782 -972
8776 8776 729
8776 8783 -270
8777 8777 -695
8777 8784 656
8778 8778 895
8778 8785 570
8779 8779 -624
8779 8786 -420
8780 8780 -387
8780 8787 -697
8781 8781 -864
8781 8788 -932
8782 8782 843
8782 8789 525
8783 8783 -588
8783 8790 -819
8784 8784 663
8784 8791 -644
8785 8785 -211
8785 8792 18
8786 8786 -569
8786 8793 -509
8787 8787 103
8787 8794 -743
8788 8788 -562
8788 8795 838
8789 8789 235
8789 8796 -616
8790 8790 -448
8790 8797 179
8791 8791 88
8791 8798 -619
8792 8792 -92
8792 8799 -98
8793 8793 -908
8793 8800 -103
8794 8794 26
8794 8801 -480
8795 8795 -393
8795 8802 -156
8796 8796 -622
8796 8803 -896
8797 8797 267
8797 8804 -390
8798 8798 826
8798 8805 -20
8799 8799 -9
8799 8806 -28
8800 8800 -96
8800 8807 -216
8801 8801 601
8801 8808 -988
8802 8802 698
8802 8809 -792
8803 8803 -756
8803 8810 494
8804 8804 117
8804 8811 293
8805 8805 -852
8805 8812 -668
8806 8806 827
8806 8813 -329
8807 8807 22
8807 8814 -607
8808 8808 851
8808 8815 -785
8809 8809 -975
8809 8816 809
8810 8810 683
8810 8817 -623
8811 8811 253
8811 8818 -423
8812 8812 -2
8812 8819 991
8813 8813 -203
8813 8820 743
8814 8814 245
8814 8821 955
8815 8815 263
8815 8822 -395
8816 8816 -56
8816 8823 -691
8817 8817 -817
8817 8824 -584
8818 8818 -385
8818 8825 -73
8819 8819 -813
8819 8826 985
8820 8820 713
8820 8827 -222
8821 8821 -697
8821 8828 176
8822 8822 -408
8822 8829 859
8823 8823 531
8823 8830 796
8824 8824 826
8824 8831 -123
8825 8825 -698
8825 8832 381
8826 8826 -398
8826 8833 -92
8827 8827 178
8827 8834 527
8828 8828 -634
8828 8835 432
8829 8829 188
8829 8836 832
8830 8830 -651
8830 8837 -500
8831 8831 -173
8831 8838 908
8832 8832 828
8832 8839 807
8833 8833 -333
8833 8840 -125
8834 8834 797
8834 8841 -570
8835 8835 -401
8835 8842 610
8836 8836 -394
8836 8843 -674
8837 8837 546
8837 8844 747
8838 8838 -62
8838 8845 893
8839 8839 840
8839 8846 -899
8840 8840 -536
8840 8847 -458
8841 8841 513
8841 8848 -236
8842 8842 -646
8842 8849 258
8843 8843 475
8843 8850 -299
8844 8844 -380
8844 8851 668
8845 8845 586
8845 8852 918
8846 8846 983
8846 8853 -901
8847 8847 386
8847 8854 127
8848 8848 -841
8848 8855 -169
8849 8849 557
8849 8856 602
8850 8850 -536
8850 8857 -823
8851 8851 242
8851 8858 840
8852 8852 794
8852 8859 858
8853 8853 259
8853 8860 560
8854 8854 623
8854 8861 -530
8855 8855 -344
8855 8862 -452
8856 8856 454
8856 8863 455
8857 8857 -352
8857 8864 -830
8858 8858 -177
8858 8865 234
8859 8859 540
8859 8866 433
8860 8860 -778
8860 8867 -464
8861 8861 -631
8861 8868 491
8862 8862 454
8862 8869 745
8863 8863 931
8863 8870 747
8864 8864 467
8864 8871 56
8865 8865 805
8865 8872 981
8866 8866 631
8866 8873 -759
8867 8867 355
8867 8874 116
8868 8868 -621
8868 8875 -314
8869 8869 -49
8869 8876 106
8870 8870 -164
8870 8877 271
8871 8871 592
8871 8878 555
8872 8872 456
8872 8879 -515
8873 8873 545
8873 8880 -749
8874 8874 -479
8874 8881 -760
8875 8875 135
8875 8882 606
8876 8876 829
8876 8883 -73
8877 8877 -801
8877 8884 895
8878 8878 560
8878 8885 -380
8879 8879 -637
8879 8886 -629
8880 8880 865
8880 8887 -821
8881 8881 615
8881 8888 951
8882 8882 784
8882 8889 -138
8883 8883 345
8883 8890 295
8884 8884 -597
8884 8891 230
8885 8885 -132
8885 8892 -887
8886 8886 870
8886 8893 410
8887 8887 877
8887 8894 -591
8888 8888 56
8888 8895 -773
8889 8889 -925
8889 8896 566
8890 8890 476
8890 8897 180
8891 8891 811
8891 8898 946
8892 8892 313
8892 8899 313
8893 8893 -446
8893 8900 -948
8894 8894 -24
8894 8901 500
8895 8895 -295
8895 8902 -37
8896 8896 483
8896 8903 -84
8897 8897 52
8897 8904 -356
8898 8898 -765
8898 8905 -283
8899 8899 -56
8899 8906 -564
8900 8900 527
8900 8907 -238
8901 8901 532
8901 8908 564
8902 8902 -753
8902 8909 333
8903 8903 -802
8903 8910 276
8904 8904 -792
8904 8911 -239
8905 8905 20
8905 8912 -978
8906 8906 -169
8906 8913 -269
8907 8907 160
8907 8914 -666
8908 8908 335
8908 8915 -162
8909 8909 493
8909 8916 838
8910 8910 459
8910 8917 178
8911 8911 -753
8911 8918 -202
8912 8912 -480
8912 8919 -492
8913 8913 -237
8913 8920 727
8914 8914 -331
8914 8921 72
8915 8915 -776
8915 8922 659
8916 8916 -898
8916 8923 618
8917 8917 668
8917 8924 -795
8918 8918 -430
8918 8925 4
8919 8919 658
8919 8926 348
8920 8920 -714
8920 8927 692
8921 8921 63
8921 8928 -852
8922 8922 -836
8922 8929 831
8923 8923 -947
8923 8930 350
8924 8924 392
8924 8931 -179
8925 8925 478
8925 8932 703
8926 8926 -624
8926 8933 -689
8927 8927 -869
8927 8934 -452
8928 8928 -205
8928 8935 -397
8929 8929 868
8929 8936 686
8930 8930 975
8930 8937 -594
8931 8931 -964
8931 8938 29
8932 8932 185
8932 8939 -857
8933 8933 927
8933 8940 -518
8934 8934 224
8934 8941 -253
8935 8935 63
8935 8942 -803
8936 8936 445
8936 8943 879
8937 8937 -547
8937 8944 -550
8938 8938 -737
8938 8945 -280
8939 8939 993
8939 8946 -240
8940 8940 510
8940 8947 -453
8941 8941 175
8941 8948 986
8942 8942 227
8942 8949 731
8943 8943 171
8943 8950 -156
8944 8944 -878
8944 8951 -181
8945 8945 126
8945 8952 868
8946 8946 -767
8946 8953 -557
8947 8947 96
8947 8954 961
8948 8948 329
8948 8955 -62
8949 8949 -205
8949 8956 340
8950 8950 -305
8950 8957 727
8951 8951 -290
8951 8958 -371
8952 8952 -981
8952 8959 967
8953 8953 -463
8953 8960 674
8954 8954 -544
8954 8961 260
8955 8955 626
8955 8962 -453
8956 8956 -86
8956 8963 -715
8957 8957 184
8957 8964 -657
8958 8958 614
8958 8965 -228
8959 8959 -437
8959 8966 -50
8960 8960 -495
8960 8967 650
8961 8961 799
8961 8968 -611
8962 8962 867
8962 8969 909
8963 8963 12
8963 8970 766
8964 8964 750
8964 8971 731
8965 8965 782
8965 8972 -981
8966 8966 -672
8966 8973 446
8967 8967 -640
8967 8974 736
8968 8968 861
8968 8975 774
8969 8969 415
8969 8976 -355
8970 8970 -815
8970 8977 -699
8971 8971 -586
8971 8978 -129
8972 8972 651
8972 8979 33
8973 8973 885
8973 8980 40
8974 8974 -956
8974 8981 497
8975 8975 886
8975 8982 -533
8976 8976 -868
8976 8983 -760
8977 8977 811
8977 8984 -426
8978 8978 -172
8978 8985 -496
8979 8979 505
8979 8986 -831
8980 8980 948
8980 8987 878
8981 8981 -102
8981 8988 922
8982 8982 -218
8982 8989 890
8983 8983 -176
8983 8990 863
8984 8984 429
8984 8991 -198
8985 8985 -601
8985 8992 -365
8986 8986 57
8986 8993 -280
8987 8987 557
8987 8994 984
8988 8988 -335
8988 8995 761
8989 8989 647
8989 8996 -816
8990 8990 381
8990 8997 662
8991 8991 -62
8991 8998 -705
8992 8992 879
8992 8999 364
8993 8993 -168
8993 9000 256
8994 8994 -352
8994 9001 266
8995 8995 -847
8995 9002 881
8996 8996 636
8996 9003 343
8997 8997 998
8997 9004 726
8998 8998 -619
8998 9005 420
8999 8999 -358
8999 9006 -66
9000 9000 -451
9000 9007 180
9001 9001 -348
9001 9008 -697
9002 9002 245
9002 9009 967
9003 9003 827
9003 9010 -328
9004 9004 999
9004 9011 56
9005 9005 -414
9005 9012 -292
9006 9006 -918
9006 9013 954
9007 9007 -565
9007 9014 832
9008 9008 607
9008 9015 992
9009 9009 185
9009 9016 952
9010 9010 611
9010 9017 786
9011 9011 -34
9011 9018 -563
9012 9012 -313
9012 9019 403
9013 9013 -340
9013 9020 -764
9014 9014 585
9014 9021 636
9015 9015 16
9015 9022 400
9016 9016 -188
9016 9023 -973
9017 9017 -787
9017 9024 -425
9018 9018 -291
9018 9025 -918
9019 9019 -572
9019 9026 240
9020 9020 427
9020 9027 -383
9021 9021 724
9021 9028 254
9022 9022 548
9022 9029 24
9023 9023 808
9023 9030 -74
9024 9024 -511
9024 9031 -885
9025 9025 579
9025 9032 -390
9026 9026 -929
9026 9033 -63
9027 9027 918
9027 9034 564
9028 9028 208
9028 9035 -81
9029 9029 -14
9029 9036 282
9030 9030 -495
9030 9037 928
9031 9031 210
9031 9038 -540
9032 9032 508
9032 9039 986
9033 9033 -712
9033 9040 626
9034 9034 575
9034 9041 -614
9035 9035 -38
9035 9042 -288
9036 9036 -99
9036 9043 913
9037 9037 -8
9037 9044 -884
9038 9038 142
9038 9045 150
9039 9039 -680
9039 9046 312
9040 9040 -945
9040 9047 765
9041 9041 -384
9041 9048 958
9042 9042 306
9042 9049 619
9043 9043 633
9043 9050 885
9044 9044 -586
9044 9051 698
9045 9045 -674
9045 9052 877
9046 9046 -927
9046 9053 872
9047 9047 -267
9047 9054 462
9048 9048 817
9048 9055 548
9049 9049 740
9049 9056 -273
9050 9050 576
9050 9057 507
9051 9051 -855
9051 9058 -893
9052 9052 -678
9052 9059 22
9053 9053 -864
9053 9060 366
9054 9054 -280
9054 9061 969
9055 9055 236
9055 9062 -787
9056 9056 457
9056 9063 144
9057 9057 -964
9057 9064 954
9058 9058 -906
9058 9065 -491
9059 9059 -150
9059 9066 358
9060 9060 868
9060 9067 -271
9061 9061 409
9061 9068 -272
9062 9062 -592
9062 9069 204
9063 9063 -290
9063 9070 441
9064 9064 -226
9064 9071 -577
9065 9065 -594
9065 9072 969
9066 9066 -724
9066 9073 -515
9067 9067 -450
9067 9074 17
9068 9068 914
9068 9075 623
9069 9069 477
9069 9076 558
9070 9070 -624
9070 9077 249
9071 9071 -675
9071 9078 846
9072 9072 807
9072 9079 854
9073 9073 159
9073 9080 -525
9074 9074 -270
9074 9081 29
9075 9075 -265
9075 9082 -368
9076 9076 958
9076 9083 852
9077 9077 467
9077 9084 702
9078 9078 -199
9078 9085 -59
9079 9079 -200
9079 9086 613
9080 9080 184
9080 9087 480
9081 9081 -434
9081 9088 -486
9082 9082 -898
9082 9089 905
9083 9083 -793
9083 9090 -946
9084 9084 -42
9084 9091 -180
9085 9085 -502
9085 9092 -299
9086 9086 -238
9086 9093 -806
9087 9087 233
9087 9094 848
9088 9088 567
9088 9095 -699
9089 9089 -523
9089 9096 842
9090 9090 738
9090 9097 477
9091 9091 818
9091 9098 746
9092 9092 -58
9092 9099 433
9093 9093 -987
9093 9100 -482
9094 9094 -451
9094 9101 -240
9095 9095 653
9095 9102 961
9096 9096 -278
9096 9103 -790
9097 9097 594
9097 9104 499
9098 9098 414
9098 9105 -635
9099 9099 883
9099 9106 391
9100 9100 531
9100 9107 -228
9101 9101 931
9101 9108 -560
9102 9102 329
9102 9109 -129
9103 9103 -478
9103 9110 232
9104 9104 555
9104 9111 178
9105 9105 -485
9105 9112 652
9106 9106 934
9106 9113 311
9107 9107 660
9107 9114 -527
9108 9108 722
9108 9115 502
9109 9109 571
9109 9116 -181
9110 9110 482
9110 9117 -728
9111 9111 -433
9111 9118 -242
9112 9112 317
9112 9119 957
9113 9113 313
9113 9120 372
9114 9114 -737
9114 9121 77
9115 9115 -626
9115 9122 478
9116 9116 98
9116 9123 954
9117 9117 758
9117 9124 -682
9118 9118 380
9118 9125 -624
9119 9119 66
9119 9126 -132
9120 9120 621
9120 9127 272
9121 9121 -702
9121 9128 -285
9122 9122 705
9122 9129 -449
9123 9123 679
9123 9130 -754
9124 9124 -946
9124 9131 -760
9125 9125 328
9125 9132 500
9126 9126 -437
9126 9133 110
9127 9127 261
9127 9134 487
9128 9128 -782
9128 9135 -607
9129 9129 -537
9129 9136 -209
9130 9130 972
9130 9137 392
9131 9131 -812
9131 9138 -712
9132 9132 389
9132 9139 -416
9133 9133 982
9133 9140 -17
9134 9134 99
9134 9141 636
9135 9135 -513
9135 9142 101
9136 9136 -433
9136 9143 650
9137 9137 636
9137 9144 81
9138 9138 350
9138 9145 118
9139 9139 367
9139 9146 -362
9140 9140 152
9140 9147 709
9141 9141 335
9141 9148 -629
9142 9142 -433
9142 9149 680
9143 9143 -33
9143 9150 -969
9144 9144 -702
9144 9151 48
9145 9145 265
9145 9152 400
9146 9146 -179
9146 9153 572
9147 9147 -40
9147 9154 571
9148 9148 -801
9148 9155 301
9149 9149 904
9149 9156 -342
9150 9150 945
9150 9157 119
9151 9151 -200
9151 9158 186
9152 9152 -513
9152 9159 194
9153 9153 -464
9153 9160 778
9154 9154 -635
9154 9161 -589
9155 9155 -113
9155 9162 -864
9156 9156 -257
9156 9163 27
9157 9157 -664
9157 9164 -834
9158 9158 -502
9158 9165 703
9159 9159 -179
9159 9166 603
9160 9160 -36
9160 9167 -109
9161 9161 642
9161 9168 -19
9162 9162 257
9162 9169 374
9163 9163 926
9163 9170 644
9164 9164 -626
9164 9171 -455
9165 9165 -248
9165 9172 984
9166 9166 -60
9166 9173 646
9167 9167 539
9167 9174 178
9168 9168 -332
9168 9175 -534
9169 9169 125
9169 9176 -556
9170 9170 153
9170 9177 -745
9171 9171 47
9171 9178 -117
9172 9172 -816
9172 9179 193
9173 9173 456
9173 9180 351
9174 9174 405
9174 9181 760
9175 9175 -344
9175 9182 -175
9176 9176 -514
9176 9183 -626
9177 9177 475
9177 9184 564
9178 9178 -753
9178 9185 -742
9179 9179 -751
9179 9186 -552
9180 9180 557
9180 9187 -981
9181 9181 -290
9181 9188 348
9182 9182 -784
9182 9189 -727
9183 9183 427
9183 9190 586
9184 9184 560
9184 9191 324
9185 9185 -351
9185 9192 602
9186 9186 307
9186 9193 132
9187 9187 -896
9187 9194 623
9188 9188 -919
9188 9195 -551
9189 9189 -996
9189 9196 717
9190 9190 -14
9190 9197 92
9191 9191 -713
9191 9198 -550
9192 9192 -496
9192 9199 -476
9193 9193 725
9193 9200 -989
9194 9194 374
9194 9201 495
9195 9195 -346
9195 9202 -356
9196 9196 376
9196 9203 687
9197 9197 805
9197 9204 -840
9198 9198 170
9198 9205 -167
9199 9199 921
9199 9206 22
9200 9200 976
9200 9207 -930
9201 9201 598
9201 9208 813
9202 9202 -752
9202 9209 -301
9203 9203 -9
9203 9210 641
9204 9204 -986
9204 9211 -96
9205 9205 382
9205 9212 -823
9206 9206 392
9206 9213 574
9207 9207 -813
9207 9214 -308
9208 9208 -584
9208 9215 250
9209 9209 -299
9209 9216 642
9210 9210 423
9210 9217 63
9211 9211 -760
9211 9218 973
9212 9212 -350
9212 9219 163
9213 9213 226
9213 9220 242
9214 9214 -826
9214 9221 573
9215 9215 486
9215 9222 311
9216 9216 407
9216 9223 -450
9217 9217 201
9217 9224 -298
9218 9218 -453
9218 9225 983
9219 9219 851
9219 9226 -739
9220 9220 656
9220 9227 211
9221 9221 -674
9221 9228 -10
9222 9222 -793
9222 9229 396
9223 9223 -632
9223 9230 -43
9224 9224 -897
9224 9231 -481
9225 9225 130
9225 9232 -899
9226 9226 -109
9226 9233 -127
9227 9227 -39
9227 9234 395
9228 9228 949
9228 9235 756
9229 9229 773
9229 9236 84
9230 9230 74
9230 9237 262
9231 9231 580
9231 9238 162
9232 9232 427
9232 9239 467
9233 9233 42
9233 9240 -857
9234 9234 983
9234 9241 29
9235 9235 138
9235 9242 -564
9236 9236 -296
9236 9243 -271
9237 9237 329
9237 9244 -429
9238 9238 245
9238 9245 -959
9239 9239 -624
9239 9246 -206
9240 9240 287
9240 9247 107
9241 9241 -837
9241 9248 885
9242 9242 877
9242 9249 -548
9243 9243 108
9243 9250 358
9244 9244 -130
9244 9251 83
9245 9245 -239
9245 9252 -656
9246 9246 -480
9246 9253 613
9247 9247 892
9247 9254 -107
9248 9248 -43
9248 9255 856
9249 9249 -281
9249 9256 -495
9250 9250 -397
9250 9257 -710
9251 9251 497
9251 9258 -817
9252 9252 438
9252 9259 704
9253 9253 -405
9253 9260 -249
9254 9254 -346
9254 9261 288
9255 9255 853
9255 9262 505
9256 9256 -5
9256 9263 89
9257 9257 27
9257 9264 828
9258 9258 176
9258 9265 -301
9259 9259 -786
9259 9266 795
9260 9260 737
9260 9267 -3
9261 9261 -269
9261 9268 -682
9262 9262 -97
9262 9269 541
9263 9263 581
9263 9270 -987
9264 9264 720
9264 9271 -251
9265 9265 649
9265 9272 -884
9266 9266 748
9266 9273 323
9267 9267 71
9267 9274 -318
9268 9268 -955
9268 9275 -208
9269 9269 692
9269 9276 -478
9270 9270 -956
9270 9277 15
9271 9271 -329
9271 9278 31
9272 9272 -149
9272 9279 -591
9273 9273 -9
9273 9280 -393
9274 9274 21
9274 9281 726
9275 9275 -617
9275 9282 -131
9276 9276 838
9276 9283 -661
9277 9277 -49
9277 9284 276
9278 9278 273
9278 9285 -27
9279 9279 836
9279 9286 570
9280 9280 76
9280 9287 855
9281 9281 -648
9281 9288 4
9282 9282 -924
9282 9289 162
9283 9283 997
9283 9290 976
9284 9284 147
9284 9291 -321
9285 9285 -87
9285 9292 396
9286 9286 -692
9286 9293 -641
9287 9287 520
9287 9294 666
9288 9288 692
9288 9295 -333
9289 9289 -887
9289 9296 348
9290 9290 -230
9290 9297 -806
9291 9291 -488
9291 9298 -923
9292 9292 336
9292 9299 -432
9293 9293 102
9293 9300 -180
9294 9294 -208
9294 9301 733
9295 9295 -783
9295 9302 166
9296 9296 -948
9296 9303 17
9297 9297 971
9297 9304 -405
9298 9298 -323
9298 9305 323
9299 9299 -155
9299 9306 687
9300 9300 -695
9300 9307 -847
9301 9301 984
9301 9308 -231
9302 9302 -131
9302 9309 119
9303 9303 970
9303 9310 159
9304 9304 -677
9304 9311 750
9305 9305 298
9305 9312 -102
9306 9306 -186
9306 9313 -391
9307 9307 38
9307 9314 264
9308 9308 -4
9308 9315 236
9309 9309 156
9309 9316 -420
9310 9310 -478
9310 9317 134
9311 9311 365
9311 9318 -167
9312 9312 -71
9312 9319 -682
9313 9313 963
9313 9320 -367
9314 9314 466
9314 9321 878
9315 9315 563
9315 9322 901
9316 9316 -871
9316 9323 440
9317 9317 -886
9317 9324 5
9318 9318 -85
9318 9325 -97
9319 9319 944
9319 9326 211
9320 9320 53
9320 9327 -187
9321 9321 22
9321 9328 958
9322 9322 168
9322 9329 147
9323 9323 -644
9323 9330 687
9324 9324 -718
9324 9331 575
9325 9325 631
9325 9332 268
9326 9326 -540
9326 9333 -469
9327 9327 126
9327 9334 -576
9328 9328 -378
9328 9335 -344
9329 9329 479
9329 9336 -500
9330 9330 -823
9330 9337 -27
9331 9331 -527
9331 9338 760
9332 9332 -710
9332 9339 247
9333 9333 -150
9333 9340 -815
9334 9334 -321
9334 9341 -117
9335 9335 -540
9335 9342 -410
9336 9336 -884
9336 9343 486
9337 9337 540
9337 9344 -680
9338 9338 -809
9338 9345 -610
9339 9339 204
9339 9346 946
9340 9340 845
9340 9347 84
9341 9341 -841
9341 9348 -166
9342 9342 597
9342 9349 -146
9343 9343 -446
9343 9350 644
9344 9344 -815
9344 9351 482
9345 9345 -371
9345 9352 -127
9346 9346 203
9346 9353 477
9347 9347 428
9347 9354 372
9348 9348 645
9348 9355 227
9349 9349 454
9349 9356 112
9350 9350 636
9350 9357 765
9351 9351 -349
9351 9358 -782
9352 9352 -30
9352 9359 534
9353 9353 -403
9353 9360 -184
9354 9354 539
9354 9361 -798
9355 9355 458
9355 9362 259
9356 9356 578
9356 9363 609
9357 9357 -892
9357 9364 250
9358 9358 -408
9358 9365 690
9359 9359 -293
9359 9366 585
9360 9360 -880
9360 9367 582
9361 9361 771
9361 9368 339
9362 9362 -23
9362 9369 -74
9363 9363 -966
9363 9370 -523
9364 9364 775
9364 9371 364
9365 9365 443
9365 9372 -792
9366 9366 818
9366 9373 -747
9367 9367 745
9367 9374 614
9368 9368 -766
9368 9375 648
9369 9369 -810
9369 9376 13
9370 9370 915
9370 9377 -555
9371 9371 191
9371 9378 -813
9372 9372 747
9372 9379 -92
9373 9373 -217
9373 9380 -50
9374 9374 -145
9374 9381 900
9375 9375 858
9375 9382 495
9376 9376 -446
9376 9383 -966
9377 9377 -35
9377 9384 610
9378 9378 -436
9378 9385 -667
9379 9379 -116
9379 9386 680
9380 9380 669
9380 9387 -548
9381 9381 -412
9381 9388 503
9382 9382 -876
9382 9389 -525
9383 9383 -877
9383 9390 435
9384 9384 313
9384 9391 328
9385 9385 -824
9385 9392 -295
9386 9386 514
9386 9393 777
9387 9387 -338
9387 9394 -70
9388 9388 250
9388 9395 649
9389 9389 -241
9389 9396 488
9390 9390 -11
9390 9397 -277
9391 9391 504
9391 9398 261
9392 9392 -469
9392 9399 848
9393 9393 -990
9393 9400 -929
9394 9394 -816
9394 9401 -368
9395 9395 333
9395 9402 -627
9396 9396 686
9396 9403 -75
9397 9397 705
9397 9404 575
9398 9398 487
9398 9405 -990
9399 9399 737
9399 9406 -524
9400 9400 212
9400 9407 -913
9401 9401 295
9401 9408 -3
9402 9402 -246
9402 9409 -74
9403 9403 931
9403 9410 71
9404 9404 -597
9404 9411 -963
9405 9405 913
9405 9412 459
9406 9406 450
9406 9413 592
9407 9407 344
9407 9414 130
9408 9408 -289
9408 9415 -995
9409 9409 372
9409 9416 -507
9410 9410 -476
9410 9417 668
9411 9411 418
9411 9418 -582
9412 9412 803
9412 9419 -38
9413 9413 955
9413 9420 694
9414 9414 -700
9414 9421 440
9415 9415 70
9415 9422 -879
9416 9416 -568
9416 9423 247
9417 9417 -470
9417 9424 779
9418 9418 814
9418 9425 -31
9419 9419 88
9419 9426 -637
9420 9420 -632
9420 9427 -961
9421 9421 154
9421 9428 -532
9422 9422 719
9422 9429 -242
9423 9423 466
9423 9430 752
9424 9424 -848
9424 9431 720
9425 9425 143
9425 9432 -350
9426 9426 402
9426 9433 870
9427 9427 -274
9427 9434 547
9428 9428 522
9428 9435 -389
9429 9429 -197
9429 9436 982
9430 9430 -398
9430 9437 -211
9431 9431 -244
9431 9438 937
9432 9432 -761
9432 9439 159
9433 9433 20
9433 9440 468
9434 9434 61
9434 9441 -156
9435 9435 762
9435 9442 -351
9436 9436 -310
9436 9443 256
9437 9437 347
9437 9444 -396
9438 9438 -304
9438 9445 254
9439 9439 -847
9439 9446 116
9440 9440 588
9440 9447 161
9441 9441 668
9441 9448 167
9442 9442 -204
9442 9449 -313
9443 9443 837
9443 9450 -712
9444 9444 -993
9444 9451 -533
9445 9445 31
9445 9452 -267
9446 9446 -679
9446 9453 -151
9447 9447 -854
9447 9454 -830
9448 9448 979
9448 9455 -470
9449 9449 -666
9449 9456 -653
9450 9450 876
9450 9457 -174
9451 9451 -782
9451 9458 252
9452 9452 -642
9452 9459 -999
9453 9453 -470
9453 9460 -252
9454 9454 32
9454 9461 350
9455 9455 575
9455 9462 969
9456 9456 851
9456 9463 593
9457 9457 142
9457 9464 -338
9458 9458 606
9458 9465 -639
9459 9459 -520
9459 9466 -447
9460 9460 610
9460 9467 -248
9461 9461 609
9461 9468 61
9462 9462 -701
9462 9469 531
9463 9463 -470
9463 9470 -908
9464 9464 -177
9464 9471 -158
9465 9465 676
9465 9472 977
9466 9466 -437
9466 9473 180
9467 9467 -990
9467 9474 880
9468 9468 255
9468 9475 462
9469 9469 -565
9469 9476 -177
9470 9470 374
9470 9477 -147
9471 9471 840
9471 9478 -84
9472 9472 -368
9472 9479 59
9473 9473 -549
9473 9480 -840
9474 9474 -784
9474 9481 484
9475 9475 257
9475 9482 817
9476 9476 189
9476 9483 -706
9477 9477 611
9477 9484 918
9478 9478 625
9478 9485 882
9479 9479 912
9479 9486 901
9480 9480 966
9480 9487 887
9481 9481 -912
9481 9488 -108
9482 9482 338
9482 9489 -917
9483 9483 875
9483 9490 570
9484 9484 848
9484 9491 -132
9485 9485 79
9485 9492 316
9486 9486 -738
9486 9493 -713
9487 9487 -123
9487 9494 -815
9488 9488 -691
9488 9495 -342
9489 9489 91
9489 9496 -989
9490 9490 -915
9490 9497 -351
9491 9491 650
9491 9498 153
9492 9492 288
9492 9499 -793
9493 9493 -883
9493 9500 -686
9494 9494 -426
9494 9501 -904
9495 9495 378
9495 9502 348
9496 9496 726
9496 9503 209
9497 9497 528
9497 9504 -818
9498 9498 131
9498 9505 309
9499 9499 -964
9499 9506 -695
9500 9500 834
9500 9507 47
9501 9501 -171
9501 9508 72
9502 9502 121
9502 9509 494
9503 9503 474
9503 9510 401
9504 9504 601
9504 9511 -195
9505 9505 -429
9505 9512 142
9506 9506 -211
9506 9513 -237
9507 9507 76
9507 9514 696
9508 9508 -965
9508 9515 155
9509 9509 549
9509 9516 -501
9510 9510 66
9510 9517 -385
9511 9511 702
9511 9518 -802
9512 9512 303
9512 9519 -823
9513 9513 -877
9513 9520 -492
9514 9514 183
9514 9521 711
9515 9515 -69
9515 9522 -136
9516 9516 -672
9516 9523 149
9517 9517 -609
9517 9524 -246
9518 9518 -929
9518 9525 -283
9519 9519 -887
9519 9526 -151
9520 9520 -717
9520 9527 -789
9521 9521 553
9521 9528 -705
9522 9522 761
9522 9529 -393
9523 9523 597
9523 9530 -945
9524 9524 -595
9524 9531 -291
9525 9525 610
9525 9532 949
9526 9526 141
9526 9533 -468
9527 9527 -886
9527 9534 66
9528 9528 177
9528 9535 -987
9529 9529 59
9529 9536 -179
9530 9530 497
9530 9537 -907
9531 9531 -314
9531 9538 -165
9532 9532 521
9532 9539 -811
9533 9533 431
9533 9540 -564
9534 9534 -482
9534 9541 564
9535 9535 738
9535 9542 -42
9536 9536 54
9536 9543 -762
9537 9537 435
9537 9544 547
9538 9538 928
9538 9545 -829
9539 9539 580
9539 9546 697
9540 9540 -135
9540 9547 -209
9541 9541 742
9541 9548 -937
9542 9542 462
9542 9549 -870
9543 9543 286
9543 9550 46
9544 9544 831
9544 9551 297
9545 9545 -914
9545 9552 717
9546 9546 -784
9546 9553 227
9547 9547 809
9547 9554 40
9548 9548 682
9548 9555 -121
9549 9549 -250
9549 9556 128
9550 9550 -461
9550 9557 637
9551 9551 -880
9551 9558 951
9552 9552 715
9552 9559 -411
9553 9553 -627
9553 9560 -630
9554 9554 -294
9554 9561 -519
9555 9555 -210
9555 9562 296
9556 9556 610
9556 9563 462
9557 9557 331
9557 9564 -898
9558 9558 -89
9558 9565 -606
9559 9559 -645
9559 9566 -263
9560 9560 412
9560 9567 294
9561 9561 786
9561 9568 -386
9562 9562 -529
9562 9569 877
9563 9563 250
9563 9570 59
9564 9564 297
9564 9571 -722
9565 9565 -723
9565 9572 -149
9566 9566 -612
9566 9573 -285
9567 9567 -212
9567 9574 565
9568 9568 -727
9568 9575 566
9569 9569 410
9569 9576 -837
9570 9570 -899
9570 9577 433
9571 9571 92
9571 9578 129
9572 9572 374
9572 9579 -304
9573 9573 703
9573 9580 670
9574 9574 -958
9574 9581 -310
9575 9575 81
9575 9582 -244
9576 9576 765
9576 9583 701
9577 9577 209
9577 9584 343
9578 9578 -33
9578 9585 802
9579 9579 -733
9579 9586 -98
9580 9580 -585
9580 9587 -274
9581 9581 218
9581 9588 -430
9582 9582 867
9582 9589 713
9583 9583 602
9583 9590 -157
9584 9584 315
9584 9591 57
9585 9585 459
9585 9592 639
9586 9586 624
9586 9593 228
9587 9587 36
9587 9594 -525
9588 9588 425
9588 9595 721
9589 9589 21
9589 9596 690
9590 9590 672
9590 9597 -630
9591 9591 -769
9591 9598 663
9592 9592 803
9592 9599 430
9593 9593 -613
9593 9600 -847
9594 9594 -292
9594 9601 623
9595 9595 249
9595 9602 231
9596 9596 524
9596 9603 523
9597 9597 -265
9597 9604 -443
9598 9598 -494
9598 9605 462
9599 9599 -374
9599 9606 575
9600 9600 566
9600 9607 140
9601 9601 -99
9601 9608 844
9602 9602 -245
9602 9609 387
9603 9603 -159
9603 9610 68
9604 9604 775
9604 9611 665
9605 9605 -500
9605 9612 287
9606 9606 707
9606 9613 962
9607 9607 -847
9607 9614 -373
9608 9608 -756
9608 9615 695
9609 9609 972
9609 9616 -836
9610 9610 -776
9610 9617 -124
9611 9611 -29
9611 9618 -427
9612 9612 139
9612 9619 -847
9613 9613 -452
9613 9620 354
9614 9614 -668
9614 9621 357
9615 9615 -887
9615 9622 425
9616 9616 -105
9616 9623 937
9617 9617 945
9617 9624 -828
9618 9618 65
9618 9625 880
9619 9619 -872
9619 9626 -689
9620 9620 842
9620 9627 -517
9621 9621 927
9621 9628 -133
9622 9622 -470
9622 9629 839
9623 9623 762
9623 9630 460
9624 9624 768
9624 9631 63
9625 9625 784
9625 9632 -779
9626 9626 -154
9626 9633 -855
9627 9627 989
9627 9634 978
9628 9628 -718
9628 9635 730
9629 9629 -256
9629 9636 311
9630 9630 949
9630 9637 254
9631 9631 172
9631 9638 604
9632 9632 -328
9632 9639 828
9633 9633 -220
9633 9640 -358
9634 9634 977
9634 9641 -966
9635 9635 68
9635 9642 -584
9636 9636 -255
9636 9643 203
9637 9637 -528
9637 9644 -794
9638 9638 -404
9638 9645 255
9639 9639 47
9639 9646 476
9640 9640 -101
9640 9647 575
9641 9641 271
9641 9648 699
9642 9642 549
9642 9649 731
9643 9643 -313
9643 9650 411
9644 9644 900
9644 9651 111
9645 9645 675
9645 9652 59
9646 9646 236
9646 9653 108
9647 9647 621
9647 9654 -598
9648 9648 -838
9648 9655 685
9649 9649 -290
9649 9656 -414
9650 9650 875
9650 9657 -50
9651 9651 -775
9651 9658 436
9652 9652 -335
9652 9659 604
9653 9653 -552
9653 9660 -553
9654 9654 450
9654 9661 -214
9655 9655 -250
9655 9662 -621
9656 9656 -960
9656 9663 -119
9657 9657 -82
9657 9664 -499
9658 9658 316
9658 9665 606
9659 9659 -675
9659 9666 161
9660 9660 -263
9660 9667 -284
9661 9661 145
9661 9668 471
9662 9662 138
9662 9669 97
9663 9663 754
9663 9670 271
9664 9664 361
9664 9671 -664
9665 9665 148
9665 9672 -281
9666 9666 622
9666 9673 -781
9667 9667 -909
9667 9674 -592
9668 9668 600
9668 9675 856
9669 9669 3
9669 9676 -328
9670 9670 -295
9670 9677 256
9671 9671 -575
9671 9678 954
9672 9672 -343
9672 9679 478
9673 9673 -880
9673 9680 -309
9674 9674 627
9674 9681 753
9675 9675 -202
9675 9682 -668
9676 9676 -284
9676 9683 -948
9677 9677 376
9677 9684 623
9678 9678 -843
9678 9685 -234
9679 9679 163
9679 9686 -698
9680 9680 462
9680 9687 232
9681 9681 359
9681 9688 213
9682 9682 678
9682 9689 795
9683 9683 -714
9683 9690 -448
9684 9684 -923
9684 9691 -496
9685 9685 -493
9685 9692 -27
9686 9686 -46
9686 9693 711
9687 9687 -406
9687 9694 981
9688 9688 601
9688 9695 -431
9689 9689 291
9689 9696 729
9690 9690 464
9690 9697 -2
9691 9691 -570
9691 9698 -182
9692 9692 -301
9692 9699 563
9693 9693 -152
9693 9700 -484
9694 9694 -829
9694 9701 167
9695 9695 -891
9695 9702 -519
9696 9696 -465
9696 9703 994
9697 9697 878
9697 9704 -55
9698 9698 -866
9698 9705 -596
9699 9699 -427
9699 9706 -886
9700 9700 283
9700 9707 -233
9701 9701 -677
9701 9708 211
9702 9702 -786
9702 9709 -179
9703 9703 713
9703 9710 -530
9704 9704 99
9704 9711 999
9705 9705 151
9705 9712 263
9706 9706 -832
9706 9713 485
9707 9707 289
9707 9714 -983
9708 9708 -842
9708 9715 942
9709 9709 -415
9709 9716 871
9710 9710 203
9710 9717 -521
9711 9711 412
9711 9718 -999
9712 9712 600
9712 9719 368
9713 9713 -792
9713 9720 662
9714 9714 -924
9714 9721 -432
9715 9715 900
9715 9722 142
9716 9716 -561
9716 9723 -78
9717 9717 -847
9717 9724 -278
9718 9718 831
9718 9725 43
9719 9719 -2
9719 9726 906
9720 9720 384
9720 9727 759
9721 9721 -712
9721 9728 -321
9722 9722 -32
9722 9729 843
9723 9723 37
9723 9730 785
9724 9724 226
9724 9731 -627
9725 9725 -98
9725 9732 788
9726 9726 -596
9726 9733 -929
9727 9727 -660
9727 9734 243
9728 9728 -313
9728 9735 -133
9729 9729 358
9729 9736 552
9730 9730 -514
9730 9737 419
9731 9731 -604
9731 9738 -720
9732 9732 -653
9732 9739 142
9733 9733 645
9733 9740 -143
9734 9734 -697
9734 9741 -392
9735 9735 537
9735 9742 -793
9736 9736 977
9736 9743 -935
9737 9737 137
9737 9744 162
9738 9738 194
9738 9745 32
9739 9739 793
9739 9746 327
9740 9740 140
9740 9747 -984
9741 9741 -689
9741 9748 770
9742 9742 516
9742 9749 -551
9743 9743 -789
9743 9750 -129
9744 9744 401
9744 9751 330
9745 9745 502
9745 9752 334
9746 9746 -491
9746 9753 80
9747 9747 475
9747 9754 74
9748 9748 -31
9748 9755 870
9749 9749 602
9749 9756 765
9750 9750 -662
9750 9757 -398
9751 9751 -189
9751 9758 401
9752 9752 -309
9752 9759 197
9753 9753 -580
9753 9760 731
9754 9754 -860
9754 9761 -277
9755 9755 -345
9755 9762 -1
9756 9756 -436
9756 9763 -636
9757 9757 -49
9757 9764 -555
9758 9758 -58
9758 9765 493
9759 9759 -272
9759 9766 -54
9760 9760 -551
9760 9767 -534
9761 9761 -226
9761 9768 179
9762 9762 415
9762 9769 309
9763 9763 -572
9763 9770 -179
9764 9764 -209
9764 9771 -104
9765 9765 794
9765 9772 -81
9766 9766 -163
9766 9773 -701
9767 9767 -266
9767 9774 217
9768 9768 -207
9768 9775 -633
9769 9769 468
9769 9776 169
9770 9770 168
9770 9777 -452
9771 9771 -972
9771 9778 531
9772 9772 425
9772 9779 -173
9773 9773 -849
9773 9780 13
9774 9774 -141
9774 9781 -28
9775 9775 220
9775 9782 -308
9776 9776 814
9776 9783 -843
9777 9777 -398
9777 9784 -230
9778 9778 888
9778 9785 -314
9779 9779 912
9779 9786 10
9780 9780 539
9780 9787 -115
9781 9781 -471
9781 9788 769
9782 9782 -455
9782 9789 -855
9783 9783 -338
9783 9790 -995
9784 9784 74
9784 9791 271
9785 9785 2
9785 9792 -863
9786 9786 480
9786 9793 355
9787 9787 183
9787 9794 -102
9788 9788 -724
9788 9795 205
9789 9789 -871
9789 9796 -334
9790 9790 682
9790 9797 668
9791 9791 172
9791 9798 497
9792 9792 328
9792 9799 -141
9793 9793 -917
9793 9800 -322
9794 9794 302
9794 9801 560
9795 9795 217
9795 9802 896
9796 9796 -800
9796 9803 -658
9797 9797 527
9797 9804 68
9798 9798 533
9798 9805 -690
9799 9799 -248
9799 9806 -545
9800 9800 -972
9800 9807 -506
9801 9801 -706
9801 9808 964
9802 9802 822
9802 9809 416
9803 9803 -533
9803 9810 621
9804 9804 447
9804 9811 156
9805 9805 -850
9805 9812 89
9806 9806 599
9806 9813 466
9807 9807 369
9807 9814 -814
9808 9808 108
9808 9815 -713
9809 9809 740
9809 9816 -140
9810 9810 -875
9810 9817 410
9811 9811 444
9811 9818 -958
9812 9812 423
9812 9819 -879
9813 9813 -313
9813 9820 545
9814 9814 -107
9814 9821 -48
9815 9815 -696
9815 9822 690
9816 9816 997
9816 9823 -881
9817 9817 -515
9817 9824 367
9818 9818 -382
9818 9825 -939
9819 9819 153
9819 9826 -677
9820 9820 330
9820 9827 -448
9821 9821 -504
9821 9828 795
9822 9822 -603
9822 9829 94
9823 9823 -684
9823 9830 -463
9824 9824 331
9824 9831 -680
9825 9825 -20
9825 9832 -349
9826 9826 -710
9826 9833 931
9827 9827 -110
9827 9834 -554
9828 9828 -250
9828 9835 -113
9829 9829 -616
9829 9836 184
9830 9830 -779
9830 9837 925
9831 9831 -122
9831 9838 243
9832 9832 -937
9832 9839 834
9833 9833 -78
9833 9840 -184
9834 9834 -709
9834 9841 687
9835 9835 758
9835 9842 600
9836 9836 -525
9836 9843 165
9837 9837 981
9837 9844 -840
9838 9838 834
9838 9845 -203
9839 9839 927
9839 9846 -240
9840 9840 -275
9840 9847 8
9841 9841 78
9841 9848 151
9842 9842 -541
9842 9849 -742
9843 9843 376
9843 9850 -922
9844 9844 -21
9844 9851 -664
9845 9845 -666
9845 9852 980
9846 9846 183
9846 9853 632
9847 9847 898
9847 9854 -759
9848 9848 454
9848 9855 706
9849 9849 -552
9849 9856 945
9850 9850 -887
9850 9857 -142
9851 9851 -46
9851 9858 -758
9852 9852 948
9852 9859 -813
9853 9853 317
9853 9860 -865
9854 9854 -274
9854 9861 618
9855 9855 -87
9855 9862 780
9856 9856 -142
9856 9863 -233
9857 9857 -247
9857 9864 279
9858 9858 -3
9858 9865 -582
9859 9859 -868
9859 9866 751
9860 9860 -321
9860 9867 439
9861 9861 -119
9861 9868 -123
9862 9862 -154
9862 9869 -978
9863 9863 263
9863 9870 -618
9864 9864 165
9864 9871 796
9865 9865 -840
9865 9872 556
9866 9866 -851
9866 9873 -331
9867 9867 -159
9867 9874 186
9868 9868 -912
9868 9875 -15
9869 9869 -513
9869 9876 751
9870 9870 322
9870 9877 -281
9871 9871 -96
9871 9878 -173
9872 9872 -743
9872 9879 159
9873 9873 -444
9873 9880 -426
9874 9874 -282
9874 9881 -407
9875 9875 -975
9875 9882 613
9876 9876 -253
9876 9883 -105
9877 9877 185
9877 9884 -431
9878 9878 202
9878 9885 980
9879 9879 701
9879 9886 605
9880 9880 362
9880 9887 547
9881 9881 -428
9881 9888 156
9882 9882 920
9882 9889 -294
9883 9883 -814
9883 9890 -830
9884 9884 -828
9884 9891 -206
9885 9885 2
9885 9892 -487
9886 9886 686
9886 9893 -804
9887 9887 537
9887 9894 -527
9888 9888 -995
9888 9895 -295
9889 9889 396
9889 9896 -927
9890 9890 -931
9890 9897 -477
9891 9891 -74
9891 9898 -676
9892 9892 58
9892 9899 655
9893 9893 -693
9893 9900 384
9894 9894 856
9894 9901 -900
9895 9895 -285
9895 9902 -927
9896 9896 -153
9896 9903 -89
9897 9897 554
9897 9904 -295
9898 9898 428
9898 9905 -423
9899 9899 732
9899 9906 -514
9900 9900 -707
9900 9907 100
9901 9901 627
9901 9908 621
9902 9902 137
9902 9909 -546
9903 9903 -288
9903 9910 558
9904 9904 -685
9904 9911 537
9905 9905 -682
9905 9912 -163
9906 9906 -281
9906 9913 3
9907 9907 -476
9907 9914 451
9908 9908 385
9908 9915 -996
9909 9909 394
9909 9916 405
9910 9910 -794
9910 9917 -866
9911 9911 -463
9911 9918 585
9912 9912 621
9912 9919 439
9913 9913 144
9913 9920 -702
9914 9914 -612
9914 9921 641
9915 9915 -833
9915 9922 -161
9916 9916 -231
9916 9923 119
9917 9917 199
9917 9924 666
9918 9918 -890
9918 9925 -640
9919 9919 -144
9919 9926 368
9920 9920 280
9920 9927 174
9921 9921 63
9921 9928 353
9922 9922 947
9922 9929 165
9923 9923 578
9923 9930 900
9924 9924 -364
9924 9931 -991
9925 9925 428
9925 9932 969
9926 9926 -410
9926 9933 -269
9927 9927 315
9927 9934 883
9928 9928 974
9928 9935 706
9929 9929 -346
9929 9936 -795
9930 9930 -851
9930 9937 871
9931 9931 -480
9931 9938 496
9932 9932 861
9932 9939 607
9933 9933 -589
9933 9940 -776
9934 9934 323
9934 9941 -297
9935 9935 813
9935 9942 89
9936 9936 534
9936 9943 -734
9937 9937 -291
9937 9944 717
9938 9938 -312
9938 9945 877
9939 9939 -120
9939 9946 981
9940 9940 468
9940 9947 -29
9941 9941 -468
9941 9948 692
9942 9942 993
9942 9949 -584
9943 9943 -552
9943 9950 253
9944 9944 -354
9944 9951 -279
9945 9945 -930
9945 9952 -523
9946 9946 812
9946 9953 927
9947 9947 689
9947 9954 -991
9948 9948 606
9948 9955 322
9949 9949 236
9949 9956 59
9950 9950 -845
9950 9957 354
9951 9951 -116
9951 9958 -574
9952 9952 -676
9952 9959 98
9953 9953 34
9953 9960 -420
9954 9954 176
9954 9961 789
9955 9955 -708
9955 9962 383
9956 9956 513
9956 9963 859
9957 9957 73
9957 9964 329
9958 9958 -645
9958 9965 956
9959 9959 -283
9959 9966 740
9960 9960 -167
9960 9967 -618
9961 9961 -707
9961 9968 187
9962 9962 -377
9962 9969 841
9963 9963 -288
9963 9970 633
9964 9964 -123
9964 9971 239
9965 9965 9
9965 9972 -11
9966 9966 -562
9966 9973 -520
9967 9967 328
9967 9974 -933
9968 9968 -398
9968 9975 -554
9969 9969 309
9969 9976 -635
9970 9970 -158
9970 9977 -503
9971 9971 30
9971 9978 54
9972 9972 -585
9972 9979 540
9973 9973 844
9973 9980 -760
9974 9974 631
9974 9981 -651
9975 9975 -302
9975 9982 650
9976 9976 -765
9976 9983 541
9977 9977 625
9977 9984 515
9978 9978 905
9978 9985 -801
9979 9979 920
9979 9986 268
9980 9980 -353
9980 9987 -126
9981 9981 876
9981 9988 397
9982 9982 -179
9982 9989 605
9983 9983 -28
9983 9990 -221
9984 9984 -382
9984 9991 -15
9985 9985 -442
9985 9992 897
9986 9986 -632
9986 9993 -29
9987 9987 477
9987 9994 171
9988 9988 -876
9988 9995 850
9989 9989 -691
9989 9996 -762
9990 9990 514
9990 9997 116
9991 9991 240
9991 9998 -706
9992 9992 789
9992 9999 -715
9993 9993 416
9993 10000 -407
9994 9994 -17
9994 10001 692
9995 9995 157
9995 10002 769
9996 9996 357
9996 10003 677
9997 9997 609
9997 10004 -588
9998 9998 783
9998 10005 -447
9999 9999 -754
9999 10006 -806
10000 10000 13
10000 10007 786
10001 10001 -784
10001 10008 -315
10002 10002 -744
10002 10009 335
10003 10003 387
10003 10010 -683
10004 10004 -507
10004 10011 826
10005 10005 -246
10005 10012 -659
10006 10006 -113
10006 10013 -631
10007 10007 729
10007 10014 -961
10008 10008 -537
10008 10015 375
10009 10009 128
10009 10016 -514
10010 10010 339
10010 10017 705
10011 10011 696
10011 10018 -263
10012 10012 -896
10012 10019 836
10013 10013 736
10013 10020 622
10014 10014 212
10014 10021 106
10015 10015 753
10015 10022 -894
10016 10016 274
10016 10023 -446
10017 10017 717
10017 10024 317
10018 10018 264
10018 10025 -571
10019 10019 199
10019 10026 148
10020 10020 778
10020 10027 -613
10021 10021 -958
10021 10028 -554
10022 10022 -829
10022 10029 -793
10023 10023 519
10023 10030 -228
10024 10024 294
10024 10031 370
10025 10025 51
10025 10032 -209
10026 10026 -160
10026 10033 -398
10027 10027 714
10027 10034 -600
10028 10028 777
10028 10035 -836
10029 10029 -430
10029 10036 228
10030 10030 164
10030 10037 973
10031 10031 -805
10031 10038 560
10032 10032 -795
10032 10039 319
10033 10033 -22
10033 10040 -678
10034 10034 -933
10034 10041 594
10035 10035 -152
10035 10042 -712
10036 10036 581
10036 10043 761
10037 10037 99
10037 10044 610
10038 10038 -48
10038 10045 202
10039 10039 990
10039 10046 205
10040 10040 -870
10040 10047 598
10041 10041 -140
10041 10048 877
10042 10042 -343
10042 10049 24
10043 10043 112
10043 10050 584
10044 10044 889
10044 10051 -348
10045 10045 637
10045 10052 -716
10046 10046 -715
10046 10053 -862
10047 10047 -740
10047 10054 903
10048 10048 308
10048 10055 -777
10049 10049 754
10049 10056 -796
10050 10050 548
10050 10057 -598
10051 10051 939
10051 10058 -658
10052 10052 -572
10052 10059 923
10053 10053 -283
10053 10060 -93
10054 10054 -607
10054 10061 -116
10055 10055 711
10055 10062 -870
10056 10056 9
10056 10063 396
10057 10057 -546
10057 10064 33
10058 10058 -874
10058 10065 -130
10059 10059 -783
10059 10066 365
10060 10060 -661
10060 10067 963
10061 10061 -211
10061 10068 663
10062 10062 514
10062 10069 -221
10063 10063 -477
10063 10070 -148
10064 10064 466
10064 10071 503
10065 10065 581
10065 10072 816
10066 10066 655
10066 10073 165
10067 10067 -913
10067 10074 951
10068 10068 -711
10068 10075 410
10069 10069 434
10069 10076 -712
10070 10070 -348
10070 10077 -164
10071 10071 -200
10071 10078 -63
10072 10072 -997
10072 10079 -241
10073 10073 -163
10073 10080 -922
10074 10074 944
10074 10081 453
10075 10075 177
10075 10082 618
10076 10076 -566
10076 10083 -330
10077 10077 238
10077 10084 -80
10078 10078 -549
10078 10085 -6
10079 10079 -799
10079 10086 1
10080 10080 862
10080 10087 -674
10081 10081 -172
10081 10088 738
10082 10082 583
10082 10089 721
10083 10083 713
10083 10090 -952
10084 10084 662
10084 10091 203
10085 10085 673
10085 10092 -167
10086 10086 122
10086 10093 140
10087 10087 338
10087 10094 187
10088 10088 848
10088 10095 885
10089 10089 154
10089 10096 -430
10090 10090 1
10090 10097 80
10091 10091 -941
10091 10098 734
10092 10092 -464
10092 10099 975
10093 10093 890
10093 10100 474
10094 10094 -874
10094 10101 615
10095 10095 736
10095 10102 818
10096 10096 836
10096 10103 479
10097 10097 -455
10097 10104 853
10098 10098 -353
10098 10105 -688
10099 10099 296
10099 10106 712
10100 10100 423
10100 10107 -58
10101 10101 -195
10101 10108 -358
10102 10102 880
10102 10109 964
10103 10103 -693
10103 10110 784
10104 10104 141
10104 10111 -819
10105 10105 366
10105 10112 -603
10106 10106 -916
10106 10113 336
10107 10107 -661
10107 10114 385
10108 10108 534
10108 10115 95
10109 10109 -348
10109 10116 -488
10110 10110 -560
10110 10117 -720
10111 10111 -959
10111 10118 299
10112 10112 -396
10112 10119 -126
10113 10113 -255
10113 10120 -696
10114 10114 418
10114 10121 325
10115 10115 599
10115 10122 -441
10116 10116 -536
10116 10123 1
10117 10117 -36
10117 10124 -975
10118 10118 -973
10118 10125 832
10119 10119 330
10119 10126 880
10120 10120 524
10120 10127 -588
10121 10121 987
10121 10128 -335
10122 10122 -583
10122 10129 230
10123 10123 358
10123 10130 -746
10124 10124 66
10124 10131 391
10125 10125 481
10125 10132 -835
10126 10126 853
10126 10133 127
10127 10127 583
10127 10134 672
10128 10128 -975
10128 10135 768
10129 10129 516
10129 10136 -328
10130 10130 -718
10130 10137 248
10131 10131 -393
10131 10138 -385
10132 10132 -831
10132 10139 -841
10133 10133 721
10133 10140 -605
10134 10134 -470
10134 10141 -503
10135 10135 376
10135 10142 761
10136 10136 -497
10136 10143 86
10137 10137 -999
10137 10144 -195
10138 10138 222
10138 10145 -185
10139 10139 -267
10139 10146 -510
10140 10140 -498
10140 10147 554
10141 10141 769
10141 10148 -321
10142 10142 -292
10142 10149 739
10143 10143 730
10143 10150 158
10144 10144 398
10144 10151 -255
10145 10145 -250
10145 10152 27
10146 10146 -257
10146 10153 181
10147 10147 557
10147 10154 -658
10148 10148 -893
10148 10155 -249
10149 10149 -898
10149 10156 -816
10150 10150 -955
10150 10157 -68
10151 10151 246
10151 10158 153
10152 10152 -718
10152 10159 -42
10153 10153 -419
10153 10160 -203
10154 10154 676
10154 10161 -396
10155 10155 973
10155 10162 -661
10156 10156 -459
10156 10163 79
10157 10157 -976
10157 10164 -704
10158 10158 -260
10158 10165 -766
10159 10159 -70
10159 10166 -428
10160 10160 381
10160 10167 46
10161 10161 532
10161 10168 -960
10162 10162 195
10162 10169 538
10163 10163 912
10163 10170 117
10164 10164 231
10164 10171 725
10165 10165 -738
10165 10172 -241
10166 10166 718
10166 10173 -606
10167 10167 527
10167 10174 -977
10168 10168 586
10168 10175 -610
10169 10169 -42
10169 10176 480
10170 10170 43
10170 10177 986
10171 10171 602
10171 10178 334
10172 10172 35
10172 10179 170
10173 10173 -269
10173 10180 -856
10174 10174 484
10174 10181 -589
10175 10175 717
10175 10182 212
10176 10176 952
10176 10183 433
10177 10177 -502
10177 10184 -494
10178 10178 -691
10178 10185 862
10179 10179 -137
10179 10186 -361
10180 10180 -101
10180 10187 -944
10181 10181 98
10181 10188 -29
10182 10182 951
10182 10189 -994
10183 10183 588
10183 10190 -864
10184 10184 364
10184 10191 -652
10185 10185 -409
10185 10192 -563
10186 10186 -690
10186 10193 -319
10187 10187 -855
10187 10194 -302
10188 10188 882
10188 10195 -110
10189 10189 520
10189 10196 548
10190 10190 -21
10190 10197 -654
10191 10191 -409
10191 10198 -829
10192 10192 -613
10192 10199 377
10193 10193 975
10193 10200 -981
10194 10194 -266
10194 10201 -787
10195 10195 324
10195 10202 371
10196 10196 -492
10196 10203 941
10197 10197 824
10197 10204 -680
10198 10198 262
10198 10205 -658
10199 10199 252
10199 10206 -203
10200 10200 -410
10200 10207 -737
10201 10201 -399
10201 10208 -157
10202 10202 866
10202 10209 311
10203 10203 830
10203 10210 285
10204 10204 296
10204 10211 111
10205 10205 924
10205 10212 -693
10206 10206 551
10206 10213 -376
10207 10207 71
10207 10214 -139
10208 10208 -366
10208 10215 513
10209 10209 697
10209 10216 -335
10210 10210 -553
10210 10217 -207
10211 10211 833
10211 10218 257
10212 10212 134
10212 10219 727
10213 10213 -789
10213 10220 735
10214 10214 -710
10214 10221 443
10215 10215 -45
10215 10222 241
10216 10216 20
10216 10223 915
10217 10217 -740
10217 10224 -853
10218 10218 69
10218 10225 1
10219 10219 126
10219 10226 -723
10220 10220 -975
10220 10227 -837
10221 10221 826
10221 10228 994
10222 10222 574
10222 10229 542
10223 10223 -919
10223 10230 622
10224 10224 -320
10224 10231 -71
10225 10225 -625
10225 10232 921
10226 10226 660
10226 10233 934
10227 10227 -799
10227 10234 22
10228 10228 -436
10228 10235 79
10229 10229 -503
10229 10236 125
10230 10230 10
10230 10237 -22
10231 10231 -231
10231 10238 201
10232 10232 360
10232 10239 780
10233 10233 -800
10233 10240 936
10234 10234 -87
10234 10241 -345
10235 10235 -638
10235 10242 -960
10236 10236 744
10236 10243 74
10237 10237 17
10237 10244 -256
10238 10238 544
10238 10245 -167
10239 10239 -634
10239 10246 -229
10240 10240 -37
10240 10247 665
10241 10241 440
10241 10248 -481
10242 10242 -789
10242 10249 -641
10243 10243 -846
10243 10250 -373
10244 10244 454
10244 10251 903
10245 10245 776
10245 10252 -902
10246 10246 -440
10246 10253 -939
10247 10247 -985
10247 10254 175
10248 10248 -202
10248 10255 41
10249 10249 -543
10249 10256 946
10250 10250 975
10250 10257 -218
10251 10251 49
10251 10258 -202
10252 10252 882
10252 10259 -661
10253 10253 -567
10253 10260 104
10254 10254 458
10254 10261 -291
10255 10255 -654
10255 10262 -994
10256 10256 -144
10256 10263 -245
10257 10257 710
10257 10264 255
10258 10258 463
10258 10265 156
10259 10259 -79
10259 10266 730
10260 10260 -633
10260 10267 -844
10261 10261 580
10261 10268 22
10262 10262 -282
10262 10269 939
10263 10263 -672
10263 10270 -230
10264 10264 383
10264 10271 396
10265 10265 705
10265 10272 -507
10266 10266 846
10266 10273 724
10267 10267 -511
10267 10274 -404
10268 10268 108
10268 10275 919
10269 10269 -769
10269 10276 326
10270 10270 64
10270 10277 80
10271 10271 299
10271 10278 838
10272 10272 302
10272 10279 -873
10273 10273 216
10273 10280 270
10274 10274 101
10274 10281 -724
10275 10275 799
10275 10282 -527
10276 10276 -65
10276 10283 799
10277 10277 85
10277 10284 772
10278 10278 36
10278 10285 -757
10279 10279 775
10279 10286 -638
10280 10280 -551
10280 10287 328
10281 10281 61
10281 10288 957
10282 10282 533
10282 10289 -986
10283 10283 -631
10283 10290 260
10284 10284 361
10284 10291 841
10285 10285 846
10285 10292 -175
10286 10286 89
10286 10293 617
10287 10287 267
10287 10294 -348
10288 10288 594
10288 10295 292
10289 10289 435
10289 10296 -242
10290 10290 -354
10290 10297 921
10291 10291 417
10291 10298 393
10292 10292 -491
10292 10299 -766
10293 10293 616
10293 10300 825
10294 10294 -114
10294 10301 -934
10295 10295 408
10295 10302 988
10296 10296 967
10296 10303 -819
10297 10297 873
10297 10304 853
10298 10298 -450
10298 10305 -373
10299 10299 274
10299 10306 -397
10300 10300 -2
10300 10307 315
10301 10301 146
10301 10308 880
10302 10302 660
10302 10309 636
10303 10303 165
10303 10310 -637
10304 10304 275
10304 10311 -654
10305 10305 508
10305 10312 577
10306 10306 655
10306 10313 -951
10307 10307 614
10307 10314 606
10308 10308 444
10308 10315 -653
10309 10309 -769
10309 10316 -585
10310 10310 -631
10310 10317 -872
10311 10311 -723
10311 10318 195
10312 10312 702
10312 10319 368
10313 10313 764
10313 10320 568
10314 10314 99
10314 10321 624
10315 10315 -290
10315 10322 888
10316 10316 -475
10316 10323 431
10317 10317 -416
10317 10324 64
10318 10318 -227
10318 10325 197
10319 10319 970
10319 10326 943
10320 10320 -820
10320 10327 -659
10321 10321 -567
10321 10328 -743
10322 10322 224
10322 10329 65
10323 10323 -502
10323 10330 -843
10324 10324 979
10324 10331 -250
10325 10325 735
10325 10332 224
10326 10326 -80
10326 10333 -401
10327 10327 -70
10327 10334 114
10328 10328 -211
10328 10335 586
10329 10329 -319
10329 10336 736
10330 10330 -107
10330 10337 694
10331 10331 308
10331 10338 -211
10332 10332 -910
10332 10339 118
10333 10333 917
10333 10340 -142
10334 10334 -442
10334 10341 857
10335 10335 778
10335 10342 -769
10336 10336 -566
10336 10343 -699
10337 10337 666
10337 10344 -592
10338 10338 -573
10338 10345 -12
10339 10339 -274
10339 10346 -151
10340 10340 801
10340 10347 49
10341 10341 -527
10341 10348 -810
10342 10342 -557
10342 10349 923
10343 10343 357
10343 10350 354
10344 10344 636
10344 10351 -114
10345 10345 870
10345 10352 -963
10346 10346 720
10346 10353 -319
10347 10347 -512
10347 10354 162
10348 10348 671
10348 10355 54
10349 10349 744
10349 10356 -613
10350 10350 -255
10350 10357 969
10351 10351 -489
10351 10358 -811
10352 10352 -553
10352 10359 -839
10353 10353 111
10353 10360 474
10354 10354 -707
10354 10361 -250
10355 10355 113
10355 10362 521
10356 10356 779
10356 10363 -674
10357 10357 207
10357 10364 -878
10358 10358 407
10358 10365 -726
10359 10359 296
10359 10366 405
10360 10360 -728
10360 10367 26
10361 10361 -518
10361 10368 315
10362 10362 -411
10362 10369 495
10363 10363 -114
10363 10370 660
10364 10364 -40
10364 10371 834
10365 10365 224
10365 10372 891
10366 10366 501
10366 10373 -794
10367 10367 366
10367 10374 560
10368 10368 -284
10368 10375 -194
10369 10369 613
10369 10376 -624
10370 10370 -12
10370 10377 240
10371 10371 350
10371 10378 578
10372 10372 152
10372 10379 -313
10373 10373 979
10373 10380 468
10374 10374 -681
10374 10381 -701
10375 10375 876
10375 10382 451
10376 10376 65
10376 10383 96
10377 10377 196
10377 10384 -842
10378 10378 -301
10378 10385 839
10379 10379 679
10379 10386 338
10380 10380 -68
10380 10387 122
10381 10381 398
10381 10388 151
10382 10382 -93
10382 10389 -613
10383 10383 456
10383 10390 -716
10384 10384 -738
10384 10391 128
10385 10385 -249
10385 10392 243
10386 10386 -949
10386 10393 136
10387 10387 -344
10387 10394 -37
10388 10388 -35
10388 10395 -29
10389 10389 -291
10389 10396 -31
10390 10390 554
10390 10397 -161
10391 10391 810
10391 10398 -130
10392 10392 -17
10392 10399 -909
10393 10393 449
10393 10400 -3
10394 10394 314
10394 10401 -861
10395 10395 -768
10395 10402 860
10396 10396 457
10396 10403 -557
10397 10397 923
10397 10404 908
10398 10398 933
10398 10405 -677
10399 10399 251
10399 10406 -724
10400 10400 754
10400 10407 306
10401 10401 -212
10401 10408 -506
10402 10402 898
10402 10409 938
10403 10403 604
10403 10410 463
10404 10404 -951
10404 10411 86
10405 10405 507
10405 10412 -280
10406 10406 -590
10406 10413 -130
10407 10407 -780
10407 10414 -522
10408 10408 773
10408 10415 -855
10409 10409 -441
10409 10416 -473
10410 10410 -40
10410 10417 775
10411 10411 531
10411 10418 -193
10412 10412 650
10412 10419 -82
10413 10413 907
10413 10420 -462
10414 10414 -966
10414 10421 -731
10415 10415 -21
10415 10422 633
10416 10416 146
10416 10423 880
10417 10417 687
10417 10424 -722
10418 10418 782
10418 10425 -53
10419 10419 -431
10419 10426 -360
10420 10420 -860
10420 10427 228
10421 10421 733
10421 10428 438
10422 10422 -616
10422 10429 493
10423 10423 -121
10423 10430 -95
10424 10424 815
10424 10431 575
10425 10425 813
10425 10432 209
10426 10426 -384
10426 10433 21
10427 10427 -871
10427 10434 184
10428 10428 -713
10428 10435 533
10429 10429 899
10429 10436 748
10430 10430 168
10430 10437 -430
10431 10431 347
10431 10438 -100
10432 10432 408
10432 10439 666
10433 10433 -173
10433 10440 -234
10434 10434 230
10434 10441 563
10435 10435 812
10435 10442 929
10436 10436 123
10436 10443 612
10437 10437 -246
10437 10444 -462
10438 10438 975
10438 10445 -181
10439 10439 612
10439 10446 825
10440 10440 -186
10440 10447 597
10441 10441 609
10441 10448 -609
10442 10442 -367
10442 10449 873
10443 10443 -209
10443 10450 -881
10444 10444 -845
10444 10451 462
10445 10445 -177
10445 10452 -693
10446 10446 324
10446 10453 694
10447 10447 743
10447 10454 70
10448 10448 250
10448 10455 -976
10449 10449 -955
10449 10456 392
10450 10450 -21
10450 10457 -587
10451 10451 -255
10451 10458 -879
10452 10452 -216
10452 10459 64
10453 10453 -517
10453 10460 -897
10454 10454 -430
10454 10461 -839
10455 10455 -225
10455 10462 -529
10456 10456 -455
10456 10463 -170
10457 10457 -550
10457 10464 455
10458 10458 -514
10458 10465 -462
10459 10459 364
10459 10466 -669
10460 10460 981
10460 10467 -711
10461 10461 -110
10461 10468 -196
10462 10462 -339
10462 10469 60
10463 10463 524
10463 10470 538
10464 10464 975
10464 10471 463
10465 10465 704
10465 10472 34
10466 10466 -232
10466 10473 -633
10467 10467 -779
10467 10474 962
10468 10468 -388
10468 10475 242
10469 10469 139
10469 10476 791
10470 10470 385
10470 10477 490
10471 10471 920
10471 10478 -65
10472 10472 -205
10472 10479 -708
10473 10473 305
10473 10480 -835
10474 10474 -385
10474 10481 -241
10475 10475 30
10475 10482 775
10476 10476 -634
10476 10483 -610
10477 10477 -416
10477 10484 -383
10478 10478 -510
10478 10485 -854
10479 10479 632
10479 10486 -465
10480 10480 -390
10480 10487 531
10481 10481 -470
10481 10488 -907
10482 10482 655
10482 10489 -381
10483 10483 519
10483 10490 20
10484 10484 449
10484 10491 -812
10485 10485 786
10485 10492 934
10486 10486 -488
10486 10493 -278
10487 10487 692
10487 10494 -815
10488 10488 -506
10488 10495 -223
10489 10489 -996
10489 10496 -635
10490 10490 390
10490 10497 602
10491 10491 -47
10491 10498 721
10492 10492 788
10492 10499 -500
10493 10493 -947
10493 10500 51
10494 10494 -918
10494 10501 -543
10495 10495 -751
10495 10502 908
10496 10496 314
10496 10503 -254
10497 10497 -552
10497 10504 -324
10498 10498 904
10498 10505 -781
10499 10499 -473
10499 10506 -52
10500 10500 -679
10500 10507 -55
10501 10501 -481
10501 10508 591
10502 10502 688
10502 10509 -326
10503 10503 -108
10503 10510 -55
10504 10504 -881
10504 10511 175
10505 10505 -265
10505 10512 251
10506 10506 867
10506 10513 -522
10507 10507 499
10507 10514 549
10508 10508 -537
10508 10515 126
10509 10509 -771
10509 10516 -475
10510 10510 -921
10510 10517 -557
10511 10511 588
10511 10518 -447
10512 10512 -939
10512 10519 835
10513 10513 998
10513 10520 -657
10514 10514 -776
10514 10521 746
10515 10515 -40
10515 10522 -231
10516 10516 -933
10516 10523 276
10517 10517 -654
10517 10524 275
10518 10518 -97
10518 10525 101
10519 10519 132
10519 10526 -343
10520 10520 634
10520 10527 -644
10521 10521 851
10521 10528 595
10522 10522 -35
10522 10529 -459
10523 10523 688
10523 10530 -632
10524 10524 -854
10524 10531 -950
10525 10525 171
10525 10532 -273
10526 10526 592
10526 10533 -951
10527 10527 595
10527 10534 -326
10528 10528 -231
10528 10535 -630
10529 10529 -460
10529 10536 823
10530 10530 -71
10530 10537 488
10531 10531 820
10531 10538 899
10532 10532 369
10532 10539 -779
10533 10533 -400
10533 10540 225
10534 10534 -297
10534 10541 -705
10535 10535 307
10535 10542 654
10536 10536 -96
10536 10543 -800
10537 10537 -769
10537 10544 -895
10538 10538 -359
10538 10545 -245
10539 10539 585
10539 10546 31
10540 10540 463
10540 10547 288
10541 10541 139
10541 10548 -557
10542 10542 -418
10542 10549 -16
10543 10543 -690
10543 10550 338
10544 10544 195
10544 10551 -283
10545 10545 -886
10545 10552 -851
10546 10546 82
10546 10553 794
10547 10547 -761
10547 10554 -114
10548 10548 -783
10548 10555 687
10549 10549 -950
10549 10556 637
10550 10550 -849
10550 10557 901
10551 10551 39
10551 10558 866
10552 10552 9
10552 10559 346
10553 10553 -135
10553 10560 339
10554 10554 -18
10554 10561 7
10555 10555 358
10555 10562 474
10556 10556 245
10556 10563 433
10557 10557 510
10557 10564 366
10558 10558 -320
10558 10565 -729
10559 10559 -905
10559 10566 753
10560 10560 357
10560 10567 615
10561 10561 -460
10561 10568 -814
10562 10562 -106
10562 10569 -617
10563 10563 -529
10563 10570 -585
10564 10564 -806
10564 10571 -305
10565 10565 -99
10565 10572 -986
10566 10566 321
10566 10573 169
10567 10567 -944
10567 10574 112
10568 10568 -492
10568 10575 -788
10569 10569 392
10569 10576 -141
10570 10570 379
10570 10577 944
10571 10571 -618
10571 10578 -840
10572 10572 822
10572 10579 527
10573 10573 -446
10573 10580 -382
10574 10574 -17
10574 10581 -943
10575 10575 653
10575 10582 -636
10576 10576 -791
10576 10583 -625
10577 10577 -132
10577 10584 -855
10578 10578 -148
10578 10585 969
10579 10579 984
10579 10586 678
10580 10580 -964
10580 10587 135
10581 10581 221
10581 10588 -970
10582 10582 -296
10582 10589 413
10583 10583 314
10583 10590 245
10584 10584 50
10584 10591 329
10585 10585 -811
10585 10592 -734
10586 10586 -66
10586 10593 -406
10587 10587 -871
10587 10594 796
10588 10588 133
10588 10595 -932
10589 10589 653
10589 10596 -259
10590 10590 -613
10590 10597 762
10591 10591 -940
10591 10598 733
10592 10592 -30
10592 10599 -214
10593 10593 -500
10593 10600 -580
10594 10594 -397
10594 10601 755
10595 10595 -694
10595 10602 101
10596 10596 437
10596 10603 -159
10597 10597 -374
10597 10604 262
10598 10598 893
10598 10605 -7
10599 10599 615
10599 10606 232
10600 10600 -789
10600 10607 -529
10601 10601 60
10601 10608 -549
10602 10602 548
10602 10609 396
10603 10603 -30
10603 10610 -11
10604 10604 -614
10604 10611 880
10605 10605 -693
10605 10612 -185
10606 10606 -991
10606 10613 775
10607 10607 623
10607 10614 874
10608 10608 -675
10608 10615 620
10609 10609 -537
10609 10616 -707
10610 10610 -794
10610 10617 542
10611 10611 -421
10611 10618 -673
10612 10612 -153
10612 10619 885
10613 10613 -397
10613 10620 238
10614 10614 126
10614 10621 -944
10615 10615 3
10615 10622 -729
10616 10616 -458
10616 10623 -536
10617 10617 -801
10617 10624 -718
10618 10618 -468
10618 10625 670
10619 10619 306
10619 10626 -572
10620 10620 306
10620 10627 488
10621 10621 -503
10621 10628 737
10622 10622 441
10622 10629 700
10623 10623 -974
10623 10630 820
10624 10624 -751
10624 10631 -554
10625 10625 -506
10625 10632 -23
10626 10626 -372
10626 10633 992
10627 10627 962
10627 10634 -239
10628 10628 -911
10628 10635 884
10629 10629 622
10629 10636 -998
10630 10630 833
10630 10637 977
10631 10631 -339
10631 10638 -985
10632 10632 -712
10632 10639 565
10633 10633 576
10633 10640 176
10634 10634 -48
10634 10641 -90
10635 10635 732
10635 10642 -829
10636 10636 -200
10636 10643 551
10637 10637 -171
10637 10644 395
10638 10638 228
10638 10645 969
10639 10639 -153
10639 10646 326
10640 10640 371
10640 10647 -523
10641 10641 734
10641 10648 -48
10642 10642 923
10642 10649 -662
10643 10643 -538
10643 10650 -407
10644 10644 584
10644 10651 113
10645 10645 464
10645 10652 -908
10646 10646 526
10646 10653 -571
10647 10647 885
10647 10654 740
10648 10648 -405
10648 10655 -646
10649 10649 -240
10649 10656 -820
10650 10650 -845
10650 10657 819
10651 10651 782
10651 10658 -955
10652 10652 -391
10652 10659 -306
10653 10653 982
10653 10660 657
10654 10654 951
10654 10661 259
10655 10655 -761
10655 10662 -728
10656 10656 -239
10656 10663 495
10657 10657 120
10657 10664 993
10658 10658 337
10658 10665 -254
10659 10659 778
10659 10666 -351
10660 10660 -686
10660 10667 -375
10661 10661 13
10661 10668 428
10662 10662 -964
10662 10669 -130
10663 10663 970
10663 10670 -25
10664 10664 77
10664 10671 -446
10665 10665 927
10665 10672 -522
10666 10666 -211
10666 10673 366
10667 10667 -745
10667 10674 631
10668 10668 -524
10668 10675 -575
10669 10669 480
10669 10676 418
10670 10670 980
10670 10677 -379
10671 10671 200
10671 10678 -465
10672 10672 640
10672 10679 598
10673 10673 -493
10673 10680 809
10674 10674 312
10674 10681 -422
10675 10675 -335
10675 10682 -907
10676 10676 547
10676 10683 -159
10677 10677 -476
10677 10684 931
10678 10678 629
10678 10685 -217
10679 10679 -820
10679 10686 -618
10680 10680 169
10680 10687 -352
10681 10681 457
10681 10688 -565
10682 10682 -792
10682 10689 780
10683 10683 -94
10683 10690 -883
10684 10684 129
10684 10691 558
10685 10685 -752
10685 10692 -632
10686 10686 903
10686 10693 -883
10687 10687 625
10687 10694 842
10688 10688 -942
10688 10695 728
10689 10689 -962
10689 10696 368
10690 10690 -734
10690 10697 740
10691 10691 -297
10691 10698 -664
10692 10692 -326
10692 10699 -894
10693 10693 467
10693 10700 995
10694 10694 874
10694 10701 836
10695 10695 454
10695 10702 26
10696 10696 -994
10696 10703 -483
10697 10697 -336
10697 10704 767
10698 10698 -329
10698 10705 -776
10699 10699 451
10699 10706 492
10700 10700 -454
10700 10707 -530
10701 10701 -777
10701 10708 -197
10702 10702 8
10702 10709 928
10703 10703 -190
10703 10710 65
10704 10704 190
10704 10711 834
10705 10705 930
10705 10712 -218
10706 10706 459
10706 10713 155
10707 10707 -469
10707 10714 155
10708 10708 792
10708 10715 -61
10709 10709 872
10709 10716 454
10710 10710 -143
10710 10717 -95
10711 10711 920
10711 10718 -806
10712 10712 -457
10712 10719 -508
10713 10713 546
10713 10720 -589
10714 10714 -919
10714 10721 218
10715 10715 -135
10715 10722 619
10716 10716 -102
10716 10723 104
10717 10717 929
10717 10724 541
10718 10718 623
10718 10725 -536
10719 10719 37
10719 10726 280
10720 10720 -684
10720 10727 -524
10721 10721 913
10721 10728 -780
10722 10722 392
10722 10729 -147
10723 10723 -881
10723 10730 -376
10724 10724 172
10724 10731 395
10725 10725 136
10725 10732 15
10726 10726 -243
10726 10733 96
10727 10727 78
10727 10734 -141
10728 10728 -192
10728 10735 -301
10729 10729 192
10729 10736 180
10730 10730 989
10730 10737 -976
10731 10731 -378
10731 10738 -269
10732 10732 -29
10732 10739 -510
10733 10733 -920
10733 10740 962
10734 10734 -763
10734 10741 245
10735 10735 317
10735 10742 -733
10736 10736 -723
10736 10743 410
10737 10737 348
10737 10744 -499
10738 10738 -302
10738 10745 -187
10739 10739 -102
10739 10746 -542
10740 10740 576
10740 10747 -637
10741 10741 121
10741 10748 -527
10742 10742 -127
10742 10749 186
10743 10743 -849
10743 10750 -226
10744 10744 954
10744 10751 -136
10745 10745 -913
10745 10752 -276
10746 10746 -931
10746 10753 561
10747 10747 -168
10747 10754 -404
10748 10748 551
10748 10755 923
10749 10749 485
10749 10756 -336
10750 10750 -421
10750 10757 -954
10751 10751 93
10751 10758 262
10752 10752 429
10752 10759 -690
10753 10753 -433
10753 10760 -223
10754 10754 -46
10754 10761 509
10755 10755 508
10755 10762 -334
10756 10756 100
10756 10763 260
10757 10757 -839
10757 10764 611
10758 10758 -898
10758 10765 -161
10759 10759 -280
10759 10766 862
10760 10760 -632
10760 10767 51
10761 10761 -298
10761 10768 -980
10762 10762 -635
10762 10769 750
10763 10763 -521
10763 10770 -510
10764 10764 -971
10764 10771 -59
10765 10765 922
10765 10772 -521
10766 10766 623
10766 10773 -641
10767 10767 614
10767 10774 -77
10768 10768 -259
10768 10775 498
10769 10769 -453
10769 10776 -559
10770 10770 588
10770 10777 677
10771 10771 -606
10771 10778 -962
10772 10772 819
10772 10779 180
10773 10773 830
10773 10780 970
10774 10774 -444
10774 10781 762
10775 10775 32
10775 10782 349
10776 10776 302
10776 10783 477
10777 10777 975
10777 10784 626
10778 10778 -592
10778 10785 -21
10779 10779 -654
10779 10786 -779
10780 10780 686
10780 10787 665
10781 10781 80
10781 10788 -322
10782 10782 885
10782 10789 -965
10783 10783 418
10783 10790 689
10784 10784 -545
10784 10791 -660
10785 10785 -734
10785 10792 242
10786 10786 930
10786 10793 -198
10787 10787 -379
10787 10794 947
10788 10788 -843
10788 10795 125
10789 10789 198
10789 10796 123
10790 10790 20
10790 10797 962
10791 10791 -250
10791 10798 987
10792 10792 339
10792 10799 -486
10793 10793 902
10793 10800 620
10794 10794 -992
10794 10801 -836
10795 10795 -347
10795 10802 -951
10796 10796 -370
10796 10803 -535
10797 10797 428
10797 10804 -315
10798 10798 -124
10798 10805 391
10799 10799 -535
10799 10806 -493
10800 10800 687
10800 10807 631
10801 10801 578
10801 10808 -464
10802 10802 -388
10802 10809 888
10803 10803 508
10803 10810 -285
10804 10804 -464
10804 10811 -261
10805 10805 -71
10805 10812 966
10806 10806 -358
10806 10813 961
10807 10807 850
10807 10814 -772
10808 10808 -214
10808 10815 58
10809 10809 -300
10809 10816 160
10810 10810 -55
10810 10817 660
10811 10811 627
10811 10818 -792
10812 10812 131
10812 10819 -949
10813 10813 714
10813 10820 255
10814 10814 -377
10814 10821 336
10815 10815 365
10815 10822 808
10816 10816 956
10816 10823 102
10817 10817 73
10817 10824 172
10818 10818 -56
10818 10825 -722
10819 10819 57
10819 10826 34
10820 10820 -916
10820 10827 -63
10821 10821 -585
10821 10828 -350
10822 10822 -395
10822 10829 -37
10823 10823 -685
10823 10830 -251
10824 10824 23
10824 10831 298
10825 10825 20
10825 10832 -734
10826 10826 912
10826 10833 766
10827 10827 512
10827 10834 -505
10828 10828 779
10828 10835 6
10829 10829 761
10829 10836 -104
10830 10830 -425
10830 10837 -761
10831 10831 192
10831 10838 -37
10832 10832 524
10832 10839 -152
10833 10833 -799
10833 10840 -893
10834 10834 -135
10834 10841 -910
10835 10835 -663
10835 10842 -781
10836 10836 893
10836 10843 -452
10837 10837 285
10837 10844 -444
10838 10838 345
10838 10845 -713
10839 10839 696
10839 10846 720
10840 10840 -515
10840 10847 485
10841 10841 -375
10841 10848 381
10842 10842 130
10842 10849 609
10843 10843 905
10843 10850 -797
10844 10844 593
10844 10851 204
10845 10845 -729
10845 10852 -341
10846 10846 77
10846 10853 -149
10847 10847 148
10847 10854 -331
10848 10848 892
10848 10855 472
10849 10849 -337
10849 10856 -622
10850 10850 -834
10850 10857 789
10851 10851 -391
10851 10858 -934
10852 10852 469
10852 10859 -329
10853 10853 -462
10853 10860 -236
10854 10854 -152
10854 10861 549
10855 10855 -402
10855 10862 726
10856 10856 383
10856 10863 -244
10857 10857 72
10857 10864 704
10858 10858 548
10858 10865 665
10859 10859 528
10859 10866 -729
10860 10860 359
10860 10867 -313
10861 10861 833
10861 10868 608
10862 10862 485
10862 10869 -103
10863 10863 -290
10863 10870 -950
10864 10864 -31
10864 10871 206
10865 10865 900
10865 10872 -493
10866 10866 311
10866 10873 -695
10867 10867 -468
10867 10874 -646
10868 10868 730
10868 10875 253
10869 10869 464
10869 10876 -297
10870 10870 -677
10870 10877 760
10871 10871 -775
10871 10878 -753
10872 10872 -226
10872 10879 -93
10873 10873 708
10873 10880 -628
10874 10874 -839
10874 10881 -598
10875 10875 -824
10875 10882 32
10876 10876 384
10876 10883 -12
10877 10877 697
10877 10884 936
10878 10878 364
10878 10885 611
10879 10879 880
10879 10886 801
10880 10880 322
10880 10887 -730
10881 10881 843
10881 10888 -878
10882 10882 919
10882 10889 -272
10883 10883 -721
10883 10890 306
10884 10884 -557
10884 10891 761
10885 10885 -121
10885 10892 -142
10886 10886 953
10886 10893 397
10887 10887 -30
10887 10894 -557
10888 10888 -627
10888 10895 454
10889 10889 -126
10889 10896 6
10890 10890 -788
10890 10897 -565
10891 10891 892
10891 10898 879
10892 10892 650
10892 10899 930
10893 10893 -78
10893 10900 728
10894 10894 867
10894 10901 530
10895 10895 -64
10895 10902 869
10896 10896 -523
10896 10903 961
10897 10897 -468
10897 10904 -134
10898 10898 615
10898 10905 -161
10899 10899 579
10899 10906 -431
10900 10900 -817
10900 10907 -557
10901 10901 594
10901 10908 843
10902 10902 -590
10902 10909 287
10903 10903 165
10903 10910 852
10904 10904 -181
10904 10911 841
10905 10905 437
10905 10912 -448
10906 10906 -457
10906 10913 -71
10907 10907 -269
10907 10914 -967
10908 10908 78
10908 10915 514
10909 10909 998
10909 10916 -872
10910 10910 670
10910 10917 -841
10911 10911 184
10911 10918 112
10912 10912 587
10912 10919 808
10913 10913 -163
10913 10920 727
10914 10914 -49
10914 10921 -878
10915 10915 -499
10915 10922 993
10916 10916 -162
10916 10923 -196
10917 10917 212
10917 10924 653
10918 10918 -901
10918 10925 227
10919 10919 -437
10919 10926 -861
10920 10920 -507
10920 10927 90
10921 10921 553
10921 10928 -473
10922 10922 370
10922 10929 -537
10923 10923 901
10923 10930 -380
10924 10924 521
10924 10931 -332
10925 10925 153
10925 10932 -864
10926 10926 449
10926 10933 522
10927 10927 -22
10927 10934 803
10928 10928 404
10928 10935 -183
10929 10929 685
10929 10936 26
10930 10930 705
10930 10937 748
10931 10931 689
10931 10938 206
10932 10932 575
10932 10939 -419
10933 10933 429
10933 10940 -462
10934 10934 501
10934 10941 157
10935 10935 -435
10935 10942 -791
10936 10936 -188
10936 10943 -592
10937 10937 986
10937 10944 -545
10938 10938 -607
10938 10945 -524
10939 10939 570
10939 10946 423
10940 10940 279
10940 10947 -702
10941 10941 72
10941 10948 85
10942 10942 -325
10942 10949 -558
10943 10943 337
10943 10950 -471
10944 10944 672
10944 10951 -568
10945 10945 160
10945 10952 -552
10946 10946 383
10946 10953 17
10947 10947 991
10947 10954 -406
10948 10948 -409
10948 10955 -35
10949 10949 -124
10949 10956 705
10950 10950 794
10950 10957 128
10951 10951 -193
10951 10958 -90
10952 10952 -476
10952 10959 564
10953 10953 502
10953 10960 687
10954 10954 704
10954 10961 -548
10955 10955 -33
10955 10962 262
10956 10956 50
10956 10963 199
10957 10957 -577
10957 10964 536
10958 10958 -310
10958 10965 -701
10959 10959 624
10959 10966 -472
10960 10960 130
10960 10967 -178
10961 10961 -506
10961 10968 487
10962 10962 134
10962 10969 739
10963 10963 -60
10963 10970 -706
10964 10964 707
10964 10971 -827
10965 10965 -789
10965 10972 -548
10966 10966 600
10966 10973 -331
10967 10967 -778
10967 10974 284
10968 10968 442
10968 10975 -664
10969 10969 725
10969 10976 990
10970 10970 -312
10970 10977 735
10971 10971 -574
10971 10978 -217
10972 10972 -869
10972 10979 -379
10973 10973 -432
10973 10980 -449
10974 10974 868
10974 10981 551
10975 10975 271
10975 10982 788
10976 10976 211
10976 10983 135
10977 10977 -529
10977 10984 811
10978 10978 -790
10978 10985 -684
10979 10979 -874
10979 10986 962
10980 10980 27
10980 10987 -953
10981 10981 -526
10981 10988 -975
10982 10982 297
10982 10989 732
10983 10983 -671
10983 10990 -614
10984 10984 -799
10984 10991 -479
10985 10985 -120
10985 10992 -970
10986 10986 -294
10986 10993 -487
10987 10987 619
10987 10994 -45
10988 10988 -305
10988 10995 761
10989 10989 -300
10989 10996 -422
10990 10990 536
10990 10997 -224
10991 10991 -677
10991 10998 506
10992 10992 872
10992 10999 -561
10993 10993 906
10993 11000 -720
10994 10994 604
10994 11001 -627
10995 10995 -114
10995 11002 -845
10996 10996 -55
10996 11003 -464
10997 10997 -613
10997 11004 156
10998 10998 -257
10998 11005 529
10999 10999 588
10999 11006 -826
11000 11000 -104
11000 11007 94
11001 11001 -185
11001 11008 774
11002 11002 772
11002 11009 -295
11003 11003 753
11003 11010 -800
11004 11004 4
11004 11011 -837
11005 11005 114
11005 11012 160
11006 11006 905
11006 11013 307
11007 11007 -935
11007 11014 -906
11008 11008 605
11008 11015 -180
11009 11009 -889
11009 11016 -96
11010 11010 -85
11010 11017 -839
11011 11011 -633
11011 11018 476
11012 11012 975
11012 11019 960
11013 11013 821
11013 11020 -294
11014 11014 -523
11014 11021 844
11015 11015 -386
11015 11022 455
11016 11016 -736
11016 11023 -441
11017 11017 -480
11017 11024 -658
11018 11018 334
11018 11025 -579
11019 11019 161
11019 11026 -31
11020 11020 699
11020 11027 908
11021 11021 45
11021 11028 -8
11022 11022 -451
11022 11029 -88
11023 11023 823
11023 11030 -607
11024 11024 -363
11024 11031 -609
11025 11025 157
11025 11032 -659
11026 11026 939
11026 11033 -684
11027 11027 228
11027 11034 -507
11028 11028 711
11028 11035 429
11029 11029 -27
11029 11036 -358
11030 11030 813
11030 11037 -699
11031 11031 -505
11031 11038 267
11032 11032 -395
11032 11039 491
11033 11033 -314
11033 11040 678
11034 11034 -49
11034 11041 -773
11035 11035 801
11035 11042 523
11036 11036 -700
11036 11043 -260
11037 11037 850
11037 11044 -895
11038 11038 -407
11038 11045 -288
11039 11039 589
11039 11046 351
11040 11040 -270
11040 11047 -775
11041 11041 -861
11041 11048 129
11042 11042 560
11042 11049 672
11043 11043 -280
11043 11050 -324
11044 11044 -180
11044 11051 727
11045 11045 737
11045 11052 750
11046 11046 -261
11046 11053 827
11047 11047 -542
11047 11054 -818
11048 11048 683
11048 11055 157
11049 11049 -721
11049 11056 -455
11050 11050 -870
11050 11057 -310
11051 11051 -953
11051 11058 -697
11052 11052 679
11052 11059 572
11053 11053 -877
11053 11060 785
11054 11054 -645
11054 11061 691
11055 11055 -843
11055 11062 -536
11056 11056 -804
11056 11063 -609
11057 11057 -369
11057 11064 80
11058 11058 562
11058 11065 -983
11059 11059 633
11059 11066 577
11060 11060 -612
11060 11067 -953
11061 11061 -331
11061 11068 371
11062 11062 839
11062 11069 71
11063 11063 458
11063 11070 -738
11064 11064 -531
11064 11071 -402
11065 11065 -270
11065 11072 913
11066 11066 455
11066 11073 950
11067 11067 447
11067 11074 16
11068 11068 331
11068 11075 615
11069 11069 -199
11069 11076 595
11070 11070 -129
11070 11077 -777
11071 11071 -248
11071 11078 790
11072 11072 -101
11072 11079 397
11073 11073 -117
11073 11080 -407
11074 11074 672
11074 11081 23
11075 11075 -133
11075 11082 304
11076 11076 316
11076 11083 263
11077 11077 846
11077 11084 28
11078 11078 -170
11078 11085 -513
11079 11079 -781
11079 11086 507
11080 11080 -377
11080 11087 495
11081 11081 557
11081 11088 457
11082 11082 -304
11082 11089 -955
11083 11083 -322
11083 11090 -198
11084 11084 595
11084 11091 4
11085 11085 -442
11085 11092 -431
11086 11086 34
11086 11093 -138
11087 11087 -849
11087 11094 426
11088 11088 -938
11088 11095 -144
11089 11089 884
11089 11096 425
11090 11090 140
11090 11097 -899
11091 11091 446
11091 11098 798
11092 11092 -719
11092 11099 -97
11093 11093 -513
11093 11100 666
11094 11094 -95
11094 11101 926
11095 11095 866
11095 11102 461
11096 11096 -797
11096 11103 -209
11097 11097 -604
11097 11104 -39
11098 11098 -989
11098 11105 210
11099 11099 -834
11099 11106 -898
11100 11100 195
11100 11107 -512
11101 11101 290
11101 11108 -332
11102 11102 187
11102 11109 4
11103 11103 -504
11103 11110 -177
11104 11104 55
11104 11111 407
11105 11105 -997
11105 11112 233
11106 11106 368
11106 11113 209
11107 11107 -743
11107 11114 -471
11108 11108 -106
11108 11115 777
11109 11109 -914
11109 11116 174
11110 11110 666
11110 11117 531
11111 11111 242
11111 11118 852
11112 11112 281
11112 11119 539
11113 11113 -398
11113 11120 989
11114 11114 -685
11114 11121 -750
11115 11115 -850
11115 11122 994
11116 11116 -145
11116 11123 -311
11117 11117 354
11117 11124 133
11118 11118 928
11118 11125 -194
11119 11119 13
11119 11126 -728
11120 11120 123
11120 11127 367
11121 11121 762
11121 11128 -520
11122 11122 704
11122 11129 942
11123 11123 307
11123 11130 -368
11124 11124 427
11124 11131 738
11125 11125 -653
11125 11132 -379
11126 11126 -110
11126 11133 -266
11127 11127 -456
11127 11134 -594
11128 11128 -510
11128 11135 432
11129 11129 963
11129 11136 -857
11130 11130 368
11130 11137 -49
11131 11131 526
11131 11138 198
11132 11132 595
11132 11139 587
11133 11133 945
11133 11140 -59
11134 11134 837
11134 11141 -260
11135 11135 -176
11135 11142 375
11136 11136 -4
11136 11143 665
11137 11137 923
11137 11144 70
11138 11138 -463
11138 11145 -402
11139 11139 827
11139 11146 197
11140 11140 -546
11140 11147 -290
11141 11141 -706
11141 11148 -423
11142 11142 -376
11142 11149 582
11143 11143 -54
11143 11150 512
11144 11144 -894
11144 11151 -834
11145 11145 836
11145 11152 195
11146 11146 -246
11146 11153 -6
11147 11147 840
11147 11154 -625
11148 11148 590
11148 11155 925
11149 11149 -632
11149 11156 -95
11150 11150 -587
11150 11157 -3
11151 11151 -892
11151 11158 -402
11152 11152 92
11152 11159 281
11153 11153 32
11153 11160 471
11154 11154 847
11154 11161 703
11155 11155 529
11155 11162 383
11156 11156 -840
11156 11163 936
11157 11157 17
11157 11164 -921
11158 11158 -512
11158 11165 900
11159 11159 -381
11159 11166 -577
11160 11160 901
11160 11167 501
11161 11161 620
11161 11168 -987
11162 11162 -75
11162 11169 386
11163 11163 -138
11163 11170 -566
11164 11164 52
11164 11171 -158
11165 11165 461
11165 11172 426
11166 11166 148
11166 11173 -173
11167 11167 970
11167 11174 175
11168 11168 760
11168 11175 794
11169 11169 606
11169 11176 -841
11170 11170 -457
11170 11177 104
11171 11171 -638
11171 11178 -488
11172 11172 645
11172 11179 167
11173 11173 119
11173 11180 -410
11174 11174 -183
11174 11181 802
11175 11175 922
11175 11182 3
11176 11176 125
11176 11183 -608
11177 11177 92
11177 11184 -825
11178 11178 9
11178 11185 162
11179 11179 833
11179 11186 -576
11180 11180 285
11180 11187 -330
11181 11181 -524
11181 11188 -276
11182 11182 -744
11182 11189 18
11183 11183 -72
11183 11190 -663
11184 11184 -398
11184 11191 -465
11185 11185 177
11185 11192 593
11186 11186 -80
11186 11193 -430
11187 11187 -127
11187 11194 -172
11188 11188 732
11188 11195 -114
11189 11189 -77
11189 11196 -188
11190 11190 -533
11190 11197 477
11191 11191 -463
11191 11198 -84
11192 11192 -144
11192 11199 362
11193 11193 302
11193 11200 170
11194 11194 769
11194 11201 -577
11195 11195 -339
11195 11202 -341
11196 11196 79
11196 11203 -58
11197 11197 -935
11197 11204 175
11198 11198 -528
11198 11205 779
11199 11199 264
11199 11206 157
11200 11200 732
11200 11207 332
11201 11201 121
11201 11208 737
11202 11202 110
11202 11209 21
11203 11203 764
11203 11210 -692
11204 11204 -567
11204 11211 -510
11205 11205 -508
11205 11212 218
11206 11206 -727
11206 11213 -541
11207 11207 25
11207 11214 -412
11208 11208 -167
11208 11215 -924
11209 11209 767
11209 11216 -745
11210 11210 775
11210 11217 -819
11211 11211 360
11211 11218 728
11212 11212 387
11212 11219 -393
11213 11213 664
11213 11220 -390
11214 11214 369
11214 11221 -954
11215 11215 -969
11215 11222 97
11216 11216 -892
11216 11223 -99
11217 11217 -930
11217 11224 -879
11218 11218 969
11218 11225 -867
11219 11219 988
11219 11226 -735
11220 11220 432
11220 11227 -293
11221 11221 814
11221 11228 -388
11222 11222 807
11222 11229 -864
11223 11223 -716
11223 11230 180
11224 11224 -775
11224 11231 -494
11225 11225 907
11225 11232 926
11226 11226 654
11226 11233 -928
11227 11227 265
11227 11234 431
11228 11228 -648
11228 11235 -550
11229 11229 123
11229 11236 -128
11230 11230 136
11230 11237 874
11231 11231 -465
11231 11238 571
11232 11232 -456
11232 11239 550
11233 11233 -616
11233 11240 324
11234 11234 -581
11234 11241 -455
11235 11235 660
11235 11242 693
11236 11236 -466
11236 11243 215
11237 11237 587
11237 11244 -845
11238 11238 -424
11238 11245 -466
11239 11239 -409
11239 11246 -240
11240 11240 262
11240 11247 -761
11241 11241 798
11241 11248 -245
11242 11242 -659
11242 11249 765
11243 11243 -606
11243 11250 -63
11244 11244 422
11244 11251 -839
11245 11245 -45
11245 11252 280
11246 11246 -922
11246 11253 -194
11247 11247 131
11247 11254 1
11248 11248 -159
11248 11255 -132
11249 11249 488
11249 11256 -409
11250 11250 -660
11250 11257 -727
11251 11251 144
11251 11258 114
11252 11252 87
11252 11259 -868
11253 11253 443
11253 11260 -823
11254 11254 -680
11254 11261 13
11255 11255 289
11255 11262 -668
11256 11256 469
11256 11263 -701
11257 11257 926
11257 11264 -709
11258 11258 542
11258 11265 -635
11259 11259 961
11259 11266 -257
11260 11260 782
11260 11267 -171
11261 11261 -279
11261 11268 -200
11262 11262 -650
11262 11269 -22
11263 11263 -132
11263 11270 -313
11264 11264 -640
11264 11271 -972
11265 11265 670
11265 11272 -330
11266 11266 -682
11266 11273 98
11267 11267 813
11267 11274 -457
11268 11268 -819
11268 11275 -330
11269 11269 -236
11269 11276 -672
11270 11270 -550
11270 11277 -282
11271 11271 -997
11271 11278 -298
11272 11272 88
11272 11279 -435
11273 11273 -703
11273 11280 890
11274 11274 731
11274 11281 364
11275 11275 -566
11275 11282 -726
11276 11276 -285
11276 11283 -107
11277 11277 784
11277 11284 118
11278 11278 -174
11278 11285 393
11279 11279 -904
11279 11286 -430
11280 11280 -899
11280 11287 573
11281 11281 62
11281 11288 -650
11282 11282 -121
11282 11289 -691
11283 11283 -7
11283 11290 367
11284 11284 496
11284 11291 235
11285 11285 -993
11285 11292 -444
11286 11286 -652
11286 11293 -124
11287 11287 -255
11287 11294 48
11288 11288 -798
11288 11295 -368
11289 11289 46
11289 11296 478
11290 11290 622
11290 11297 -272
11291 11291 82
11291 11298 -756
11292 11292 -392
11292 11299 97
11293 11293 405
11293 11300 -379
11294 11294 953
11294 11301 928
11295 11295 -825
11295 11302 265
11296 11296 608
11296 11303 115
11297 11297 -574
11297 11304 335
11298 11298 -928
11298 11305 -235
11299 11299 12
11299 11306 -639
11300 11300 24
11300 11307 167
11301 11301 -79
11301 11308 -466
11302 11302 179
11302 11309 647
11303 11303 251
11303 11310 -915
11304 11304 -832
11304 11311 240
11305 11305 -301
11305 11312 450
11306 11306 521
11306 11313 -518
11307 11307 -90
11307 11314 -261
11308 11308 -829
11308 11315 -351
11309 11309 280
11309 11316 -331
11310 11310 521
11310 11317 -4
11311 11311 88
11311 11318 -82
11312 11312 996
11312 11319 -823
11313 11313 -961
11313 11320 196
11314 11314 -132
11314 11321 -480
11315 11315 -273
11315 11322 183
11316 11316 580
11316 11323 -389
11317 11317 818
11317 11324 12
11318 11318 388
11318 11325 242
11319 11319 -267
11319 11326 -687
11320 11320 439
11320 11327 -614
11321 11321 -182
11321 11328 374
11322 11322 366
11322 11329 140
11323 11323 -75
11323 11330 805
11324 11324 -693
11324 11331 -545
11325 11325 596
11325 11332 -623
11326 11326 -412
11326 11333 -887
11327 11327 692
11327 11334 846
11328 11328 -197
11328 11335 -8
11329 11329 -806
11329 11336 30
11330 11330 515
11330 11337 -921
11331 11331 -8
11331 11338 774
11332 11332 -239
11332 11339 357
11333 11333 944
11333 11340 -574
11334 11334 415
11334 11341 -196
11335 11335 -651
11335 11342 93
11336 11336 351
11336 11343 -448
11337 11337 740
11337 11344 745
11338 11338 -706
11338 11345 -100
11339 11339 719
11339 11346 -926
11340 11340 -377
11340 11347 562
11341 11341 -923
11341 11348 862
11342 11342 357
11342 11349 677
11343 11343 -283
11343 11350 185
11344 11344 -491
11344 11351 -230
11345 11345 -119
11345 11352 843
11346 11346 -944
11346 11353 193
11347 11347 841
11347 11354 431
11348 11348 -762
11348 11355 616
11349 11349 242
11349 11356 -214
11350 11350 -792
11350 11357 717
11351 11351 222
11351 11358 -535
11352 11352 842
11352 11359 -378
11353 11353 -725
11353 11360 -377
11354 11354 -17
11354 11361 -897
11355 11355 231
11355 11362 892
11356 11356 423
11356 11363 496
11357 11357 -416
11357 11364 -719
11358 11358 693
11358 11365 -472
11359 11359 -829
11359 11366 68
11360 11360 -828
11360 11367 -19
11361 11361 -926
11361 11368 -182
11362 11362 886
11362 11369 -43
11363 11363 68
11363 11370 23
11364 11364 -603
11364 11371 -803
11365 11365 816
11365 11372 623
11366 11366 415
11366 11373 -903
11367 11367 -12
11367 11374 -127
11368 11368 -862
11368 11375 536
11369 11369 763
11369 11376 -117
11370 11370 -525
11370 11377 445
11371 11371 49
11371 11378 -796
11372 11372 -511
11372 11379 60
11373 11373 775
11373 11380 784
11374 11374 746
11374 11381 836
11375 11375 -91
11375 11382 -152
11376 11376 -306
11376 11383 588
11377 11377 -198
11377 11384 -16
11378 11378 -191
11378 11385 202
11379 11379 357
11379 11386 955
11380 11380 -406
11380 11387 -47
11381 11381 -831
11381 11388 -730
11382 11382 193
11382 11389 -306
11383 11383 -453
11383 11390 417
11384 11384 558
11384 11391 -718
11385 11385 512
11385 11392 558
11386 11386 792
11386 11393 -909
11387 11387 43
11387 11394 -944
11388 11388 5
11388 11395 920
11389 11389 321
11389 11396 -952
11390 11390 -244
11390 11397 266
11391 11391 -838
11391 11398 -232
11392 11392 262
11392 11399 357
11393 11393 -833
11393 11400 103
11394 11394 -68
11394 11401 747
11395 11395 -984
11395 11402 916
11396 11396 -998
11396 11403 681
11397 11397 486
11397 11404 -712
11398 11398 -113
11398 11405 925
11399 11399 -488
11399 11406 -723
11400 11400 555
11400 11407 678
11401 11401 861
11401 11408 108
11402 11402 -528
11402 11409 -231
11403 11403 978
11403 11410 878
11404 11404 984
11404 11411 -108
11405 11405 -5
11405 11412 -837
11406 11406 -264
11406 11413 -358
11407 11407 -793
11407 11414 -250
11408 11408 -667
11408 11415 -599
11409 11409 146
11409 11416 -438
11410 11410 -709
11410 11417 -475
11411 11411 -562
11411 11418 -982
11412 11412 321
11412 11419 -280
11413 11413 -500
11413 11420 223
11414 11414 570
11414 11421 695
11415 11415 107
11415 11422 954
11416 11416 -777
11416 11423 -751
11417 11417 -232
11417 11424 688
11418 11418 768
11418 11425 -191
11419 11419 856
11419 11426 -637
11420 11420 -504
11420 11427 -677
11421 11421 347
11421 11428 48
11422 11422 -701
11422 11429 -954
11423 11423 -789
11423 11430 -269
11424 11424 285
11424 11431 862
11425 11425 -923
11425 11432 606
11426 11426 -591
11426 11433 336
11427 11427 -730
11427 11434 862
11428 11428 -895
11428 11435 104
11429 11429 -938
11429 11436 -689
11430 11430 -430
11430 11437 -979
11431 11431 843
11431 11438 530
11432 11432 401
11432 11439 -537
11433 11433 410
11433 11440 -11
11434 11434 -937
11434 11441 737
11435 11435 940
11435 11442 404
11436 11436 -604
11436 11443 -953
11437 11437 603
11437 11444 -41
11438 11438 -951
11438 11445 -776
11439 11439 760
11439 11446 -495
11440 11440 305
11440 11447 -595
11441 11441 776
11441 11448 -325
11442 11442 -782
11442 11449 -134
11443 11443 -749
11443 11450 -400
11444 11444 -231
11444 11451 482
11445 11445 -163
11445 11452 -972
11446 11446 902
11446 11453 -866
11447 11447 -751
11447 11454 -470
11448 11448 -402
11448 11455 285
11449 11449 913
11449 11456 113
11450 11450 108
11450 11457 27
11451 11451 509
11451 11458 -729
11452 11452 263
11452 11459 -595
11453 11453 224
11453 11460 -16
11454 11454 51
11454 11461 873
11455 11455 -786
11455 11462 -360
11456 11456 228
11456 11463 -241
11457 11457 945
11457 11464 651
11458 11458 65
11458 11465 -363
11459 11459 631
11459 11466 251
11460 11460 -315
11460 11467 -228
11461 11461 821
11461 11468 -781
11462 11462 960
11462 11469 142
11463 11463 457
11463 11470 77
11464 11464 -654
11464 11471 207
11465 11465 168
11465 11472 -82
11466 11466 128
11466 11473 -837
11467 11467 -244
11467 11474 -906
11468 11468 549
11468 11475 -389
11469 11469 983
11469 11476 268
11470 11470 789
11470 11477 -174
11471 11471 -432
11471 11478 702
11472 11472 162
11472 11479 142
11473 11473 -53
11473 11480 -234
11474 11474 214
11474 11481 642
11475 11475 -343
11475 11482 -499
11476 11476 -180
11476 11483 283
11477 11477 285
11477 11484 120
11478 11478 470
11478 11485 840
11479 11479 -56
11479 11486 467
11480 11480 772
11480 11487 761
11481 11481 -266
11481 11488 -673
11482 11482 -129
11482 11489 -345
11483 11483 213
11483 11490 -400
11484 11484 -701
11484 11491 -661
11485 11485 -465
11485 11492 326
11486 11486 285
11486 11493 -662
11487 11487 400
11487 11494 438
11488 11488 498
11488 11495 992
11489 11489 -771
11489 11496 -884
11490 11490 110
11490 11497 446
11491 11491 -967
11491 11498 227
11492 11492 569
11492 11499 -285
11493 11493 119
11493 11500 994
11494 11494 712
11494 11501 -139
11495 11495 152
11495 11502 -612
11496 11496 703
11496 11503 678
11497 11497 114
11497 11504 -149
11498 11498 10
11498 11505 -504
11499 11499 -746
11499 11506 -668
11500 11500 -890
11500 11507 572
11501 11501 -298
11501 11508 12
11502 11502 -517
11502 11509 -482
11503 11503 -943
11503 11510 -204
11504 11504 -613
11504 11511 237
11505 11505 -477
11505 11512 -239
11506 11506 554
11506 11513 789
11507 11507 -815
11507 11514 538
11508 11508 -248
11508 11515 -549
11509 11509 -428
11509 11516 -120
11510 11510 571
11510 11517 -446
11511 11511 854
11511 11518 -451
11512 11512 927
11512 11519 -3
11513 11513 413
11513 11520 -941
11514 11514 433
11514 11521 -943
11515 11515 -873
11515 11522 877
11516 11516 -356
11516 11523 778
11517 11517 -988
11517 11524 669
11518 11518 -943
11518 11525 112
11519 11519 732
11519 11526 509
11520 11520 394
11520 11527 989
11521 11521 -5
11521 11528 -571
11522 11522 277
11522 11529 -729
11523 11523 246
11523 11530 85
11524 11524 -462
11524 11531 -292
11525 11525 -536
11525 11532 -639
11526 11526 -226
11526 11533 -915
11527 11527 371
11527 11534 -31
11528 11528 135
11528 11535 -94
11529 11529 309
11529 11536 -377
11530 11530 -43
11530 11537 -154
11531 11531 -199
11531 11538 754
11532 11532 -180
11532 11539 363
11533 11533 -910
11533 11540 -531
11534 11534 321
11534 11541 536
11535 11535 -356
11535 11542 -330
11536 11536 897
11536 11543 703
11537 11537 -372
11537 11544 -118
11538 11538 368
11538 11545 -608
11539 11539 134
11539 11546 759
11540 11540 510
11540 11547 460
11541 11541 405
11541 11548 -449
11542 11542 -393
11542 11549 451
11543 11543 -625
11543 11550 525
11544 11544 100
11544 11551 236
11545 11545 -592
11545 11552 957
11546 11546 -530
11546 11553 343
11547 11547 -899
11547 11554 639
11548 11548 -81
11548 11555 370
11549 11549 -888
11549 11556 646
11550 11550 -531
11550 11557 91
11551 11551 160
11551 11558 -183
11552 11552 842
11552 11559 414
11553 11553 -427
11553 11560 -463
11554 11554 -473
11554 11561 -13
11555 11555 -710
11555 11562 782
11556 11556 -576
11556 11563 846
11557 11557 651
11557 11564 724
11558 11558 63
11558 11565 729
11559 11559 44
11559 11566 441
11560 11560 -107
11560 11567 -937
11561 11561 -924
11561 11568 788
11562 11562 -538
11562 11569 -606
11563 11563 614
11563 11570 -961
11564 11564 -134
11564 11571 -424
11565 11565 -597
11565 11572 572
11566 11566 498
11566 11573 25
11567 11567 209
11567 11574 -881
11568 11568 832
11568 11575 -57
11569 11569 671
11569 11576 -458
11570 11570 1
11570 11577 576
11571 11571 766
11571 11578 163
11572 11572 180
11572 11579 -782
11573 11573 530
11573 11580 904
11574 11574 -324
11574 11581 31
11575 11575 367
11575 11582 872
11576 11576 -270
11576 11583 381
11577 11577 -425
11577 11584 511
11578 11578 -110
11578 11585 -480
11579 11579 -753
11579 11586 886
11580 11580 -472
11580 11587 -101
11581 11581 -678
11581 11588 690
11582 11582 334
11582 11589 939
11583 11583 -200
11583 11590 -671
11584 11584 112
11584 11591 -77
11585 11585 553
11585 11592 390
11586 11586 21
11586 11593 -530
11587 11587 -733
11587 11594 -896
11588 11588 876
11588 11595 488
11589 11589 -359
11589 11596 -713
11590 11590 -617
11590 11597 -579
11591 11591 586
11591 11598 -509
11592 11592 -817
11592 11599 399
11593 11593 -17
11593 11600 -252
11594 11594 -18
11594 11601 -753
11595 11595 -754
11595 11602 -711
11596 11596 910
11596 11603 521
11597 11597 718
11597 11604 -545
11598 11598 240
11598 11605 -799
11599 11599 10
11599 11606 -628
11600 11600 62
11600 11607 -280
11601 11601 525
11601 11608 212
11602 11602 -681
11602 11609 -352
11603 11603 626
11603 11610 -318
11604 11604 351
11604 11611 89
11605 11605 903
11605 11612 748
11606 11606 731
11606 11613 895
11607 11607 -164
11607 11614 461
11608 11608 567
11608 11615 -842
11609 11609 782
11609 11616 -943
11610 11610 860
11610 11617 535
11611 11611 -953
11611 11618 937
11612 11612 -929
11612 11619 242
11613 11613 -74
11613 11620 30
11614 11614 -449
11614 11621 -808
11615 11615 480
11615 11622 778
11616 11616 111
11616 11623 -951
11617 11617 728
11617 11624 -511
11618 11618 -875
11618 11625 236
11619 11619 913
11619 11626 -821
11620 11620 -45
11620 11627 224
11621 11621 322
11621 11628 695
11622 11622 -576
11622 11629 -701
11623 11623 337
11623 11630 151
11624 11624 891
11624 11631 425
11625 11625 624
11625 11632 -672
11626 11626 250
11626 11633 45
11627 11627 10
11627 11634 499
11628 11628 -147
11628 11635 -324
11629 11629 -174
11629 11636 -134
11630 11630 -86
11630 11637 -161
11631 11631 -311
11631 11638 742
11632 11632 857
11632 11639 -134
11633 11633 831
11633 11640 -435
11634 11634 173
11634 11641 -465
11635 11635 -419
11635 11642 -659
11636 11636 -414
11636 11643 -181
11637 11637 173
11637 11644 608
11638 11638 661
11638 11645 -849
11639 11639 -646
11639 11646 -578
11640 11640 -92
11640 11647 282
11641 11641 -59
11641 11648 243
11642 11642 -904
11642 11649 707
11643 11643 -632
11643 11650 -360
11644 11644 711
11644 11651 737
11645 11645 -155
11645 11652 -901
11646 11646 -344
11646 11653 468
11647 11647 69
11647 11654 -128
11648 11648 666
11648 11655 -656
11649 11649 165
11649 11656 -555
11650 11650 -472
11650 11657 -263
11651 11651 10
11651 11658 -661
11652 11652 380
11652 11659 -721
11653 11653 394
11653 11660 -790
11654 11654 -839
11654 11661 -759
11655 11655 190
11655 11662 929
11656 11656 -265
11656 11663 -924
11657 11657 54
11657 11664 -177
11658 11658 247
11658 11665 -958
11659 11659 996
11659 11666 678
11660 11660 96
11660 11667 246
11661 11661 -368
11661 11668 354
11662 11662 -190
11662 11669 -718
11663 11663 -466
11663 11670 433
11664 11664 -937
11664 11671 913
11665 11665 620
11665 11672 -385
11666 11666 363
11666 11673 644
11667 11667 272
11667 11674 422
11668 11668 429
11668 11675 -573
11669 11669 -6
11669 11676 -316
11670 11670 -919
11670 11677 797
11671 11671 -219
11671 11678 340
11672 11672 366
11672 11679 -240
11673 11673 -801
11673 11680 -291
11674 11674 162
11674 11681 528
11675 11675 331
11675 11682 -992
11676 11676 831
11676 11683 -136
11677 11677 787
11677 11684 -385
11678 11678 -648
11678 11685 -937
11679 11679 -630
11679 11686 372
11680 11680 751
11680 11687 -255
11681 11681 -733
11681 11688 -895
11682 11682 -900
11682 11689 848
11683 11683 960
11683 11690 884
11684 11684 605
11684 11691 376
11685 11685 -665
11685 11692 -455
11686 11686 878
11686 11693 -898
11687 11687 840
11687 11694 -565
11688 11688 696
11688 11695 517
11689 11689 -897
11689 11696 783
11690 11690 -701
11690 11697 117
11691 11691 437
11691 11698 -523
11692 11692 554
11692 11699 831
11693 11693 783
11693 11700 879
11694 11694 689
11694 11701 64
11695 11695 583
11695 11702 280
11696 11696 -185
11696 11703 724
11697 11697 -246
11697 11704 290
11698 11698 -231
11698 11705 -278
11699 11699 535
11699 11706 -955
11700 11700 85
11700 11707 -566
11701 11701 -673
11701 11708 845
11702 11702 -991
11702 11709 -699
11703 11703 -285
11703 11710 -693
11704 11704 -314
11704 11711 951
11705 11705 539
11705 11712 8
11706 11706 -585
11706 11713 205
11707 11707 -894
11707 11714 878
11708 11708 230
11708 11715 -815
11709 11709 -668
11709 11716 -654
11710 11710 119
11710 11717 747
11711 11711 487
11711 11718 -423
11712 11712 499
11712 11719 428
11713 11713 169
11713 11720 -625
11714 11714 -882
11714 11721 -801
11715 11715 -496
11715 11722 -596
11716 11716 974
11716 11723 -297
11717 11717 -289
11717 11724 225
11718 11718 219
11718 11725 -719
11719 11719 73
11719 11726 97
11720 11720 -768
11720 11727 -820
11721 11721 840
11721 11728 643
11722 11722 232
11722 11729 -175
11723 11723 -517
11723 11730 -778
11724 11724 902
11724 11731 154
11725 11725 -351
11725 11732 562
11726 11726 -662
11726 11733 196
11727 11727 -520
11727 11734 822
11728 11728 258
11728 11735 -758
11729 11729 6
11729 11736 -15
11730 11730 359
11730 11737 -367
11731 11731 -719
11731 11738 109
11732 11732 -945
11732 11739 989
11733 11733 67
11733 11740 562
11734 11734 997
11734 11741 743
11735 11735 -694
11735 11742 -307
11736 11736 61
11736 11743 -358
11737 11737 -312
11737 11744 221
11738 11738 549
11738 11745 599
11739 11739 -405
11739 11746 -109
11740 11740 -580
11740 11747 -172
11741 11741 760
11741 11748 971
11742 11742 128
11742 11749 -262
11743 11743 -189
11743 11750 618
11744 11744 922
11744 11751 52
11745 11745 187
11745 11752 416
11746 11746 -696
11746 11753 375
11747 11747 -941
11747 11754 -541
11748 11748 -456
11748 11755 697
11749 11749 344
11749 11756 -51
11750 11750 149
11750 11757 -843
11751 11751 636
11751 11758 -340
11752 11752 -839
11752 11759 -454
11753 11753 -755
11753 11760 -605
11754 11754 190
11754 11761 183
11755 11755 71
11755 11762 -130
11756 11756 580
11756 11763 561
11757 11757 482
11757 11764 854
11758 11758 900
11758 11765 66
11759 11759 -205
11759 11766 944
11760 11760 -144
11760 11767 168
11761 11761 264
11761 11768 663
11762 11762 -190
11762 11769 506
11763 11763 -207
11763 11770 -922
11764 11764 -817
11764 11771 -524
11765 11765 -79
11765 11772 827
11766 11766 876
11766 11773 -708
11767 11767 789
11767 11774 -484
11768 11768 516
11768 11775 -305
11769 11769 234
11769 11776 422
11770 11770 -293
11770 11777 -275
11771 11771 488
11771 11778 -217
11772 11772 343
11772 11779 -25
11773 11773 -146
11773 11780 275
11774 11774 752
11774 11781 -535
11775 11775 952
11775 11782 54
11776 11776 544
11776 11783 -358
11777 11777 809
11777 11784 -484
11778 11778 -695
11778 11785 603
11779 11779 369
11779 11786 234
11780 11780 -528
11780 11787 446
11781 11781 -283
11781 11788 -608
11782 11782 751
11782 11789 613
11783 11783 -625
11783 11790 -415
11784 11784 -778
11784 11791 720
11785 11785 -395
11785 11792 -526
11786 11786 -50
11786 11793 193
11787 11787 679
11787 11794 696
11788 11788 -872
11788 11795 850
11789 11789 -945
11789 11796 414
11790 11790 666
11790 11797 -218
11791 11791 -887
11791 11798 22
11792 11792 -315
11792 11799 -644
11793 11793 484
11793 11800 651
11794 11794 438
11794 11801 108
11795 11795 -581
11795 11802 637
11796 11796 532
11796 11803 414
11797 11797 327
11797 11804 961
11798 11798 763
11798 11805 -165
11799 11799 57
11799 11806 -560
11800 11800 -995
11800 11807 901
11801 11801 163
11801 11808 366
11802 11802 846
11802 11809 -688
11803 11803 -13
11803 11810 717
11804 11804 28
11804 11811 220
11805 11805 -639
11805 11812 606
11806 11806 642
11806 11813 -756
11807 11807 -790
11807 11814 556
11808 11808 916
11808 11815 -914
11809 11809 410
11809 11816 -786
11810 11810 -521
11810 11817 204
11811 11811 -15
11811 11818 912
11812 11812 766
11812 11819 -58
11813 11813 -28
11813 11820 -810
11814 11814 -867
11814 11821 -181
11815 11815 608
11815 11822 -364
11816 11816 101
11816 11823 -86
11817 11817 -188
11817 11824 -450
11818 11818 679
11818 11825 167
11819 11819 153
11819 11826 226
11820 11820 168
11820 11827 -645
11821 11821 292
11821 11828 -281
11822 11822 -524
11822 11829 -314
11823 11823 81
11823 11830 -879
11824 11824 -770
11824 11831 -927
11825 11825 180
11825 11832 809
11826 11826 -528
11826 11833 67
11827 11827 -655
11827 11834 588
11828 11828 -78
11828 11835 -617
11829 11829 -575
11829 11836 -258
11830 11830 928
11830 11837 178
11831 11831 -851
11831 11838 -39
11832 11832 666
11832 11839 680
11833 11833 565
11833 11840 -888
11834 11834 -328
11834 11841 -80
11835 11835 919
11835 11842 -187
11836 11836 712
11836 11843 821
11837 11837 745
11837 11844 18
11838 11838 905
11838 11845 37
11839 11839 -402
11839 11846 -70
11840 11840 -471
11840 11847 -743
11841 11841 -112
11841 11848 -991
11842 11842 -323
11842 11849 -936
11843 11843 -772
11843 11850 -293
11844 11844 182
11844 11851 -920
11845 11845 809
11845 11852 870
11846 11846 -485
11846 11853 232
11847 11847 -696
11847 11854 236
11848 11848 33
11848 11855 -406
11849 11849 -126
11849 11856 -329
11850 11850 268
11850 11857 -824
11851 11851 -607
11851 11858 -125
11852 11852 191
11852 11859 -577
11853 11853 -762
11853 11860 -613
11854 11854 561
11854 11861 -344
11855 11855 -207
11855 11862 -332
11856 11856 -110
11856 11863 498
11857 11857 -964
11857 11864 813
11858 11858 571
11858 11865 -491
11859 11859 861
11859 11866 -731
11860 11860 738
11860 11867 -162
11861 11861 -586
11861 11868 550
11862 11862 -966
11862 11869 258
11863 11863 -459
11863 11870 -6
11864 11864 657
11864 11871 390
11865 11865 593
11865 11872 287
11866 11866 -430
11866 11873 -390
11867 11867 -725
11867 11874 -95
11868 11868 -511
11868 11875 -524
11869 11869 -736
11869 11876 -643
11870 11870 -408
11870 11877 -123
11871 11871 -659
11871 11878 -683
11872 11872 698
11872 11879 941
11873 11873 -933
11873 11880 -547
11874 11874 143
11874 11881 929
11875 11875 856
11875 11882 301
11876 11876 424
11876 11883 -372
11877 11877 -539
11877 11884 442
11878 11878 -217
11878 11885 521
11879 11879 831
11879 11886 503
11880 11880 737
11880 11887 852
11881 11881 -420
11881 11888 -743
11882 11882 246
11882 11889 924
11883 11883 -28
11883 11890 -988
11884 11884 684
11884 11891 142
11885 11885 21
11885 11892 -162
11886 11886 799
11886 11893 293
11887 11887 760
11887 11894 23
11888 11888 -928
11888 11895 501
11889 11889 56
11889 11896 -383
11890 11890 -775
11890 11897 -278
11891 11891 -579
11891 11898 832
11892 11892 -464
11892 11899 -223
11893 11893 680
11893 11900 112
11894 11894 -95
11894 11901 -46
11895 11895 -861
11895 11902 465
11896 11896 375
11896 11903 660
11897 11897 3
11897 11904 -955
11898 11898 7
11898 11905 290
11899 11899 -713
11899 11906 -977
11900 11900 -443
11900 11907 808
11901 11901 852
11901 11908 770
11902 11902 873
11902 11909 470
11903 11903 417
11903 11910 797
11904 11904 -383
11904 11911 236
11905 11905 -474
11905 11912 596
11906 11906 -872
11906 11913 -626
11907 11907 35
11907 11914 304
11908 11908 954
11908 11915 -720
11909 11909 -609
11909 11916 911
11910 11910 -581
11910 11917 -290
11911 11911 -175
11911 11918 101
11912 11912 -118
11912 11919 -377
11913 11913 246
11913 11920 -600
11914 11914 852
11914 11921 349
11915 11915 682
11915 11922 -254
11916 11916 882
11916 11923 924
11917 11917 -877
11917 11924 -572
11918 11918 610
11918 11925 860
11919 11919 -456
11919 11926 -373
11920 11920 113
11920 11927 991
11921 11921 218
11921 11928 354
11922 11922 -48
11922 11929 -325
11923 11923 -133
11923 11930 523
11924 11924 -391
11924 11931 140
11925 11925 -830
11925 11932 -491
11926 11926 478
11926 11933 958
11927 11927 -188
11927 11934 -404
11928 11928 779
11928 11935 60
11929 11929 328
11929 11936 398
11930 11930 -637
11930 11937 387
11931 11931 -852
11931 11938 -226
11932 11932 713
11932 11939 -517
11933 11933 469
11933 11940 -291
11934 11934 67
11934 11941 -613
11935 11935 899
11935 11942 26
11936 11936 213
11936 11943 -454
11937 11937 -585
11937 11944 525
11938 11938 -119
11938 11945 -442
11939 11939 -984
11939 11946 132
11940 11940 374
11940 11947 -191
11941 11941 -449
11941 11948 624
11942 11942 -33
11942 11949 574
11943 11943 -652
11943 11950 751
11944 11944 -71
11944 11951 999
11945 11945 -925
11945 11952 -246
11946 11946 -275
11946 11953 661
11947 11947 287
11947 11954 235
11948 11948 -970
11948 11955 -309
11949 11949 410
11949 11956 143
11950 11950 -13
11950 11957 -202
11951 11951 -496
11951 11958 6
11952 11952 395
11952 11959 829
11953 11953 -210
11953 11960 853
11954 11954 -308
11954 11961 -534
11955 11955 651
11955 11962 -236
11956 11956 -666
11956 11963 70
11957 11957 658
11957 11964 -25
11958 11958 -933
11958 11965 -326
11959 11959 -4
11959 11966 -488
11960 11960 -384
11960 11967 -131
11961 11961 219
11961 11968 543
11962 11962 -586
11962 11969 582
11963 11963 5
11963 11970 -751
11964 11964 -196
11964 11971 510
11965 11965 -683
11965 11972 -522
11966 11966 3
11966 11973 -604
11967 11967 -387
11967 11974 926
11968 11968 -229
11968 11975 -458
11969 11969 162
11969 11976 79
11970 11970 -679
11970 11977 303
11971 11971 979
11971 11978 346
11972 11972 -312
11972 11979 -701
11973 11973 -120
11973 11980 -163
11974 11974 386
11974 11981 980
11975 11975 -807
11975 11982 -102
11976 11976 -510
11976 11983 -688
11977 11977 -767
11977 11984 -979
11978 11978 -710
11978 11985 132
11979 11979 728
11979 11986 -795
11980 11980 910
11980 11987 -932
11981 11981 -117
11981 11988 -997
11982 11982 623
11982 11989 -172
11983 11983 -175
11983 11990 -55
11984 11984 210
11984 11991 -128
11985 11985 708
11985 11992 153
11986 11986 -530
11986 11993 -36
11987 11987 -686
11987 11994 781
11988 11988 289
11988 11995 -210
11989 11989 679
11989 11996 19
11990 11990 80
11990 11997 -976
11991 11991 932
11991 11998 587
11992 11992 262
11992 11999 107
11993 11993 -80
11993 12000 650
11994 11994 726
11994 12001 918
11995 11995 -625
11995 12002 -528
11996 11996 -825
11996 12003 593
11997 11997 4
11997 12004 -121
11998 11998 -90
11998 12005 167
11999 11999 -881
11999 12006 -409
12000 12000 -714
12000 12007 860
12001 12001 883
12001 12008 409
12002 12002 613
12002 12009 634
12003 12003 -386
12003 12010 353
12004 12004 846
12004 12011 922
12005 12005 68
12005 12012 -974
12006 12006 594
12006 12013 -967
12007 12007 467
12007 12014 187
12008 12008 138
12008 12015 -784
12009 12009 -572
12009 12016 468
12010 12010 -982
12010 12017 734
12011 12011 -204
12011 12018 -605
12012 12012 -518
12012 12019 989
12013 12013 354
12013 12020 450
12014 12014 878
12014 12021 264
12015 12015 824
12015 12022 -45
12016 12016 629
12016 12023 -460
12017 12017 132
12017 12024 872
12018 12018 352
12018 12025 149
12019 12019 485
12019 12026 757
12020 12020 -892
12020 12027 -449
12021 12021 956
12021 12028 -289
12022 12022 -370
12022 12029 631
12023 12023 831
12023 12030 -671
12024 12024 -870
12024 12031 -39
12025 12025 73
12025 12032 -649
12026 12026 -197
12026 12033 732
12027 12027 746
12027 12034 -756
12028 12028 631
12028 12035 -822
12029 12029 497
12029 12036 -717
12030 12030 -774
12030 12037 -318
12031 12031 -804
12031 12038 -197
12032 12032 550
12032 12039 -234
12033 12033 -540
12033 12040 -862
12034 12034 862
12034 12041 -716
12035 12035 -308
12035 12042 -672
12036 12036 752
12036 12043 -414
12037 12037 -773
12037 12044 -423
12038 12038 -487
12038 12045 270
12039 12039 -415
12039 12046 519
12040 12040 708
12040 12047 -427
12041 12041 175
12041 12048 993
12042 12042 -378
12042 12049 -468
12043 12043 959
12043 12050 718
12044 12044 -583
12044 12051 -135
12045 12045 279
12045 12052 490
12046 12046 -137
12046 12053 411
12047 12047 -44
12047 12054 -938
12048 12048 723
12048 12055 -587
12049 12049 909
12049 12056 221
12050 12050 68
12050 12057 646
12051 12051 -896
12051 12058 -566
12052 12052 309
12052 12059 195
12053 12053 -124
12053 12060 -938
12054 12054 644
12054 12061 -506
12055 12055 547
12055 12062 912
12056 12056 750
12056 12063 239
12057 12057 -362
12057 12064 326
12058 12058 720
12058 12065 -540
12059 12059 -378
12059 12066 -391
12060 12060 599
12060 12067 501
12061 12061 917
12061 12068 -245
12062 12062 -497
12062 12069 -37
12063 12063 -326
12063 12070 431
12064 12064 -467
12064 12071 -377
12065 12065 745
12065 12072 389
12066 12066 505
12066 12073 -381
12067 12067 -51
12067 12074 -828
12068 12068 -70
12068 12075 -108
12069 12069 765
12069 12076 459
12070 12070 -287
12070 12077 -156
12071 12071 919
12071 12078 813
12072 12072 919
12072 12079 -770
12073 12073 106
12073 12080 -762
12074 12074 520
12074 12081 -251
12075 12075 695
12075 12082 -41
12076 12076 752
12076 12083 -262
12077 12077 871
12077 12084 -8
12078 12078 -838
12078 12085 -194
12079 12079 715
12079 12086 -41
12080 12080 703
12080 12087 724
12081 12081 -978
12081 12088 527
12082 12082 -186
12082 12089 -952
12083 12083 706
12083 12090 -799
12084 12084 -68
12084 12091 -466
12085 12085 -162
12085 12092 -659
12086 12086 904
12086 12093 -436
12087 12087 -379
12087 12094 459
12088 12088 -711
12088 12095 -785
12089 12089 913
12089 12096 875
12090 12090 974
12090 12097 110
12091 12091 -438
12091 12098 69
12092 12092 -17
12092 12099 -596
12093 12093 -209
12093 12100 -793
12094 12094 266
12094 12101 85
12095 12095 304
12095 12102 103
12096 12096 645
12096 12103 -358
12097 12097 653
12097 12104 -34
12098 12098 40
12098 12105 181
12099 12099 201
12099 12106 -750
12100 12100 -42
12100 12107 806
12101 12101 -578
12101 12108 -873
12102 12102 -408
12102 12109 823
12103 12103 895
12103 12110 -620
12104 12104 -852
12104 12111 647
12105 12105 -540
12105 12112 -194
12106 12106 -367
12106 12113 -318
12107 12107 987
12107 12114 617
12108 12108 29
12108 12115 670
12109 12109 540
12109 12116 931
12110 12110 -551
12110 12117 17
12111 12111 -701
12111 12118 -185
12112 12112 -368
12112 12119 -707
12113 12113 765
12113 12120 453
12114 12114 704
12114 12121 -664
12115 12115 -125
12115 12122 677
12116 12116 122
12116 12123 807
12117 12117 -578
12117 12124 941
12118 12118 590
12118 12125 -216
12119 12119 633
12119 12126 -37
12120 12120 -884
12120 12127 164
12121 12121 630
12121 12128 801
12122 12122 971
12122 12129 429
12123 12123 -93
12123 12130 809
12124 12124 -605
12124 12131 -678
12125 12125 907
12125 12132 -387
12126 12126 360
12126 12133 864
12127 12127 -380
12127 12134 -755
12128 12128 -483
12128 12135 816
12129 12129 781
12129 12136 -50
12130 12130 -88
12130 12137 -306
12131 12131 211
12131 12138 -26
12132 12132 -863
12132 12139 -522
12133 12133 136
12133 12140 -385
12134 12134 -227
12134 12141 -429
12135 12135 384
12135 12142 914
12136 12136 -82
12136 12143 -240
12137 12137 -636
12137 12144 555
12138 12138 -446
12138 12145 561
12139 12139 -828
12139 12146 -701
12140 12140 -575
12140 12147 -241
12141 12141 325
12141 12148 320
12142 12142 676
12142 12149 -256
12143 12143 -657
12143 12150 -649
12144 12144 -363
12144 12151 -371
12145 12145 -393
12145 12152 920
12146 12146 -551
12146 12153 522
12147 12147 592
12147 12154 952
12148 12148 757
12148 12155 -217
12149 12149 -672
12149 12156 617
12150 12150 -785
12150 12157 600
12151 12151 161
12151 12158 -72
12152 12152 505
12152 12159 -175
12153 12153 -331
12153 12160 -625
12154 12154 -451
12154 12161 -457
12155 12155 -154
12155 12162 -345
12156 12156 -583
12156 12163 -947
12157 12157 -970
12157 12164 691
12158 12158 -491
12158 12165 -820
12159 12159 557
12159 12166 -384
12160 12160 694
12160 12167 617
12161 12161 -23
12161 12168 -559
12162 12162 -983
12162 12169 -286
12163 12163 933
12163 12170 435
12164 12164 -352
12164 12171 -367
12165 12165 -83
12165 12172 770
12166 12166 434
12166 12173 -170
12167 12167 -177
12167 12174 -205
12168 12168 -561
12168 12175 897
12169 12169 -167
12169 12176 636
12170 12170 -269
12170 12177 242
12171 12171 -274
12171 12178 935
12172 12172 -346
12172 12179 120
12173 12173 -150
12173 12180 -617
12174 12174 -382
12174 12181 -17
12175 12175 -579
12175 12182 1
12176 12176 -317
12176 12183 -705
12177 12177 79
12177 12184 -756
12178 12178 -969
12178 12185 -249
12179 12179 546
12179 12186 -537
12180 12180 -473
12180 12187 718
12181 12181 944
12181 12188 811
12182 12182 909
12182 12189 258
12183 12183 -638
12183 12190 704
12184 12184 59
12184 12191 133
12185 12185 -875
12185 12192 -547
12186 12186 284
12186 12193 375
12187 12187 -536
12187 12194 -140
12188 12188 -998
12188 12195 675
12189 12189 361
12189 12196 -432
12190 12190 -909
12190 12197 261
12191 12191 -632
12191 12198 235
12192 12192 -906
12192 12199 424
12193 12193 -981
12193 12200 -149
12194 12194 918
12194 12201 808
12195 12195 -124
12195 12202 -541
12196 12196 77
12196 12203 499
12197 12197 565
12197 12204 -689
12198 12198 -180
12198 12205 289
12199 12199 37
12199 12206 195
12200 12200 297
12200 12207 359
12201 12201 -762
12201 12208 -837
12202 12202 286
12202 12209 -631
12203 12203 733
12203 12210 319
12204 12204 -59
12204 12211 -110
12205 12205 225
12205 12212 229
12206 12206 -535
12206 12213 -583
12207 12207 56
12207 12214 -562
12208 12208 314
12208 12215 -803
12209 12209 110
12209 12216 700
12210 12210 36
12210 12217 275
12211 12211 -119
12211 12218 50
12212 12212 -740
12212 12219 546
12213 12213 -934
12213 12220 891
12214 12214 -25
12214 12221 19
12215 12215 -529
12215 12222 701
12216 12216 -175
12216 12223 -216
12217 12217 -965
12217 12224 516
12218 12218 521
12218 12225 -282
12219 12219 -138
12219 12226 -902
12220 12220 -715
12220 12227 938
12221 12221 474
12221 12228 -532
12222 12222 -871
12222 12229 -134
12223 12223 936
12223 12230 925
12224 12224 -618
12224 12231 -654
12225 12225 455
12225 12232 -660
12226 12226 451
12226 12233 244
12227 12227 304
12227 12234 -604
12228 12228 -514
12228 12235 76
12229 12229 446
12229 12236 -500
12230 12230 518
12230 12237 933
12231 12231 -17
12231 12238 -142
12232 12232 278
12232 12239 939
12233 12233 -306
12233 12240 29
12234 12234 -9
12234 12241 397
12235 12235 742
12235 12242 535
12236 12236 660
12236 12243 106
12237 12237 304
12237 12244 448
12238 12238 30
12238 12245 -389
12239 12239 959
12239 12246 418
12240 12240 602
12240 12247 335
12241 12241 653
12241 12248 875
12242 12242 453
12242 12249 483
12243 12243 -124
12243 12250 -380
12244 12244 52
12244 12251 -740
12245 12245 -854
12245 12252 332
12246 12246 898
12246 12253 353
12247 12247 955
12247 12254 589
12248 12248 -2
12248 12255 -831
12249 12249 895
12249 12256 110
12250 12250 426
12250 12257 -281
12251 12251 870
12251 12258 679
12252 12252 -726
12252 12259 -230
12253 12253 131
12253 12260 95
12254 12254 -309
12254 12261 810
12255 12255 -519
12255 12262 505
12256 12256 -441
12256 12263 -436
12257 12257 206
12257 12264 -515
12258 12258 -406
12258 12265 261
12259 12259 113
12259 12266 89
12260 12260 -614
12260 12267 -963
12261 12261 161
12261 12268 944
12262 12262 131
12262 12269 -341
12263 12263 450
12263 12270 391
12264 12264 -345
12264 12271 -629
12265 12265 810
12265 12272 -241
12266 12266 -284
12266 12273 986
12267 12267 268
12267 12274 -871
12268 12268 136
12268 12275 -666
12269 12269 -449
12269 12276 197
12270 12270 606
12270 12277 -651
12271 12271 577
12271 12278 314
12272 12272 778
12272 12279 -455
12273 12273 780
12273 12280 719
12274 12274 280
12274 12281 -724
12275 12275 315
12275 12282 -690
12276 12276 -979
12276 12283 -515
12277 12277 852
12277 12284 -686
12278 12278 278
12278 12285 119
12279 12279 -651
12279 12286 -754
12280 12280 269
12280 12287 -680
12281 12281 -468
12281 12288 -915
12282 12282 569
12282 12289 683
12283 12283 878
12283 12290 900
12284 12284 23
12284 12291 -137
12285 12285 816
12285 12292 37
12286 12286 -549
12286 12293 -93
12287 12287 466
12287 12294 727
12288 12288 227
12288 12295 -879
12289 12289 -951
12289 12296 658
12290 12290 -206
12290 12297 67
12291 12291 918
12291 12298 -366
12292 12292 10
12292 12299 76
12293 12293 575
12293 12300 547
12294 12294 241
12294 12301 -376
12295 12295 -324
12295 12302 675
12296 12296 424
12296 12303 203
12297 12297 -820
12297 12304 -595
12298 12298 -855
12298 12305 -927
12299 12299 -630
12299 12306 673
12300 12300 862
12300 12307 -266
12301 12301 -590
12301 12308 -791
12302 12302 -967
12302 12309 -53
12303 12303 825
12303 12310 898
12304 12304 -60
12304 12311 -352
12305 12305 417
12305 12312 -801
12306 12306 -451
12306 12313 -418
12307 12307 -494
12307 12314 751
12308 12308 545
12308 12315 36
12309 12309 971
12309 12316 -499
12310 12310 663
12310 12317 -264
12311 12311 -317
12311 12318 664
12312 12312 -88
12312 12319 -379
12313 12313 -299
12313 12320 315
12314 12314 230
12314 12321 834
12315 12315 -816
12315 12322 849
12316 12316 -931
12316 12323 191
12317 12317 -476
12317 12324 278
12318 12318 465
12318 12325 -762
12319 12319 535
12319 12326 -37
12320 12320 712
12320 12327 964
12321 12321 -599
12321 12328 309
12322 12322 293
12322 12329 658
12323 12323 -377
12323 12330 53
12324 12324 300
12324 12331 -395
12325 12325 712
12325 12332 287
12326 12326 -960
12326 12333 587
12327 12327 811
12327 12334 -626
12328 12328 143
12328 12335 359
12329 12329 -726
12329 12336 293
12330 12330 -438
12330 12337 -126
12331 12331 582
12331 12338 204
12332 12332 -614
12332 12339 -813
12333 12333 -755
12333 12340 -714
12334 12334 -308
12334 12341 572
12335 12335 874
12335 12342 -656
12336 12336 458
12336 12343 216
12337 12337 -934
12337 12344 382
12338 12338 355
12338 12345 -188
12339 12339 440
12339 12346 -297
12340 12340 -959
12340 12347 781
12341 12341 -711
12341 12348 -181
12342 12342 527
12342 12349 730
12343 12343 460
12343 12350 -416
12344 12344 15
12344 12351 825
12345 12345 550
12345 12352 553
12346 12346 439
12346 12353 -463
12347 12347 -685
12347 12354 -566
12348 12348 -468
12348 12355 441
12349 12349 173
12349 12356 95
12350 12350 -662
12350 12357 -545
12351 12351 -965
12351 12358 297
12352 12352 910
12352 12359 572
12353 12353 688
12353 12360 -365
12354 12354 802
12354 12361 266
12355 12355 -653
12355 12362 -583
12356 12356 373
12356 12363 958
12357 12357 -235
12357 12364 139
12358 12358 787
12358 12365 -604
12359 12359 -895
12359 12366 360
12360 12360 -674
12360 12367 472
12361 12361 779
12361 12368 964
12362 12362 -228
12362 12369 -666
12363 12363 -862
12363 12370 -799
12364 12364 330
12364 12371 -88
12365 12365 -974
12365 12372 366
12366 12366 515
12366 12373 -963
12367 12367 -921
12367 12374 -766
12368 12368 -25
12368 12375 -125
12369 12369 14
12369 12376 761
12370 12370 634
12370 12377 -349
12371 12371 741
12371 12378 763
12372 12372 -527
12372 12379 828
12373 12373 -696
12373 12380 274
12374 12374 -80
12374 12381 746
12375 12375 -548
12375 12382 549
12376 12376 819
12376 12383 91
12377 12377 474
12377 12384 708
12378 12378 599
12378 12385 198
12379 12379 408
12379 12386 17
12380 12380 -53
12380 12387 136
12381 12381 96
12381 12388 -919
12382 12382 491
12382 12389 -718
12383 12383 459
12383 12390 660
12384 12384 713
12384 12391 -739
12385 12385 -900
12385 12392 -856
12386 12386 -657
12386 12393 -261
12387 12387 -365
12387 12394 -529
12388 12388 -574
12388 12395 -736
12389 12389 -653
12389 12396 -856
12390 12390 767
12390 12397 967
12391 12391 -981
12391 12398 469
12392 12392 922
12392 12399 438
12393 12393 -640
12393 12400 -505
12394 12394 -826
12394 12401 982
12395 12395 -889
12395 12402 -229
12396 12396 -632
12396 12403 862
12397 12397 -590
12397 12404 203
12398 12398 372
12398 12405 -330
12399 12399 -359
12399 12406 776
12400 12400 -714
12400 12407 -955
12401 12401 328
12401 12408 262
12402 12402 -570
12402 12409 513
12403 12403 995
12403 12410 -501
12404 12404 -856
12404 12411 -20
12405 12405 604
12405 12412 873
12406 12406 696
12406 12413 575
12407 12407 730
12407 12414 -505
12408 12408 -507
12408 12415 911
12409 12409 125
12409 12416 647
12410 12410 -877
12410 12417 -108
12411 12411 -995
12411 12418 60
12412 12412 846
12412 12419 117
12413 12413 -69
12413 12420 -123
12414 12414 9
12414 12421 -248
12415 12415 520
12415 12422 48
12416 12416 -317
12416 12423 -233
12417 12417 674
12417 12424 883
12418 12418 585
12418 12425 358
12419 12419 -141
12419 12426 12
12420 12420 1
12420 12427 644
12421 12421 855
12421 12428 -664
12422 12422 -268
12422 12429 855
12423 12423 -743
12423 12430 -815
12424 12424 664
12424 12431 4
12425 12425 528
12425 12432 472
12426 12426 519
12426 12433 -247
12427 12427 -244
12427 12434 71
12428 12428 838
12428 12435 733
12429 12429 604
12429 12436 -669
12430 12430 -172
12430 12437 390
12431 12431 -415
12431 12438 -672
12432 12432 -885
12432 12439 -855
12433 12433 -795
12433 12440 -45
12434 12434 -810
12434 12441 -515
12435 12435 -663
12435 12442 270
12436 12436 -812
12436 12443 540
12437 12437 -811
12437 12444 -789
12438 12438 -906
12438 12445 -616
12439 12439 -991
12439 12446 85
12440 12440 33
12440 12447 -34
12441 12441 -494
12441 12448 683
12442 12442 -828
12442 12449 194
12443 12443 -155
12443 12450 -12
12444 12444 -597
12444 12451 494
12445 12445 -719
12445 12452 118
12446 12446 -82
12446 12453 -22
12447 12447 966
12447 12454 836
12448 12448 46
12448 12455 393
12449 12449 -965
12449 12456 581
12450 12450 -157
12450 12457 238
12451 12451 878
12451 12458 -888
12452 12452 -725
12452 12459 247
12453 12453 -928
12453 12460 -337
12454 12454 -662
12454 12461 244
12455 12455 326
12455 12462 -40
12456 12456 825
12456 12463 -248
12457 12457 -700
12457 12464 524
12458 12458 -284
12458 12465 -717
12459 12459 -207
12459 12466 740
12460 12460 -858
12460 12467 -587
12461 12461 -534
12461 12468 -235
12462 12462 407
12462 12469 616
12463 12463 -738
12463 12470 -2
12464 12464 466
12464 12471 -720
12465 12465 -758
12465 12472 93
12466 12466 178
12466 12473 -918
12467 12467 818
12467 12474 -562
12468 12468 802
12468 12475 -105
12469 12469 -878
12469 12476 -733
12470 12470 -657
12470 12477 -546
12471 12471 -946
12471 12478 368
12472 12472 472
12472 12479 362
12473 12473 363
12473 12480 -859
12474 12474 -253
12474 12481 311
12475 12475 418
12475 12482 318
12476 12476 -647
12476 12483 155
12477 12477 -144
12477 12484 -289
12478 12478 706
12478 12485 -70
12479 12479 761
12479 12486 -865
12480 12480 -806
12480 12487 65
12481 12481 455
12481 12488 89
12482 12482 -278
12482 12489 333
12483 12483 -615
12483 12490 488
12484 12484 938
12484 12491 65
12485 12485 -641
12485 12492 382
12486 12486 -437
12486 12493 406
12487 12487 944
12487 12494 -351
12488 12488 698
12488 12495 -100
12489 12489 731
12489 12496 -243
12490 12490 -563
12490 12497 -737
12491 12491 24
12491 12498 -737
12492 12492 -204
12492 12499 -224
12493 12493 -996
12493 12500 340
12494 12494 -427
12494 12501 516
12495 12495 528
12495 12502 -664
12496 12496 -573
12496 12503 346
12497 12497 -425
12497 12504 -365
12498 12498 -223
12498 12505 -874
12499 12499 19
12499 12506 899
12500 12500 -255
12500 12507 -324
12501 12501 450
12501 12508 543
12502 12502 -419
12502 12509 -129
12503 12503 343
12503 12510 909
12504 12504 -974
12504 12511 829
12505 12505 334
12505 12512 100
12506 12506 744
12506 12513 -119
12507 12507 620
12507 12514 -432
12508 12508 -4
12508 12515 752
12509 12509 -972
12509 12516 155
12510 12510 -298
12510 12517 466
12511 12511 776
12511 12518 -595
12512 12512 -323
12512 12519 630
12513 12513 300
12513 12520 563
12514 12514 697
12514 12521 811
12515 12515 -708
12515 12522 710
12516 12516 -703
12516 12523 285
12517 12517 -56
12517 12524 877
12518 12518 -803
12518 12525 978
12519 12519 -201
12519 12526 -865
12520 12520 -817
12520 12527 -310
12521 12521 -846
12521 12528 551
12522 12522 878
12522 12529 -93
12523 12523 -374
12523 12530 439
12524 12524 -148
12524 12531 466
12525 12525 -59
12525 12532 -182
12526 12526 -11
12526 12533 -221
12527 12527 -745
12527 12534 -492
12528 12528 930
12528 12535 -641
12529 12529 -488
12529 12536 -912
12530 12530 -776
12530 12537 829
12531 12531 54
12531 12538 -615
12532 12532 -870
12532 12539 -319
12533 12533 -36
12533 12540 -135
12534 12534 576
12534 12541 -221
12535 12535 -603
12535 12542 270
12536 12536 324
12536 12543 55
12537 12537 52
12537 12544 724
12538 12538 -841
12538 12545 -928
12539 12539 399
12539 12546 584
12540 12540 -327
12540 12547 -755
12541 12541 -848
12541 12548 668
12542 12542 524
12542 12549 -329
12543 12543 599
12543 12550 -229
12544 12544 627
12544 12551 995
12545 12545 561
12545 12552 211
12546 12546 -326
12546 12553 923
12547 12547 -833
12547 12554 -566
12548 12548 -41
12548 12555 -960
12549 12549 -246
12549 12556 830
12550 12550 -83
12550 12557 50
12551 12551 766
12551 12558 -863
12552 12552 766
12552 12559 224
12553 12553 985
12553 12560 -381
12554 12554 -999
12554 12561 -205
12555 12555 -730
12555 12562 894
12556 12556 -569
12556 12563 -950
12557 12557 93
12557 12564 489
12558 12558 -169
12558 12565 -463
12559 12559 787
12559 12566 -395
12560 12560 448
12560 12567 -892
12561 12561 631
12561 12568 -304
12562 12562 -83
12562 12569 -829
12563 12563 -672
12563 12570 -225
12564 12564 -65
12564 12571 -459
12565 12565 765
12565 12572 76
12566 12566 -952
12566 12573 666
12567 12567 632
12567 12574 557
12568 12568 -397
12568 12575 -340
12569 12569 -850
12569 12576 -668
12570 12570 281
12570 12577 -392
12571 12571 -167
12571 12578 633
12572 12572 -392
12572 12579 694
12573 12573 -41
12573 12580 77
12574 12574 321
12574 12581 489
12575 12575 709
12575 12582 606
12576 12576 -886
12576 12583 -628
12577 12577 226
12577 12584 709
12578 12578 135
12578 12585 -787
12579 12579 951
12579 12586 746
12580 12580 -14
12580 12587 422
12581 12581 490
12581 12588 910
12582 12582 -66
12582 12589 618
12583 12583 864
12583 12590 536
12584 12584 -85
12584 12591 -678
12585 12585 519
12585 12592 -465
12586 12586 -875
12586 12593 -852
12587 12587 701
12587 12594 -675
12588 12588 -279
12588 12595 392
12589 12589 227
12589 12596 677
12590 12590 908
12590 12597 934
12591 12591 44
12591 12598 384
12592 12592 -186
12592 12599 -376
12593 12593 817
12593 12600 153
12594 12594 693
12594 12601 -53
12595 12595 368
12595 12602 295
12596 12596 -624
12596 12603 27
12597 12597 731
12597 12604 -293
12598 12598 -307
12598 12605 -536
12599 12599 379
12599 12606 730
12600 12600 -807
12600 12607 121
12601 12601 -226
12601 12608 -764
12602 12602 -739
12602 12609 -635
12603 12603 -296
12603 12610 237
12604 12604 184
12604 12611 635
12605 12605 -23
12605 12612 -643
12606 12606 444
12606 12613 142
12607 12607 931
12607 12614 -647
12608 12608 -12
12608 12615 -222
12609 12609 110
12609 12616 450
12610 12610 85
12610 12617 135
12611 12611 894
12611 12618 -143
12612 12612 -714
12612 12619 -963
12613 12613 -441
12613 12620 146
12614 12614 -348
12614 12621 -830
12615 12615 -185
12615 12622 8
12616 12616 -96
12616 12623 -34
12617 12617 357
12617 12624 765
12618 12618 316
12618 12625 824
12619 12619 461
12619 12626 139
12620 12620 535
12620 12627 -865
12621 12621 269
12621 12628 -379
12622 12622 430
12622 12629 -306
12623 12623 109
12623 12630 94
12624 12624 365
12624 12631 447
12625 12625 -899
12625 12632 -614
12626 12626 748
12626 12633 20
12627 12627 -279
12627 12634 -387
12628 12628 735
12628 12635 240
12629 12629 -90
12629 12636 280
12630 12630 -588
12630 12637 -671
12631 12631 896
12631 12638 -748
12632 12632 -621
12632 12639 819
12633 12633 -213
12633 12640 154
12634 12634 425
12634 12641 -303
12635 12635 479
12635 12642 766
12636 12636 311
12636 12643 490
12637 12637 410
12637 12644 227
12638 12638 -387
12638 12645 347
12639 12639 -345
12639 12646 -483
12640 12640 -824
12640 12647 -2
12641 12641 105
12641 12648 -668
12642 12642 -770
12642 12649 -220
12643 12643 -789
12643 12650 -496
12644 12644 -62
12644 12651 672
12645 12645 725
12645 12652 -382
12646 12646 -675
12646 12653 -328
12647 12647 -299
12647 12654 287
12648 12648 -986
12648 12655 356
12649 12649 -322
12649 12656 111
12650 12650 -470
12650 12657 214
12651 12651 908
12651 12658 583
12652 12652 -469
12652 12659 -375
12653 12653 -649
12653 12660 -327
12654 12654 490
12654 12661 -486
12655 12655 -238
12655 12662 647
12656 12656 -763
12656 12663 -250
12657 12657 -572
12657 12664 350
12658 12658 -872
12658 12665 -679
12659 12659 60
12659 12666 240
12660 12660 965
12660 12667 -927
12661 12661 -399
12661 12668 792
12662 12662 588
12662 12669 401
12663 12663 691
12663 12670 484
12664 12664 902
12664 12671 -788
12665 12665 16
12665 12672 -141
12666 12666 171
12666 12673 -699
12667 12667 143
12667 12674 841
12668 12668 533
12668 12675 936
12669 12669 -743
12669 12676 -882
12670 12670 419
12670 12677 600
12671 12671 -221
12671 12678 -399
12672 12672 -598
12672 12679 594
12673 12673 701
12673 12680 -846
12674 12674 -377
12674 12681 -404
12675 12675 -40
12675 12682 -691
12676 12676 11
12676 12683 602
12677 12677 -175
12677 12684 337
12678 12678 73
12678 12685 364
12679 12679 258
12679 12686 -527
12680 12680 23
12680 12687 -260
12681 12681 -144
12681 12688 485
12682 12682 -369
12682 12689 -970
12683 12683 -656
12683 12690 798
12684 12684 -521
12684 12691 -430
12685 12685 976
12685 12692 934
12686 12686 -729
12686 12693 673
12687 12687 -342
12687 12694 794
12688 12688 408
12688 12695 -571
12689 12689 -890
12689 12696 793
12690 12690 151
12690 12697 -6
12691 12691 -710
12691 12698 753
12692 12692 493
12692 12699 -444
12693 12693 221
12693 12700 205
12694 12694 -862
12694 12701 -456
12695 12695 331
12695 12702 -331
12696 12696 -953
12696 12703 -801
12697 12697 157
12697 12704 162
12698 12698 618
12698 12705 -605
12699 12699 634
12699 12706 -697
12700 12700 250
12700 12707 -306
12701 12701 -451
12701 12708 -837
12702 12702 235
12702 12709 866
12703 12703 489
12703 12710 -153
12704 12704 -6
12704 12711 -32
12705 12705 -282
12705 12712 -692
12706 12706 780
12706 12713 -548
12707 12707 888
12707 12714 303
12708 12708 -948
12708 12715 -150
12709 12709 -310
12709 12716 -948
12710 12710 -723
12710 12717 -541
12711 12711 489
12711 12718 919
12712 12712 415
12712 12719 42
12713 12713 444
12713 12720 -581
12714 12714 -338
12714 12721 515
12715 12715 -941
12715 12722 -115
12716 12716 187
12716 12723 977
12717 12717 44
12717 12724 -268
12718 12718 -44
12718 12725 771
12719 12719 -522
12719 12726 514
12720 12720 282
12720 12727 -589
12721 12721 823
12721 12728 -97
12722 12722 546
12722 12729 237
12723 12723 -976
12723 12730 -376
12724 12724 645
12724 12731 -4
12725 12725 941
12725 12732 496
12726 12726 -317
12726 12733 469
12727 12727 -669
12727 12734 -179
12728 12728 553
12728 12735 986
12729 12729 -298
12729 12736 879
12730 12730 278
12730 12737 667
12731 12731 973
12731 12738 -19
12732 12732 -949
12732 12739 792
12733 12733 -153
12733 12740 -900
12734 12734 -876
12734 12741 -149
12735 12735 581
12735 12742 510
12736 12736 686
12736 12743 291
12737 12737 -507
12737 12744 -953
12738 12738 -317
12738 12745 199
12739 12739 -831
12739 12746 -112
12740 12740 783
12740 12747 -657
12741 12741 -22
12741 12748 85
12742 12742 -690
12742 12749 84
12743 12743 466
12743 12750 -440
12744 12744 644
12744 12751 852
12745 12745 -558
12745 12752 204
12746 12746 -390
12746 12753 -289
12747 12747 -15
12747 12754 896
12748 12748 232
12748 12755 -572
12749 12749 -825
12749 12756 -910
12750 12750 165
12750 12757 -411
12751 12751 149
12751 12758 796
12752 12752 -561
12752 12759 -243
12753 12753 762
12753 12760 -301
12754 12754 -186
12754 12761 -925
12755 12755 295
12755 12762 855
12756 12756 -143
12756 12763 -526
12757 12757 -213
12757 12764 305
12758 12758 666
12758 12765 -914
12759 12759 -958
12759 12766 509
12760 12760 350
12760 12767 -850
12761 12761 -500
12761 12768 813
12762 12762 806
12762 12769 89
12763 12763 523
12763 12770 -960
12764 12764 295
12764 12771 -383
12765 12765 -779
12765 12772 682
12766 12766 881
12766 12773 -5
12767 12767 736
12767 12774 124
12768 12768 991
12768 12775 347
12769 12769 54
12769 12776 893
12770 12770 618
12770 12777 -339
12771 12771 201
12771 12778 600
12772 12772 56
12772 12779 -327
12773 12773 -188
12773 12780 -665
12774 12774 -97
12774 12781 479
12775 12775 139
12775 12782 70
12776 12776 914
12776 12783 153
12777 12777 391
12777 12784 -330
12778 12778 -883
12778 12785 332
12779 12779 636
12779 12786 178
12780 12780 515
12780 12787 583
12781 12781 288
12781 12788 -820
12782 12782 -670
12782 12789 -116
12783 12783 544
12783 12790 -991
12784 12784 -215
12784 12791 666
12785 12785 -794
12785 12792 -573
12786 12786 120
12786 12793 -569
12787 12787 -546
12787 12794 -292
12788 12788 -462
12788 12795 -458
12789 12789 -327
12789 12796 549
12790 12790 370
12790 12797 2
12791 12791 -130
12791 12798 250
12792 12792 815
12792 12799 589
12793 12793 594
12793 12800 776
12794 12794 -535
12794 12801 -717
12795 12795 584
12795 12802 864
12796 12796 533
12796 12803 -541
12797 12797 770
12797 12804 -726
12798 12798 134
12798 12805 -324
12799 12799 868
12799 12806 -12
12800 12800 465
12800 12807 56
12801 12801 672
12801 12808 894
12802 12802 105
12802 12809 -291
12803 12803 -959
12803 12810 -561
12804 12804 71
12804 12811 -899
12805 12805 -174
12805 12812 -124
12806 12806 491
12806 12813 235
12807 12807 -495
12807 12814 138
12808 12808 -68
12808 12815 -428
12809 12809 -897
12809 12816 -24
12810 12810 256
12810 12817 -408
12811 12811 -148
12811 12818 6
12812 12812 576
12812 12819 516
12813 12813 -480
12813 12820 -531
12814 12814 -831
12814 12821 441
12815 12815 -269
12815 12822 715
12816 12816 -474
12816 12823 -311
12817 12817 718
12817 12824 179
12818 12818 -774
12818 12825 714
12819 12819 -732
12819 12826 528
12820 12820 -116
12820 12827 -192
12821 12821 825
12821 12828 -559
12822 12822 -861
12822 12829 -49
12823 12823 145
12823 12830 117
12824 12824 -428
12824 12831 -810
12825 12825 35
12825 12832 -688
12826 12826 -888
12826 12833 766
12827 12827 -306
12827 12834 -59
12828 12828 -398
12828 12835 730
12829 12829 -14
12829 12836 819
12830 12830 156
12830 12837 585
12831 12831 71
12831 12838 433
12832 12832 -966
12832 12839 -489
12833 12833 867
12833 12840 -366
12834 12834 812
12834 12841 -773
12835 12835 847
12835 12842 -957
12836 12836 739
12836 12843 -869
12837 12837 -973
12837 12844 389
12838 12838 -666
12838 12845 629
12839 12839 512
12839 12846 208
12840 12840 -98
12840 12847 764
12841 12841 -898
12841 12848 -673
12842 12842 -89
12842 12849 -449
12843 12843 -558
12843 12850 -525
12844 12844 185
12844 12851 675
12845 12845 115
12845 12852 -993
12846 12846 -557
12846 12853 850
12847 12847 -809
12847 12854 650
12848 12848 935
12848 12855 1
12849 12849 -539
12849 12856 -117
12850 12850 642
12850 12857 315
12851 12851 763
12851 12858 809
12852 12852 -512
12852 12859 -480
12853 12853 -968
12853 12860 572
12854 12854 765
12854 12861 75
12855 12855 273
12855 12862 -782
12856 12856 -25
12856 12863 -140
12857 12857 -202
12857 12864 678
12858 12858 593
12858 12865 -563
12859 12859 988
12859 12866 -257
12860 12860 338
12860 12867 -153
12861 12861 -437
12861 12868 -175
12862 12862 -872
12862 12869 -277
12863 12863 67
12863 12870 988
12864 12864 -878
12864 12871 817
12865 12865 256
12865 12872 348
12866 12866 -254
12866 12873 208
12867 12867 -284
12867 12874 -584
12868 12868 763
12868 12875 -489
12869 12869 872
12869 12876 -133
12870 12870 407
12870 12877 -978
12871 12871 -486
12871 12878 149
12872 12872 713
12872 12879 384
12873 12873 -874
12873 12880 -353
12874 12874 -100
12874 12881 432
12875 12875 -999
12875 12882 757
12876 12876 -855
12876 12883 -422
12877 12877 -270
12877 12884 -461
12878 12878 -511
12878 12885 763
12879 12879 256
12879 12886 140
12880 12880 923
12880 12887 -575
12881 12881 -313
12881 12888 -909
12882 12882 436
12882 12889 135
12883 12883 9
12883 12890 -29
12884 12884 875
12884 12891 -183
12885 12885 -981
12885 12892 -231
12886 12886 -89
12886 12893 -415
12887 12887 867
12887 12894 389
12888 12888 89
12888 12895 -759
12889 12889 404
12889 12896 116
12890 12890 84
12890 12897 527
12891 12891 -314
12891 12898 -333
12892 12892 206
12892 12899 -751
12893 12893 595
12893 12900 -5
12894 12894 -879
12894 12901 -488
12895 12895 -151
12895 12902 -976
12896 12896 742
12896 12903 -235
12897 12897 286
12897 12904 -798
12898 12898 514
12898 12905 -648
12899 12899 804
12899 12906 82
12900 12900 -460
12900 12907 -49
12901 12901 -100
12901 12908 369
12902 12902 369
12902 12909 985
12903 12903 -999
12903 12910 196
12904 12904 -883
12904 12911 -109
12905 12905 -158
12905 12912 -874
12906 12906 -759
12906 12913 -613
12907 12907 -497
12907 12914 169
12908 12908 524
12908 12915 518
12909 12909 662
12909 12916 -548
12910 12910 -380
12910 12917 -176
12911 12911 -554
12911 12918 -499
12912 12912 -304
12912 12919 -588
12913 12913 -506
12913 12920 -276
12914 12914 -260
12914 12921 -777
12915 12915 270
12915 12922 -705
12916 12916 -88
12916 12923 -176
12917 12917 665
12917 12924 -102
12918 12918 -138
12918 12925 -184
12919 12919 -420
12919 12926 -886
12920 12920 547
12920 12927 -851
12921 12921 580
12921 12928 941
12922 12922 -687
12922 12929 338
12923 12923 927
12923 12930 861
12924 12924 276
12924 12931 -717
12925 12925 -484
12925 12932 -136
12926 12926 274
12926 12933 -79
12927 12927 525
12927 12934 759
12928 12928 865
12928 12935 237
12929 12929 135
12929 12936 99
12930 12930 412
12930 12937 658
12931 12931 -780
12931 12938 -616
12932 12932 -359
12932 12939 -628
12933 12933 -756
12933 12940 -151
12934 12934 94
12934 12941 768
12935 12935 -787
12935 12942 95
12936 12936 254
12936 12943 828
12937 12937 -731
12937 12944 -206
12938 12938 947
12938 12945 -731
12939 12939 -325
12939 12946 -169
12940 12940 437
12940 12947 562
12941 12941 583
12941 12948 174
12942 12942 -82
12942 12949 -853
12943 12943 -593
12943 12950 459
12944 12944 307
12944 12951 726
12945 12945 515
12945 12952 150
12946 12946 514
12946 12953 -49
12947 12947 825
12947 12954 834
12948 12948 610
12948 12955 -72
12949 12949 768
12949 12956 -176
12950 12950 -291
12950 12957 147
12951 12951 -139
12951 12958 904
12952 12952 941
12952 12959 -214
12953 12953 -161
12953 12960 574
12954 12954 -93
12954 12961 268
12955 12955 -45
12955 12962 323
12956 12956 -624
12956 12963 -182
12957 12957 369
12957 12964 -855
12958 12958 278
12958 12965 678
12959 12959 471
12959 12966 -311
12960 12960 472
12960 12967 -208
12961 12961 -464
12961 12968 -194
12962 12962 219
12962 12969 -932
12963 12963 -911
12963 12970 25
12964 12964 338
12964 12971 248
12965 12965 453
12965 12972 -162
12966 12966 630
12966 12973 -15
12967 12967 -220
12967 12974 616
12968 12968 891
12968 12975 504
12969 12969 467
12969 12976 -575
12970 12970 188
12970 12977 947
12971 12971 -738
12971 12978 802
12972 12972 880
12972 12979 668
12973 12973 -514
12973 12980 979
12974 12974 -586
12974 12981 -565
12975 12975 117
12975 12982 712
12976 12976 -888
12976 12983 506
12977 12977 615
12977 12984 -455
12978 12978 503
12978 12985 -120
12979 12979 927
12979 12986 -748
12980 12980 711
12980 12987 840
12981 12981 479
12981 12988 -886
12982 12982 -605
12982 12989 71
12983 12983 -810
12983 12990 -219
12984 12984 685
12984 12991 -519
12985 12985 669
12985 12992 572
12986 12986 -900
12986 12993 763
12987 12987 952
12987 12994 -863
12988 12988 941
12988 12995 125
12989 12989 -701
12989 12996 6
12990 12990 -788
12990 12997 963
12991 12991 -892
12991 12998 594
12992 12992 -227
12992 12999 16
12993 12993 702
12993 13000 -220
12994 12994 524
12994 13001 -360
12995 12995 407
12995 13002 -868
12996 12996 946
12996 13003 -622
12997 12997 -271
12997 13004 424
12998 12998 -488
12998 13005 -278
12999 12999 609
12999 13006 -48
13000 13000 613
13000 13007 -526
13001 13001 729
13001 13008 291
13002 13002 691
13002 13009 746
13003 13003 7
13003 13010 -579
13004 13004 231
13004 13011 -116
13005 13005 667
13005 13012 238
13006 13006 -55
13006 13013 451
13007 13007 -51
13007 13014 299
13008 13008 865
13008 13015 672
13009 13009 -502
13009 13016 -437
13010 13010 775
13010 13017 441
13011 13011 -1
13011 13018 -18
13012 13012 -576
13012 13019 -379
13013 13013 375
13013 13020 -770
13014 13014 -104
13014 13021 -915
13015 13015 -983
13015 13022 614
13016 13016 -198
13016 13023 1
13017 13017 453
13017 13024 615
13018 13018 -322
13018 13025 -674
13019 13019 -818
13019 13026 19
13020 13020 321
13020 13027 612
13021 13021 -250
13021 13028 -654
13022 13022 -589
13022 13029 508
13023 13023 259
13023 13030 689
13024 13024 -443
13024 13031 -663
13025 13025 207
13025 13032 213
13026 13026 -726
13026 13033 -567
13027 13027 -631
13027 13034 438
13028 13028 735
13028 13035 -325
13029 13029 -997
13029 13036 951
13030 13030 -317
13030 13037 161
13031 13031 981
13031 13038 13
13032 13032 440
13032 13039 -542
13033 13033 -237
13033 13040 -200
13034 13034 -561
13034 13041 320
13035 13035 419
13035 13042 -414
13036 13036 654
13036 13043 423
13037 13037 -633
13037 13044 -546
13038 13038 386
13038 13045 184
13039 13039 -971
13039 13046 -564
13040 13040 77
13040 13047 266
13041 13041 -994
13041 13048 -556
13042 13042 892
13042 13049 -748
13043 13043 -987
13043 13050 345
13044 13044 57
13044 13051 781
13045 13045 657
13045 13052 -996
13046 13046 828
13046 13053 255
13047 13047 -220
13047 13054 672
13048 13048 -531
13048 13055 81
13049 13049 -71
13049 13056 404
13050 13050 -444
13050 13057 982
13051 13051 369
13051 13058 771
13052 13052 275
13052 13059 326
13053 13053 -949
13053 13060 152
13054 13054 -303
13054 13061 908
13055 13055 526
13055 13062 430
13056 13056 -108
13056 13063 -983
13057 13057 -440
13057 13064 -75
13058 13058 -954
13058 13065 830
13059 13059 24
13059 13066 -980
13060 13060 -190
13060 13067 -246
13061 13061 192
13061 13068 -479
13062 13062 -663
13062 13069 674
13063 13063 -435
13063 13070 -48
13064 13064 -613
13064 13071 811
13065 13065 889
13065 13072 834
13066 13066 -366
13066 13073 787
13067 13067 618
13067 13074 -545
13068 13068 665
13068 13075 864
13069 13069 -482
13069 13076 -965
13070 13070 -592
13070 13077 307
13071 13071 451
13071 13078 -559
13072 13072 440
13072 13079 555
13073 13073 223
13073 13080 -758
13074 13074 418
13074 13081 -990
13075 13075 -57
13075 13082 834
13076 13076 295
13076 13083 727
13077 13077 -556
13077 13084 -168
13078 13078 722
13078 13085 81
13079 13079 -417
13079 13086 567
13080 13080 39
13080 13087 554
13081 13081 1
13081 13088 -470
13082 13082 888
13082 13089 -111
13083 13083 -853
13083 13090 -14
13084 13084 -39
13084 13091 -172
13085 13085 640
13085 13092 -888
13086 13086 -628
13086 13093 541
13087 13087 -557
13087 13094 -253
13088 13088 -191
13088 13095 181
13089 13089 511
13089 13096 -856
13090 13090 532
13090 13097 -252
13091 13091 -494
13091 13098 203
13092 13092 29
13092 13099 -327
13093 13093 16
13093 13100 887
13094 13094 -34
13094 13101 347
13095 13095 -589
13095 13102 -284
13096 13096 933
13096 13103 -371
13097 13097 -124
13097 13104 680
13098 13098 640
13098 13105 -555
13099 13099 -578
13099 13106 -433
13100 13100 449
13100 13107 483
13101 13101 713
13101 13108 -427
13102 13102 397
13102 13109 -1
13103 13103 759
13103 13110 -995
13104 13104 -192
13104 13111 546
13105 13105 732
13105 13112 557
13106 13106 3
13106 13113 969
13107 13107 -458
13107 13114 641
13108 13108 399
13108 13115 -852
13109 13109 -614
13109 13116 -280
13110 13110 -772
13110 13117 980
13111 13111 -551
13111 13118 -239
13112 13112 790
13112 13119 887
13113 13113 419
13113 13120 -583
13114 13114 763
13114 13121 -288
13115 13115 -230
13115 13122 -974
13116 13116 -625
13116 13123 -906
13117 13117 -390
13117 13124 -741
13118 13118 -931
13118 13125 -364
13119 13119 -572
13119 13126 685
13120 13120 -758
13120 13127 650
13121 13121 -924
13121 13128 -827
13122 13122 508
13122 13129 29
13123 13123 160
13123 13130 -880
13124 13124 830
13124 13131 -806
13125 13125 -219
13125 13132 4
13126 13126 -142
13126 13133 -975
13127 13127 112
13127 13134 -477
13128 13128 713
13128 13135 559
13129 13129 165
13129 13136 -393
13130 13130 -556
13130 13137 -79
13131 13131 -487
13131 13138 -254
13132 13132 261
13132 13139 395
13133 13133 -678
13133 13140 34
13134 13134 -530
13134 13141 461
13135 13135 -922
13135 13142 546
13136 13136 -33
13136 13143 132
13137 13137 135
13137 13144 -8
13138 13138 -666
13138 13145 767
13139 13139 -888
13139 13146 478
13140 13140 591
13140 13147 -192
13141 13141 -807
13141 13148 -348
13142 13142 551
13142 13149 -39
13143 13143 -606
13143 13150 -875
13144 13144 876
13144 13151 -809
13145 13145 -854
13145 13152 313
13146 13146 212
13146 13153 -3
13147 13147 -68
13147 13154 263
13148 13148 -725
13148 13155 -29
13149 13149 -281
13149 13156 625
13150 13150 93
13150 13157 889
13151 13151 377
13151 13158 563
13152 13152 -567
13152 13159 -489
13153 13153 683
13153 13160 -668
13154 13154 761
13154 13161 14
13155 13155 762
13155 13162 -95
13156 13156 579
13156 13163 -277
13157 13157 -662
13157 13164 -310
13158 13158 -710
13158 13165 -610
13159 13159 157
13159 13166 238
13160 13160 46
13160 13167 -989
13161 13161 689
13161 13168 -471
13162 13162 -214
13162 13169 570
13163 13163 782
13163 13170 89
13164 13164 -771
13164 13171 -656
13165 13165 -248
13165 13172 5
13166 13166 355
13166 13173 -102
13167 13167 595
13167 13174 492
13168 13168 -583
13168 13175 -635
13169 13169 312
13169 13176 720
13170 13170 386
13170 13177 -77
13171 13171 476
13171 13178 -949
13172 13172 953
13172 13179 33
13173 13173 692
13173 13180 995
13174 13174 -168
13174 13181 -823
13175 13175 -896
13175 13182 -978
13176 13176 680
13176 13183 411
13177 13177 -321
13177 13184 -753
13178 13178 -137
13178 13185 -704
13179 13179 -802
13179 13186 -542
13180 13180 -219
13180 13187 633
13181 13181 137
13181 13188 -542
13182 13182 50
13182 13189 -628
13183 13183 432
13183 13190 -194
13184 13184 780
13184 13191 -86
13185 13185 602
13185 13192 -431
13186 13186 24
13186 13193 173
13187 13187 211
13187 13194 386
13188 13188 718
13188 13195 -756
13189 13189 626
13189 13196 997
13190 13190 -543
13190 13197 882
13191 13191 148
13191 13198 -811
13192 13192 31
13192 13199 -603
13193 13193 897
13193 13200 -366
13194 13194 -953
13194 13201 763
13195 13195 952
13195 13202 201
13196 13196 -173
13196 13203 -709
13197 13197 435
13197 13204 75
13198 13198 -817
13198 13205 -102
13199 13199 479
13199 13206 -406
13200 13200 -247
13200 13207 87
13201 13201 -147
13201 13208 -796
13202 13202 828
13202 13209 -651
13203 13203 -730
13203 13210 -908
13204 13204 358
13204 13211 -711
13205 13205 45
13205 13212 -456
13206 13206 -12
13206 13213 -586
13207 13207 -157
13207 13214 128
13208 13208 -295
13208 13215 -873
13209 13209 -842
13209 13216 -113
13210 13210 -282
13210 13217 -75
13211 13211 170
13211 13218 -882
13212 13212 -307
13212 13219 398
13213 13213 561
13213 13220 -767
13214 13214 -54
13214 13221 816
13215 13215 753
13215 13222 -23
13216 13216 737
13216 13223 -629
13217 13217 -43
13217 13224 711
13218 13218 16
13218 13225 -43
13219 13219 811
13219 13226 2
13220 13220 346
13220 13227 111
13221 13221 -32
13221 13228 367
13222 13222 395
13222 13229 -884
13223 13223 -844
13223 13230 442
13224 13224 -367
13224 13231 320
13225 13225 -585
13225 13232 -538
13226 13226 -21
13226 13233 460
13227 13227 157
13227 13234 -145
13228 13228 90
13228 13235 488
13229 13229 210
13229 13236 -478
13230 13230 263
13230 13237 -912
13231 13231 127
13231 13238 696
13232 13232 869
13232 13239 787
13233 13233 -837
13233 13240 964
13234 13234 -684
13234 13241 206
13235 13235 -978
13235 13242 247
13236 13236 -485
13236 13243 207
13237 13237 939
13237 13244 -811
13238 13238 913
13238 13245 384
13239 13239 491
13239 13246 -191
13240 13240 49
13240 13247 -691
13241 13241 -916
13241 13248 9
13242 13242 -830
13242 13249 238
13243 13243 148
13243 13250 -799
13244 13244 801
13244 13251 -261
13245 13245 -557
13245 13252 -157
13246 13246 562
13246 13253 993
13247 13247 497
13247 13254 765
13248 13248 358
13248 13255 86
13249 13249 -406
13249 13256 439
13250 13250 -915
13250 13257 -245
13251 13251 -182
13251 13258 516
13252 13252 -73
13252 13259 -209
13253 13253 -444
13253 13260 -29
13254 13254 -401
13254 13261 42
13255 13255 182
13255 13262 -688
13256 13256 -925
13256 13263 -263
13257 13257 -523
13257 13264 914
13258 13258 -256
13258 13265 -250
13259 13259 -671
13259 13266 266
13260 13260 789
13260 13267 371
13261 13261 861
13261 13268 -340
13262 13262 -665
13262 13269 -282
13263 13263 -754
13263 13270 -836
13264 13264 586
13264 13271 -521
13265 13265 403
13265 13272 -451
13266 13266 -58
13266 13273 612
13267 13267 -492
13267 13274 -800
13268 13268 -776
13268 13275 -335
13269 13269 -122
13269 13276 921
13270 13270 -619
13270 13277 805
13271 13271 846
13271 13278 -603
13272 13272 716
13272 13279 251
13273 13273 905
13273 13280 375
13274 13274 5
13274 13281 -118
13275 13275 -910
13275 13282 -477
13276 13276 -105
13276 13283 -93
13277 13277 312
13277 13284 614
13278 13278 611
13278 13285 -560
13279 13279 -210
13279 13286 340
13280 13280 74
13280 13287 -658
13281 13281 -668
13281 13288 -331
13282 13282 -839
13282 13289 8
13283 13283 -937
13283 13290 129
13284 13284 449
13284 13291 -788
13285 13285 -480
13285 13292 -951
13286 13286 -21
13286 13293 152
13287 13287 -913
13287 13294 -279
13288 13288 881
13288 13295 -162
13289 13289 434
13289 13296 -287
13290 13290 87
13290 13297 37
13291 13291 -487
13291 13298 753
13292 13292 787
13292 13299 -256
13293 13293 374
13293 13300 870
13294 13294 12
13294 13301 -793
13295 13295 -741
13295 13302 515
13296 13296 -268
13296 13303 586
13297 13297 -568
13297 13304 -906
13298 13298 390
13298 13305 -771
13299 13299 -911
13299 13306 452
13300 13300 551
13300 13307 299
13301 13301 -794
13301 13308 -809
13302 13302 -644
13302 13309 551
13303 13303 -696
13303 13310 -369
13304 13304 960
13304 13311 -155
13305 13305 -883
13305 13312 765
13306 13306 -211
13306 13313 456
13307 13307 -729
13307 13314 777
13308 13308 320
13308 13315 -23
13309 13309 855
13309 13316 187
13310 13310 206
13310 13317 869
13311 13311 550
13311 13318 75
13312 13312 -679
13312 13319 175
13313 13313 -787
13313 13320 923
13314 13314 709
13314 13321 907
13315 13315 -982
13315 13322 616
13316 13316 2
13316 13323 -8
13317 13317 -218
13317 13324 304
13318 13318 445
13318 13325 -677
13319 13319 772
13319 13326 343
13320 13320 92
13320 13327 205
13321 13321 -125
13321 13328 953
13322 13322 266
13322 13329 -783
13323 13323 -496
13323 13330 -603
13324 13324 -481
13324 13331 -747
13325 13325 645
13325 13332 98
13326 13326 258
13326 13333 -395
13327 13327 623
13327 13334 157
13328 13328 -879
13328 13335 560
13329 13329 -606
13329 13336 -524
13330 13330 -682
13330 13337 -389
13331 13331 870
13331 13338 -716
13332 13332 471
13332 13339 -748
13333 13333 -720
13333 13340 -824
13334 13334 319
13334 13341 79
13335 13335 950
13335 13342 -87
13336 13336 -388
13336 13343 588
13337 13337 649
13337 13344 -825
13338 13338 -450
13338 13345 414
13339 13339 -395
13339 13346 279
13340 13340 -948
13340 13347 323
13341 13341 -128
13341 13348 -434
13342 13342 738
13342 13349 463
13343 13343 -875
13343 13350 -458
13344 13344 195
13344 13351 -555
13345 13345 717
13345 13352 -130
13346 13346 -275
13346 13353 -187
13347 13347 263
13347 13354 -71
13348 13348 -400
13348 13355 -238
13349 13349 236
13349 13356 826
13350 13350 379
13350 13357 804
13351 13351 386
13351 13358 -754
13352 13352 -398
13352 13359 871
13353 13353 -499
13353 13360 -852
13354 13354 457
13354 13361 -710
13355 13355 -119
13355 13362 -597
13356 13356 -942
13356 13363 689
13357 13357 -345
13357 13364 633
13358 13358 -292
13358 13365 83
13359 13359 209
13359 13366 603
13360 13360 -953
13360 13367 827
13361 13361 -942
13361 13368 -900
13362 13362 144
13362 13369 414
13363 13363 -193
13363 13370 -251
13364 13364 55
13364 13371 896
13365 13365 518
13365 13372 742
13366 13366 355
13366 13373 760
13367 13367 -978
13367 13374 -536
13368 13368 484
13368 13375 -785
13369 13369 177
13369 13376 -555
13370 13370 -116
13370 13377 -946
13371 13371 -494
13371 13378 -228
13372 13372 570
13372 13379 127
13373 13373 413
13373 13380 751
13374 13374 -953
13374 13381 415
13375 13375 -44
13375 13382 741
13376 13376 983
13376 13383 402
13377 13377 -628
13377 13384 537
13378 13378 -785
13378 13385 -73
13379 13379 -527
13379 13386 -485
13380 13380 702
13380 13387 -951
13381 13381 -465
13381 13388 311
13382 13382 -481
13382 13389 -878
13383 13383 735
13383 13390 832
13384 13384 -559
13384 13391 414
13385 13385 -497
13385 13392 -676
13386 13386 964
13386 13393 -309
13387 13387 895
13387 13394 -72
13388 13388 706
13388 13395 -428
13389 13389 -523
13389 13396 95
13390 13390 356
13390 13397 -892
13391 13391 432
13391 13398 -215
13392 13392 364
13392 13399 10
13393 13393 -482
13393 13400 570
13394 13394 85
13394 13401 930
13395 13395 991
13395 13402 104
13396 13396 535
13396 13403 410
13397 13397 896
13397 13404 -980
13398 13398 277
13398 13405 663
13399 13399 637
13399 13406 680
13400 13400 -665
13400 13407 286
13401 13401 193
13401 13408 562
13402 13402 -925
13402 13409 526
13403 13403 -271
13403 13410 -211
13404 13404 424
13404 13411 205
13405 13405 -125
13405 13412 580
13406 13406 -367
13406 13413 -873
13407 13407 93
13407 13414 -30
13408 13408 783
13408 13415 600
13409 13409 363
13409 13416 412
13410 13410 362
13410 13417 -484
13411 13411 -670
13411 13418 -503
13412 13412 -746
13412 13419 637
13413 13413 436
13413 13420 426
13414 13414 -23
13414 13421 -551
13415 13415 -798
13415 13422 928
13416 13416 605
13416 13423 -957
13417 13417 484
13417 13424 346
13418 13418 221
13418 13425 -492
13419 13419 -920
13419 13426 -71
13420 13420 947
13420 13427 -51
13421 13421 -627
13421 13428 5
13422 13422 -823
13422 13429 -813
13423 13423 527
13423 13430 -422
13424 13424 693
13424 13431 -624
13425 13425 -767
13425 13432 -217
13426 13426 -775
13426 13433 918
13427 13427 842
13427 13434 703
13428 13428 300
13428 13435 168
13429 13429 -527
13429 13436 431
13430 13430 -512
13430 13437 846
13431 13431 -193
13431 13438 -148
13432 13432 -709
13432 13439 807
13433 13433 -512
13433 13440 817
13434 13434 -596
13434 13441 -703
13435 13435 386
13435 13442 313
13436 13436 787
13436 13443 98
13437 13437 286
13437 13444 235
13438 13438 -141
13438 13445 130
13439 13439 -811
13439 13446 -130
13440 13440 -733
13440 13447 -46
13441 13441 -439
13441 13448 8
13442 13442 235
13442 13449 893
13443 13443 -549
13443 13450 904
13444 13444 108
13444 13451 -961
13445 13445 657
13445 13452 -167
13446 13446 -83
13446 13453 337
13447 13447 -281
13447 13454 -669
13448 13448 947
13448 13455 -314
13449 13449 761
13449 13456 408
13450 13450 -694
13450 13457 -173
13451 13451 637
13451 13458 -229
13452 13452 919
13452 13459 -986
13453 13453 -802
13453 13460 364
13454 13454 244
13454 13461 16
13455 13455 -631
13455 13462 731
13456 13456 112
13456 13463 738
13457 13457 270
13457 13464 -576
13458 13458 -647
13458 13465 -290
13459 13459 -479
13459 13466 -637
13460 13460 -561
13460 13467 7
13461 13461 -92
13461 13468 -65
13462 13462 227
13462 13469 -227
13463 13463 -27
13463 13470 -719
13464 13464 -148
13464 13471 854
13465 13465 588
13465 13472 480
13466 13466 -74
13466 13473 462
13467 13467 584
13467 13474 67
13468 13468 -211
13468 13475 -556
13469 13469 40
13469 13476 -71
13470 13470 -799
13470 13477 -989
13471 13471 252
13471 13478 341
13472 13472 342
13472 13479 141
13473 13473 586
13473 13480 89
13474 13474 580
13474 13481 -238
13475 13475 -818
13475 13482 -7
13476 13476 643
13476 13483 -355
13477 13477 -589
13477 13484 744
13478 13478 -651
13478 13485 -776
13479 13479 189
13479 13486 729
13480 13480 -769
13480 13487 878
13481 13481 59
13481 13488 84
13482 13482 -239
13482 13489 -183
13483 13483 204
13483 13490 -189
13484 13484 577
13484 13491 150
13485 13485 -771
13485 13492 -345
13486 13486 -933
13486 13493 -35
13487 13487 379
13487 13494 952
13488 13488 -815
13488 13495 288
13489 13489 636
13489 13496 -208
13490 13490 -81
13490 13497 767
13491 13491 220
13491 13498 -403
13492 13492 -197
13492 13499 574
13493 13493 -828
13493 13500 -635
13494 13494 -916
13494 13501 394
13495 13495 708
13495 13502 -480
13496 13496 59
13496 13503 -992
13497 13497 592
13497 13504 453
13498 13498 591
13498 13505 -974
13499 13499 -583
13499 13506 523
13500 13500 -954
13500 13507 861
13501 13501 984
13501 13508 -902
13502 13502 961
13502 13509 -576
13503 13503 933
13503 13510 894
13504 13504 -30
13504 13511 -191
13505 13505 443
13505 13512 -649
13506 13506 406
13506 13513 288
13507 13507 -544
13507 13514 -254
13508 13508 337
13508 13515 -246
13509 13509 -287
13509 13516 -148
13510 13510 581
13510 13517 92
13511 13511 456
13511 13518 664
13512 13512 -206
13512 13519 535
13513 13513 105
13513 13520 -232
13514 13514 556
13514 13521 457
13515 13515 90
13515 13522 -105
13516 13516 936
13516 13523 84
13517 13517 -781
13517 13524 -970
13518 13518 -303
13518 13525 29
13519 13519 554
13519 13526 574
13520 13520 -835
13520 13527 -895
13521 13521 129
13521 13528 121
13522 13522 -512
13522 13529 105
13523 13523 -728
13523 13530 964
13524 13524 152
13524 13531 993
13525 13525 -695
13525 13532 -737
13526 13526 775
13526 13533 51
13527 13527 336
13527 13534 603
13528 13528 904
13528 13535 642
13529 13529 -189
13529 13536 -318
13530 13530 563
13530 13537 -575
13531 13531 -102
13531 13538 -852
13532 13532 909
13532 13539 412
13533 13533 449
13533 13540 -757
13534 13534 -241
13534 13541 570
13535 13535 -516
13535 13542 909
13536 13536 -803
13536 13543 -11
13537 13537 -11
13537 13544 -133
13538 13538 594
13538 13545 556
13539 13539 749
13539 13546 -198
13540 13540 -977
13540 13547 451
13541 13541 -540
13541 13548 939
13542 13542 -70
13542 13549 159
13543 13543 -100
13543 13550 766
13544 13544 -113
13544 13551 125
13545 13545 -966
13545 13552 -424
13546 13546 -755
13546 13553 -849
13547 13547 72
13547 13554 183
13548 13548 263
13548 13555 631
13549 13549 218
13549 13556 669
13550 13550 272
13550 13557 927
13551 13551 90
13551 13558 -255
13552 13552 642
13552 13559 362
13553 13553 928
13553 13560 912
13554 13554 -95
13554 13561 -669
13555 13555 -697
13555 13562 496
13556 13556 -999
13556 13563 -201
13557 13557 463
13557 13564 -96
13558 13558 576
13558 13565 574
13559 13559 110
13559 13566 -392
13560 13560 107
13560 13567 833
13561 13561 -665
13561 13568 982
13562 13562 -875
13562 13569 372
13563 13563 -945
13563 13570 73
13564 13564 -483
13564 13571 -855
13565 13565 -553
13565 13572 468
13566 13566 591
13566 13573 -641
13567 13567 -493
13567 13574 333
13568 13568 320
13568 13575 370
13569 13569 759
13569 13576 -12
13570 13570 -4
13570 13577 180
13571 13571 -462
13571 13578 845
13572 13572 -159
13572 13579 745
13573 13573 -566
13573 13580 787
13574 13574 -31
13574 13581 435
13575 13575 59
13575 13582 -901
13576 13576 -72
13576 13583 572
13577 13577 -573
13577 13584 462
13578 13578 923
13578 13585 -390
13579 13579 -585
13579 13586 -400
13580 13580 -383
13580 13587 -727
13581 13581 936
13581 13588 -768
13582 13582 5
13582 13589 684
13583 13583 -537
13583 13590 113
13584 13584 361
13584 13591 -165
13585 13585 -845
13585 13592 -462
13586 13586 -185
13586 13593 -357
13587 13587 -56
13587 13594 372
13588 13588 -998
13588 13595 -297
13589 13589 -490
13589 13596 -538
13590 13590 -672
13590 13597 -612
13591 13591 404
13591 13598 140
13592 13592 271
13592 13599 -895
13593 13593 -901
13593 13600 779
13594 13594 738
13594 13601 -308
13595 13595 -128
13595 13602 -891
13596 13596 748
13596 13603 -899
13597 13597 -897
13597 13604 -998
13598 13598 -224
13598 13605 -288
13599 13599 272
13599 13606 6
13600 13600 -484
13600 13607 -832
13601 13601 162
13601 13608 -993
13602 13602 -522
13602 13609 727
13603 13603 -615
13603 13610 616
13604 13604 892
13604 13611 221
13605 13605 -891
13605 13612 -397
13606 13606 -553
13606 13613 583
13607 13607 389
13607 13614 -71
13608 13608 970
13608 13615 463
13609 13609 -36
13609 13616 -862
13610 13610 1
13610 13617 -725
13611 13611 587
13611 13618 -139
13612 13612 -164
13612 13619 309
13613 13613 171
13613 13620 -59
13614 13614 692
13614 13621 127
13615 13615 249
13615 13622 -286
13616 13616 -110
13616 13623 -620
13617 13617 315
13617 13624 300
13618 13618 894
13618 13625 -679
13619 13619 -847
13619 13626 -740
13620 13620 -858
13620 13627 18
13621 13621 679
13621 13628 -431
13622 13622 842
13622 13629 -846
13623 13623 -593
13623 13630 479
13624 13624 -524
13624 13631 -214
13625 13625 815
13625 13632 -960
13626 13626 878
13626 13633 1
13627 13627 -563
13627 13634 193
13628 13628 43
13628 13635 -686
13629 13629 965
13629 13636 -346
13630 13630 -9
13630 13637 -578
13631 13631 331
13631 13638 -900
13632 13632 -640
13632 13639 -693
13633 13633 -102
13633 13640 -326
13634 13634 -319
13634 13641 66
13635 13635 785
13635 13642 -860
13636 13636 -222
13636 13643 234
13637 13637 709
13637 13644 141
13638 13638 250
13638 13645 642
13639 13639 726
13639 13646 404
13640 13640 720
13640 13647 190
13641 13641 -712
13641 13648 -752
13642 13642 -338
13642 13649 846
13643 13643 73
13643 13650 -738
13644 13644 819
13644 13651 276
13645 13645 440
13645 13652 -34
13646 13646 -62
13646 13653 -615
13647 13647 -471
13647 13654 -262
13648 13648 506
13648 13655 42
13649 13649 -720
13649 13656 -713
13650 13650 435
13650 13657 -318
13651 13651 -746
13651 13658 647
13652 13652 658
13652 13659 -564
13653 13653 759
13653 13660 206
13654 13654 -110
13654 13661 -863
13655 13655 -275
13655 13662 751
13656 13656 -34
13656 13663 -206
13657 13657 538
13657 13664 -486
13658 13658 695
13658 13665 -360
13659 13659 -778
13659 13666 169
13660 13660 978
13660 13667 617
13661 13661 -578
13661 13668 -560
13662 13662 -271
13662 13669 947
13663 13663 916
13663 13670 -501
13664 13664 281
13664 13671 -324
13665 13665 90
13665 13672 -196
13666 13666 635
13666 13673 933
13667 13667 787
13667 13674 -26
13668 13668 381
13668 13675 599
13669 13669 -136
13669 13676 615
13670 13670 -50
13670 13677 -379
13671 13671 660
13671 13678 -52
13672 13672 503
13672 13679 -139
13673 13673 940
13673 13680 -536
13674 13674 930
13674 13681 -619
13675 13675 844
13675 13682 -419
13676 13676 535
13676 13683 258
13677 13677 502
13677 13684 126
13678 13678 -874
13678 13685 561
13679 13679 472
13679 13686 -891
13680 13680 629
13680 13687 308
13681 13681 -146
13681 13688 669
13682 13682 608
13682 13689 -891
13683 13683 701
13683 13690 234
13684 13684 587
13684 13691 268
13685 13685 516
13685 13692 32
13686 13686 381
13686 13693 494
13687 13687 -271
13687 13694 -747
13688 13688 -231
13688 13695 -536
13689 13689 -560
13689 13696 -893
13690 13690 -803
13690 13697 942
13691 13691 45
13691 13698 -869
13692 13692 -918
13692 13699 850
13693 13693 693
13693 13700 -16
13694 13694 921
13694 13701 614
13695 13695 -844
13695 13702 148
13696 13696 326
13696 13703 290
13697 13697 455
13697 13704 551
13698 13698 92
13698 13705 282
13699 13699 -481
13699 13706 -747
13700 13700 -843
13700 13707 401
13701 13701 -127
13701 13708 111
13702 13702 152
13702 13709 301
13703 13703 -591
13703 13710 778
13704 13704 -186
13704 13711 895
13705 13705 124
13705 13712 961
13706 13706 -214
13706 13713 736
13707 13707 -616
13707 13714 79
13708 13708 100
13708 13715 409
13709 13709 478
13709 13716 432
13710 13710 -357
13710 13717 -704
13711 13711 -552
13711 13718 228
13712 13712 715
13712 13719 706
13713 13713 -325
13713 13720 803
13714 13714 -267
13714 13721 185
13715 13715 607
13715 13722 622
13716 13716 -811
13716 13723 458
13717 13717 -338
13717 13724 -308
13718 13718 -532
13718 13725 -829
13719 13719 -627
13719 13726 -174
13720 13720 -304
13720 13727 -399
13721 13721 544
13721 13728 -76
13722 13722 165
13722 13729 351
13723 13723 972
13723 13730 305
13724 13724 723
13724 13731 -196
13725 13725 -856
13725 13732 -234
13726 13726 -351
13726 13733 -543
13727 13727 70
13727 13734 -492
13728 13728 586
13728 13735 174
13729 13729 -110
13729 13736 188
13730 13730 137
13730 13737 -410
13731 13731 -530
13731 13738 40
13732 13732 -45
13732 13739 -19
13733 13733 940
13733 13740 130
13734 13734 -208
13734 13741 641
13735 13735 908
13735 13742 386
13736 13736 39
13736 13743 -215
13737 13737 -968
13737 13744 701
13738 13738 905
13738 13745 -419
13739 13739 670
13739 13746 -574
13740 13740 -616
13740 13747 103
13741 13741 -23
13741 13748 -403
13742 13742 -951
13742 13749 550
13743 13743 -915
13743 13750 -869
13744 13744 -789
13744 13751 -208
13745 13745 620
13745 13752 -438
13746 13746 -181
13746 13753 179
13747 13747 101
13747 13754 -101
13748 13748 -261
13748 13755 288
13749 13749 -36
13749 13756 -564
13750 13750 332
13750 13757 58
13751 13751 -638
13751 13758 -481
13752 13752 -910
13752 13759 966
13753 13753 -197
13753 13760 19
13754 13754 -426
13754 13761 -948
13755 13755 484
13755 13762 -101
13756 13756 331
13756 13763 -273
13757 13757 -644
13757 13764 187
13758 13758 -256
13758 13765 -271
13759 13759 45
13759 13766 -256
13760 13760 -304
13760 13767 -906
13761 13761 75
13761 13768 -744
13762 13762 -493
13762 13769 846
13763 13763 643
13763 13770 895
13764 13764 177
13764 13771 201
13765 13765 711
13765 13772 -927
13766 13766 6
13766 13773 -340
13767 13767 -116
13767 13774 457
13768 13768 81
13768 13775 257
13769 13769 -33
13769 13776 479
13770 13770 -967
13770 13777 577
13771 13771 886
13771 13778 -739
13772 13772 -845
13772 13779 -1
13773 13773 637
13773 13780 -120
13774 13774 -117
13774 13781 -584
13775 13775 512
13775 13782 432
13776 13776 -42
13776 13783 235
13777 13777 -431
13777 13784 748
13778 13778 -422
13778 13785 937
13779 13779 126
13779 13786 741
13780 13780 -855
13780 13787 118
13781 13781 557
13781 13788 -502
13782 13782 -753
13782 13789 -432
13783 13783 156
13783 13790 174
13784 13784 -313
13784 13791 756
13785 13785 608
13785 13792 379
13786 13786 616
13786 13793 -729
13787 13787 181
13787 13794 -970
13788 13788 640
13788 13795 -626
13789 13789 341
13789 13796 -725
13790 13790 -944
13790 13797 -171
13791 13791 299
13791 13798 614
13792 13792 -137
13792 13799 825
13793 13793 -358
13793 13800 632
13794 13794 -198
13794 13801 -303
13795 13795 -776
13795 13802 -508
13796 13796 245
13796 13803 -928
13797 13797 101
13797 13804 573
13798 13798 260
13798 13805 -34
13799 13799 96
13799 13806 1
13800 13800 -319
13800 13807 -774
13801 13801 -633
13801 13808 890
13802 13802 -173
13802 13809 482
13803 13803 -488
13803 13810 -266
13804 13804 529
13804 13811 927
13805 13805 966
13805 13812 -73
13806 13806 229
13806 13813 -170
13807 13807 726
13807 13814 -205
13808 13808 -290
13808 13815 -377
13809 13809 347
13809 13816 568
13810 13810 433
13810 13817 419
13811 13811 -907
13811 13818 366
13812 13812 -711
13812 13819 -920
13813 13813 -895
13813 13820 -519
13814 13814 164
13814 13821 -592
13815 13815 -617
13815 13822 450
13816 13816 250
13816 13823 76
13817 13817 -796
13817 13824 -127
13818 13818 271
13818 13825 -996
13819 13819 -688
13819 13826 219
13820 13820 756
13820 13827 -981
13821 13821 -785
13821 13828 449
13822 13822 -47
13822 13829 546
13823 13823 -591
13823 13830 55
13824 13824 -295
13824 13831 -339
13825 13825 -693
13825 13832 -941
13826 13826 902
13826 13833 -865
13827 13827 913
13827 13834 -964
13828 13828 -289
13828 13835 -50
13829 13829 -420
13829 13836 466
13830 13830 -687
13830 13837 219
13831 13831 -202
13831 13838 133
13832 13832 -256
13832 13839 977
13833 13833 -671
13833 13840 -145
13834 13834 390
13834 13841 -516
13835 13835 -877
13835 13842 84
13836 13836 -859
13836 13843 -921
13837 13837 -877
13837 13844 -93
13838 13838 686
13838 13845 -35
13839 13839 570
13839 13846 354
13840 13840 -431
13840 13847 917
13841 13841 412
13841 13848 -398
13842 13842 144
13842 13849 -301
13843 13843 -905
13843 13850 -472
13844 13844 495
13844 13851 525
13845 13845 -939
13845 13852 252
13846 13846 569
13846 13853 -777
13847 13847 -902
13847 13854 847
13848 13848 -239
13848 13855 -384
13849 13849 942
13849 13856 114
13850 13850 -330
13850 13857 413
13851 13851 -906
13851 13858 -322
13852 13852 24
13852 13859 -152
13853 13853 -38
13853 13860 -471
13854 13854 178
13854 13861 15
13855 13855 -970
13855 13862 325
13856 13856 -232
13856 13863 -12
13857 13857 774
13857 13864 917
13858 13858 300
13858 13865 -786
13859 13859 -636
13859 13866 -814
13860 13860 274
13860 13867 739
13861 13861 -461
13861 13868 -726
13862 13862 -115
13862 13869 -658
13863 13863 736
13863 13870 -855
13864 13864 -290
13864 13871 777
13865 13865 -875
13865 13872 903
13866 13866 155
13866 13873 -936
13867 13867 266
13867 13874 876
13868 13868 -854
13868 13875 396
13869 13869 227
13869 13876 176
13870 13870 -835
13870 13877 468
13871 13871 974
13871 13878 591
13872 13872 -692
13872 13879 964
13873 13873 -533
13873 13880 786
13874 13874 342
13874 13881 33
13875 13875 1
13875 13882 880
13876 13876 -532
13876 13883 -183
13877 13877 -205
13877 13884 -10
13878 13878 447
13878 13885 -406
13879 13879 -533
13879 13886 410
13880 13880 -220
13880 13887 -177
13881 13881 150
13881 13888 774
13882 13882 -369
13882 13889 681
13883 13883 -518
13883 13890 -37
13884 13884 952
13884 13891 591
13885 13885 805
13885 13892 87
13886 13886 -673
13886 13893 -566
13887 13887 -612
13887 13894 400
13888 13888 867
13888 13895 128
13889 13889 146
13889 13896 -522
13890 13890 444
13890 13897 -590
13891 13891 -571
13891 13898 578
13892 13892 -917
13892 13899 -326
13893 13893 -609
13893 13900 724
13894 13894 214
13894 13901 -874
13895 13895 -650
13895 13902 -605
13896 13896 142
13896 13903 -622
13897 13897 -145
13897 13904 -525
13898 13898 346
13898 13905 -243
13899 13899 994
13899 13906 -678
13900 13900 604
13900 13907 -607
13901 13901 897
13901 13908 -522
13902 13902 -834
13902 13909 -137
13903 13903 -246
13903 13910 668
13904 13904 -952
13904 13911 -769
13905 13905 -41
13905 13912 297
13906 13906 11
13906 13913 -105
13907 13907 -739
13907 13914 972
13908 13908 869
13908 13915 -219
13909 13909 -978
13909 13916 -910
13910 13910 -694
13910 13917 823
13911 13911 -350
13911 13918 753
13912 13912 156
13912 13919 215
13913 13913 131
13913 13920 223
13914 13914 -994
13914 13921 904
13915 13915 -681
13915 13922 -526
13916 13916 906
13916 13923 -672
13917 13917 -234
13917 13924 -926
13918 13918 -794
13918 13925 -74
13919 13919 501
13919 13926 -970
13920 13920 687
13920 13927 498
13921 13921 -35
13921 13928 827
13922 13922 252
13922 13929 720
13923 13923 634
13923 13930 -206
13924 13924 807
13924 13931 977
13925 13925 -730
13925 13932 -816
13926 13926 99
13926 13933 400
13927 13927 358
13927 13934 -764
13928 13928 979
13928 13935 -288
13929 13929 -843
13929 13936 687
13930 13930 -185
13930 13937 603
13931 13931 980
13931 13938 677
13932 13932 189
13932 13939 -672
13933 13933 649
13933 13940 516
13934 13934 -918
13934 13941 -278
13935 13935 -241
13935 13942 -845
13936 13936 -393
13936 13943 997
13937 13937 -955
13937 13944 816
13938 13938 178
13938 13945 -354
13939 13939 -592
13939 13946 152
13940 13940 -125
13940 13947 522
13941 13941 429
13941 13948 -776
13942 13942 510
13942 13949 -229
13943 13943 -731
13943 13950 9
13944 13944 -508
13944 13951 772
13945 13945 -451
13945 13952 -160
13946 13946 -436
13946 13953 648
13947 13947 906
13947 13954 11
13948 13948 81
13948 13955 682
13949 13949 -30
13949 13956 -692
13950 13950 -596
13950 13957 48
13951 13951 -187
13951 13958 -618
13952 13952 -765
13952 13959 170
13953 13953 -440
13953 13960 60
13954 13954 -761
13954 13961 619
13955 13955 -483
13955 13962 103
13956 13956 628
13956 13963 -939
13957 13957 897
13957 13964 -806
13958 13958 -496
13958 13965 926
13959 13959 -638
13959 13966 521
13960 13960 -855
13960 13967 457
13961 13961 131
13961 13968 -734
13962 13962 -78
13962 13969 -883
13963 13963 301
13963 13970 255
13964 13964 109
13964 13971 -391
13965 13965 -929
13965 13972 982
13966 13966 -88
13966 13973 417
13967 13967 757
13967 13974 -880
13968 13968 -514
13968 13975 -767
13969 13969 -93
13969 13976 -883
13970 13970 604
13970 13977 91
13971 13971 83
13971 13978 -410
13972 13972 -491
13972 13979 -527
13973 13973 -760
13973 13980 -224
13974 13974 -328
13974 13981 421
13975 13975 767
13975 13982 -288
13976 13976 982
13976 13983 183
13977 13977 -89
13977 13984 961
13978 13978 938
13978 13985 195
13979 13979 -829
13979 13986 -887
13980 13980 -122
13980 13987 -855
13981 13981 795
13981 13988 -534
13982 13982 231
13982 13989 858
13983 13983 937
13983 13990 205
13984 13984 -32
13984 13991 956
13985 13985 -826
13985 13992 -469
13986 13986 235
13986 13993 -509
13987 13987 575
13987 13994 552
13988 13988 -888
13988 13995 -9
13989 13989 -784
13989 13996 -254
13990 13990 935
13990 13997 -309
13991 13991 283
13991 13998 448
13992 13992 70
13992 13999 -852
13993 13993 -286
13993 14000 -35
13994 13994 233
13994 14001 184
13995 13995 554
13995 14002 708
13996 13996 -197
13996 14003 -371
13997 13997 -386
13997 14004 450
13998 13998 -469
13998 14005 -720
13999 13999 -374
13999 14006 3
14000 14000 250
14000 14007 587
14001 14001 -604
14001 14008 -577
14002 14002 -74
14002 14009 593
14003 14003 -67
14003 14010 931
14004 14004 77
14004 14011 660
14005 14005 886
14005 14012 398
14006 14006 -400
14006 14013 -931
14007 14007 -95
14007 14014 -833
14008 14008 -955
14008 14015 -551
14009 14009 -169
14009 14016 414
14010 14010 758
14010 14017 -742
14011 14011 823
14011 14018 -25
14012 14012 380
14012 14019 496
14013 14013 -999
14013 14020 -597
14014 14014 -997
14014 14021 -542
14015 14015 -851
14015 14022 -591
14016 14016 690
14016 14023 -569
14017 14017 -129
14017 14024 66
14018 14018 405
14018 14025 -292
14019 14019 740
14019 14026 -862
14020 14020 536
14020 14027 -957
14021 14021 432
14021 14028 649
14022 14022 674
14022 14029 -551
14023 14023 -457
14023 14030 -233
14024 14024 -127
14024 14031 -146
14025 14025 -121
14025 14032 220
14026 14026 -467
14026 14033 27
14027 14027 -974
14027 14034 179
14028 14028 -208
14028 14035 -888
14029 14029 -174
14029 14036 -636
14030 14030 299
14030 14037 728
14031 14031 -115
14031 14038 -843
14032 14032 -993
14032 14039 -953
14033 14033 586
14033 14040 -302
14034 14034 324
14034 14041 -725
14035 14035 633
14035 14042 618
14036 14036 188
14036 14043 -364
14037 14037 -696
14037 14044 430
14038 14038 -623
14038 14045 265
14039 14039 -834
14039 14046 565
14040 14040 606
14040 14047 -579
14041 14041 725
14041 14048 -439
14042 14042 69
14042 14049 -948
14043 14043 -607
14043 14050 75
14044 14044 77
14044 14051 -128
14045 14045 862
14045 14052 288
14046 14046 -115
14046 14053 351
14047 14047 -878
14047 14054 524
14048 14048 452
14048 14055 253
14049 14049 532
14049 14056 417
14050 14050 -785
14050 14057 -681
14051 14051 -360
14051 14058 -363
14052 14052 257
14052 14059 -479
14053 14053 -25
14053 14060 875
14054 14054 938
14054 14061 249
14055 14055 97
14055 14062 267
14056 14056 -452
14056 14063 385
14057 14057 -802
14057 14064 -78
14058 14058 788
14058 14065 923
14059 14059 -305
14059 14066 667
14060 14060 137
14060 14067 -38
14061 14061 -831
14061 14068 -667
14062 14062 641
14062 14069 140
14063 14063 -44
14063 14070 587
14064 14064 305
14064 14071 -122
14065 14065 -837
14065 14072 156
14066 14066 865
14066 14073 995
14067 14067 902
14067 14074 -777
14068 14068 623
14068 14075 -643
14069 14069 648
14069 14076 76
14070 14070 -600
14070 14077 -145
14071 14071 157
14071 14078 999
14072 14072 -740
14072 14079 -687
14073 14073 -748
14073 14080 -596
14074 14074 608
14074 14081 424
14075 14075 177
14075 14082 -812
14076 14076 291
14076 14083 112
14077 14077 -41
14077 14084 662
14078 14078 -467
14078 14085 -222
14079 14079 24
14079 14086 59
14080 14080 -629
14080 14087 -889
14081 14081 292
14081 14088 -575
14082 14082 167
14082 14089 330
14083 14083 -446
14083 14090 620
14084 14084 -997
14084 14091 -872
14085 14085 491
14085 14092 -330
14086 14086 916
14086 14093 -201
14087 14087 543
14087 14094 148
14088 14088 -237
14088 14095 -833
14089 14089 129
14089 14096 -922
14090 14090 -962
14090 14097 -138
14091 14091 108
14091 14098 458
14092 14092 235
14092 14099 -261
14093 14093 648
14093 14100 584
14094 14094 231
14094 14101 -281
14095 14095 -362
14095 14102 138
14096 14096 -876
14096 14103 348
14097 14097 -29
14097 14104 518
14098 14098 -217
14098 14105 -808
14099 14099 120
14099 14106 -365
14100 14100 -473
14100 14107 -286
14101 14101 -895
14101 14108 431
14102 14102 811
14102 14109 264
14103 14103 -616
14103 14110 435
14104 14104 -796
14104 14111 484
14105 14105 653
14105 14112 699
14106 14106 943
14106 14113 585
14107 14107 912
14107 14114 914
14108 14108 -30
14108 14115 -581
14109 14109 393
14109 14116 -215
14110 14110 707
14110 14117 157
14111 14111 -639
14111 14118 -271
14112 14112 380
14112 14119 458
14113 14113 -907
14113 14120 934
14114 14114 899
14114 14121 -481
14115 14115 -505
14115 14122 -927
14116 14116 -342
14116 14123 57
14117 14117 167
14117 14124 -872
14118 14118 -446
14118 14125 -920
14119 14119 -976
14119 14126 369
14120 14120 -248
14120 14127 -877
14121 14121 867
14121 14128 -827
14122 14122 -258
14122 14129 -861
14123 14123 -730
14123 14130 -140
14124 14124 1
14124 14131 489
14125 14125 -123
14125 14132 -499
14126 14126 949
14126 14133 737
14127 14127 -984
14127 14134 905
14128 14128 -155
14128 14135 -64
14129 14129 -815
14129 14136 829
14130 14130 -754
14130 14137 435
14131 14131 -642
14131 14138 -882
14132 14132 439
14132 14139 273
14133 14133 124
14133 14140 -707
14134 14134 366
14134 14141 508
14135 14135 954
14135 14142 918
14136 14136 -303
14136 14143 718
14137 14137 619
14137 14144 -38
14138 14138 -446
14138 14145 134
14139 14139 -643
14139 14146 -382
14140 14140 -129
14140 14147 -881
14141 14141 -911
14141 14148 -479
14142 14142 902
14142 14149 514
14143 14143 -663
14143 14150 -865
14144 14144 -851
14144 14151 72
14145 14145 -358
14145 14152 562
14146 14146 -425
14146 14153 349
14147 14147 -905
14147 14154 820
14148 14148 925
14148 14155 -108
14149 14149 -121
14149 14156 -541
14150 14150 -711
14150 14157 272
14151 14151 -533
14151 14158 -206
14152 14152 -104
14152 14159 864
14153 14153 269
14153 14160 897
14154 14154 -187
14154 14161 -311
14155 14155 -451
14155 14162 431
14156 14156 -837
14156 14163 -399
14157 14157 72
14157 14164 -787
14158 14158 631
14158 14165 -596
14159 14159 -229
14159 14166 830
14160 14160 303
14160 14167 111
14161 14161 -550
14161 14168 -892
14162 14162 -366
14162 14169 506
14163 14163 423
14163 14170 -242
14164 14164 -331
14164 14171 702
14165 14165 -540
14165 14172 462
14166 14166 -269
14166 14173 -444
14167 14167 470
14167 14174 -330
14168 14168 417
14168 14175 546
14169 14169 -769
14169 14176 74
14170 14170 -372
14170 14177 821
14171 14171 -707
14171 14178 23
14172 14172 883
14172 14179 618
14173 14173 853
14173 14180 982
14174 14174 325
14174 14181 -881
14175 14175 -34
14175 14182 981
14176 14176 -786
14176 14183 -460
14177 14177 414
14177 14184 -860
14178 14178 -74
14178 14185 618
14179 14179 778
14179 14186 -608
14180 14180 -488
14180 14187 806
14181 14181 465
14181 14188 594
14182 14182 -788
14182 14189 -190
14183 14183 931
14183 14190 190
14184 14184 284
14184 14191 543
14185 14185 -788
14185 14192 310
14186 14186 -11
14186 14193 101
14187 14187 138
14187 14194 -483
14188 14188 496
14188 14195 600
14189 14189 -91
14189 14196 479
14190 14190 -400
14190 14197 -979
14191 14191 -722
14191 14198 -859
14192 14192 659
14192 14199 -605
14193 14193 496
14193 14200 736
14194 14194 252
14194 14201 792
14195 14195 -162
14195 14202 -40
14196 14196 -24
14196 14203 -390
14197 14197 479
14197 14204 662
14198 14198 -295
14198 14205 873
14199 14199 -585
14199 14206 -954
14200 14200 -815
14200 14207 -673
14201 14201 -122
14201 14208 328
14202 14202 299
14202 14209 -288
14203 14203 -450
14203 14210 568
14204 14204 750
14204 14211 135
14205 14205 300
14205 14212 26
14206 14206 332
14206 14213 -259
14207 14207 -202
14207 14214 769
14208 14208 729
14208 14215 710
14209 14209 -274
14209 14216 939
14210 14210 -496
14210 14217 778
14211 14211 999
14211 14218 -298
14212 14212 -205
14212 14219 276
14213 14213 335
14213 14220 -242
14214 14214 -340
14214 14221 -929
14215 14215 -312
14215 14222 -804
14216 14216 -988
14216 14223 -473
14217 14217 -217
14217 14224 646
14218 14218 -517
14218 14225 681
14219 14219 408
14219 14226 -421
14220 14220 273
14220 14227 -668
14221 14221 371
14221 14228 -661
14222 14222 -946
14222 14229 593
14223 14223 -337
14223 14230 324
14224 14224 -417
14224 14231 285
14225 14225 693
14225 14232 -711
14226 14226 -153
14226 14233 -916
14227 14227 -850
14227 14234 270
14228 14228 -346
14228 14235 819
14229 14229 -485
14229 14236 784
14230 14230 -578
14230 14237 393
14231 14231 894
14231 14238 733
14232 14232 -420
14232 14239 -223
14233 14233 378
14233 14240 -732
14234 14234 -229
14234 14241 -227
14235 14235 -872
14235 14242 -936
14236 14236 -868
14236 14243 686
14237 14237 -89
14237 14244 -274
14238 14238 -738
14238 14245 -276
14239 14239 -547
14239 14246 813
14240 14240 813
14240 14247 -371
14241 14241 -940
14241 14248 -408
14242 14242 824
14242 14249 -648
14243 14243 -699
14243 14250 -823
14244 14244 465
14244 14251 147
14245 14245 -738
14245 14252 828
14246 14246 769
14246 14253 -654
14247 14247 -45
14247 14254 582
14248 14248 -255
14248 14255 -357
14249 14249 181
14249 14256 -430
14250 14250 -236
14250 14257 735
14251 14251 -380
14251 14258 -936
14252 14252 461
14252 14259 731
14253 14253 -742
14253 14260 234
14254 14254 -334
14254 14261 202
14255 14255 813
14255 14262 193
14256 14256 -617
14256 14263 -220
14257 14257 -159
14257 14264 482
14258 14258 -586
14258 14265 -210
14259 14259 -180
14259 14266 -416
14260 14260 532
14260 14267 245
14261 14261 502
14261 14268 -526
14262 14262 36
14262 14269 -115
14263 14263 -288
14263 14270 -354
14264 14264 -888
14264 14271 950
14265 14265 -222
14265 14272 -884
14266 14266 936
14266 14273 133
14267 14267 -245
14267 14274 543
14268 14268 572
14268 14275 522
14269 14269 172
14269 14276 -411
14270 14270 -691
14270 14277 -108
14271 14271 -730
14271 14278 -214
14272 14272 -843
14272 14279 -500
14273 14273 394
14273 14280 685
14274 14274 351
14274 14281 346
14275 14275 129
14275 14282 778
14276 14276 -662
14276 14283 -641
14277 14277 474
14277 14284 -506
14278 14278 -486
14278 14285 -680
14279 14279 -574
14279 14286 885
14280 14280 713
14280 14287 -70
14281 14281 -408
14281 14288 -148
14282 14282 373
14282 14289 919
14283 14283 77
14283 14290 -468
14284 14284 -24
14284 14291 580
14285 14285 529
14285 14292 367
14286 14286 -373
14286 14293 -859
14287 14287 636
14287 14294 579
14288 14288 858
14288 14295 47
14289 14289 -711
14289 14296 -836
14290 14290 736
14290 14297 -122
14291 14291 352
14291 14298 -733
14292 14292 -808
14292 14299 -112
14293 14293 -75
14293 14300 -626
14294 14294 -940
14294 14301 -910
14295 14295 750
14295 14302 -346
14296 14296 -372
14296 14303 515
14297 14297 880
14297 14304 396
14298 14298 979
14298 14305 916
14299 14299 -875
14299 14306 -24
14300 14300 848
14300 14307 185
14301 14301 -968
14301 14308 288
14302 14302 -194
14302 14309 -680
14303 14303 -636
14303 14310 947
14304 14304 277
14304 14311 172
14305 14305 505
14305 14312 -334
14306 14306 713
14306 14313 309
14307 14307 -148
14307 14314 649
14308 14308 191
14308 14315 500
14309 14309 -865
14309 14316 -384
14310 14310 -301
14310 14317 -93
14311 14311 78
14311 14318 -712
14312 14312 747
14312 14319 972
14313 14313 -706
14313 14320 -170
14314 14314 -519
14314 14321 939
14315 14315 461
14315 14322 -292
14316 14316 295
14316 14323 -417
14317 14317 -582
14317 14324 985
14318 14318 -108
14318 14325 -233
14319 14319 649
14319 14326 298
14320 14320 -102
14320 14327 679
14321 14321 854
14321 14328 -104
14322 14322 -125
14322 14329 -164
14323 14323 -919
14323 14330 -482
14324 14324 144
14324 14331 480
14325 14325 -592
14325 14332 874
14326 14326 -500
14326 14333 -805
14327 14327 -366
14327 14334 380
14328 14328 757
14328 14335 -362
14329 14329 705
14329 14336 376
14330 14330 181
14330 14337 75
14331 14331 733
14331 14338 72
14332 14332 -692
14332 14339 -14
14333 14333 -137
14333 14340 -769
14334 14334 -371
14334 14341 -991
14335 14335 -793
14335 14342 106
14336 14336 700
14336 14343 851
14337 14337 47
14337 14344 188
14338 14338 -507
14338 14345 -495
14339 14339 547
14339 14346 -306
14340 14340 464
14340 14347 -785
14341 14341 338
14341 14348 52
14342 14342 837
14342 14349 398
14343 14343 -152
14343 14350 716
14344 14344 -910
14344 14351 33
14345 14345 68
14345 14352 353
14346 14346 549
14346 14353 -433
14347 14347 -323
14347 14354 -528
14348 14348 283
14348 14355 79
14349 14349 -396
14349 14356 18
14350 14350 407
14350 14357 -715
14351 14351 502
14351 14358 770
14352 14352 484
14352 14359 537
14353 14353 833
14353 14360 896
14354 14354 -47
14354 14361 -279
14355 14355 -849
14355 14362 73
14356 14356 354
14356 14363 -104
14357 14357 888
14357 14364 -396
14358 14358 208
14358 14365 -757
14359 14359 607
14359 14366 -373
14360 14360 -840
14360 14367 -475
14361 14361 -822
14361 14368 -110
14362 14362 68
14362 14369 680
14363 14363 -795
14363 14370 127
14364 14364 -822
14364 14371 -196
14365 14365 -1
14365 14372 -576
14366 14366 734
14366 14373 67
14367 14367 -578
14367 14374 -575
14368 14368 720
14368 14375 651
14369 14369 476
14369 14376 223
14370 14370 320
14370 14377 983
14371 14371 -796
14371 14378 -457
14372 14372 45
14372 14379 -491
14373 14373 -886
14373 14380 -181
14374 14374 -664
14374 14381 17
14375 14375 840
14375 14382 361
14376 14376 -61
14376 14383 -752
14377 14377 203
14377 14384 403
14378 14378 163
14378 14385 174
14379 14379 908
14379 14386 49
14380 14380 -44
14380 14387 771
14381 14381 -281
14381 14388 -985
14382 14382 287
14382 14389 -909
14383 14383 -99
14383 14390 -491
14384 14384 725
14384 14391 -257
14385 14385 -714
14385 14392 286
14386 14386 179
14386 14393 -647
14387 14387 914
14387 14394 -789
14388 14388 -625
14388 14395 896
14389 14389 -353
14389 14396 460
14390 14390 -665
14390 14397 811
14391 14391 -698
14391 14398 -358
14392 14392 -362
14392 14399 420
14393 14393 -39
14393 14400 -748
14394 14394 263
14394 14401 389
14395 14395 -184
14395 14402 -858
14396 14396 680
14396 14403 737
14397 14397 -43
14397 14404 769
14398 14398 -212
14398 14405 260
14399 14399 -852
14399 14406 427
14400 14400 -34
14400 14407 276
14401 14401 950
14401 14408 535
14402 14402 -594
14402 14409 481
14403 14403 -548
14403 14410 80
14404 14404 923
14404 14411 992
14405 14405 157
14405 14412 -31
14406 14406 -435
14406 14413 -255
14407 14407 -494
14407 14414 929
14408 14408 -354
14408 14415 455
14409 14409 766
14409 14416 655
14410 14410 572
14410 14417 872
14411 14411 -375
14411 14418 168
14412 14412 -490
14412 14419 -345
14413 14413 490
14413 14420 306
14414 14414 -546
14414 14421 -275
14415 14415 823
14415 14422 998
14416 14416 -244
14416 14423 -194
14417 14417 -166
14417 14424 -285
14418 14418 -722
14418 14425 176
14419 14419 -863
14419 14426 725
14420 14420 -474
14420 14427 -594
14421 14421 -693
14421 14428 -55
14422 14422 -899
14422 14429 893
14423 14423 -186
14423 14430 666
14424 14424 -377
14424 14431 187
14425 14425 -663
14425 14432 -698
14426 14426 331
14426 14433 -929
14427 14427 820
14427 14434 125
14428 14428 315
14428 14435 133
14429 14429 669
14429 14436 979
14430 14430 712
14430 14437 -159
14431 14431 -95
14431 14438 -358
14432 14432 -795
14432 14439 629
14433 14433 332
14433 14440 -967
14434 14434 587
14434 14441 946
14435 14435 -626
14435 14442 -760
14436 14436 -548
14436 14443 -628
14437 14437 930
14437 14444 -423
14438 14438 -337
14438 14445 -147
14439 14439 552
14439 14446 -442
14440 14440 371
14440 14447 -349
14441 14441 -727
14441 14448 -360
14442 14442 252
14442 14449 706
14443 14443 -535
14443 14450 395
14444 14444 -240
14444 14451 -958
14445 14445 276
14445 14452 233
14446 14446 -133
14446 14453 -125
14447 14447 -188
14447 14454 100
14448 14448 704
14448 14455 978
14449 14449 -951
14449 14456 -553
14450 14450 950
14450 14457 -50
14451 14451 -922
14451 14458 -548
14452 14452 691
14452 14459 114
14453 14453 -779
14453 14460 23
14454 14454 -543
14454 14461 569
14455 14455 367
14455 14462 -866
14456 14456 -936
14456 14463 798
14457 14457 210
14457 14464 189
14458 14458 -269
14458 14465 187
14459 14459 -670
14459 14466 686
14460 14460 665
14460 14467 6
14461 14461 -695
14461 14468 -791
14462 14462 -828
14462 14469 427
14463 14463 769
14463 14470 732
14464 14464 425
14464 14471 710
14465 14465 194
14465 14472 -713
14466 14466 -633
14466 14473 668
14467 14467 610
14467 14474 -495
14468 14468 -545
14468 14475 -381
14469 14469 -985
14469 14476 -381
14470 14470 584
14470 14477 -23
14471 14471 -380
14471 14478 -611
14472 14472 -238
14472 14479 -307
14473 14473 -549
14473 14480 670
14474 14474 281
14474 14481 279
14475 14475 815
14475 14482 428
14476 14476 600
14476 14483 881
14477 14477 218
14477 14484 445
14478 14478 570
14478 14485 -365
14479 14479 409
14479 14486 -498
14480 14480 743
14480 14487 -719
14481 14481 898
14481 14488 649
14482 14482 -595
14482 14489 -392
14483 14483 818
14483 14490 200
14484 14484 639
14484 14491 73
14485 14485 -443
14485 14492 666
14486 14486 -825
14486 14493 610
14487 14487 -493
14487 14494 -179
14488 14488 208
14488 14495 5
14489 14489 922
14489 14496 -312
14490 14490 954
14490 14497 -433
14491 14491 -960
14491 14498 99
14492 14492 656
14492 14499 80
14493 14493 -258
14493 14500 -55
14494 14494 -909
14494 14501 539
14495 14495 -824
14495 14502 240
14496 14496 229
14496 14503 659
14497 14497 127
14497 14504 314
14498 14498 460
14498 14505 -707
14499 14499 960
14499 14506 -72
14500 14500 -437
14500 14507 873
14501 14501 -956
14501 14508 -713
14502 14502 -720
14502 14509 -406
14503 14503 278
14503 14510 768
14504 14504 627
14504 14511 299
14505 14505 -596
14505 14512 548
14506 14506 -653
14506 14513 136
14507 14507 -409
14507 14514 299
14508 14508 -10
14508 14515 -914
14509 14509 784
14509 14516 764
14510 14510 347
14510 14517 -989
14511 14511 443
14511 14518 776
14512 14512 -148
14512 14519 152
14513 14513 807
14513 14520 -8
14514 14514 613
14514 14521 436
14515 14515 -261
14515 14522 9
14516 14516 -38
14516 14523 94
14517 14517 71
14517 14524 223
14518 14518 907
14518 14525 -430
14519 14519 -42
14519 14526 441
14520 14520 -34
14520 14527 348
14521 14521 455
14521 14528 -434
14522 14522 193
14522 14529 474
14523 14523 -334
14523 14530 57
14524 14524 367
14524 14531 119
14525 14525 956
14525 14532 649
14526 14526 -789
14526 14533 -823
14527 14527 -485
14527 14534 949
14528 14528 -884
14528 14535 31
14529 14529 685
14529 14536 -278
14530 14530 196
14530 14537 882
14531 14531 -779
14531 14538 -522
14532 14532 969
14532 14539 2
14533 14533 -815
14533 14540 -158
14534 14534 -425
14534 14541 675
14535 14535 782
14535 14542 -756
14536 14536 300
14536 14543 714
14537 14537 -695
14537 14544 -774
14538 14538 -781
14538 14545 526
14539 14539 848
14539 14546 -738
14540 14540 -5
14540 14547 591
14541 14541 -947
14541 14548 -365
14542 14542 607
14542 14549 236
14543 14543 -906
14543 14550 103
14544 14544 239
14544 14551 531
14545 14545 -420
14545 14552 -507
14546 14546 673
14546 14553 395
14547 14547 -719
14547 14554 -308
14548 14548 400
14548 14555 -667
14549 14549 -6
14549 14556 825
14550 14550 -338
14550 14557 199
14551 14551 -318
14551 14558 457
14552 14552 -439
14552 14559 -611
14553 14553 227
14553 14560 953
14554 14554 -864
14554 14561 840
14555 14555 920
14555 14562 997
14556 14556 -880
14556 14563 422
14557 14557 -772
14557 14564 6
14558 14558 762
14558 14565 -163
14559 14559 813
14559 14566 86
14560 14560 436
14560 14567 -439
14561 14561 627
14561 14568 741
14562 14562 85
14562 14569 -568
14563 14563 -483
14563 14570 -991
14564 14564 375
14564 14571 -909
14565 14565 -680
14565 14572 -904
14566 14566 209
14566 14573 854
14567 14567 652
14567 14574 257
14568 14568 392
14568 14575 343
14569 14569 -23
14569 14576 209
14570 14570 498
14570 14577 66
14571 14571 658
14571 14578 721
14572 14572 668
14572 14579 101
14573 14573 -665
14573 14580 -467
14574 14574 318
14574 14581 -25
14575 14575 -161
14575 14582 564
14576 14576 985
14576 14583 -868
14577 14577 -140
14577 14584 -912
14578 14578 307
14578 14585 -824
14579 14579 825
14579 14586 646
14580 14580 600
14580 14587 92
14581 14581 222
14581 14588 -72
14582 14582 233
14582 14589 429
14583 14583 -959
14583 14590 331
14584 14584 -597
14584 14591 -875
14585 14585 -401
14585 14592 -404
14586 14586 -951
14586 14593 -237
14587 14587 -372
14587 14594 205
14588 14588 -811
14588 14595 72
14589 14589 -147
14589 14596 371
14590 14590 341
14590 14597 714
14591 14591 745
14591 14598 318
14592 14592 -176
14592 14599 819
14593 14593 449
14593 14600 252
14594 14594 -578
14594 14601 359
14595 14595 592
14595 14602 590
14596 14596 -924
14596 14603 557
14597 14597 -879
14597 14604 -866
14598 14598 -674
14598 14605 833
14599 14599 944
14599 14606 -330
14600 14600 -708
14600 14607 -967
14601 14601 705
14601 14608 -961
14602 14602 -26
14602 14609 -387
14603 14603 744
14603 14610 -621
14604 14604 195
14604 14611 -765
14605 14605 -162
14605 14612 822
14606 14606 71
14606 14613 -66
14607 14607 -957
14607 14614 -767
14608 14608 76
14608 14615 -549
14609 14609 -320
14609 14616 373
14610 14610 702
14610 14617 -377
14611 14611 48
14611 14618 309
14612 14612 -974
14612 14619 -511
14613 14613 367
14613 14620 -999
14614 14614 441
14614 14621 -861
14615 14615 -479
14615 14622 -601
14616 14616 453
14616 14623 228
14617 14617 573
14617 14624 -354
14618 14618 440
14618 14625 -335
14619 14619 -200
14619 14626 491
14620 14620 -411
14620 14627 639
14621 14621 -133
14621 14628 52
14622 14622 -545
14622 14629 -633
14623 14623 -543
14623 14630 -966
14624 14624 621
14624 14631 -631
14625 14625 694
14625 14632 665
14626 14626 420
14626 14633 -913
14627 14627 -887
14627 14634 -432
14628 14628 973
14628 14635 316
14629 14629 -21
14629 14636 107
14630 14630 560
14630 14637 995
14631 14631 -437
14631 14638 -873
14632 14632 -662
14632 14639 -460
14633 14633 -100
14633 14640 -490
14634 14634 101
14634 14641 318
14635 14635 410
14635 14642 691
14636 14636 -533
14636 14643 -476
14637 14637 440
14637 14644 148
14638 14638 -604
14638 14645 851
14639 14639 -124
14639 14646 -315
14640 14640 481
14640 14647 -82
14641 14641 486
14641 14648 -634
14642 14642 886
14642 14649 94
14643 14643 -587
14643 14650 976
14644 14644 -918
14644 14651 330
14645 14645 -92
14645 14652 751
14646 14646 -320
14646 14653 -358
14647 14647 940
14647 14654 -572
14648 14648 -409
14648 14655 -829
14649 14649 -375
14649 14656 -2
14650 14650 707
14650 14657 -167
14651 14651 -833
14651 14658 12
14652 14652 715
14652 14659 124
14653 14653 153
14653 14660 -479
14654 14654 -787
14654 14661 -179
14655 14655 455
14655 14662 -539
14656 14656 709
14656 14663 -424
14657 14657 679
14657 14664 83
14658 14658 -470
14658 14665 -293
14659 14659 727
14659 14666 385
14660 14660 -881
14660 14667 -97
14661 14661 913
14661 14668 -274
14662 14662 -476
14662 14669 -301
14663 14663 -19
14663 14670 -906
14664 14664 -726
14664 14671 -213
14665 14665 8
14665 14672 298
14666 14666 -154
14666 14673 224
14667 14667 947
14667 14674 -806
14668 14668 -310
14668 14675 889
14669 14669 -114
14669 14676 -241
14670 14670 -938
14670 14677 -148
14671 14671 737
14671 14678 148
14672 14672 -288
14672 14679 11
14673 14673 987
14673 14680 -133
14674 14674 270
14674 14681 -643
14675 14675 -721
14675 14682 -251
14676 14676 722
14676 14683 917
14677 14677 -918
14677 14684 670
14678 14678 -459
14678 14685 -208
14679 14679 497
14679 14686 682
14680 14680 -132
14680 14687 -376
14681 14681 311
14681 14688 -749
14682 14682 -706
14682 14689 -274
14683 14683 -384
14683 14690 -316
14684 14684 195
14684 14691 -36
14685 14685 -220
14685 14692 393
14686 14686 73
14686 14693 -743
14687 14687 880
14687 14694 259
14688 14688 920
14688 14695 524
14689 14689 381
14689 14696 -839
14690 14690 -298
14690 14697 584
14691 14691 381
14691 14698 627
14692 14692 -651
14692 14699 860
14693 14693 -298
14693 14700 -81
14694 14694 515
14694 14701 -267
14695 14695 53
14695 14702 352
14696 14696 -336
14696 14703 117
14697 14697 -1
14697 14704 545
14698 14698 679
14698 14705 173
14699 14699 -536
14699 14706 -889
14700 14700 727
14700 14707 857
14701 14701 -433
14701 14708 -547
14702 14702 -164
14702 14709 -489
14703 14703 305
14703 14710 -329
14704 14704 -427
14704 14711 436
14705 14705 145
14705 14712 -898
14706 14706 -374
14706 14713 -885
14707 14707 60
14707 14714 -946
14708 14708 -244
14708 14715 -789
14709 14709 116
14709 14716 -367
14710 14710 -242
14710 14717 601
14711 14711 623
14711 14718 840
14712 14712 -927
14712 14719 352
14713 14713 -69
14713 14720 -281
14714 14714 -17
14714 14721 -652
14715 14715 423
14715 14722 -937
14716 14716 988
14716 14723 -371
14717 14717 882
14717 14724 871
14718 14718 403
14718 14725 -420
14719 14719 -350
14719 14726 910
14720 14720 -236
14720 14727 -441
14721 14721 759
14721 14728 -4
14722 14722 -479
14722 14729 500
14723 14723 366
14723 14730 -303
14724 14724 -931
14724 14731 626
14725 14725 888
14725 14732 -503
14726 14726 -111
14726 14733 -93
14727 14727 594
14727 14734 -15
14728 14728 -551
14728 14735 -107
14729 14729 380
14729 14736 8
14730 14730 363
14730 14737 -628
14731 14731 -892
14731 14738 -955
14732 14732 -593
14732 14739 984
14733 14733 -660
14733 14740 300
14734 14734 -638
14734 14741 768
14735 14735 -256
14735 14742 263
14736 14736 906
14736 14743 258
14737 14737 654
14737 14744 -97
14738 14738 104
14738 14745 -356
14739 14739 293
14739 14746 -597
14740 14740 237
14740 14747 143
14741 14741 655
14741 14748 705
14742 14742 255
14742 14749 -511
14743 14743 186
14743 14750 1
14744 14744 916
14744 14751 -574
14745 14745 -795
14745 14752 -856
14746 14746 397
14746 14753 -185
14747 14747 -839
14747 14754 931
14748 14748 491
14748 14755 -74
14749 14749 881
14749 14756 -555
14750 14750 -200
14750 14757 -880
14751 14751 175
14751 14758 -681
14752 14752 812
14752 14759 -328
14753 14753 -128
14753 14760 492
14754 14754 787
14754 14761 -768
14755 14755 -259
14755 14762 -219
14756 14756 -871
14756 14763 356
14757 14757 914
14757 14764 53
14758 14758 971
14758 14765 478
14759 14759 -730
14759 14766 492
14760 14760 583
14760 14767 882
14761 14761 821
14761 14768 474
14762 14762 -483
14762 14769 -88
14763 14763 98
14763 14770 -262
14764 14764 917
14764 14771 476
14765 14765 -549
14765 14772 -963
14766 14766 112
14766 14773 -67
14767 14767 -41
14767 14774 -637
14768 14768 747
14768 14775 -95
14769 14769 820
14769 14776 -480
14770 14770 -87
14770 14777 306
14771 14771 473
14771 14778 -975
14772 14772 -695
14772 14779 941
14773 14773 303
14773 14780 608
14774 14774 -837
14774 14781 90
14775 14775 -676
14775 14782 83
14776 14776 779
14776 14783 126
14777 14777 327
14777 14784 -305
14778 14778 -498
14778 14785 239
14779 14779 -519
14779 14786 904
14780 14780 312
14780 14787 842
14781 14781 75
14781 14788 -927
14782 14782 394
14782 14789 567
14783 14783 608
14783 14790 342
14784 14784 -134
14784 14791 -6
14785 14785 290
14785 14792 73
14786 14786 604
14786 14793 -341
14787 14787 666
14787 14794 455
14788 14788 436
14788 14795 -966
14789 14789 -855
14789 14796 968
14790 14790 471
14790 14797 -880
14791 14791 407
14791 14798 -986
14792 14792 -547
14792 14799 945
14793 14793 714
14793 14800 449
14794 14794 -884
14794 14801 -611
14795 14795 -681
14795 14802 -885
14796 14796 586
14796 14803 331
14797 14797 -141
14797 14804 338
14798 14798 -710
14798 14805 326
14799 14799 495
14799 14806 -283
14800 14800 -536
14800 14807 -296
14801 14801 -470
14801 14808 599
14802 14802 -658
14802 14809 -962
14803 14803 -67
14803 14810 390
14804 14804 -482
14804 14811 -909
14805 14805 684
14805 14812 794
14806 14806 324
14806 14813 690
14807 14807 466
14807 14814 364
14808 14808 630
14808 14815 -63
14809 14809 417
14809 14816 428
14810 14810 343
14810 14817 647
14811 14811 478
14811 14818 782
14812 14812 687
14812 14819 -130
14813 14813 -41
14813 14820 -865
14814 14814 -717
14814 14821 -947
14815 14815 516
14815 14822 218
14816 14816 562
14816 14823 274
14817 14817 130
14817 14824 -30
14818 14818 -469
14818 14825 433
14819 14819 -604
14819 14826 -744
14820 14820 -465
14820 14827 380
14821 14821 728
14821 14828 855
14822 14822 950
14822 14829 -156
14823 14823 -160
14823 14830 -253
14824 14824 -504
14824 14831 661
14825 14825 38
14825 14832 522
14826 14826 944
14826 14833 736
14827 14827 987
14827 14834 -827
14828 14828 150
14828 14835 985
14829 14829 -741
14829 14836 599
14830 14830 195
14830 14837 455
14831 14831 259
14831 14838 650
14832 14832 187
14832 14839 -305
14833 14833 -270
14833 14840 461
14834 14834 380
14834 14841 715
14835 14835 -118
14835 14842 291
14836 14836 318
14836 14843 369
14837 14837 -593
14837 14844 -406
14838 14838 55
14838 14845 489
14839 14839 -459
14839 14846 -121
14840 14840 141
14840 14847 846
14841 14841 765
14841 14848 -340
14842 14842 229
14842 14849 -240
14843 14843 -924
14843 14850 -364
14844 14844 -617
14844 14851 -590
14845 14845 4
14845 14852 494
14846 14846 -510
14846 14853 -179
14847 14847 -668
14847 14854 -504
14848 14848 769
14848 14855 -543
14849 14849 -942
14849 14856 -697
14850 14850 692
14850 14857 576
14851 14851 753
14851 14858 684
14852 14852 -834
14852 14859 410
14853 14853 922
14853 14860 1
14854 14854 982
14854 14861 -658
14855 14855 -288
14855 14862 -57
14856 14856 -256
14856 14863 683
14857 14857 133
14857 14864 509
14858 14858 -958
14858 14865 845
14859 14859 -15
14859 14866 -650
14860 14860 522
14860 14867 -898
14861 14861 -990
14861 14868 720
14862 14862 -713
14862 14869 -420
14863 14863 761
14863 14870 -4
14864 14864 -592
14864 14871 -117
14865 14865 622
14865 14872 -901
14866 14866 -4
14866 14873 -245
14867 14867 348
14867 14874 454
14868 14868 119
14868 14875 -942
14869 14869 466
14869 14876 -531
14870 14870 908
14870 14877 719
14871 14871 -966
14871 14878 546
14872 14872 207
14872 14879 -898
14873 14873 -947
14873 14880 -727
14874 14874 901
14874 14881 -615
14875 14875 -746
14875 14882 -397
14876 14876 -881
14876 14883 781
14877 14877 978
14877 14884 -119
14878 14878 222
14878 14885 -535
14879 14879 507
14879 14886 -847
14880 14880 -475
14880 14887 41
14881 14881 362
14881 14888 -504
14882 14882 -59
14882 14889 356
14883 14883 -28
14883 14890 625
14884 14884 -190
14884 14891 920
14885 14885 -958
14885 14892 -428
14886 14886 -687
14886 14893 138
14887 14887 -624
14887 14894 -775
14888 14888 863
14888 14895 126
14889 14889 -83
14889 14896 533
14890 14890 -613
14890 14897 657
14891 14891 95
14891 14898 -269
14892 14892 812
14892 14899 -686
14893 14893 361
14893 14900 609
14894 14894 239
14894 14901 871
14895 14895 -565
14895 14902 175
14896 14896 911
14896 14903 881
14897 14897 688
14897 14904 -358
14898 14898 -33
14898 14905 -397
14899 14899 -704
14899 14906 8
14900 14900 157
14900 14907 508
14901 14901 -160
14901 14908 352
14902 14902 -219
14902 14909 777
14903 14903 186
14903 14910 311
14904 14904 -478
14904 14911 -863
14905 14905 -390
14905 14912 -780
14906 14906 -945
14906 14913 -363
14907 14907 -25
14907 14914 831
14908 14908 444
14908 14915 -330
14909 14909 271
14909 14916 -342
14910 14910 627
14910 14917 -827
14911 14911 287
14911 14918 -862
14912 14912 -858
14912 14919 119
14913 14913 762
14913 14920 -371
14914 14914 -748
14914 14921 638
14915 14915 858
14915 14922 819
14916 14916 173
14916 14923 -36
14917 14917 937
14917 14924 -849
14918 14918 20
14918 14925 669
14919 14919 -300
14919 14926 219
14920 14920 451
14920 14927 708
14921 14921 -591
14921 14928 304
14922 14922 -982
14922 14929 517
14923 14923 -289
14923 14930 217
14924 14924 536
14924 14931 492
14925 14925 858
14925 14932 -301
14926 14926 -46
14926 14933 -170
14927 14927 -221
14927 14934 763
14928 14928 -60
14928 14935 583
14929 14929 -404
14929 14936 -660
14930 14930 371
14930 14937 -540
14931 14931 157
14931 14938 -639
14932 14932 -945
14932 14939 461
14933 14933 707
14933 14940 163
14934 14934 925
14934 14941 893
14935 14935 184
14935 14942 -111
14936 14936 -525
14936 14943 329
14937 14937 -946
14937 14944 569
14938 14938 -154
14938 14945 605
14939 14939 -341
14939 14946 798
14940 14940 -340
14940 14947 -211
14941 14941 684
14941 14948 -534
14942 14942 -675
14942 14949 -400
14943 14943 142
14943 14950 902
14944 14944 -372
14944 14951 -537
14945 14945 195
14945 14952 -68
14946 14946 -962
14946 14953 840
14947 14947 216
14947 14954 411
14948 14948 -145
14948 14955 85
14949 14949 -812
14949 14956 776
14950 14950 426
14950 14957 -582
14951 14951 868
14951 14958 293
14952 14952 339
14952 14959 93
14953 14953 -467
14953 14960 699
14954 14954 204
14954 14961 -330
14955 14955 570
14955 14962 -374
14956 14956 -841
14956 14963 -996
14957 14957 -285
14957 14964 23
14958 14958 -449
14958 14965 -895
14959 14959 -142
14959 14966 928
14960 14960 -563
14960 14967 -81
14961 14961 421
14961 14968 -99
14962 14962 -514
14962 14969 -338
14963 14963 353
14963 14970 510
14964 14964 -225
14964 14971 -540
14965 14965 872
14965 14972 -957
14966 14966 -507
14966 14973 208
14967 14967 941
14967 14974 -487
14968 14968 -838
14968 14975 -856
14969 14969 650
14969 14976 891
14970 14970 -364
14970 14977 10
14971 14971 405
14971 14978 -795
14972 14972 -510
14972 14979 -900
14973 14973 -763
14973 14980 -871
14974 14974 -112
14974 14981 -951
14975 14975 855
14975 14982 92
14976 14976 -592
14976 14983 -144
14977 14977 -31
14977 14984 -946
14978 14978 -666
14978 14985 360
14979 14979 -741
14979 14986 518
14980 14980 -947
14980 14987 41
14981 14981 408
14981 14988 590
14982 14982 -683
14982 14989 698
14983 14983 135
14983 14990 -513
14984 14984 -15
14984 14991 -510
14985 14985 460
14985 14992 782
14986 14986 682
14986 14993 440
14987 14987 -260
14987 14994 -235
14988 14988 -417
14988 14995 369
14989 14989 378
14989 14996 487
14990 14990 -511
14990 14997 159
14991 14991 658
14991 14998 -565
14992 14992 496
14992 14999 396
14993 14993 -383
14993 15000 178
14994 14994 742
14994 15001 193
14995 14995 299
14995 15002 778
14996 14996 -441
14996 15003 215
14997 14997 -219
14997 15004 412
14998 14998 -317
14998 15005 -783
14999 14999 -892
14999 15006 -467
15000 15000 -470
15000 15007 316
15001 15001 906
15001 15008 793
15002 15002 -90
15002 15009 -969
15003 15003 -718
15003 15010 386
15004 15004 -536
15004 15011 29
15005 15005 -501
15005 15012 908
15006 15006 -186
15006 15013 -190
15007 15007 -163
15007 15014 171
15008 15008 516
15008 15015 -714
15009 15009 415
15009 15016 862
15010 15010 -861
15010 15017 -248
15011 15011 -305
15011 15018 -539
15012 15012 -254
15012 15019 101
15013 15013 968
15013 15020 838
15014 15014 -607
15014 15021 44
15015 15015 651
15015 15022 47
15016 15016 -825
15016 15023 -173
15017 15017 -305
15017 15024 -528
15018 15018 342
15018 15025 914
15019 15019 -456
15019 15026 147
15020 15020 -73
15020 15027 -446
15021 15021 859
15021 15028 331
15022 15022 -408
15022 15029 420
15023 15023 -393
15023 15030 -889
15024 15024 -981
15024 15031 -137
15025 15025 423
15025 15032 612
15026 15026 -275
15026 15033 -148
15027 15027 -982
15027 15034 -41
15028 15028 -316
15028 15035 -246
15029 15029 -374
15029 15036 -165
15030 15030 -43
15030 15037 -681
15031 15031 351
15031 15038 444
15032 15032 -18
15032 15039 -490
15033 15033 753
15033 15040 -158
15034 15034 801
15034 15041 82
15035 15035 110
15035 15042 820
15036 15036 580
15036 15043 511
15037 15037 -471
15037 15044 -19
15038 15038 -431
15038 15045 346
15039 15039 -634
15039 15046 -144
15040 15040 -169
15040 15047 -261
15041 15041 -725
15041 15048 -706
15042 15042 -208
15042 15049 93
15043 15043 -190
15043 15050 -533
15044 15044 -89
15044 15051 20
15045 15045 840
15045 15052 -662
15046 15046 -42
15046 15053 -754
15047 15047 465
15047 15054 -621
15048 15048 737
15048 15055 35
15049 15049 515
15049 15056 26
15050 15050 -909
15050 15057 -599
15051 15051 694
15051 15058 239
15052 15052 135
15052 15059 -750
15053 15053 398
15053 15060 -495
15054 15054 -27
15054 15061 616
15055 15055 -210
15055 15062 -365
15056 15056 -910
15056 15063 -438
15057 15057 -345
15057 15064 -611
15058 15058 898
15058 15065 -455
15059 15059 625
15059 15066 271
15060 15060 -2
15060 15067 -705
15061 15061 -392
15061 15068 594
15062 15062 590
15062 15069 113
15063 15063 280
15063 15070 108
15064 15064 -669
15064 15071 774
15065 15065 13
15065 15072 306
15066 15066 75
15066 15073 260
15067 15067 -26
15067 15074 836
15068 15068 642
15068 15075 526
15069 15069 -980
15069 15076 496
15070 15070 -850
15070 15077 223
15071 15071 270
15071 15078 -632
15072 15072 397
15072 15079 -657
15073 15073 262
15073 15080 691
15074 15074 256
15074 15081 -33
15075 15075 926
15075 15082 848
15076 15076 -244
15076 15083 791
15077 15077 -408
15077 15084 331
15078 15078 212
15078 15085 833
15079 15079 65
15079 15086 115
15080 15080 494
15080 15087 -184
15081 15081 -567
15081 15088 -354
15082 15082 -347
15082 15089 579
15083 15083 917
15083 15090 462
15084 15084 501
15084 15091 302
15085 15085 -151
15085 15092 -781
15086 15086 -307
15086 15093 906
15087 15087 314
15087 15094 193
15088 15088 -415
15088 15095 -441
15089 15089 -75
15089 15096 189
15090 15090 387
15090 15097 969
15091 15091 464
15091 15098 998
15092 15092 -824
15092 15099 303
15093 15093 120
15093 15100 -534
15094 15094 -742
15094 15101 -231
15095 15095 -695
15095 15102 899
15096 15096 -772
15096 15103 924
15097 15097 -542
15097 15104 788
15098 15098 -952
15098 15105 -671
15099 15099 145
15099 15106 457
15100 15100 -752
15100 15107 -82
15101 15101 -257
15101 15108 -977
15102 15102 469
15102 15109 -685
15103 15103 530
15103 15110 609
15104 15104 439
15104 15111 -229
15105 15105 926
15105 15112 420
15106 15106 7
15106 15113 830
15107 15107 117
15107 15114 592
15108 15108 240
15108 15115 729
15109 15109 -8
15109 15116 -42
15110 15110 -410
15110 15117 -474
15111 15111 527
15111 15118 -419
15112 15112 230
15112 15119 -523
15113 15113 -635
15113 15120 896
15114 15114 60
15114 15121 42
15115 15115 -329
15115 15122 923
15116 15116 381
15116 15123 754
15117 15117 449
15117 15124 729
15118 15118 372
15118 15125 247
15119 15119 -938
15119 15126 33
15120 15120 398
15120 15127 198
15121 15121 216
15121 15128 369
15122 15122 251
15122 15129 -3
15123 15123 -497
15123 15130 986
15124 15124 96
15124 15131 34
15125 15125 -649
15125 15132 -71
15126 15126 107
15126 15133 712
15127 15127 693
15127 15134 231
15128 15128 -95
15128 15135 -625
15129 15129 -110
15129 15136 825
15130 15130 291
15130 15137 -696
15131 15131 -459
15131 15138 577
15132 15132 -285
15132 15139 -509
15133 15133 -843
15133 15140 -48
15134 15134 -774
15134 15141 497
15135 15135 -806
15135 15142 -478
15136 15136 -979
15136 15143 33
15137 15137 942
15137 15144 184
15138 15138 -248
15138 15145 -905
15139 15139 961
15139 15146 645
15140 15140 -472
15140 15147 -296
15141 15141 717
15141 15148 -299
15142 15142 -707
15142 15149 -2
15143 15143 790
15143 15150 248
15144 15144 102
15144 15151 -845
15145 15145 888
15145 15152 928
15146 15146 -815
15146 15153 -832
15147 15147 -130
15147 15154 -373
15148 15148 -340
15148 15155 997
15149 15149 364
15149 15156 -383
15150 15150 681
15150 15157 970
15151 15151 661
15151 15158 -593
15152 15152 -920
15152 15159 -599
15153 15153 -239
15153 15160 744
15154 15154 944
15154 15161 239
15155 15155 515
15155 15162 896
15156 15156 -691
15156 15163 -62
15157 15157 -339
15157 15164 -265
15158 15158 -475
15158 15165 349
15159 15159 -920
15159 15166 6
15160 15160 -98
15160 15167 -88
15161 15161 477
15161 15168 -699
15162 15162 -764
15162 15169 -305
15163 15163 483
15163 15170 125
15164 15164 -150
15164 15171 -435
15165 15165 926
15165 15172 684
15166 15166 -215
15166 15173 -1
15167 15167 -180
15167 15174 -661
15168 15168 -330
15168 15175 805
15169 15169 933
15169 15176 -516
15170 15170 -143
15170 15177 -829
15171 15171 -165
15171 15178 193
15172 15172 -723
15172 15179 -341
15173 15173 54
15173 15180 -127
15174 15174 703
15174 15181 -618
15175 15175 -44
15175 15182 -229
15176 15176 -699
15176 15183 735
15177 15177 -824
15177 15184 908
15178 15178 -443
15178 15185 -911
15179 15179 400
15179 15186 383
15180 15180 -254
15180 15187 -25
15181 15181 -554
15181 15188 225
15182 15182 -911
15182 15189 762
15183 15183 173
15183 15190 302
15184 15184 133
15184 15191 -281
15185 15185 -696
15185 15192 -191
15186 15186 278
15186 15193 964
15187 15187 192
15187 15194 337
15188 15188 -541
15188 15195 602
15189 15189 -866
15189 15196 644
15190 15190 -278
15190 15197 608
15191 15191 -956
15191 15198 -213
15192 15192 176
15192 15199 426
15193 15193 -745
15193 15200 931
15194 15194 -193
15194 15201 186
15195 15195 -149
15195 15202 109
15196 15196 -475
15196 15203 -628
15197 15197 392
15197 15204 -718
15198 15198 368
15198 15205 902
15199 15199 -802
15199 15206 561
15200 15200 587
15200 15207 663
15201 15201 521
15201 15208 -797
15202 15202 -879
15202 15209 -369
15203 15203 911
15203 15210 -789
15204 15204 588
15204 15211 -731
15205 15205 449
15205 15212 870
15206 15206 -86
15206 15213 801
15207 15207 -195
15207 15214 -494
15208 15208 -105
15208 15215 898
15209 15209 124
15209 15216 870
15210 15210 898
15210 15217 -584
15211 15211 -277
15211 15218 -145
15212 15212 923
15212 15219 621
15213 15213 805
15213 15220 -16
15214 15214 -576
15214 15221 -953
15215 15215 -250
15215 15222 -748
15216 15216 591
15216 15223 -116
15217 15217 952
15217 15224 409
15218 15218 455
15218 15225 518
15219 15219 482
15219 15226 -230
15220 15220 -288
15220 15227 -774
15221 15221 713
15221 15228 444
15222 15222 391
15222 15229 -71
15223 15223 77
15223 15230 -430
15224 15224 -783
15224 15231 632
15225 15225 233
15225 15232 369
15226 15226 -537
15226 15233 941
15227 15227 -828
15227 15234 -863
15228 15228 516
15228 15235 -669
15229 15229 -21
15229 15236 -873
15230 15230 -334
15230 15237 694
15231 15231 -529
15231 15238 -306
15232 15232 -769
15232 15239 -742
15233 15233 684
15233 15240 -572
15234 15234 963
15234 15241 921
15235 15235 745
15235 15242 292
15236 15236 464
15236 15243 525
15237 15237 707
15237 15244 715
15238 15238 228
15238 15245 -22
15239 15239 -558
15239 15246 444
15240 15240 806
15240 15247 655
15241 15241 -190
15241 15248 -120
15242 15242 593
15242 15249 -521
15243 15243 -593
15243 15250 354
15244 15244 -613
15244 15251 447
15245 15245 -311
15245 15252 828
15246 15246 -138
15246 15253 -27
15247 15247 645
15247 15254 383
15248 15248 744
15248 15255 766
15249 15249 699
15249 15256 -981
15250 15250 -28
15250 15257 957
15251 15251 -17
15251 15258 139
15252 15252 -635
15252 15259 -338
15253 15253 723
15253 15260 128
15254 15254 -505
15254 15261 528
15255 15255 443
15255 15262 -232
15256 15256 -112
15256 15263 23
15257 15257 979
15257 15264 -340
15258 15258 250
15258 15265 9
15259 15259 248
15259 15266 -380
15260 15260 33
15260 15267 221
15261 15261 -264
15261 15268 707
15262 15262 -504
15262 15269 -823
15263 15263 -717
15263 15270 465
15264 15264 488
15264 15271 -588
15265 15265 -699
15265 15272 106
15266 15266 707
15266 15273 -315
15267 15267 196
15267 15274 -993
15268 15268 -901
15268 15275 166
15269 15269 -676
15269 15276 744
15270 15270 247
15270 15277 195
15271 15271 913
15271 15278 974
15272 15272 748
15272 15279 625
15273 15273 -812
15273 15280 -904
15274 15274 -120
15274 15281 -706
15275 15275 676
15275 15282 -314
15276 15276 -598
15276 15283 -491
15277 15277 574
15277 15284 -374
15278 15278 -577
15278 15285 41
15279 15279 172
15279 15286 130
15280 15280 -153
15280 15287 -352
15281 15281 -47
15281 15288 490
15282 15282 103
15282 15289 -432
15283 15283 424
15283 15290 -364
15284 15284 650
15284 15291 164
15285 15285 488
15285 15292 -897
15286 15286 907
15286 15293 -978
15287 15287 -717
15287 15294 871
15288 15288 224
15288 15295 -908
15289 15289 311
15289 15296 -227
15290 15290 319
15290 15297 246
15291 15291 501
15291 15298 -179
15292 15292 582
15292 15299 -605
15293 15293 498
15293 15300 -682
15294 15294 -937
15294 15301 623
15295 15295 536
15295 15302 803
15296 15296 -746
15296 15303 -351
15297 15297 428
15297 15304 -539
15298 15298 825
15298 15305 937
15299 15299 629
15299 15306 -507
15300 15300 512
15300 15307 587
15301 15301 981
15301 15308 298
15302 15302 -462
15302 15309 -772
15303 15303 519
15303 15310 90
15304 15304 42
15304 15311 -769
15305 15305 -614
15305 15312 -737
15306 15306 325
15306 15313 939
15307 15307 293
15307 15314 -39
15308 15308 -884
15308 15315 -155
15309 15309 277
15309 15316 683
15310 15310 -219
15310 15317 -419
15311 15311 577
15311 15318 -376
15312 15312 -2
15312 15319 -242
15313 15313 -541
15313 15320 505
15314 15314 842
15314 15321 150
15315 15315 -622
15315 15322 863
15316 15316 -270
15316 15323 940
15317 15317 556
15317 15324 -931
15318 15318 -466
15318 15325 -972
15319 15319 877
15319 15326 626
15320 15320 916
15320 15327 976
15321 15321 950
15321 15328 -151
15322 15322 721
15322 15329 72
15323 15323 610
15323 15330 -338
15324 15324 477
15324 15331 649
15325 15325 -326
15325 15332 494
15326 15326 -789
15326 15333 117
15327 15327 -23
15327 15334 688
15328 15328 241
15328 15335 372
15329 15329 -286
15329 15336 329
15330 15330 978
15330 15337 -868
15331 15331 523
15331 15338 838
15332 15332 402
15332 15339 -843
15333 15333 869
15333 15340 -140
15334 15334 735
15334 15341 331
15335 15335 -444
15335 15342 908
15336 15336 -742
15336 15343 -929
15337 15337 -589
15337 15344 772
15338 15338 -490
15338 15345 -256
15339 15339 -536
15339 15346 -11
15340 15340 211
15340 15347 998
15341 15341 -627
15341 15348 132
15342 15342 -756
15342 15349 -514
15343 15343 447
15343 15350 -974
15344 15344 301
15344 15351 474
15345 15345 652
15345 15352 289
15346 15346 883
15346 15353 -945
15347 15347 269
15347 15354 254
15348 15348 126
15348 15355 527
15349 15349 -749
15349 15356 -541
15350 15350 -645
15350 15357 -989
15351 15351 -587
15351 15358 651
15352 15352 -471
15352 15359 429
15353 15353 207
15353 15360 780
15354 15354 -551
15354 15361 -515
15355 15355 739
15355 15362 -522
15356 15356 168
15356 15363 -161
15357 15357 336
15357 15364 -759
15358 15358 207
15358 15365 -926
15359 15359 161
15359 15366 657
15360 15360 -602
15360 15367 -603
15361 15361 28
15361 15368 -650
15362 15362 742
15362 15369 -740
15363 15363 897
15363 15370 19
15364 15364 -360
15364 15371 -293
15365 15365 -533
15365 15372 -560
15366 15366 611
15366 15373 312
15367 15367 891
15367 15374 6
15368 15368 312
15368 15375 711
15369 15369 -117
15369 15376 -184
15370 15370 625
15370 15377 387
15371 15371 -925
15371 15378 554
15372 15372 119
15372 15379 -408
15373 15373 840
15373 15380 44
15374 15374 877
15374 15381 258
15375 15375 50
15375 15382 -545
15376 15376 583
15376 15383 -735
15377 15377 -297
15377 15384 394
15378 15378 -386
15378 15385 993
15379 15379 162
15379 15386 480
15380 15380 645
15380 15387 -291
15381 15381 316
15381 15388 801
15382 15382 124
15382 15389 -506
15383 15383 375
15383 15390 -468
15384 15384 461
15384 15391 333
15385 15385 989
15385 15392 195
15386 15386 402
15386 15393 806
15387 15387 -198
15387 15394 435
15388 15388 -544
15388 15395 -417
15389 15389 -866
15389 15396 -988
15390 15390 -588
15390 15397 604
15391 15391 452
15391 15398 -17
15392 15392 -542
15392 15399 695
15393 15393 642
15393 15400 -685
15394 15394 488
15394 15401 -842
15395 15395 943
15395 15402 9
15396 15396 668
15396 15403 -36
15397 15397 96
15397 15404 556
15398 15398 -858
15398 15405 436
15399 15399 578
15399 15406 -197
15400 15400 501
15400 15407 -965
15401 15401 -759
15401 15408 746
15402 15402 408
15402 15409 -783
15403 15403 -652
15403 15410 -433
15404 15404 878
15404 15411 -300
15405 15405 425
15405 15412 943
15406 15406 446
15406 15413 -696
15407 15407 862
15407 15414 587
15408 15408 663
15408 15415 -107
15409 15409 -680
15409 15416 481
15410 15410 582
15410 15417 -53
15411 15411 -196
15411 15418 -791
15412 15412 144
15412 15419 -65
15413 15413 -637
15413 15420 -381
15414 15414 769
15414 15421 -362
15415 15415 259
15415 15422 -22
15416 15416 581
15416 15423 709
15417 15417 274
15417 15424 537
15418 15418 -126
15418 15425 -121
15419 15419 -439
15419 15426 952
15420 15420 183
15420 15427 886
15421 15421 -292
15421 15428 -46
15422 15422 -609
15422 15429 -824
15423 15423 803
15423 15430 146
15424 15424 75
15424 15431 -698
15425 15425 -468
15425 15432 573
15426 15426 -586
15426 15433 115
15427 15427 145
15427 15434 -530
15428 15428 261
15428 15435 -546
15429 15429 -27
15429 15436 432
15430 15430 30
15430 15437 910
15431 15431 992
15431 15438 115
15432 15432 965
15432 15439 -694
15433 15433 -775
15433 15440 -377
15434 15434 -337
15434 15441 806
15435 15435 -164
15435 15442 465
15436 15436 747
15436 15443 143
15437 15437 -505
15437 15444 483
15438 15438 892
15438 15445 108
15439 15439 -423
15439 15446 60
15440 15440 -418
15440 15447 -958
15441 15441 -273
15441 15448 -592
15442 15442 422
15442 15449 -448
15443 15443 498
15443 15450 155
15444 15444 944
15444 15451 -824
15445 15445 562
15445 15452 -215
15446 15446 -903
15446 15453 -950
15447 15447 -957
15447 15454 264
15448 15448 -961
15448 15455 -569
15449 15449 785
15449 15456 461
15450 15450 401
15450 15457 -576
15451 15451 -184
15451 15458 115
15452 15452 197
15452 15459 -340
15453 15453 152
15453 15460 -821
15454 15454 -188
15454 15461 572
15455 15455 304
15455 15462 -265
15456 15456 354
15456 15463 -728
15457 15457 -507
15457 15464 581
15458 15458 709
15458 15465 31
15459 15459 482
15459 15466 -36
15460 15460 -332
15460 15467 -759
15461 15461 24
15461 15468 -254
15462 15462 -20
15462 15469 -904
15463 15463 -279
15463 15470 514
15464 15464 -562
15464 15471 91
15465 15465 -33
15465 15472 623
15466 15466 -892
15466 15473 -544
15467 15467 -833
15467 15474 860
15468 15468 -740
15468 15475 -91
15469 15469 199
15469 15476 813
15470 15470 -736
15470 15477 -260
15471 15471 906
15471 15478 143
15472 15472 84
15472 15479 15
15473 15473 -415
15473 15480 629
15474 15474 -891
15474 15481 -666
15475 15475 387
15475 15482 959
15476 15476 724
15476 15483 -268
15477 15477 -476
15477 15484 804
15478 15478 829
15478 15485 -737
15479 15479 -816
15479 15486 -251
15480 15480 331
15480 15487 -874
15481 15481 681
15481 15488 243
15482 15482 719
15482 15489 236
15483 15483 650
15483 15490 575
15484 15484 -610
15484 15491 -308
15485 15485 85
15485 15492 361
15486 15486 -477
15486 15493 -548
15487 15487 963
15487 15494 975
15488 15488 -718
15488 15495 30
15489 15489 -807
15489 15496 818
15490 15490 242
15490 15497 101
15491 15491 626
15491 15498 160
15492 15492 342
15492 15499 752
15493 15493 531
15493 15500 -187
15494 15494 18
15494 15501 178
15495 15495 488
15495 15502 -93
15496 15496 658
15496 15503 -460
15497 15497 -430
15497 15504 -117
15498 15498 -236
15498 15505 -424
15499 15499 70
15499 15506 -371
15500 15500 500
15500 15507 -334
15501 15501 689
15501 15508 424
15502 15502 253
15502 15509 761
15503 15503 652
15503 15510 915
15504 15504 638
15504 15511 840
15505 15505 -63
15505 15512 -61
15506 15506 -216
15506 15513 192
15507 15507 -436
15507 15514 1
15508 15508 -370
15508 15515 190
15509 15509 -711
15509 15516 -608
15510 15510 -240
15510 15517 -78
15511 15511 597
15511 15518 -289
15512 15512 -714
15512 15519 -614
15513 15513 855
15513 15520 269
15514 15514 965
15514 15521 864
15515 15515 706
15515 15522 -908
15516 15516 -764
15516 15523 201
15517 15517 -802
15517 15524 529
15518 15518 -505
15518 15525 737
15519 15519 829
15519 15526 -967
15520 15520 -184
15520 15527 -750
15521 15521 501
15521 15528 -839
15522 15522 -12
15522 15529 -640
15523 15523 157
15523 15530 784
15524 15524 -184
15524 15531 351
15525 15525 -272
15525 15532 -861
15526 15526 657
15526 15533 585
15527 15527 727
15527 15534 -558
15528 15528 -47
15528 15535 -680
15529 15529 -594
15529 15536 -73
15530 15530 -712
15530 15537 939
15531 15531 -751
15531 15538 354
15532 15532 -147
15532 15539 209
15533 15533 -31
15533 15540 -284
15534 15534 -957
15534 15541 -971
15535 15535 663
15535 15542 -530
15536 15536 -728
15536 15543 -668
15537 15537 -124
15537 15544 955
15538 15538 956
15538 15545 671
15539 15539 411
15539 15546 356
15540 15540 -808
15540 15547 -562
15541 15541 798
15541 15548 605
15542 15542 193
15542 15549 80
15543 15543 -910
15543 15550 -206
15544 15544 -222
15544 15551 -726
15545 15545 699
15545 15552 -282
15546 15546 761
15546 15553 -387
15547 15547 366
15547 15554 185
15548 15548 -384
15548 15555 222
15549 15549 -914
15549 15556 -686
15550 15550 -590
15550 15557 643
15551 15551 -882
15551 15558 332
15552 15552 -121
15552 15559 -957
15553 15553 457
15553 15560 -797
15554 15554 157
15554 15561 639
15555 15555 -220
15555 15562 219
15556 15556 -634
15556 15563 846
15557 15557 -358
15557 15564 -399
15558 15558 393
15558 15565 514
15559 15559 -88
15559 15566 -603
15560 15560 498
15560 15567 -473
15561 15561 -937
15561 15568 569
15562 15562 550
15562 15569 -634
15563 15563 -708
15563 15570 -746
15564 15564 894
15564 15571 -339
15565 15565 -200
15565 15572 856
15566 15566 -908
15566 15573 36
15567 15567 457
15567 15574 322
15568 15568 -663
15568 15575 -276
15569 15569 709
15569 15576 -253
15570 15570 -169
15570 15577 -489
15571 15571 292
15571 15578 -763
15572 15572 492
15572 15579 491
15573 15573 -636
15573 15580 -145
15574 15574 -822
15574 15581 -80
15575 15575 552
15575 15582 -533
15576 15576 384
15576 15583 -285
15577 15577 -497
15577 15584 347
15578 15578 -751
15578 15585 845
15579 15579 -527
15579 15586 -623
15580 15580 575
15580 15587 782
15581 15581 -890
15581 15588 120
15582 15582 670
15582 15589 -799
15583 15583 229
15583 15590 364
15584 15584 -450
15584 15591 541
15585 15585 -161
15585 15592 793
15586 15586 -119
15586 15593 -404
15587 15587 -439
15587 15594 430
15588 15588 774
15588 15595 -210
15589 15589 -338
15589 15596 -546
15590 15590 52
15590 15597 -787
15591 15591 538
15591 15598 707
15592 15592 949
15592 15599 -844
15593 15593 568
15593 15600 -359
15594 15594 -320
15594 15601 281
15595 15595 -191
15595 15602 -637
15596 15596 182
15596 15603 -123
15597 15597 352
15597 15604 -635
15598 15598 78
15598 15605 -12
15599 15599 301
15599 15606 -719
15600 15600 -735
15600 15607 532
15601 15601 -90
15601 15608 105
15602 15602 -965
15602 15609 833
15603 15603 660
15603 15610 2
15604 15604 586
15604 15611 -758
15605 15605 -984
15605 15612 -510
15606 15606 -930
15606 15613 130
15607 15607 -205
15607 15614 -219
15608 15608 -858
15608 15615 174
15609 15609 -609
15609 15616 -967
15610 15610 -586
15610 15617 -746
15611 15611 -214
15611 15618 -62
15612 15612 -922
15612 15619 -17
15613 15613 857
15613 15620 531
15614 15614 -894
15614 15621 -295
15615 15615 -316
15615 15622 492
15616 15616 545
15616 15623 203
15617 15617 -502
15617 15624 -182
15618 15618 -448
15618 15625 -129
15619 15619 570
15619 15626 -489
15620 15620 -96
15620 15627 511
15621 15621 346
15621 15628 524
15622 15622 538
15622 15629 411
15623 15623 40
15623 15630 -107
15624 15624 912
15624 15631 -718
15625 15625 -673
15625 15632 300
15626 15626 519
15626 15633 739
15627 15627 -140
15627 15634 65
15628 15628 -836
15628 15635 -758
15629 15629 931
15629 15636 -122
15630 15630 -108
15630 15637 -11
15631 15631 458
15631 15638 -772
15632 15632 905
15632 15639 888
15633 15633 -986
15633 15640 231
15634 15634 -597
15634 15641 -221
15635 15635 -648
15635 15642 -22
15636 15636 748
15636 15643 466
15637 15637 -622
15637 15644 350
15638 15638 -882
15638 15645 254
15639 15639 110
15639 15646 914
15640 15640 160
15640 15647 41
15641 15641 127
15641 15648 987
15642 15642 -465
15642 15649 -838
15643 15643 -414
15643 15650 179
15644 15644 737
15644 15651 25
15645 15645 -215
15645 15652 481
15646 15646 -14
15646 15653 -641
15647 15647 -178
15647 15654 -211
15648 15648 563
15648 15655 272
15649 15649 -411
15649 15656 -720
15650 15650 359
15650 15657 731
15651 15651 482
15651 15658 356
15652 15652 -475
15652 15659 -407
15653 15653 -597
15653 15660 -18
15654 15654 455
15654 15661 243
15655 15655 881
15655 15662 -532
15656 15656 -403
15656 15663 -252
15657 15657 976
15657 15664 699
15658 15658 -783
15658 15665 388
15659 15659 45
15659 15666 -371
15660 15660 627
15660 15667 -237
15661 15661 -605
15661 15668 -32
15662 15662 396
15662 15669 -204
15663 15663 746
15663 15670 -528
15664 15664 -142
15664 15671 114
15665 15665 443
15665 15672 58
15666 15666 -3
15666 15673 -946
15667 15667 -883
15667 15674 -752
15668 15668 -580
15668 15675 -241
15669 15669 -238
15669 15676 -165
15670 15670 -179
15670 15677 657
15671 15671 537
15671 15678 -977
15672 15672 -437
15672 15679 -142
15673 15673 200
15673 15680 -470
15674 15674 562
15674 15681 923
15675 15675 383
15675 15682 99
15676 15676 -305
15676 15683 233
15677 15677 33
15677 15684 -969
15678 15678 866
15678 15685 6
15679 15679 -352
15679 15686 -65
15680 15680 -923
15680 15687 -334
15681 15681 -20
15681 15688 60
15682 15682 337
15682 15689 -346
15683 15683 -33
15683 15690 839
15684 15684 -255
15684 15691 854
15685 15685 409
15685 15692 77
15686 15686 -490
15686 15693 -929
15687 15687 -858
15687 15694 -240
15688 15688 -155
15688 15695 273
15689 15689 -195
15689 15696 417
15690 15690 742
15690 15697 911
15691 15691 443
15691 15698 345
15692 15692 -39
15692 15699 -355
15693 15693 210
15693 15700 229
15694 15694 882
15694 15701 -301
15695 15695 669
15695 15702 157
15696 15696 -121
15696 15703 -676
15697 15697 -267
15697 15704 104
15698 15698 -273
15698 15705 470
15699 15699 201
15699 15706 98
15700 15700 752
15700 15707 71
15701 15701 -29
15701 15708 433
15702 15702 63
15702 15709 -11
15703 15703 -677
15703 15710 162
15704 15704 -388
15704 15711 -100
15705 15705 837
15705 15712 -357
15706 15706 -631
15706 15713 636
15707 15707 -581
15707 15714 -100
15708 15708 289
15708 15715 619
15709 15709 -811
15709 15716 619
15710 15710 224
15710 15717 907
15711 15711 -475
15711 15718 846
15712 15712 -5
15712 15719 -43
15713 15713 -404
15713 15720 685
15714 15714 221
15714 15721 -523
15715 15715 -46
15715 15722 191
15716 15716 -900
15716 15723 733
15717 15717 395
15717 15724 759
15718 15718 -19
15718 15725 -349
15719 15719 -475
15719 15726 -857
15720 15720 -518
15720 15727 156
15721 15721 -303
15721 15728 659
15722 15722 -898
15722 15729 458
15723 15723 255
15723 15730 427
15724 15724 217
15724 15731 309
15725 15725 898
15725 15732 -193
15726 15726 -116
15726 15733 163
15727 15727 127
15727 15734 76
15728 15728 -521
15728 15735 -956
15729 15729 -521
15729 15736 -764
15730 15730 -783
15730 15737 -526
15731 15731 -718
15731 15738 999
15732 15732 801
15732 15739 -314
15733 15733 -51
15733 15740 839
15734 15734 48
15734 15741 -327
15735 15735 683
15735 15742 792
15736 15736 916
15736 15743 -706
15737 15737 74
15737 15744 -84
15738 15738 970
15738 15745 -692
15739 15739 407
15739 15746 -52
15740 15740 -920
15740 15747 993
15741 15741 -26
15741 15748 -218
15742 15742 -496
15742 15749 473
15743 15743 -4
15743 15750 -43
15744 15744 -243
15744 15751 -698
15745 15745 226
15745 15752 196
15746 15746 155
15746 15753 451
15747 15747 -880
15747 15754 -983
15748 15748 843
15748 15755 -474
15749 15749 802
15749 15756 -373
15750 15750 -611
15750 15757 -562
15751 15751 798
15751 15758 962
15752 15752 829
15752 15759 866
15753 15753 -298
15753 15760 -311
15754 15754 -411
15754 15761 -969
15755 15755 -291
15755 15762 327
15756 15756 804
15756 15763 -124
15757 15757 -980
15757 15764 -801
15758 15758 -223
15758 15765 501
15759 15759 656
15759 15766 -796
15760 15760 723
15760 15767 -902
15761 15761 -106
15761 15768 -446
15762 15762 442
15762 15769 825
15763 15763 548
15763 15770 -975
15764 15764 771
15764 15771 -697
15765 15765 -900
15765 15772 -796
15766 15766 -616
15766 15773 205
15767 15767 510
15767 15774 -898
15768 15768 -288
15768 15775 172
15769 15769 -329
15769 15776 -174
15770 15770 818
15770 15777 840
15771 15771 -334
15771 15778 489
15772 15772 56
15772 15779 -858
15773 15773 206
15773 15780 -104
15774 15774 -159
15774 15781 -648
15775 15775 -923
15775 15782 163
15776 15776 927
15776 15783 648
15777 15777 -951
15777 15784 608
15778 15778 -180
15778 15785 902
15779 15779 -603
15779 15786 -355
15780 15780 50
15780 15787 -441
15781 15781 -20
15781 15788 794
15782 15782 -216
15782 15789 -324
15783 15783 475
15783 15790 107
15784 15784 -350
15784 15791 15
15785 15785 -291
15785 15792 -455
15786 15786 259
15786 15793 736
15787 15787 -764
15787 15794 83
15788 15788 714
15788 15795 -476
15789 15789 -129
15789 15796 -993
15790 15790 590
15790 15797 -331
15791 15791 -418
15791 15798 16
15792 15792 793
15792 15799 -667
15793 15793 387
15793 15800 864
15794 15794 950
15794 15801 -648
15795 15795 703
15795 15802 446
15796 15796 313
15796 15803 832
15797 15797 233
15797 15804 -425
15798 15798 -266
15798 15805 -946
15799 15799 82
15799 15806 252
15800 15800 185
15800 15807 803
15801 15801 -70
15801 15808 -802
15802 15802 -514
15802 15809 -87
15803 15803 845
15803 15810 -654
15804 15804 -926
15804 15811 674
15805 15805 310
15805 15812 207
15806 15806 442
15806 15813 568
15807 15807 -54
15807 15814 -696
15808 15808 -813
15808 15815 942
15809 15809 -56
15809 15816 -553
15810 15810 898
15810 15817 39
15811 15811 286
15811 15818 141
15812 15812 -50
15812 15819 164
15813 15813 852
15813 15820 -938
15814 15814 -460
15814 15821 391
15815 15815 -591
15815 15822 -803
15816 15816 -205
15816 15823 627
15817 15817 139
15817 15824 52
15818 15818 -615
15818 15825 -291
15819 15819 258
15819 15826 426
15820 15820 -506
15820 15827 804
15821 15821 -690
15821 15828 -348
15822 15822 -604
15822 15829 687
15823 15823 82
15823 15830 -924
15824 15824 -19
15824 15831 -419
15825 15825 -271
15825 15832 -231
15826 15826 134
15826 15833 -330
15827 15827 -640
15827 15834 -114
15828 15828 197
15828 15835 311
15829 15829 596
15829 15836 -19
15830 15830 -515
15830 15837 181
15831 15831 443
15831 15838 -295
15832 15832 -280
15832 15839 393
15833 15833 -618
15833 15840 -655
15834 15834 -104
15834 15841 193
15835 15835 -874
15835 15842 507
15836 15836 406
15836 15843 -764
15837 15837 206
15837 15844 -420
15838 15838 -287
15838 15845 -399
15839 15839 507
15839 15846 -480
15840 15840 -21
15840 15847 222
15841 15841 -820
15841 15848 148
15842 15842 -912
15842 15849 -266
15843 15843 593
15843 15850 -520
15844 15844 -340
15844 15851 487
15845 15845 216
15845 15852 -190
15846 15846 -320
15846 15853 -36
15847 15847 -741
15847 15854 -8
15848 15848 -970
15848 15855 -816
15849 15849 334
15849 15856 -664
15850 15850 -452
15850 15857 331
15851 15851 -769
15851 15858 127
15852 15852 -429
15852 15859 503
15853 15853 435
15853 15860 -26
15854 15854 879
15854 15861 -998
15855 15855 978
15855 15862 885
15856 15856 201
15856 15863 987
15857 15857 -284
15857 15864 542
15858 15858 -379
15858 15865 -421
15859 15859 -134
15859 15866 -834
15860 15860 -26
15860 15867 -292
15861 15861 991
15861 15868 10
15862 15862 -11
15862 15869 -706
15863 15863 -109
15863 15870 315
15864 15864 870
15864 15871 -786
15865 15865 482
15865 15872 -776
15866 15866 -348
15866 15873 -437
15867 15867 -753
15867 15874 159
15868 15868 -492
15868 15875 -365
15869 15869 941
15869 15876 753
15870 15870 -929
15870 15877 269
15871 15871 665
15871 15878 53
15872 15872 -635
15872 15879 -855
15873 15873 149
15873 15880 578
15874 15874 50
15874 15881 957
15875 15875 -784
15875 15882 446
15876 15876 -420
15876 15883 374
15877 15877 502
15877 15884 -943
15878 15878 266
15878 15885 -869
15879 15879 -462
15879 15886 57
15880 15880 -212
15880 15887 781
15881 15881 -341
15881 15888 -416
15882 15882 602
15882 15889 649
15883 15883 -205
15883 15890 639
15884 15884 -470
15884 15891 951
15885 15885 -776
15885 15892 951
15886 15886 597
15886 15893 -72
15887 15887 118
15887 15894 914
15888 15888 555
15888 15895 -342
15889 15889 -228
15889 15896 -85
15890 15890 -455
15890 15897 327
15891 15891 -684
15891 15898 825
15892 15892 963
15892 15899 -728
15893 15893 473
15893 15900 -705
15894 15894 -728
15894 15901 -414
15895 15895 977
15895 15902 462
15896 15896 170
15896 15903 -635
15897 15897 -183
15897 15904 889
15898 15898 610
15898 15905 -19
15899 15899 669
15899 15906 -319
15900 15900 420
15900 15907 -823
15901 15901 512
15901 15908 -519
15902 15902 -104
15902 15909 -38
15903 15903 -770
15903 15910 -979
15904 15904 192
15904 15911 212
15905 15905 850
15905 15912 -368
15906 15906 -626
15906 15913 549
15907 15907 -482
15907 15914 -794
15908 15908 825
15908 15915 273
15909 15909 398
15909 15916 -56
15910 15910 -496
15910 15917 116
15911 15911 -154
15911 15918 -371
15912 15912 -730
15912 15919 -275
15913 15913 -764
15913 15920 -694
15914 15914 170
15914 15921 -227
15915 15915 478
15915 15922 -387
15916 15916 -411
15916 15923 533
15917 15917 776
15917 15924 476
15918 15918 -889
15918 15925 -815
15919 15919 680
15919 15926 -60
15920 15920 -955
15920 15927 -260
15921 15921 -84
15921 15928 898
15922 15922 -734
15922 15929 -707
15923 15923 -482
15923 15930 743
15924 15924 -625
15924 15931 633
15925 15925 -829
15925 15932 -38
15926 15926 -240
15926 15933 29
15927 15927 -192
15927 15934 -822
15928 15928 -549
15928 15935 537
15929 15929 -679
15929 15936 771
15930 15930 -642
15930 15937 -394
15931 15931 -531
15931 15938 -701
15932 15932 734
15932 15939 717
15933 15933 435
15933 15940 -215
15934 15934 411
15934 15941 109
15935 15935 782
15935 15942 -635
15936 15936 -599
15936 15943 -676
15937 15937 628
15937 15944 648
15938 15938 -485
15938 15945 -537
15939 15939 -876
15939 15946 -132
15940 15940 -957
15940 15947 -976
15941 15941 63
15941 15948 -831
15942 15942 916
15942 15949 -311
15943 15943 317
15943 15950 -324
15944 15944 -43
15944 15951 -682
15945 15945 -348
15945 15952 -330
15946 15946 29
15946 15953 -357
15947 15947 808
15947 15954 -883
15948 15948 9
15948 15955 102
15949 15949 303
15949 15956 450
15950 15950 835
15950 15957 3
15951 15951 598
15951 15958 458
15952 15952 -451
15952 15959 -195
15953 15953 896
15953 15960 426
15954 15954 276
15954 15961 682
15955 15955 794
15955 15962 -431
15956 15956 346
15956 15963 -683
15957 15957 176
15957 15964 574
15958 15958 -377
15958 15965 184
15959 15959 223
15959 15966 324
15960 15960 -963
15960 15967 -710
15961 15961 192
15961 15968 -595
15962 15962 264
15962 15969 271
15963 15963 188
15963 15970 315
15964 15964 -226
15964 15971 -729
15965 15965 783
15965 15972 -537
15966 15966 -976
15966 15973 882
15967 15967 -641
15967 15974 -46
15968 15968 -585
15968 15975 -115
15969 15969 -43
15969 15976 -570
15970 15970 768
15970 15977 -14
15971 15971 -974
15971 15978 -151
15972 15972 -235
15972 15979 -954
15973 15973 427
15973 15980 -74
15974 15974 723
15974 15981 -790
15975 15975 -382
15975 15982 789
15976 15976 59
15976 15983 527
15977 15977 -49
15977 15984 598
15978 15978 246
15978 15985 124
15979 15979 497
15979 15986 603
15980 15980 -829
15980 15987 -343
15981 15981 79
15981 15988 483
15982 15982 -441
15982 15989 -272
15983 15983 514
15983 15990 201
15984 15984 -14
15984 15991 -83
15985 15985 450
15985 15992 325
15986 15986 298
15986 15993 -845
15987 15987 126
15987 15994 21
15988 15988 -491
15988 15995 -56
15989 15989 -999
15989 15996 -791
15990 15990 -328
15990 15997 592
15991 15991 -820
15991 15998 -849
15992 15992 229
15992 15999 306
15993 15993 -643
15993 16000 614
15994 15994 -746
15994 16001 343
15995 15995 80
15995 16002 503
15996 15996 -220
15996 16003 -702
15997 15997 791
15997 16004 965
15998 15998 -372
15998 16005 158
15999 15999 1
15999 16006 58
16000 16000 820
16000 16007 120
16001 16001 670
16001 16008 -211
16002 16002 51
16002 16009 -225
16003 16003 793
16003 16010 -252
16004 16004 -819
16004 16011 655
16005 16005 425
16005 16012 -882
16006 16006 519
16006 16013 495
16007 16007 -201
16007 16014 -768
16008 16008 -18
16008 16015 315
16009 16009 -846
16009 16016 338
16010 16010 -342
16010 16017 -175
16011 16011 51
16011 16018 -494
16012 16012 533
16012 16019 703
16013 16013 656
16013 16020 -479
16014 16014 -140
16014 16021 924
16015 16015 -648
16015 16022 -798
16016 16016 811
16016 16023 -830
16017 16017 -870
16017 16024 -844
16018 16018 -303
16018 16025 855
16019 16019 869
16019 16026 181
16020 16020 586
16020 16027 128
16021 16021 239
16021 16028 768
16022 16022 495
16022 16029 -141
16023 16023 -766
16023 16030 863
16024 16024 944
16024 16031 -902
16025 16025 475
16025 16032 416
16026 16026 -13
16026 16033 -536
16027 16027 -20
16027 16034 415
16028 16028 775
16028 16035 210
16029 16029 -680
16029 16036 -881
16030 16030 658
16030 16037 -412
16031 16031 -141
16031 16038 -402
16032 16032 726
16032 16039 458
16033 16033 -614
16033 16040 -82
16034 16034 106
16034 16041 -933
16035 16035 931
16035 16042 -483
16036 16036 393
16036 16043 -832
16037 16037 734
16037 16044 -721
16038 16038 14
16038 16045 -851
16039 16039 567
16039 16046 496
16040 16040 -394
16040 16047 172
16041 16041 -391
16041 16048 -937
16042 16042 -306
16042 16049 944
16043 16043 -635
16043 16050 533
16044 16044 -69
16044 16051 -682
16045 16045 -591
16045 16052 -355
16046 16046 -421
16046 16053 585
16047 16047 475
16047 16054 -315
16048 16048 621
16048 16055 120
16049 16049 -387
16049 16056 81
16050 16050 -898
16050 16057 -367
16051 16051 366
16051 16058 744
16052 16052 702
16052 16059 -880
16053 16053 142
16053 16060 638
16054 16054 427
16054 16061 305
16055 16055 -11
16055 16062 251
16056 16056 53
16056 16063 -652
16057 16057 700
16057 16064 -309
16058 16058 834
16058 16065 197
16059 16059 -39
16059 16066 915
16060 16060 -20
16060 16067 -395
16061 16061 -311
16061 16068 738
16062 16062 544
16062 16069 297
16063 16063 700
16063 16070 -231
16064 16064 836
16064 16071 987
16065 16065 217
16065 16072 -429
16066 16066 -251
16066 16073 -604
16067 16067 -427
16067 16074 -179
16068 16068 488
16068 16075 -901
16069 16069 -437
16069 16076 -187
16070 16070 -364
16070 16077 -87
16071 16071 31
16071 16078 563
16072 16072 -599
16072 16079 518
16073 16073 137
16073 16080 -778
16074 16074 -229
16074 16081 157
16075 16075 20
16075 16082 777
16076 16076 783
16076 16083 237
16077 16077 741
16077 16084 -544
16078 16078 390
16078 16085 -809
16079 16079 -429
16079 16086 -192
16080 16080 -929
16080 16087 -952
16081 16081 420
16081 16088 312
16082 16082 630
16082 16089 499
16083 16083 -781
16083 16090 911
16084 16084 892
16084 16091 109
16085 16085 -187
16085 16092 -2
16086 16086 -950
16086 16093 -365
16087 16087 -584
16087 16094 165
16088 16088 935
16088 16095 163
16089 16089 -222
16089 16096 -586
16090 16090 824
16090 16097 684
16091 16091 797
16091 16098 877
16092 16092 789
16092 16099 -794
16093 16093 692
16093 16100 -375
16094 16094 -480
16094 16101 4
16095 16095 434
16095 16102 -668
16096 16096 -362
16096 16103 369
16097 16097 -876
16097 16104 -513
16098 16098 635
16098 16105 613
16099 16099 -35
16099 16106 -253
16100 16100 999
16100 16107 80
16101 16101 588
16101 16108 823
16102 16102 790
16102 16109 -45
16103 16103 -390
16103 16110 -215
16104 16104 -180
16104 16111 551
16105 16105 995
16105 16112 107
16106 16106 862
16106 16113 -630
16107 16107 993
16107 16114 837
16108 16108 588
16108 16115 585
16109 16109 -845
16109 16116 994
16110 16110 295
16110 16117 -530
16111 16111 187
16111 16118 -833
16112 16112 -46
16112 16119 -24
16113 16113 888
16113 16120 -161
16114 16114 474
16114 16121 543
16115 16115 -727
16115 16122 799
16116 16116 -340
16116 16123 144
16117 16117 -917
16117 16124 928
16118 16118 195
16118 16125 -481
16119 16119 80
16119 16126 -866
16120 16120 816
16120 16127 -760
16121 16121 592
16121 16128 980
16122 16122 888
16122 16129 827
16123 16123 -305
16123 16130 630
16124 16124 -733
16124 16131 831
16125 16125 -670
16125 16132 541
16126 16126 -730
16126 16133 683
16127 16127 -118
16127 16134 -138
16128 16128 -710
16128 16135 650
16129 16129 351
16129 16136 104
16130 16130 537
16130 16137 -601
16131 16131 -241
16131 16138 640
16132 16132 -323
16132 16139 -717
16133 16133 99
16133 16140 -944
16134 16134 432
16134 16141 922
16135 16135 185
16135 16142 -47
16136 16136 523
16136 16143 641
16137 16137 -418
16137 16144 190
16138 16138 -644
16138 16145 -414
16139 16139 -614
16139 16146 277
16140 16140 -744
16140 16147 430
16141 16141 606
16141 16148 966
16142 16142 505
16142 16149 847
16143 16143 961
16143 16150 -54
16144 16144 -385
16144 16151 46
16145 16145 45
16145 16152 896
16146 16146 -39
16146 16153 -739
16147 16147 816
16147 16154 605
16148 16148 -299
16148 16155 614
16149 16149 -747
16149 16156 158
16150 16150 -501
16150 16157 -906
16151 16151 -924
16151 16158 -422
16152 16152 793
16152 16159 727
16153 16153 19
16153 16160 -264
16154 16154 -43
16154 16161 31
16155 16155 -217
16155 16162 -941
16156 16156 -588
16156 16163 559
16157 16157 54
16157 16164 -542
16158 16158 519
16158 16165 -734
16159 16159 560
16159 16166 301
16160 16160 492
16160 16167 864
16161 16161 281
16161 16168 -731
16162 16162 -21
16162 16169 -511
16163 16163 -858
16163 16170 -120
16164 16164 -954
16164 16171 18
16165 16165 229
16165 16172 -628
16166 16166 -828
16166 16173 -888
16167 16167 541
16167 16174 -246
16168 16168 178
16168 16175 174
16169 16169 -994
16169 16176 -401
16170 16170 483
16170 16177 -788
16171 16171 235
16171 16178 389
16172 16172 996
16172 16179 407
16173 16173 210
16173 16180 -121
16174 16174 914
16174 16181 473
16175 16175 -302
16175 16182 466
16176 16176 477
16176 16183 -427
16177 16177 610
16177 16184 -303
16178 16178 -202
16178 16185 -37
16179 16179 424
16179 16186 -255
16180 16180 -299
16180 16187 -49
16181 16181 -871
16181 16188 226
16182 16182 464
16182 16189 421
16183 16183 340
16183 16190 692
16184 16184 -468
16184 16191 -152
16185 16185 -967
16185 16192 607
16186 16186 766
16186 16193 -326
16187 16187 859
16187 16194 -473
16188 16188 366
16188 16195 731
16189 16189 -77
16189 16196 174
16190 16190 -152
16190 16197 522
16191 16191 -175
16191 16198 13
16192 16192 418
16192 16199 931
16193 16193 625
16193 16200 -250
16194 16194 841
16194 16201 682
16195 16195 -664
16195 16202 -628
16196 16196 461
16196 16203 7
16197 16197 911
16197 16204 -322
16198 16198 -348
16198 16205 -335
16199 16199 513
16199 16206 -740
16200 16200 232
16200 16207 -913
16201 16201 28
16201 16208 243
16202 16202 47
16202 16209 35
16203 16203 -480
16203 16210 -3
16204 16204 -415
16204 16211 -755
16205 16205 630
16205 16212 988
16206 16206 861
16206 16213 -275
16207 16207 -569
16207 16214 -570
16208 16208 313
16208 16215 8
16209 16209 65
16209 16216 -646
16210 16210 26
16210 16217 849
16211 16211 -270
16211 16218 -111
16212 16212 -264
16212 16219 -793
16213 16213 -740
16213 16220 511
16214 16214 -65
16214 16221 359
16215 16215 -644
16215 16222 -457
16216 16216 677
16216 16223 -393
16217 16217 399
16217 16224 872
16218 16218 755
16218 16225 -823
16219 16219 -324
16219 16226 98
16220 16220 -725
16220 16227 -814
16221 16221 242
16221 16228 -415
16222 16222 -196
16222 16229 -50
16223 16223 834
16223 16230 709
16224 16224 111
16224 16231 387
16225 16225 929
16225 16232 -263
16226 16226 83
16226 16233 725
16227 16227 -314
16227 16234 609
16228 16228 338
16228 16235 -831
16229 16229 -505
16229 16236 -518
16230 16230 135
16230 16237 -845
16231 16231 683
16231 16238 176
16232 16232 -639
16232 16239 259
16233 16233 -173
16233 16240 316
16234 16234 76
16234 16241 455
16235 16235 -517
16235 16242 162
16236 16236 803
16236 16243 541
16237 16237 -205
16237 16244 -98
16238 16238 -307
16238 16245 -353
16239 16239 561
16239 16246 -486
16240 16240 764
16240 16247 412
16241 16241 -431
16241 16248 -795
16242 16242 -689
16242 16249 -714
16243 16243 -78
16243 16250 -601
16244 16244 1
16244 16251 -980
16245 16245 -618
16245 16252 -790
16246 16246 -557
16246 16253 -166
16247 16247 575
16247 16254 679
16248 16248 19
16248 16255 -200
16249 16249 635
16249 16256 782
16250 16250 -932
16250 16257 332
16251 16251 490
16251 16258 790
16252 16252 -142
16252 16259 296
16253 16253 -778
16253 16260 782
16254 16254 287
16254 16261 42
16255 16255 833
16255 16262 -622
16256 16256 730
16256 16263 -57
16257 16257 -490
16257 16264 -388
16258 16258 -953
16258 16265 -300
16259 16259 -235
16259 16266 -40
16260 16260 2
16260 16267 397
16261 16261 -570
16261 16268 -534
16262 16262 911
16262 16269 931
16263 16263 -131
16263 16270 -373
16264 16264 741
16264 16271 -9
16265 16265 411
16265 16272 -161
16266 16266 530
16266 16273 -415
16267 16267 -467
16267 16274 448
16268 16268 -183
16268 16275 -929
16269 16269 -91
16269 16276 338
16270 16270 -987
16270 16277 780
16271 16271 573
16271 16278 986
16272 16272 -77
16272 16279 -928
16273 16273 -851
16273 16280 74
16274 16274 -537
16274 16281 477
16275 16275 444
16275 16282 791
16276 16276 -784
16276 16283 -6
16277 16277 74
16277 16284 922
16278 16278 174
16278 16285 947
16279 16279 26
16279 16286 -460
16280 16280 -976
16280 16287 789
16281 16281 211
16281 16288 -704
16282 16282 856
16282 16289 243
16283 16283 344
16283 16290 822
16284 16284 516
16284 16291 997
16285 16285 353
16285 16292 358
16286 16286 -525
16286 16293 297
16287 16287 585
16287 16294 -456
16288 16288 696
16288 16295 -417
16289 16289 -702
16289 16296 -209
16290 16290 708
16290 16297 -386
16291 16291 214
16291 16298 -179
16292 16292 25
16292 16299 779
16293 16293 613
16293 16300 318
16294 16294 -469
16294 16301 900
16295 16295 339
16295 16302 -601
16296 16296 -45
16296 16303 317
16297 16297 -121
16297 16304 -4
16298 16298 399
16298 16305 -245
16299 16299 218
16299 16306 -428
16300 16300 -599
16300 16307 995
16301 16301 346
16301 16308 -790
16302 16302 779
16302 16309 -114
16303 16303 -837
16303 16310 -600
16304 16304 204
16304 16311 822
16305 16305 -752
16305 16312 -439
16306 16306 846
16306 16313 -93
16307 16307 693
16307 16314 900
16308 16308 423
16308 16315 -479
16309 16309 491
16309 16316 -258
16310 16310 737
16310 16317 130
16311 16311 5
16311 16318 697
16312 16312 -373
16312 16319 -822
16313 16313 391
16313 16320 -36
16314 16314 -902
16314 16321 -135
16315 16315 -130
16315 16322 -598
16316 16316 394
16316 16323 -994
16317 16317 14
16317 16324 344
16318 16318 739
16318 16325 -350
16319 16319 -395
16319 16326 171
16320 16320 -328
16320 16327 33
16321 16321 589
16321 16328 286
16322 16322 985
16322 16329 -495
16323 16323 -678
16323 16330 875
16324 16324 597
16324 16331 972
16325 16325 -220
16325 16332 95
16326 16326 912
16326 16333 834
16327 16327 510
16327 16334 -975
16328 16328 -632
16328 16335 -663
16329 16329 -612
16329 16336 507
16330 16330 678
16330 16337 -338
16331 16331 734
16331 16338 968
16332 16332 -204
16332 16339 -26
16333 16333 -665
16333 16340 -7
16334 16334 -682
16334 16341 -456
16335 16335 -522
16335 16342 843
16336 16336 -519
16336 16343 298
16337 16337 -627
16337 16344 -708
16338 16338 525
16338 16345 787
16339 16339 -478
16339 16346 -249
16340 16340 886
16340 16347 -518
16341 16341 872
16341 16348 -842
16342 16342 385
16342 16349 455
16343 16343 -589
16343 16350 269
16344 16344 371
16344 16351 -694
16345 16345 -133
16345 16352 -880
16346 16346 138
16346 16353 -183
16347 16347 -373
16347 16354 -698
16348 16348 933
16348 16355 -252
16349 16349 367
16349 16356 -172
16350 16350 446
16350 16357 943
16351 16351 -84
16351 16358 -259
16352 16352 -34
16352 16359 132
16353 16353 990
16353 16360 -226
16354 16354 -738
16354 16361 -864
16355 16355 606
16355 16362 194
16356 16356 -690
16356 16363 -985
16357 16357 444
16357 16364 -488
16358 16358 716
16358 16365 826
16359 16359 -989
16359 16366 -54
16360 16360 -840
16360 16367 612
16361 16361 914
16361 16368 -833
16362 16362 627
16362 16369 907
16363 16363 -96
16363 16370 286
16364 16364 760
16364 16371 262
16365 16365 639
16365 16372 -68
16366 16366 93
16366 16373 -471
16367 16367 -933
16367 16374 540
16368 16368 540
16368 16375 -884
16369 16369 763
16369 16376 -979
16370 16370 903
16370 16377 325
16371 16371 793
16371 16378 924
16372 16372 2
16372 16379 -483
16373 16373 -972
16373 16380 -171
16374 16374 -303
16374 16381 711
16375 16375 -322
16375 16382 658
16376 16376 877
16376 16383 -611
16377 16377 849
16377 16384 -572
16378 16378 -285
16378 16385 -763
16379 16379 373
16379 16386 -727
16380 16380 -956
16380 16387 -790
16381 16381 872
16381 16388 -628
16382 16382 -228
16382 16389 725
16383 16383 -216
16383 16390 875
16384 16384 836
16384 16391 -284
16385 16385 220
16385 16392 555
16386 16386 597
16386 16393 43
16387 16387 -99
16387 16394 24
16388 16388 -199
16388 16395 650
16389 16389 306
16389 16396 -891
16390 16390 -212
16390 16397 693
16391 16391 -992
16391 16398 -471
16392 16392 -138
16392 16399 183
16393 16393 11
16393 16400 839
16394 16394 471
16394 16401 -498
16395 16395 -927
16395 16402 179
16396 16396 -432
16396 16403 -801
16397 16397 150
16397 16404 -191
16398 16398 148
16398 16405 179
16399 16399 -674
16399 16406 603
16400 16400 -262
16400 16407 959
16401 16401 702
16401 16408 915
16402 16402 466
16402 16409 762
16403 16403 -58
16403 16410 -883
16404 16404 -658
16404 16411 451
16405 16405 285
16405 16412 108
16406 16406 -76
16406 16413 -935
16407 16407 73
16407 16414 -418
16408 16408 -810
16408 16415 -337
16409 16409 708
16409 16416 -124
16410 16410 353
16410 16417 440
16411 16411 773
16411 16418 -791
16412 16412 -187
16412 16419 31
16413 16413 565
16413 16420 -105
16414 16414 -7
16414 16421 394
16415 16415 -597
16415 16422 429
16416 16416 -212
16416 16423 319
16417 16417 805
16417 16424 -714
16418 16418 582
16418 16425 -61
16419 16419 -540
16419 16426 -595
16420 16420 547
16420 16427 799
16421 16421 74
16421 16428 368
16422 16422 802
16422 16429 -793
16423 16423 439
16423 16430 137
16424 16424 805
16424 16431 -954
16425 16425 41
16425 16432 925
16426 16426 -638
16426 16433 -442
16427 16427 -437
16427 16434 250
16428 16428 451
16428 16435 80
16429 16429 234
16429 16436 -518
16430 16430 -748
16430 16437 536
16431 16431 57
16431 16438 224
16432 16432 -153
16432 16439 863
16433 16433 97
16433 16440 -442
16434 16434 -138
16434 16441 -150
16435 16435 -71
16435 16442 -407
16436 16436 -414
16436 16443 -973
16437 16437 -334
16437 16444 414
16438 16438 804
16438 16445 247
16439 16439 481
16439 16446 -459
16440 16440 -815
16440 16447 -197
16441 16441 -301
16441 16448 -893
16442 16442 373
16442 16449 690
16443 16443 944
16443 16450 -540
16444 16444 567
16444 16451 10
16445 16445 782
16445 16452 37
16446 16446 958
16446 16453 441
16447 16447 -73
16447 16454 154
16448 16448 -846
16448 16455 -24
16449 16449 -394
16449 16456 -709
16450 16450 -375
16450 16457 -250
16451 16451 662
16451 16458 131
16452 16452 154
16452 16459 721
16453 16453 137
16453 16460 -537
16454 16454 756
16454 16461 -236
16455 16455 352
16455 16462 421
16456 16456 -768
16456 16463 429
16457 16457 568
16457 16464 210
16458 16458 -670
16458 16465 906
16459 16459 -447
16459 16466 861
16460 16460 466
16460 16467 -468
16461 16461 -89
16461 16468 697
16462 16462 417
16462 16469 -968
16463 16463 -530
16463 16470 651
16464 16464 -651
16464 16471 922
16465 16465 -545
16465 16472 876
16466 16466 -786
16466 16473 -603
16467 16467 737
16467 16474 280
16468 16468 142
16468 16475 349
16469 16469 114
16469 16476 -213
16470 16470 -903
16470 16477 -654
16471 16471 -327
16471 16478 -650
16472 16472 -765
16472 16479 -934
16473 16473 -910
16473 16480 -644
16474 16474 -6
16474 16481 -745
16475 16475 25
16475 16482 -512
16476 16476 -849
16476 16483 433
16477 16477 -264
16477 16484 584
16478 16478 428
16478 16485 -159
16479 16479 -687
16479 16486 -717
16480 16480 749
16480 16487 830
16481 16481 324
16481 16488 601
16482 16482 787
16482 16489 347
16483 16483 44
16483 16490 -622
16484 16484 345
16484 16491 988
16485 16485 236
16485 16492 -705
16486 16486 144
16486 16493 555
16487 16487 -671
16487 16494 -931
16488 16488 916
16488 16495 516
16489 16489 -712
16489 16496 -848
16490 16490 -365
16490 16497 343
16491 16491 913
16491 16498 999
16492 16492 -229
16492 16499 -226
16493 16493 -55
16493 16500 -777
16494 16494 -860
16494 16501 -386
16495 16495 518
16495 16502 304
16496 16496 -122
16496 16503 -287
16497 16497 -2
16497 16504 -489
16498 16498 884
16498 16505 691
16499 16499 -592
16499 16506 164
16500 16500 -399
16500 16507 -266
16501 16501 154
16501 16508 379
16502 16502 69
16502 16509 -795
16503 16503 555
16503 16510 987
16504 16504 399
16504 16511 -395
16505 16505 -536
16505 16512 -230
16506 16506 981
16506 16513 -50
16507 16507 -245
16507 16514 -204
16508 16508 707
16508 16515 201
16509 16509 -373
16509 16516 -989
16510 16510 529
16510 16517 -774
16511 16511 -893
16511 16518 -31
16512 16512 763
16512 16519 459
16513 16513 -640
16513 16520 -52
16514 16514 -843
16514 16521 -357
16515 16515 -562
16515 16522 558
16516 16516 -723
16516 16523 -640
16517 16517 266
16517 16524 695
16518 16518 -6
16518 16525 -271
16519 16519 -965
16519 16526 -67
16520 16520 -421
16520 16527 771
16521 16521 -129
16521 16528 993
16522 16522 762
16522 16529 93
16523 16523 -295
16523 16530 -225
16524 16524 -77
16524 16531 -534
16525 16525 -817
16525 16532 -472
16526 16526 183
16526 16533 304
16527 16527 -371
16527 16534 -567
16528 16528 -693
16528 16535 711
16529 16529 247
16529 16536 -379
16530 16530 277
16530 16537 -856
16531 16531 868
16531 16538 -113
16532 16532 38
16532 16539 -659
16533 16533 584
16533 16540 30
16534 16534 92
16534 16541 -140
16535 16535 762
16535 16542 897
16536 16536 -564
16536 16543 936
16537 16537 329
16537 16544 882
16538 16538 955
16538 16545 -387
16539 16539 528
16539 16546 -62
16540 16540 -746
16540 16547 -347
16541 16541 -407
16541 16548 -165
16542 16542 -559
16542 16549 905
16543 16543 372
16543 16550 -341
16544 16544 913
16544 16551 -62
16545 16545 -990
16545 16552 451
16546 16546 -452
16546 16553 102
16547 16547 -97
16547 16554 798
16548 16548 578
16548 16555 486
16549 16549 -471
16549 16556 -314
16550 16550 -797
16550 16557 190
16551 16551 -634
16551 16558 -440
16552 16552 -480
16552 16559 -631
16553 16553 529
16553 16560 -584
16554 16554 41
16554 16561 966
16555 16555 310
16555 16562 88
16556 16556 -161
16556 16563 -454
16557 16557 5
16557 16564 -410
16558 16558 147
16558 16565 -423
16559 16559 -857
16559 16566 -244
16560 16560 -341
16560 16567 871
16561 16561 159
16561 16568 940
16562 16562 533
16562 16569 243
16563 16563 -584
16563 16570 -347
16564 16564 891
16564 16571 -98
16565 16565 -538
16565 16572 133
16566 16566 51
16566 16573 -556
16567 16567 404
16567 16574 -170
16568 16568 451
16568 16575 698
16569 16569 671
16569 16576 920
16570 16570 -766
16570 16577 376
16571 16571 -566
16571 16578 545
16572 16572 -182
16572 16579 58
16573 16573 -10
16573 16580 585
16574 16574 -30
16574 16581 -597
16575 16575 -96
16575 16582 326
16576 16576 -511
16576 16583 983
16577 16577 -750
16577 16584 -242
16578 16578 -404
16578 16585 585
16579 16579 -70
16579 16586 -813
16580 16580 630
16580 16587 953
16581 16581 -561
16581 16588 239
16582 16582 956
16582 16589 -1
16583 16583 852
16583 16590 -876
16584 16584 -582
16584 16591 571
16585 16585 872
16585 16592 402
16586 16586 866
16586 16593 -697
16587 16587 -135
16587 16594 -439
16588 16588 -251
16588 16595 951
16589 16589 218
16589 16596 349
16590 16590 693
16590 16597 -693
16591 16591 12
16591 16598 -135
16592 16592 585
16592 16599 811
16593 16593 290
16593 16600 -707
16594 16594 -284
16594 16601 570
16595 16595 616
16595 16602 -481
16596 16596 -205
16596 16603 -689
16597 16597 530
16597 16604 -26
16598 16598 -549
16598 16605 -315
16599 16599 925
16599 16606 -709
16600 16600 619
16600 16607 206
16601 16601 180
16601 16608 -267
16602 16602 -558
16602 16609 -523
16603 16603 794
16603 16610 -427
16604 16604 -558
16604 16611 -32
16605 16605 -244
16605 16612 -109
16606 16606 328
16606 16613 -487
16607 16607 -457
16607 16614 615
16608 16608 676
16608 16615 805
16609 16609 -849
16609 16616 588
16610 16610 752
16610 16617 -284
16611 16611 671
16611 16618 943
16612 16612 -621
16612 16619 -537
16613 16613 50
16613 16620 476
16614 16614 -138
16614 16621 -297
16615 16615 -421
16615 16622 -328
16616 16616 -227
16616 16623 448
16617 16617 -111
16617 16624 895
16618 16618 161
16618 16625 794
16619 16619 834
16619 16626 630
16620 16620 670
16620 16627 -411
16621 16621 642
16621 16628 -344
16622 16622 396
16622 16629 -63
16623 16623 -281
16623 16630 -252
16624 16624 -887
16624 16631 199
16625 16625 -782
16625 16632 26
16626 16626 376
16626 16633 53
16627 16627 330
16627 16634 -524
16628 16628 573
16628 16635 27
16629 16629 902
16629 16636 -345
16630 16630 -333
16630 16637 121
16631 16631 -288
16631 16638 -223
16632 16632 -901
16632 16639 961
16633 16633 -552
16633 16640 -626
16634 16634 -261
16634 16641 330
16635 16635 -501
16635 16642 385
16636 16636 -984
16636 16643 340
16637 16637 -977
16637 16644 600
16638 16638 881
16638 16645 703
16639 16639 130
16639 16646 829
16640 16640 525
16640 16647 -426
16641 16641 132
16641 16648 -635
16642 16642 -80
16642 16649 727
16643 16643 976
16643 16650 -687
16644 16644 809
16644 16651 478
16645 16645 90
16645 16652 -869
16646 16646 392
16646 16653 -817
16647 16647 -46
16647 16654 248
16648 16648 -857
16648 16655 -309
16649 16649 -937
16649 16656 -249
16650 16650 161
16650 16657 -799
16651 16651 -943
16651 16658 817
16652 16652 135
16652 16659 -637
16653 16653 961
16653 16660 311
16654 16654 621
16654 16661 224
16655 16655 745
16655 16662 720
16656 16656 -498
16656 16663 -662
16657 16657 -924
16657 16664 -610
16658 16658 567
16658 16665 533
16659 16659 594
16659 16666 -212
16660 16660 -7
16660 16667 -387
16661 16661 -201
16661 16668 987
16662 16662 -490
16662 16669 -639
16663 16663 -149
16663 16670 -404
16664 16664 -87
16664 16671 -68
16665 16665 886
16665 16672 424
16666 16666 -593
16666 16673 662
16667 16667 168
16667 16674 -478
16668 16668 128
16668 16675 -732
16669 16669 -713
16669 16676 -41
16670 16670 851
16670 16677 -836
16671 16671 -95
16671 16678 335
16672 16672 465
16672 16679 723
16673 16673 -918
16673 16680 467
16674 16674 80
16674 16681 177
16675 16675 247
16675 16682 44
16676 16676 -136
16676 16683 6
16677 16677 -68
16677 16684 363
16678 16678 400
16678 16685 475
16679 16679 294
16679 16686 -922
16680 16680 815
16680 16687 -631
16681 16681 732
16681 16688 -553
16682 16682 724
16682 16689 -933
16683 16683 174
16683 16690 396
16684 16684 155
16684 16691 -205
16685 16685 -103
16685 16692 -700
16686 16686 323
16686 16693 -274
16687 16687 974
16687 16694 -188
16688 16688 733
16688 16695 -630
16689 16689 606
16689 16696 -374
16690 16690 -379
16690 16697 -748
16691 16691 390
16691 16698 -584
16692 16692 523
16692 16699 -973
16693 16693 103
16693 16700 -675
16694 16694 -416
16694 16701 -823
16695 16695 -987
16695 16702 -882
16696 16696 929
16696 16703 -336
16697 16697 968
16697 16704 -457
16698 16698 900
16698 16705 -877
16699 16699 575
16699 16706 579
16700 16700 -575
16700 16707 789
16701 16701 49
16701 16708 -681
16702 16702 -483
16702 16709 204
16703 16703 3
16703 16710 -482
16704 16704 -911
16704 16711 -264
16705 16705 -856
16705 16712 -603
16706 16706 317
16706 16713 -148
16707 16707 -408
16707 16714 101
16708 16708 382
16708 16715 -161
16709 16709 -511
16709 16716 399
16710 16710 669
16710 16717 -727
16711 16711 908
16711 16718 -451
16712 16712 -814
16712 16719 -807
16713 16713 -861
16713 16720 -153
16714 16714 -940
16714 16721 820
16715 16715 621
16715 16722 -123
16716 16716 -765
16716 16723 74
16717 16717 -617
16717 16724 -21
16718 16718 -499
16718 16725 -640
16719 16719 -517
16719 16726 -145
16720 16720 988
16720 16727 506
16721 16721 -496
16721 16728 -170
16722 16722 548
16722 16729 -613
16723 16723 -501
16723 16730 -791
16724 16724 -795
16724 16731 634
16725 16725 -408
16725 16732 23
16726 16726 -782
16726 16733 -466
16727 16727 246
16727 16734 -122
16728 16728 916
16728 16735 180
16729 16729 -382
16729 16736 -460
16730 16730 -526
16730 16737 -705
16731 16731 -300
16731 16738 481
16732 16732 816
16732 16739 811
16733 16733 -441
16733 16740 619
16734 16734 533
16734 16741 518
16735 16735 -965
16735 16742 73
16736 16736 267
16736 16743 438
16737 16737 -456
16737 16744 -254
16738 16738 -56
16738 16745 555
16739 16739 -559
16739 16746 40
16740 16740 -706
16740 16747 798
16741 16741 -803
16741 16748 -838
16742 16742 -813
16742 16749 805
16743 16743 762
16743 16750 232
16744 16744 890
16744 16751 -759
16745 16745 256
16745 16752 109
16746 16746 259
16746 16753 446
16747 16747 385
16747 16754 758
16748 16748 95
16748 16755 570
16749 16749 -387
16749 16756 -534
16750 16750 33
16750 16757 340
16751 16751 -481
16751 16758 -652
16752 16752 -202
16752 16759 56
16753 16753 902
16753 16760 718
16754 16754 179
16754 16761 -969
16755 16755 127
16755 16762 -364
16756 16756 537
16756 16763 111
16757 16757 435
16757 16764 801
16758 16758 -706
16758 16765 510
16759 16759 141
16759 16766 276
16760 16760 -943
16760 16767 -936
16761 16761 -342
16761 16768 -709
16762 16762 897
16762 16769 183
16763 16763 570
16763 16770 -577
16764 16764 -603
16764 16771 324
16765 16765 419
16765 16772 -818
16766 16766 -303
16766 16773 -849
16767 16767 912
16767 16774 -699
16768 16768 -942
16768 16775 777
16769 16769 -549
16769 16776 206
16770 16770 -45
16770 16777 862
16771 16771 -395
16771 16778 939
16772 16772 -31
16772 16779 -468
16773 16773 484
16773 16780 -104
16774 16774 949
16774 16781 -550
16775 16775 -974
16775 16782 124
16776 16776 192
16776 16783 949
16777 16777 909
16777 16784 -565
16778 16778 -40
16778 16785 806
16779 16779 851
16779 16786 62
16780 16780 -536
16780 16787 453
16781 16781 -733
16781 16788 -49
16782 16782 105
16782 16789 220
16783 16783 166
16783 16790 -719
16784 16784 -190
16784 16791 985
16785 16785 -987
16785 16792 -197
16786 16786 -11
16786 16793 -4
16787 16787 448
16787 16794 555
16788 16788 737
16788 16795 190
16789 16789 90
16789 16796 243
16790 16790 665
16790 16797 679
16791 16791 502
16791 16798 35
16792 16792 -44
16792 16799 630
16793 16793 526
16793 16800 -647
16794 16794 -336
16794 16801 -184
16795 16795 -984
16795 16802 -42
16796 16796 275
16796 16803 -2
16797 16797 936
16797 16804 851
16798 16798 420
16798 16805 -971
16799 16799 855
16799 16806 603
16800 16800 78
16800 16807 528
16801 16801 87
16801 16808 -854
16802 16802 696
16802 16809 -245
16803 16803 -667
16803 16810 603
16804 16804 432
16804 16811 915
16805 16805 -458
16805 16812 -905
16806 16806 -444
16806 16813 635
16807 16807 225
16807 16814 -2
16808 16808 -33
16808 16815 -653
16809 16809 318
16809 16816 -759
16810 16810 437
16810 16817 -696
16811 16811 -130
16811 16818 368
16812 16812 -59
16812 16819 813
16813 16813 -723
16813 16820 619
16814 16814 -657
16814 16821 495
16815 16815 65
16815 16822 600
16816 16816 168
16816 16823 -217
16817 16817 357
16817 16824 11
16818 16818 246
16818 16825 309
16819 16819 38
16819 16826 942
16820 16820 430
16820 16827 316
16821 16821 386
16821 16828 -174
16822 16822 -575
16822 16829 595
16823 16823 -247
16823 16830 -97
16824 16824 820
16824 16831 -329
16825 16825 871
16825 16832 443
16826 16826 701
16826 16833 -778
16827 16827 729
16827 16834 721
16828 16828 -269
16828 16835 -661
16829 16829 -414
16829 16836 -998
16830 16830 779
16830 16837 452
16831 16831 -859
16831 16838 -405
16832 16832 98
16832 16839 895
16833 16833 513
16833 16840 -317
16834 16834 106
16834 16841 -875
16835 16835 -17
16835 16842 -642
16836 16836 -761
16836 16843 -521
16837 16837 -334
16837 16844 -437
16838 16838 493
16838 16845 -71
16839 16839 475
16839 16846 -919
16840 16840 710
16840 16847 -288
16841 16841 -153
16841 16848 -698
16842 16842 413
16842 16849 -167
16843 16843 -435
16843 16850 684
16844 16844 -981
16844 16851 -963
16845 16845 -25
16845 16852 587
16846 16846 -148
16846 16853 -571
16847 16847 -708
16847 16854 -357
16848 16848 -729
16848 16855 999
16849 16849 -668
16849 16856 -769
16850 16850 324
16850 16857 -336
16851 16851 -526
16851 16858 82
16852 16852 -286
16852 16859 972
16853 16853 341
16853 16860 -961
16854 16854 252
16854 16861 -369
16855 16855 -971
16855 16862 143
16856 16856 509
16856 16863 -376
16857 16857 -612
16857 16864 900
16858 16858 -607
16858 16865 34
16859 16859 -691
16859 16866 618
16860 16860 723
16860 16867 209
16861 16861 -949
16861 16868 -272
16862 16862 168
16862 16869 584
16863 16863 255
16863 16870 -815
16864 16864 842
16864 16871 567
16865 16865 893
16865 16872 468
16866 16866 -281
16866 16873 -452
16867 16867 922
16867 16874 490
16868 16868 624
16868 16875 2
16869 16869 -825
16869 16876 -10
16870 16870 -828
16870 16877 961
16871 16871 -643
16871 16878 22
16872 16872 899
16872 16879 -205
16873 16873 42
16873 16880 505
16874 16874 604
16874 16881 820
16875 16875 -777
16875 16882 -707
16876 16876 183
16876 16883 -891
16877 16877 -987
16877 16884 -79
16878 16878 -853
16878 16885 307
16879 16879 -561
16879 16886 345
16880 16880 672
16880 16887 -504
16881 16881 -702
16881 16888 -75
16882 16882 -390
16882 16889 360
16883 16883 893
16883 16890 906
16884 16884 384
16884 16891 -845
16885 16885 514
16885 16892 -240
16886 16886 369
16886 16893 -593
16887 16887 52
16887 16894 809
16888 16888 -416
16888 16895 296
16889 16889 485
16889 16896 861
16890 16890 -924
16890 16897 637
16891 16891 347
16891 16898 508
16892 16892 85
16892 16899 652
16893 16893 -951
16893 16900 -788
16894 16894 80
16894 16901 -328
16895 16895 -654
16895 16902 -473
16896 16896 113
16896 16903 -288
16897 16897 -9
16897 16904 -969
16898 16898 -223
16898 16905 335
16899 16899 836
16899 16906 -309
16900 16900 682
16900 16907 -725
16901 16901 7
16901 16908 -880
16902 16902 594
16902 16909 896
16903 16903 -237
16903 16910 -471
16904 16904 510
16904 16911 -87
16905 16905 317
16905 16912 842
16906 16906 46
16906 16913 -33
16907 16907 -331
16907 16914 319
16908 16908 -366
16908 16915 728
16909 16909 -823
16909 16916 -267
16910 16910 838
16910 16917 -211
16911 16911 -102
16911 16918 -960
16912 16912 -434
16912 16919 202
16913 16913 -538
16913 16920 634
16914 16914 986
16914 16921 261
16915 16915 968
16915 16922 -16
16916 16916 -471
16916 16923 -676
16917 16917 290
16917 16924 866
16918 16918 232
16918 16925 -9
16919 16919 221
16919 16926 -711
16920 16920 -779
16920 16927 -646
16921 16921 264
16921 16928 -79
16922 16922 138
16922 16929 -464
16923 16923 268
16923 16930 -964
16924 16924 204
16924 16931 -920
16925 16925 740
16925 16932 -18
16926 16926 467
16926 16933 -324
16927 16927 399
16927 16934 -521
16928 16928 -718
16928 16935 -153
16929 16929 152
16929 16936 389
16930 16930 87
16930 16937 -410
16931 16931 -321
16931 16938 343
16932 16932 659
16932 16939 286
16933 16933 -464
16933 16940 883
16934 16934 -993
16934 16941 -306
16935 16935 -966
16935 16942 -239
16936 16936 559
16936 16943 830
16937 16937 -14
16937 16944 -713
16938 16938 557
16938 16945 405
16939 16939 693
16939 16946 77
16940 16940 -955
16940 16947 476
16941 16941 -574
16941 16948 559
16942 16942 20
16942 16949 -996
16943 16943 -862
16943 16950 980
16944 16944 -289
16944 16951 186
16945 16945 -138
16945 16952 -404
16946 16946 -710
16946 16953 231
16947 16947 844
16947 16954 186
16948 16948 108
16948 16955 422
16949 16949 949
16949 16956 450
16950 16950 890
16950 16957 998
16951 16951 -494
16951 16958 438
16952 16952 -27
16952 16959 201
16953 16953 650
16953 16960 525
16954 16954 212
16954 16961 696
16955 16955 877
16955 16962 7
16956 16956 65
16956 16963 680
16957 16957 -949
16957 16964 261
16958 16958 120
16958 16965 536
16959 16959 -826
16959 16966 494
16960 16960 898
16960 16967 939
16961 16961 -722
16961 16968 -640
16962 16962 -47
16962 16969 -716
16963 16963 857
16963 16970 -558
16964 16964 -390
16964 16971 -109
16965 16965 -431
16965 16972 834
16966 16966 -250
16966 16973 -411
16967 16967 -689
16967 16974 610
16968 16968 745
16968 16975 3
16969 16969 437
16969 16976 -969
16970 16970 -13
16970 16977 545
16971 16971 647
16971 16978 142
16972 16972 -484
16972 16979 38
16973 16973 332
16973 16980 -719
16974 16974 -111
16974 16981 -597
16975 16975 285
16975 16982 -643
16976 16976 827
16976 16983 -858
16977 16977 -113
16977 16984 -973
16978 16978 412
16978 16985 98
16979 16979 -109
16979 16986 -40
16980 16980 -700
16980 16987 866
16981 16981 927
16981 16988 -970
16982 16982 764
16982 16989 186
16983 16983 -69
16983 16990 -974
16984 16984 -513
16984 16991 187
16985 16985 -619
16985 16992 320
16986 16986 234
16986 16993 152
16987 16987 996
16987 16994 6
16988 16988 -337
16988 16995 742
16989 16989 -197
16989 16996 -415
16990 16990 466
16990 16997 -64
16991 16991 -37
16991 16998 518
16992 16992 -128
16992 16999 391
16993 16993 261
16993 17000 -854
16994 16994 -774
16994 17001 -605
16995 16995 4
16995 17002 961
16996 16996 145
16996 17003 -361
16997 16997 813
16997 17004 454
16998 16998 155
16998 17005 -431
16999 16999 -997
16999 17006 565
17000 17000 216
17000 17007 439
17001 17001 794
17001 17008 661
17002 17002 -196
17002 17009 124
17003 17003 883
17003 17010 487
17004 17004 -144
17004 17011 809
17005 17005 236
17005 17012 232
17006 17006 71
17006 17013 -957
17007 17007 -979
17007 17014 807
17008 17008 628
17008 17015 -990
17009 17009 -132
17009 17016 810
17010 17010 -918
17010 17017 -284
17011 17011 40
17011 17018 -271
17012 17012 -776
17012 17019 919
17013 17013 -186
17013 17020 148
17014 17014 -46
17014 17021 -689
17015 17015 -347
17015 17022 151
17016 17016 929
17016 17023 -381
17017 17017 -317
17017 17024 761
17018 17018 -920
17018 17025 732
17019 17019 62
17019 17026 865
17020 17020 -241
17020 17027 -573
17021 17021 211
17021 17028 254
17022 17022 8
17022 17029 139
17023 17023 670
17023 17030 -431
17024 17024 -473
17024 17031 366
17025 17025 513
17025 17032 238
17026 17026 -571
17026 17033 248
17027 17027 -749
17027 17034 822
17028 17028 -993
17028 17035 -362
17029 17029 794
17029 17036 -190
17030 17030 -229
17030 17037 -771
17031 17031 7
17031 17038 283
17032 17032 -662
17032 17039 -759
17033 17033 -135
17033 17040 800
17034 17034 -398
17034 17041 -754
17035 17035 874
17035 17042 403
17036 17036 -794
17036 17043 -488
17037 17037 333
17037 17044 -912
17038 17038 -957
17038 17045 471
17039 17039 -508
17039 17046 -625
17040 17040 -47
17040 17047 258
17041 17041 305
17041 17048 -831
17042 17042 -866
17042 17049 -821
17043 17043 475
17043 17050 504
17044 17044 -654
17044 17051 -507
17045 17045 -52
17045 17052 -547
17046 17046 -348
17046 17053 -931
17047 17047 -510
17047 17054 881
17048 17048 450
17048 17055 733
17049 17049 -903
17049 17056 251
17050 17050 278
17050 17057 -314
17051 17051 -342
17051 17058 -169
17052 17052 299
17052 17059 -651
17053 17053 -165
17053 17060 -667
17054 17054 585
17054 17061 -623
17055 17055 -658
17055 17062 -652
17056 17056 -705
17056 17063 847
17057 17057 -483
17057 17064 22
17058 17058 293
17058 17065 66
17059 17059 -801
17059 17066 -921
17060 17060 765
17060 17067 -970
17061 17061 124
17061 17068 -431
17062 17062 -307
17062 17069 -499
17063 17063 693
17063 17070 901
17064 17064 -699
17064 17071 139
17065 17065 -175
17065 17072 -519
17066 17066 466
17066 17073 674
17067 17067 -446
17067 17074 -196
17068 17068 -221
17068 17075 329
17069 17069 -238
17069 17076 -382
17070 17070 -793
17070 17077 -666
17071 17071 782
17071 17078 125
17072 17072 -536
17072 17079 -38
17073 17073 920
17073 17080 721
17074 17074 330
17074 17081 174
17075 17075 908
17075 17082 562
17076 17076 985
17076 17083 10
17077 17077 -60
17077 17084 -325
17078 17078 -358
17078 17085 816
17079 17079 -247
17079 17086 -518
17080 17080 -26
17080 17087 132
17081 17081 -772
17081 17088 944
17082 17082 -646
17082 17089 703
17083 17083 -876
17083 17090 907
17084 17084 -444
17084 17091 -475
17085 17085 746
17085 17092 -118
17086 17086 -525
17086 17093 -107
17087 17087 504
17087 17094 -693
17088 17088 539
17088 17095 596
17089 17089 -344
17089 17096 -781
17090 17090 696
17090 17097 733
17091 17091 276
17091 17098 -235
17092 17092 737
17092 17099 513
17093 17093 -4
17093 17100 908
17094 17094 245
17094 17101 -116
17095 17095 230
17095 17102 -917
17096 17096 862
17096 17103 -618
17097 17097 835
17097 17104 793
17098 17098 821
17098 17105 682
17099 17099 685
17099 17106 271
17100 17100 -19
17100 17107 -262
17101 17101 -128
17101 17108 781
17102 17102 287
17102 17109 451
17103 17103 682
17103 17110 541
17104 17104 -120
17104 17111 -118
17105 17105 334
17105 17112 -842
17106 17106 665
17106 17113 -408
17107 17107 -115
17107 17114 -642
17108 17108 187
17108 17115 -807
17109 17109 -413
17109 17116 684
17110 17110 -983
17110 17117 258
17111 17111 155
17111 17118 -867
17112 17112 -580
17112 17119 595
17113 17113 753
17113 17120 793
17114 17114 -230
17114 17121 -367
17115 17115 652
17115 17122 52
17116 17116 159
17116 17123 -488
17117 17117 279
17117 17124 671
17118 17118 -610
17118 17125 543
17119 17119 979
17119 17126 -355
17120 17120 531
17120 17127 -279
17121 17121 499
17121 17128 777
17122 17122 258
17122 17129 -562
17123 17123 -144
17123 17130 -183
17124 17124 -453
17124 17131 394
17125 17125 -719
17125 17132 -978
17126 17126 -974
17126 17133 -884
17127 17127 239
17127 17134 -995
17128 17128 143
17128 17135 617
17129 17129 78
17129 17136 -157
17130 17130 579
17130 17137 -937
17131 17131 -94
17131 17138 810
17132 17132 749
17132 17139 640
17133 17133 106
17133 17140 -426
17134 17134 -797
17134 17141 477
17135 17135 461
17135 17142 226
17136 17136 -565
17136 17143 -296
17137 17137 620
17137 17144 115
17138 17138 -496
17138 17145 -362
17139 17139 -384
17139 17146 318
17140 17140 442
17140 17147 -470
17141 17141 627
17141 17148 645
17142 17142 212
17142 17149 327
17143 17143 -732
17143 17150 -143
17144 17144 -598
17144 17151 -986
17145 17145 -897
17145 17152 656
17146 17146 -835
17146 17153 240
17147 17147 -95
17147 17154 792
17148 17148 -865
17148 17155 -524
17149 17149 663
17149 17156 -867
17150 17150 -305
17150 17157 -267
17151 17151 -789
17151 17158 40
17152 17152 732
17152 17159 151
17153 17153 -322
17153 17160 -340
17154 17154 957
17154 17161 93
17155 17155 383
17155 17162 865
17156 17156 -559
17156 17163 -813
17157 17157 -816
17157 17164 -879
17158 17158 408
17158 17165 -955
17159 17159 257
17159 17166 48
17160 17160 -751
17160 17167 357
17161 17161 559
17161 17168 -271
17162 17162 -185
17162 17169 -611
17163 17163 751
17163 17170 -21
17164 17164 61
17164 17171 112
17165 17165 -97
17165 17172 982
17166 17166 -156
17166 17173 852
17167 17167 15
17167 17174 -714
17168 17168 400
17168 17175 790
17169 17169 519
17169 17176 -330
17170 17170 -144
17170 17177 560
17171 17171 38
17171 17178 106
17172 17172 248
17172 17179 659
17173 17173 775
17173 17180 -356
17174 17174 -670
17174 17181 136
17175 17175 173
17175 17182 -808
17176 17176 -133
17176 17183 619
17177 17177 -45
17177 17184 334
17178 17178 -838
17178 17185 530
17179 17179 -718
17179 17186 170
17180 17180 496
17180 17187 -733
17181 17181 517
17181 17188 368
17182 17182 271
17182 17189 -453
17183 17183 -328
17183 17190 26
17184 17184 -112
17184 17191 998
17185 17185 226
17185 17192 647
17186 17186 -180
17186 17193 123
17187 17187 -904
17187 17194 -346
17188 17188 602
17188 17195 956
17189 17189 262
17189 17196 -34
17190 17190 132
17190 17197 -212
17191 17191 -833
17191 17198 93
17192 17192 -138
17192 17199 357
17193 17193 -199
17193 17200 790
17194 17194 -53
17194 17201 510
17195 17195 465
17195 17202 -150
17196 17196 754
17196 17203 806
17197 17197 -448
17197 17204 275
17198 17198 666
17198 17205 835
17199 17199 83
17199 17206 -710
17200 17200 212
17200 17207 246
17201 17201 -313
17201 17208 -701
17202 17202 -227
17202 17209 961
17203 17203 198
17203 17210 -470
17204 17204 761
17204 17211 8
17205 17205 9
17205 17212 -591
17206 17206 -39
17206 17213 -542
17207 17207 482
17207 17214 -695
17208 17208 -544
17208 17215 -685
17209 17209 862
17209 17216 -623
17210 17210 851
17210 17217 767
17211 17211 309
17211 17218 -410
17212 17212 -814
17212 17219 226
17213 17213 -844
17213 17220 -783
17214 17214 202
17214 17221 -442
17215 17215 -144
17215 17222 654
17216 17216 420
17216 17223 590
17217 17217 -870
17217 17224 -545
17218 17218 996
17218 17225 -762
17219 17219 -929
17219 17226 -960
17220 17220 984
17220 17227 -119
17221 17221 236
17221 17228 269
17222 17222 676
17222 17229 -931
17223 17223 -602
17223 17230 -947
17224 17224 310
17224 17231 -286
17225 17225 57
17225 17232 875
17226 17226 -669
17226 17233 803
17227 17227 627
17227 17234 73
17228 17228 954
17228 17235 652
17229 17229 -997
17229 17236 -331
17230 17230 569
17230 17237 90
17231 17231 -986
17231 17238 -642
17232 17232 24
17232 17239 -53
17233 17233 589
17233 17240 130
17234 17234 -923
17234 17241 -290
17235 17235 -278
17235 17242 -432
17236 17236 -593
17236 17243 991
17237 17237 -356
17237 17244 -532
17238 17238 -440
17238 17245 316
17239 17239 543
17239 17246 -67
17240 17240 -927
17240 17247 -296
17241 17241 819
17241 17248 279
17242 17242 -560
17242 17249 -910
17243 17243 753
17243 17250 864
17244 17244 266
17244 17251 -240
17245 17245 -763
17245 17252 385
17246 17246 -610
17246 17253 307
17247 17247 -395
17247 17254 399
17248 17248 623
17248 17255 239
17249 17249 953
17249 17256 70
17250 17250 58
17250 17257 -536
17251 17251 -777
17251 17258 910
17252 17252 89
17252 17259 -855
17253 17253 750
17253 17260 148
17254 17254 874
17254 17261 497
17255 17255 -404
17255 17262 680
17256 17256 -901
17256 17263 894
17257 17257 -175
17257 17264 -218
17258 17258 -828
17258 17265 300
17259 17259 21
17259 17266 826
17260 17260 305
17260 17267 659
17261 17261 -610
17261 17268 -598
17262 17262 88
17262 17269 -106
17263 17263 -831
17263 17270 -71
17264 17264 279
17264 17271 141
17265 17265 -779
17265 17272 635
17266 17266 799
17266 17273 -910
17267 17267 -898
17267 17274 878
17268 17268 -813
17268 17275 -840
17269 17269 -787
17269 17276 -312
17270 17270 -120
17270 17277 73
17271 17271 -795
17271 17278 24
17272 17272 285
17272 17279 -789
17273 17273 -984
17273 17280 -219
17274 17274 384
17274 17281 364
17275 17275 -713
17275 17282 205
17276 17276 -31
17276 17283 421
17277 17277 517
17277 17284 460
17278 17278 -30
17278 17285 538
17279 17279 -897
17279 17286 -185
17280 17280 316
17280 17287 -218
17281 17281 -16
17281 17288 -406
17282 17282 460
17282 17289 -179
17283 17283 -744
17283 17290 131
17284 17284 522
17284 17291 -197
17285 17285 632
17285 17292 -248
17286 17286 132
17286 17293 489
17287 17287 -135
17287 17294 -918
17288 17288 615
17288 17295 -414
17289 17289 755
17289 17296 -809
17290 17290 -886
17290 17297 -130
17291 17291 -971
17291 17298 -669
17292 17292 -985
17292 17299 -99
17293 17293 -888
17293 17300 -87
17294 17294 965
17294 17301 900
17295 17295 795
17295 17302 100
17296 17296 -704
17296 17303 665
17297 17297 -897
17297 17304 362
17298 17298 110
17298 17305 -675
17299 17299 -449
17299 17306 -71
17300 17300 439
17300 17307 632
17301 17301 -443
17301 17308 -59
17302 17302 942
17302 17309 199
17303 17303 -25
17303 17310 -34
17304 17304 -638
17304 17311 -368
17305 17305 -546
17305 17312 -922
17306 17306 643
17306 17313 826
17307 17307 -300
17307 17314 246
17308 17308 -851
17308 17315 -864
17309 17309 -860
17309 17316 -969
17310 17310 -579
17310 17317 183
17311 17311 243
17311 17318 551
17312 17312 -57
17312 17319 -370
17313 17313 -852
17313 17320 -212
17314 17314 -89
17314 17321 265
17315 17315 -872
17315 17322 -553
17316 17316 473
17316 17323 -139
17317 17317 -381
17317 17324 -689
17318 17318 868
17318 17325 -949
17319 17319 364
17319 17326 -317
17320 17320 57
17320 17327 -991
17321 17321 -536
17321 17328 -883
17322 17322 -67
17322 17329 394
17323 17323 813
17323 17330 216
17324 17324 -756
17324 17331 -185
17325 17325 -145
17325 17332 135
17326 17326 178
17326 17333 -772
17327 17327 339
17327 17334 -829
17328 17328 528
17328 17335 760
17329 17329 -770
17329 17336 546
17330 17330 -841
17330 17337 195
17331 17331 -445
17331 17338 -126
17332 17332 542
17332 17339 -318
17333 17333 133
17333 17340 -173
17334 17334 355
17334 17341 292
17335 17335 784
17335 17342 253
17336 17336 -207
17336 17343 -729
17337 17337 780
17337 17344 962
17338 17338 218
17338 17345 -802
17339 17339 -93
17339 17346 288
17340 17340 -881
17340 17347 941
17341 17341 -814
17341 17348 -306
17342 17342 -722
17342 17349 39
17343 17343 -329
17343 17350 -438
17344 17344 569
17344 17351 -972
17345 17345 292
17345 17352 -26
17346 17346 -990
17346 17353 27
17347 17347 -882
17347 17354 -756
17348 17348 -448
17348 17355 -309
17349 17349 -849
17349 17356 136
17350 17350 -175
17350 17357 221
17351 17351 -531
17351 17358 925
17352 17352 832
17352 17359 -382
17353 17353 -828
17353 17360 -896
17354 17354 685
17354 17361 511
17355 17355 659
17355 17362 -671
17356 17356 135
17356 17363 -767
17357 17357 -381
17357 17364 336
17358 17358 369
17358 17365 -85
17359 17359 796
17359 17366 134
17360 17360 -750
17360 17367 205
17361 17361 181
17361 17368 718
17362 17362 146
17362 17369 -731
17363 17363 523
17363 17370 -72
17364 17364 299
17364 17371 686
17365 17365 -174
17365 17372 956
17366 17366 153
17366 17373 -196
17367 17367 733
17367 17374 435
17368 17368 -147
17368 17375 55
17369 17369 431
17369 17376 -50
17370 17370 105
17370 17377 -883
17371 17371 791
17371 17378 848
17372 17372 640
17372 17379 -848
17373 17373 -663
17373 17380 600
17374 17374 695
17374 17381 -950
17375 17375 -464
17375 17382 445
17376 17376 -865
17376 17383 -83
17377 17377 503
17377 17384 -924
17378 17378 69
17378 17385 -922
17379 17379 793
17379 17386 -956
17380 17380 90
17380 17387 131
17381 17381 25
17381 17388 863
17382 17382 572
17382 17389 -252
17383 17383 744
17383 17390 425
17384 17384 -577
17384 17391 68
17385 17385 109
17385 17392 -762
17386 17386 573
17386 17393 231
17387 17387 139
17387 17394 -888
17388 17388 685
17388 17395 394
17389 17389 -71
17389 17396 -984
17390 17390 678
17390 17397 188
17391 17391 -316
17391 17398 408
17392 17392 963
17392 17399 -54
17393 17393 650
17393 17400 -499
17394 17394 351
17394 17401 -409
17395 17395 144
17395 17402 -424
17396 17396 -918
17396 17403 543
17397 17397 27
17397 17404 125
17398 17398 -462
17398 17405 -822
17399 17399 796
17399 17406 750
17400 17400 -5
17400 17407 406
17401 17401 270
17401 17408 461
17402 17402 508
17402 17409 -742
17403 17403 -925
17403 17410 694
17404 17404 -293
17404 17411 -557
17405 17405 319
17405 17412 736
17406 17406 910
17406 17413 749
17407 17407 -974
17407 17414 -699
17408 17408 -871
17408 17415 -533
17409 17409 -500
17409 17416 446
17410 17410 962
17410 17417 -932
17411 17411 421
17411 17418 855
17412 17412 -143
17412 17419 770
17413 17413 -677
17413 17420 703
17414 17414 -182
17414 17421 -832
17415 17415 -565
17415 17422 -200
17416 17416 450
17416 17423 105
17417 17417 -489
17417 17424 -762
17418 17418 317
17418 17425 246
17419 17419 739
17419 17426 -514
17420 17420 -852
17420 17427 735
17421 17421 705
17421 17428 5
17422 17422 894
17422 17429 143
17423 17423 -813
17423 17430 416
17424 17424 -212
17424 17431 -463
17425 17425 -493
17425 17432 -284
17426 17426 -339
17426 17433 302
17427 17427 769
17427 17434 874
17428 17428 -570
17428 17435 -405
17429 17429 785
17429 17436 461
17430 17430 50
17430 17437 928
17431 17431 -657
17431 17438 336
17432 17432 534
17432 17439 737
17433 17433 -297
17433 17440 666
17434 17434 544
17434 17441 -647
17435 17435 286
17435 17442 -483
17436 17436 709
17436 17443 -568
17437 17437 -120
17437 17444 -323
17438 17438 -630
17438 17445 223
17439 17439 -10
17439 17446 887
17440 17440 879
17440 17447 -488
17441 17441 -253
17441 17448 946
17442 17442 266
17442 17449 887
17443 17443 -711
17443 17450 549
17444 17444 -157
17444 17451 677
17445 17445 -814
17445 17452 -633
17446 17446 750
17446 17453 -239
17447 17447 -568
17447 17454 650
17448 17448 210
17448 17455 -490
17449 17449 -933
17449 17456 550
17450 17450 -362
17450 17457 865
17451 17451 545
17451 17458 340
17452 17452 73
17452 17459 745
17453 17453 975
17453 17460 917
17454 17454 195
17454 17461 112
17455 17455 -224
17455 17462 -746
17456 17456 687
17456 17463 691
17457 17457 -42
17457 17464 985
17458 17458 442
17458 17465 707
17459 17459 75
17459 17466 754
17460 17460 691
17460 17467 52
17461 17461 479
17461 17468 -474
17462 17462 349
17462 17469 -628
17463 17463 -67
17463 17470 -498
17464 17464 450
17464 17471 -900
17465 17465 993
17465 17472 -188
17466 17466 605
17466 17473 -861
17467 17467 328
17467 17474 -945
17468 17468 -150
17468 17475 411
17469 17469 671
17469 17476 684
17470 17470 143
17470 17477 -634
17471 17471 -696
17471 17478 -795
17472 17472 181
17472 17479 282
17473 17473 475
17473 17480 880
17474 17474 -493
17474 17481 301
17475 17475 -617
17475 17482 -394
17476 17476 704
17476 17483 -118
17477 17477 740
17477 17484 943
17478 17478 216
17478 17485 701
17479 17479 835
17479 17486 270
17480 17480 788
17480 17487 348
17481 17481 70
17481 17488 88
17482 17482 840
17482 17489 -271
17483 17483 694
17483 17490 -269
17484 17484 -966
17484 17491 496
17485 17485 659
17485 17492 197
17486 17486 -801
17486 17493 -33
17487 17487 -246
17487 17494 -374
17488 17488 504
17488 17495 -230
17489 17489 236
17489 17496 609
17490 17490 823
17490 17497 -691
17491 17491 -186
17491 17498 -455
17492 17492 -759
17492 17499 73
17493 17493 -340
17493 17500 185
17494 17494 696
17494 17501 8
17495 17495 -138
17495 17502 -384
17496 17496 -765
17496 17503 -837
17497 17497 970
17497 17504 851
17498 17498 -968
17498 17505 370
17499 17499 -332
17499 17506 -437
17500 17500 713
17500 17507 23
17501 17501 354
17501 17508 673
17502 17502 735
17502 17509 224
17503 17503 -249
17503 17510 369
17504 17504 -664
17504 17511 412
17505 17505 -235
17505 17512 289
17506 17506 333
17506 17513 540
17507 17507 -23
17507 17514 255
17508 17508 -3
17508 17515 -323
17509 17509 258
17509 17516 987
17510 17510 -444
17510 17517 -298
17511 17511 886
17511 17518 989
17512 17512 875
17512 17519 737
17513 17513 523
17513 17520 601
17514 17514 685
17514 17521 472
17515 17515 538
17515 17522 909
17516 17516 997
17516 17523 -299
17517 17517 -903
17517 17524 770
17518 17518 616
17518 17525 -457
17519 17519 56
17519 17526 334
17520 17520 -641
17520 17527 971
17521 17521 -127
17521 17528 107
17522 17522 -215
17522 17529 -894
17523 17523 984
17523 17530 -393
17524 17524 -706
17524 17531 821
17525 17525 453
17525 17532 -531
17526 17526 838
17526 17533 -958
17527 17527 -566
17527 17534 171
17528 17528 620
17528 17535 211
17529 17529 -155
17529 17536 -231
17530 17530 -303
17530 17537 -6
17531 17531 -532
17531 17538 -425
17532 17532 -414
17532 17539 369
17533 17533 -703
17533 17540 -3
17534 17534 -722
17534 17541 90
17535 17535 259
17535 17542 -865
17536 17536 -756
17536 17543 -871
17537 17537 959
17537 17544 595
17538 17538 -237
17538 17545 -528
17539 17539 472
17539 17546 -760
17540 17540 60
17540 17547 -154
17541 17541 720
17541 17548 -724
17542 17542 -520
17542 17549 -475
17543 17543 254
17543 17550 -148
17544 17544 473
17544 17551 537
17545 17545 -24
17545 17552 -497
17546 17546 -283
17546 17553 -472
17547 17547 617
17547 17554 294
17548 17548 -511
17548 17555 87
17549 17549 -843
17549 17556 863
17550 17550 888
17550 17557 -866
17551 17551 342
17551 17558 397
17552 17552 -120
17552 17559 609
17553 17553 -322
17553 17560 -156
17554 17554 -818
17554 17561 589
17555 17555 -560
17555 17562 -492
17556 17556 -412
17556 17563 266
17557 17557 -573
17557 17564 708
17558 17558 201
17558 17565 -90
17559 17559 154
17559 17566 387
17560 17560 -732
17560 17567 310
17561 17561 -684
17561 17568 -776
17562 17562 350
17562 17569 -164
17563 17563 361
17563 17570 -808
17564 17564 -216
17564 17571 97
17565 17565 920
17565 17572 -954
17566 17566 -581
17566 17573 -46
17567 17567 -97
17567 17574 -98
17568 17568 903
17568 17575 -117
17569 17569 65
17569 17576 708
17570 17570 -136
17570 17577 -659
17571 17571 -747
17571 17578 -916
17572 17572 605
17572 17579 -166
17573 17573 -72
17573 17580 722
17574 17574 891
17574 17581 -512
17575 17575 65
17575 17582 678
17576 17576 -642
17576 17583 522
17577 17577 -481
17577 17584 -351
17578 17578 -296
17578 17585 23
17579 17579 484
17579 17586 762
17580 17580 -321
17580 17587 -916
17581 17581 613
17581 17588 -42
17582 17582 -816
17582 17589 580
17583 17583 411
17583 17590 917
17584 17584 -197
17584 17591 -599
17585 17585 397
17585 17592 -487
17586 17586 -668
17586 17593 791
17587 17587 -58
17587 17594 688
17588 17588 450
17588 17595 -245
17589 17589 984
17589 17596 324
17590 17590 911
17590 17597 -60
17591 17591 413
17591 17598 146
17592 17592 -624
17592 17599 262
17593 17593 251
17593 17600 140
17594 17594 376
17594 17601 77
17595 17595 191
17595 17602 -208
17596 17596 992
17596 17603 45
17597 17597 714
17597 17604 -982
17598 17598 -11
17598 17605 -41
17599 17599 -287
17599 17606 347
17600 17600 533
17600 17607 -489
17601 17601 465
17601 17608 -610
17602 17602 788
17602 17609 96
17603 17603 -374
17603 17610 372
17604 17604 -321
17604 17611 -788
17605 17605 39
17605 17612 -942
17606 17606 -736
17606 17613 452
17607 17607 -634
17607 17614 971
17608 17608 928
17608 17615 906
17609 17609 439
17609 17616 -442
17610 17610 -30
17610 17617 714
17611 17611 -939
17611 17618 194
17612 17612 -479
17612 17619 578
17613 17613 780
17613 17620 583
17614 17614 847
17614 17621 805
17615 17615 999
17615 17622 -593
17616 17616 -820
17616 17623 182
17617 17617 72
17617 17624 975
17618 17618 372
17618 17625 -202
17619 17619 370
17619 17626 56
17620 17620 -395
17620 17627 547
17621 17621 -294
17621 17628 -717
17622 17622 -47
17622 17629 746
17623 17623 -319
17623 17630 -772
17624 17624 732
17624 17631 455
17625 17625 -65
17625 17632 -209
17626 17626 -892
17626 17633 137
17627 17627 373
17627 17634 697
17628 17628 987
17628 17635 701
17629 17629 -669
17629 17636 -925
17630 17630 338
17630 17637 -511
17631 17631 894
17631 17638 74
17632 17632 -66
17632 17639 175
17633 17633 314
17633 17640 792
17634 17634 -779
17634 17641 297
17635 17635 324
17635 17642 -193
17636 17636 -708
17636 17643 875
17637 17637 700
17637 17644 782
17638 17638 -497
17638 17645 334
17639 17639 816
17639 17646 517
17640 17640 564
17640 17647 -724
17641 17641 146
17641 17648 -164
17642 17642 169
17642 17649 -528
17643 17643 217
17643 17650 791
17644 17644 782
17644 17651 578
17645 17645 -709
17645 17652 -768
17646 17646 -222
17646 17653 854
17647 17647 -365
17647 17654 -300
17648 17648 -904
17648 17655 -307
17649 17649 -739
17649 17656 518
17650 17650 913
17650 17657 415
17651 17651 541
17651 17658 -291
17652 17652 -14
17652 17659 -583
17653 17653 212
17653 17660 640
17654 17654 -292
17654 17661 429
17655 17655 818
17655 17662 -870
17656 17656 -359
17656 17663 699
17657 17657 -98
17657 17664 747
17658 17658 -245
17658 17665 250
17659 17659 -429
17659 17666 -1
17660 17660 921
17660 17667 -755
17661 17661 556
17661 17668 -580
17662 17662 -66
17662 17669 -375
17663 17663 404
17663 17670 357
17664 17664 -829
17664 17671 964
17665 17665 -393
17665 17672 -263
17666 17666 669
17666 17673 965
17667 17667 552
17667 17674 -923
17668 17668 -705
17668 17675 603
17669 17669 889
17669 17676 -480
17670 17670 332
17670 17677 890
17671 17671 -986
17671 17678 420
17672 17672 826
17672 17679 -634
17673 17673 763
17673 17680 -376
17674 17674 915
17674 17681 314
17675 17675 758
17675 17682 -682
17676 17676 -809
17676 17683 901
17677 17677 -553
17677 17684 -707
17678 17678 559
17678 17685 -480
17679 17679 359
17679 17686 -212
17680 17680 821
17680 17687 137
17681 17681 412
17681 17688 349
17682 17682 709
17682 17689 -674
17683 17683 -817
17683 17690 -628
17684 17684 -82
17684 17691 -445
17685 17685 -588
17685 17692 293
17686 17686 339
17686 17693 397
17687 17687 455
17687 17694 -561
17688 17688 -153
17688 17695 211
17689 17689 446
17689 17696 493
17690 17690 -818
17690 17697 990
17691 17691 50
17691 17698 791
17692 17692 572
17692 17699 -339
17693 17693 -977
17693 17700 581
17694 17694 -42
17694 17701 735
17695 17695 -183
17695 17702 322
17696 17696 -772
17696 17703 963
17697 17697 332
17697 17704 790
17698 17698 -609
17698 17705 999
17699 17699 800
17699 17706 -945
17700 17700 873
17700 17707 -869
17701 17701 -559
17701 17708 -528
17702 17702 27
17702 17709 743
17703 17703 193
17703 17710 -736
17704 17704 755
17704 17711 -34
17705 17705 934
17705 17712 53
17706 17706 -677
17706 17713 -580
17707 17707 747
17707 17714 411
17708 17708 -122
17708 17715 382
17709 17709 337
17709 17716 663
17710 17710 -694
17710 17717 238
17711 17711 -264
17711 17718 824
17712 17712 -938
17712 17719 -417
17713 17713 -153
17713 17720 537
17714 17714 968
17714 17721 105
17715 17715 125
17715 17722 -306
17716 17716 -913
17716 17723 -599
17717 17717 345
17717 17724 -498
17718 17718 644
17718 17725 -168
17719 17719 191
17719 17726 -767
17720 17720 309
17720 17727 -326
17721 17721 564
17721 17728 652
17722 17722 797
17722 17729 156
17723 17723 -478
17723 17730 -961
17724 17724 -811
17724 17731 -367
17725 17725 871
17725 17732 -825
17726 17726 -207
17726 17733 -584
17727 17727 122
17727 17734 -746
17728 17728 526
17728 17735 243
17729 17729 299
17729 17736 -241
17730 17730 -250
17730 17737 686
17731 17731 -985
17731 17738 939
17732 17732 -355
17732 17739 -826
17733 17733 -682
17733 17740 -134
17734 17734 -382
17734 17741 100
17735 17735 227
17735 17742 -903
17736 17736 208
17736 17743 -843
17737 17737 -471
17737 17744 -247
17738 17738 237
17738 17745 -803
17739 17739 376
17739 17746 -326
17740 17740 618
17740 17747 271
17741 17741 -926
17741 17748 696
17742 17742 -474
17742 17749 -667
17743 17743 315
17743 17750 465
17744 17744 -382
17744 17751 792
17745 17745 -137
17745 17752 -412
17746 17746 -589
17746 17753 -582
17747 17747 908
17747 17754 105
17748 17748 917
17748 17755 693
17749 17749 215
17749 17756 849
17750 17750 -464
17750 17757 -114
17751 17751 -773
17751 17758 831
17752 17752 -292
17752 17759 608
17753 17753 -829
17753 17760 -79
17754 17754 -967
17754 17761 288
17755 17755 279
17755 17762 19
17756 17756 24
17756 17763 572
17757 17757 -783
17757 17764 -279
17758 17758 -463
17758 17765 -433
17759 17759 -186
17759 17766 791
17760 17760 198
17760 17767 -753
17761 17761 -400
17761 17768 -73
17762 17762 -246
17762 17769 717
17763 17763 151
17763 17770 409
17764 17764 -678
17764 17771 673
17765 17765 374
17765 17772 856
17766 17766 -248
17766 17773 778
17767 17767 460
17767 17774 39
17768 17768 -533
17768 17775 684
17769 17769 -768
17769 17776 -398
17770 17770 -629
17770 17777 462
17771 17771 73
17771 17778 -355
17772 17772 955
17772 17779 -616
17773 17773 446
17773 17780 -715
17774 17774 -988
17774 17781 -678
17775 17775 -543
17775 17782 161
17776 17776 380
17776 17783 424
17777 17777 46
17777 17784 440
17778 17778 79
17778 17785 -151
17779 17779 93
17779 17786 -171
17780 17780 878
17780 17787 46
17781 17781 134
17781 17788 -89
17782 17782 -594
17782 17789 -298
17783 17783 1
17783 17790 -972
17784 17784 480
17784 17791 -802
17785 17785 122
17785 17792 -601
17786 17786 718
17786 17793 893
17787 17787 -389
17787 17794 448
17788 17788 -831
17788 17795 -528
17789 17789 -755
17789 17796 -700
17790 17790 97
17790 17797 -601
17791 17791 -972
17791 17798 -764
17792 17792 -420
17792 17799 -691
17793 17793 362
17793 17800 -666
17794 17794 -585
17794 17801 -47
17795 17795 571
17795 17802 -168
17796 17796 -715
17796 17803 -626
17797 17797 918
17797 17804 -839
17798 17798 -948
17798 17805 614
17799 17799 -863
17799 17806 -872
17800 17800 -881
17800 17807 769
17801 17801 -50
17801 17808 13
17802 17802 -126
17802 17809 32
17803 17803 -955
17803 17810 -907
17804 17804 309
17804 17811 62
17805 17805 -408
17805 17812 718
17806 17806 -866
17806 17813 629
17807 17807 -319
17807 17814 -437
17808 17808 26
17808 17815 225
17809 17809 -394
17809 17816 -93
17810 17810 -471
17810 17817 937
17811 17811 -335
17811 17818 -341
17812 17812 -922
17812 17819 -983
17813 17813 -438
17813 17820 -762
17814 17814 -230
17814 17821 727
17815 17815 -294
17815 17822 -907
17816 17816 -519
17816 17823 931
17817 17817 944
17817 17824 173
17818 17818 -171
17818 17825 -246
17819 17819 -495
17819 17826 182
17820 17820 -686
17820 17827 882
17821 17821 -216
17821 17828 -228
17822 17822 848
17822 17829 180
17823 17823 195
17823 17830 -211
17824 17824 924
17824 17831 -22
17825 17825 174
17825 17832 -201
17826 17826 687
17826 17833 -382
17827 17827 79
17827 17834 -7
17828 17828 -112
17828 17835 -961
17829 17829 -752
17829 17836 -791
17830 17830 -472
17830 17837 626
17831 17831 139
17831 17838 -959
17832 17832 -626
17832 17839 -69
17833 17833 -816
17833 17840 -131
17834 17834 966
17834 17841 676
17835 17835 -515
17835 17842 161
17836 17836 -24
17836 17843 944
17837 17837 -614
17837 17844 963
17838 17838 73
17838 17845 736
17839 17839 79
17839 17846 -100
17840 17840 -222
17840 17847 -8
17841 17841 304
17841 17848 -4
17842 17842 -419
17842 17849 198
17843 17843 171
17843 17850 381
17844 17844 729
17844 17851 461
17845 17845 -844
17845 17852 -334
17846 17846 -193
17846 17853 109
17847 17847 277
17847 17854 -465
17848 17848 -145
17848 17855 -568
17849 17849 138
17849 17856 -370
17850 17850 -682
17850 17857 -550
17851 17851 613
17851 17858 -452
17852 17852 342
17852 17859 -114
17853 17853 -151
17853 17860 361
17854 17854 63
17854 17861 -319
17855 17855 -253
17855 17862 243
17856 17856 173
17856 17863 -887
17857 17857 601
17857 17864 -383
17858 17858 519
17858 17865 164
17859 17859 435
17859 17866 838
17860 17860 -552
17860 17867 620
17861 17861 879
17861 17868 966
17862 17862 -654
17862 17869 190
17863 17863 246
17863 17870 -169
17864 17864 -92
17864 17871 -595
17865 17865 -37
17865 17872 94
17866 17866 -198
17866 17873 -605
17867 17867 565
17867 17874 -263
17868 17868 301
17868 17875 521
17869 17869 -170
17869 17876 -339
17870 17870 205
17870 17877 183
17871 17871 -933
17871 17878 205
17872 17872 -830
17872 17879 912
17873 17873 -558
17873 17880 617
17874 17874 -729
17874 17881 614
17875 17875 102
17875 17882 -784
17876 17876 852
17876 17883 72
17877 17877 -45
17877 17884 -14
17878 17878 -887
17878 17885 -115
17879 17879 -746
17879 17886 -87
17880 17880 -148
17880 17887 -911
17881 17881 -896
17881 17888 -927
17882 17882 -503
17882 17889 -478
17883 17883 -740
17883 17890 -386
17884 17884 231
17884 17891 840
17885 17885 -316
17885 17892 -248
17886 17886 586
17886 17893 -270
17887 17887 -158
17887 17894 401
17888 17888 519
17888 17895 -63
17889 17889 490
17889 17896 -608
17890 17890 396
17890 17897 -498
17891 17891 -66
17891 17898 -373
17892 17892 512
17892 17899 -309
17893 17893 155
17893 17900 -154
17894 17894 -543
17894 17901 -871
17895 17895 -530
17895 17902 -349
17896 17896 716
17896 17903 -788
17897 17897 128
17897 17904 382
17898 17898 -775
17898 17905 -126
17899 17899 569
17899 17906 -698
17900 17900 -135
17900 17907 -975
17901 17901 -229
17901 17908 761
17902 17902 -514
17902 17909 -413
17903 17903 -882
17903 17910 -444
17904 17904 -449
17904 17911 847
17905 17905 190
17905 17912 -312
17906 17906 -864
17906 17913 -413
17907 17907 369
17907 17914 -429
17908 17908 336
17908 17915 -832
17909 17909 342
17909 17916 -91
17910 17910 -746
17910 17917 687
17911 17911 -22
17911 17918 113
17912 17912 373
17912 17919 -908
17913 17913 270
17913 17920 997
17914 17914 -761
17914 17921 -254
17915 17915 -167
17915 17922 -676
17916 17916 -54
17916 17923 307
17917 17917 -16
17917 17924 818
17918 17918 -828
17918 17925 -625
17919 17919 -505
17919 17926 -516
17920 17920 95
17920 17927 888
17921 17921 -419
17921 17928 -678
17922 17922 306
17922 17929 -770
17923 17923 -814
17923 17930 413
17924 17924 655
17924 17931 591
17925 17925 -922
17925 17932 621
17926 17926 776
17926 17933 -598
17927 17927 168
17927 17934 380
17928 17928 554
17928 17935 -741
17929 17929 239
17929 17936 212
17930 17930 614
17930 17937 -995
17931 17931 -354
17931 17938 -446
17932 17932 567
17932 17939 -164
17933 17933 528
17933 17940 -46
17934 17934 -675
17934 17941 -987
17935 17935 933
17935 17942 -281
17936 17936 -655
17936 17943 -436
17937 17937 485
17937 17944 116
17938 17938 531
17938 17945 732
17939 17939 -868
17939 17946 964
17940 17940 479
17940 17947 595
17941 17941 474
17941 17948 715
17942 17942 83
17942 17949 -766
17943 17943 681
17943 17950 -269
17944 17944 255
17944 17951 780
17945 17945 346
17945 17952 739
17946 17946 586
17946 17953 888
17947 17947 -464
17947 17954 210
17948 17948 752
17948 17955 -498
17949 17949 938
17949 17956 -884
17950 17950 935
17950 17957 876
17951 17951 792
17951 17958 -159
17952 17952 -981
17952 17959 -708
17953 17953 569
17953 17960 300
17954 17954 704
17954 17961 -727
17955 17955 -355
17955 17962 891
17956 17956 -813
17956 17963 851
17957 17957 -962
17957 17964 666
17958 17958 -455
17958 17965 -202
17959 17959 -358
17959 17966 867
17960 17960 860
17960 17967 782
17961 17961 -559
17961 17968 -461
17962 17962 -774
17962 17969 926
17963 17963 -500
17963 17970 934
17964 17964 -803
17964 17971 754
17965 17965 -350
17965 17972 -292
17966 17966 -47
17966 17973 -948
17967 17967 347
17967 17974 -132
17968 17968 39
17968 17975 309
17969 17969 -2
17969 17976 -790
17970 17970 -754
17970 17977 -118
17971 17971 -260
17971 17978 565
17972 17972 -798
17972 17979 -488
17973 17973 -467
17973 17980 121
17974 17974 -739
17974 17981 -140
17975 17975 -707
17975 17982 -351
17976 17976 -887
17976 17983 140
17977 17977 890
17977 17984 -667
17978 17978 353
17978 17985 -440
17979 17979 -272
17979 17986 557
17980 17980 485
17980 17987 985
17981 17981 803
17981 17988 147
17982 17982 -941
17982 17989 702
17983 17983 -62
17983 17990 649
17984 17984 875
17984 17991 -921
17985 17985 187
17985 17992 -570
17986 17986 -283
17986 17993 -201
17987 17987 -602
17987 17994 -306
17988 17988 167
17988 17995 -510
17989 17989 203
17989 17996 30
17990 17990 930
17990 17997 -695
17991 17991 823
17991 17998 871
17992 17992 84
17992 17999 -687
17993 17993 364
17993 18000 -59
17994 17994 -917
17994 18001 -723
17995 17995 -610
17995 18002 758
17996 17996 -893
17996 18003 -750
17997 17997 519
17997 18004 -927
17998 17998 71
17998 18005 372
17999 17999 133
17999 18006 811
18000 18000 -481
18000 18007 972
18001 18001 313
18001 18008 -899
18002 18002 707
18002 18009 225
18003 18003 -492
18003 18010 886
18004 18004 457
18004 18011 207
18005 18005 -883
18005 18012 719
18006 18006 -600
18006 18013 -217
18007 18007 -614
18007 18014 -656
18008 18008 -46
18008 18015 929
18009 18009 -461
18009 18016 720
18010 18010 765
18010 18017 207
18011 18011 -463
18011 18018 -226
18012 18012 -330
18012 18019 -314
18013 18013 -390
18013 18020 -905
18014 18014 789
18014 18021 885
18015 18015 -423
18015 18022 -542
18016 18016 -816
18016 18023 507
18017 18017 -299
18017 18024 133
18018 18018 576
18018 18025 692
18019 18019 243
18019 18026 39
18020 18020 -732
18020 18027 273
18021 18021 483
18021 18028 41
18022 18022 -15
18022 18029 579
18023 18023 -727
18023 18030 370
18024 18024 775
18024 18031 -981
18025 18025 679
18025 18032 -242
18026 18026 -105
18026 18033 562
18027 18027 422
18027 18034 83
18028 18028 907
18028 18035 -477
18029 18029 -372
18029 18036 932
18030 18030 -449
18030 18037 659
18031 18031 -723
18031 18038 943
18032 18032 526
18032 18039 -855
18033 18033 327
18033 18040 -695
18034 18034 -394
18034 18041 -765
18035 18035 435
18035 18042 835
18036 18036 -253
18036 18043 611
18037 18037 -35
18037 18044 -640
18038 18038 427
18038 18045 -516
18039 18039 -607
18039 18046 107
18040 18040 -4
18040 18047 -404
18041 18041 386
18041 18048 805
18042 18042 628
18042 18049 -146
18043 18043 -172
18043 18050 190
18044 18044 -543
18044 18051 933
18045 18045 -950
18045 18052 -178
18046 18046 594
18046 18053 533
18047 18047 78
18047 18054 -72
18048 18048 78
18048 18055 886
18049 18049 -738
18049 18056 -493
18050 18050 -234
18050 18057 813
18051 18051 156
18051 18058 613
18052 18052 -8
18052 18059 780
18053 18053 -619
18053 18060 610
18054 18054 296
18054 18061 -5
18055 18055 -423
18055 18062 759
18056 18056 -860
18056 18063 982
18057 18057 522
18057 18064 639
18058 18058 -754
18058 18065 -979
18059 18059 -498
18059 18066 -666
18060 18060 -855
18060 18067 -289
18061 18061 -590
18061 18068 -469
18062 18062 -251
18062 18069 37
18063 18063 312
18063 18070 -66
18064 18064 901
18064 18071 -250
18065 18065 891
18065 18072 -165
18066 18066 736
18066 18073 646
18067 18067 196
18067 18074 662
18068 18068 -483
18068 18075 -913
18069 18069 -232
18069 18076 985
18070 18070 729
18070 18077 273
18071 18071 -877
18071 18078 55
18072 18072 337
18072 18079 -656
18073 18073 -725
18073 18080 -953
18074 18074 803
18074 18081 -73
18075 18075 712
18075 18082 -24
18076 18076 -376
18076 18083 610
18077 18077 500
18077 18084 214
18078 18078 -309
18078 18085 340
18079 18079 408
18079 18086 30
18080 18080 -897
18080 18087 -747
18081 18081 380
18081 18088 -646
18082 18082 -168
18082 18089 -852
18083 18083 965
18083 18090 948
18084 18084 663
18084 18091 330
18085 18085 -397
18085 18092 665
18086 18086 -889
18086 18093 -832
18087 18087 262
18087 18094 -543
18088 18088 512
18088 18095 -170
18089 18089 72
18089 18096 852
18090 18090 463
18090 18097 -347
18091 18091 717
18091 18098 -533
18092 18092 -743
18092 18099 163
18093 18093 986
18093 18100 560
18094 18094 -951
18094 18101 182
18095 18095 -198
18095 18102 87
18096 18096 601
18096 18103 18
18097 18097 927
18097 18104 -261
18098 18098 528
18098 18105 578
18099 18099 597
18099 18106 -289
18100 18100 146
18100 18107 967
18101 18101 350
18101 18108 -727
18102 18102 -318
18102 18109 -32
18103 18103 641
18103 18110 -972
18104 18104 736
18104 18111 215
18105 18105 -263
18105 18112 684
18106 18106 -289
18106 18113 963
18107 18107 876
18107 18114 -590
18108 18108 -59
18108 18115 -255
18109 18109 978
18109 18116 888
18110 18110 -986
18110 18117 -596
18111 18111 350
18111 18118 808
18112 18112 -360
18112 18119 -284
18113 18113 -275
18113 18120 -341
18114 18114 921
18114 18121 586
18115 18115 360
18115 18122 557
18116 18116 718
18116 18123 -835
18117 18117 -272
18117 18124 -973
18118 18118 -608
18118 18125 302
18119 18119 -423
18119 18126 -218
18120 18120 352
18120 18127 120
18121 18121 -752
18121 18128 -856
18122 18122 -210
18122 18129 429
18123 18123 226
18123 18130 22
18124 18124 769
18124 18131 565
18125 18125 158
18125 18132 -878
18126 18126 967
18126 18133 525
18127 18127 -568
18127 18134 929
18128 18128 -489
18128 18135 67
18129 18129 419
18129 18136 -289
18130 18130 348
18130 18137 -679
18131 18131 -283
18131 18138 722
18132 18132 761
18132 18139 -525
18133 18133 -443
18133 18140 349
18134 18134 320
18134 18141 128
18135 18135 844
18135 18142 347
18136 18136 485
18136 18143 146
18137 18137 -565
18137 18144 -218
18138 18138 -607
18138 18145 -120
18139 18139 191
18139 18146 953
18140 18140 972
18140 18147 203
18141 18141 918
18141 18148 957
18142 18142 -946
18142 18149 989
18143 18143 -190
18143 18150 586
18144 18144 216
18144 18151 757
18145 18145 692
18145 18152 907
18146 18146 46
18146 18153 -460
18147 18147 -640
18147 18154 -169
18148 18148 38
18148 18155 -889
18149 18149 773
18149 18156 939
18150 18150 581
18150 18157 -656
18151 18151 177
18151 18158 -478
18152 18152 -928
18152 18159 -925
18153 18153 546
18153 18160 -351
18154 18154 -109
18154 18161 240
18155 18155 -201
18155 18162 474
18156 18156 940
18156 18163 58
18157 18157 10
18157 18164 -730
18158 18158 432
18158 18165 642
18159 18159 -927
18159 18166 467
18160 18160 24
18160 18167 363
18161 18161 -173
18161 18168 760
18162 18162 -349
18162 18169 49
18163 18163 319
18163 18170 -849
18164 18164 134
18164 18171 -432
18165 18165 -65
18165 18172 -900
18166 18166 172
18166 18173 -259
18167 18167 274
18167 18174 906
18168 18168 97
18168 18175 204
18169 18169 962
18169 18176 -245
18170 18170 -426
18170 18177 -521
18171 18171 -510
18171 18178 577
18172 18172 -816
18172 18179 -738
18173 18173 206
18173 18180 -385
18174 18174 -734
18174 18181 -137
18175 18175 722
18175 18182 -814
18176 18176 119
18176 18183 228
18177 18177 885
18177 18184 102
18178 18178 -637
18178 18185 -380
18179 18179 -536
18179 18186 -75
18180 18180 627
18180 18187 -558
18181 18181 -616
18181 18188 -640
18182 18182 722
18182 18189 882
18183 18183 -509
18183 18190 -719
18184 18184 586
18184 18191 -88
18185 18185 315
18185 18192 364
18186 18186 237
18186 18193 502
18187 18187 -206
18187 18194 757
18188 18188 -531
18188 18195 -764
18189 18189 85
18189 18196 -25
18190 18190 76
18190 18197 -114
18191 18191 474
18191 18198 738
18192 18192 -177
18192 18199 -145
18193 18193 -382
18193 18200 605
18194 18194 971
18194 18201 59
18195 18195 -741
18195 18202 341
18196 18196 831
18196 18203 524
18197 18197 -810
18197 18204 -557
18198 18198 411
18198 18205 -127
18199 18199 -515
18199 18206 350
18200 18200 -551
18200 18207 -730
18201 18201 -147
18201 18208 463
18202 18202 404
18202 18209 308
18203 18203 -750
18203 18210 167
18204 18204 399
18204 18211 -249
18205 18205 -584
18205 18212 -229
18206 18206 557
18206 18213 -160
18207 18207 953
18207 18214 -9
18208 18208 -854
18208 18215 -576
18209 18209 -9
18209 18216 -772
18210 18210 -374
18210 18217 46
18211 18211 -830
18211 18218 914
18212 18212 588
18212 18219 -581
18213 18213 -120
18213 18220 -183
18214 18214 -192
18214 18221 761
18215 18215 169
18215 18222 -205
18216 18216 -575
18216 18223 -989
18217 18217 293
18217 18224 183
18218 18218 781
18218 18225 -545
18219 18219 813
18219 18226 906
18220 18220 -831
18220 18227 -733
18221 18221 22
18221 18228 -138
18222 18222 -422
18222 18229 813
18223 18223 -16
18223 18230 140
18224 18224 -732
18224 18231 363
18225 18225 -935
18225 18232 -816
18226 18226 804
18226 18233 -298
18227 18227 383
18227 18234 -799
18228 18228 442
18228 18235 -151
18229 18229 -882
18229 18236 621
18230 18230 -543
18230 18237 -34
18231 18231 -958
18231 18238 116
18232 18232 -806
18232 18239 -387
18233 18233 -47
18233 18240 235
18234 18234 226
18234 18241 289
18235 18235 -148
18235 18242 -312
18236 18236 207
18236 18243 -113
18237 18237 723
18237 18244 -371
18238 18238 717
18238 18245 -790
18239 18239 479
18239 18246 -854
18240 18240 558
18240 18247 325
18241 18241 -619
18241 18248 197
18242 18242 -804
18242 18249 624
18243 18243 865
18243 18250 281
18244 18244 901
18244 18251 710
18245 18245 -143
18245 18252 -591
18246 18246 -686
18246 18253 987
18247 18247 -518
18247 18254 -213
18248 18248 -432
18248 18255 -845
18249 18249 -663
18249 18256 939
18250 18250 -332
18250 18257 741
18251 18251 863
18251 18258 -170
18252 18252 -696
18252 18259 95
18253 18253 899
18253 18260 345
18254 18254 510
18254 18261 947
18255 18255 -363
18255 18262 176
18256 18256 -767
18256 18263 -773
18257 18257 -902
18257 18264 -564
18258 18258 -877
18258 18265 364
18259 18259 -840
18259 18266 282
18260 18260 -775
18260 18267 468
18261 18261 681
18261 18268 413
18262 18262 -759
18262 18269 -971
18263 18263 -916
18263 18270 -290
18264 18264 -969
18264 18271 -812
18265 18265 -549
18265 18272 -271
18266 18266 -216
18266 18273 -456
18267 18267 545
18267 18274 303
18268 18268 980
18268 18275 540
18269 18269 -839
18269 18276 578
18270 18270 -527
18270 18277 130
18271 18271 -560
18271 18278 -96
18272 18272 -441
18272 18279 905
18273 18273 385
18273 18280 -391
18274 18274 -981
18274 18281 245
18275 18275 838
18275 18282 -178
18276 18276 -538
18276 18283 -463
18277 18277 -187
18277 18284 777
18278 18278 -395
18278 18285 -303
18279 18279 -675
18279 18286 842
18280 18280 372
18280 18287 297
18281 18281 46
18281 18288 -328
18282 18282 577
18282 18289 -296
18283 18283 223
18283 18290 -767
18284 18284 -827
18284 18291 -815
18285 18285 943
18285 18292 -408
18286 18286 656
18286 18293 -806
18287 18287 773
18287 18294 10
18288 18288 265
18288 18295 167
18289 18289 -620
18289 18296 -883
18290 18290 -45
18290 18297 481
18291 18291 447
18291 18298 336
18292 18292 510
18292 18299 -11
18293 18293 -902
18293 18300 -661
18294 18294 861
18294 18301 457
18295 18295 967
18295 18302 -446
18296 18296 511
18296 18303 739
18297 18297 -564
18297 18304 47
18298 18298 -779
18298 18305 -305
18299 18299 436
18299 18306 -453
18300 18300 -53
18300 18307 831
18301 18301 -819
18301 18308 909
18302 18302 134
18302 18309 147
18303 18303 229
18303 18310 382
18304 18304 987
18304 18311 577
18305 18305 675
18305 18312 748
18306 18306 -6
18306 18313 885
18307 18307 -424
18307 18314 -331
18308 18308 -863
18308 18315 611
18309 18309 -422
18309 18316 29
18310 18310 632
18310 18317 -402
18311 18311 -471
18311 18318 -201
18312 18312 451
18312 18319 622
18313 18313 -790
18313 18320 -81
18314 18314 -701
18314 18321 284
18315 18315 -327
18315 18322 -994
18316 18316 -81
18316 18323 -884
18317 18317 -350
18317 18324 734
18318 18318 -615
18318 18325 -815
18319 18319 200
18319 18326 642
18320 18320 472
18320 18327 -579
18321 18321 620
18321 18328 -917
18322 18322 603
18322 18329 906
18323 18323 -966
18323 18330 108
18324 18324 571
18324 18331 482
18325 18325 210
18325 18332 318
18326 18326 -322
18326 18333 644
18327 18327 -67
18327 18334 -776
18328 18328 634
18328 18335 578
18329 18329 -532
18329 18336 -232
18330 18330 -765
18330 18337 222
18331 18331 528
18331 18338 402
18332 18332 75
18332 18339 213
18333 18333 -137
18333 18340 586
18334 18334 -514
18334 18341 -220
18335 18335 -787
18335 18342 223
18336 18336 -560
18336 18343 -689
18337 18337 -81
18337 18344 -295
18338 18338 -127
18338 18345 91
18339 18339 211
18339 18346 -584
18340 18340 438
18340 18347 147
18341 18341 272
18341 18348 -531
18342 18342 -25
18342 18349 -127
18343 18343 678
18343 18350 438
18344 18344 -417
18344 18351 64
18345 18345 630
18345 18352 923
18346 18346 145
18346 18353 353
18347 18347 -787
18347 18354 658
18348 18348 -401
18348 18355 253
18349 18349 434
18349 18356 -214
18350 18350 330
18350 18357 -721
18351 18351 855
18351 18358 858
18352 18352 -734
18352 18359 -78
18353 18353 474
18353 18360 965
18354 18354 -844
18354 18361 -662
18355 18355 543
18355 18362 422
18356 18356 -720
18356 18363 618
18357 18357 -20
18357 18364 -668
18358 18358 -96
18358 18365 -540
18359 18359 804
18359 18366 937
18360 18360 915
18360 18367 -464
18361 18361 -319
18361 18368 -357
18362 18362 -287
18362 18369 124
18363 18363 751
18363 18370 -516
18364 18364 -73
18364 18371 -349
18365 18365 -73
18365 18372 -728
18366 18366 910
18366 18373 991
18367 18367 -208
18367 18374 137
18368 18368 853
18368 18375 -681
18369 18369 457
18369 18376 61
18370 18370 675
18370 18377 -500
18371 18371 54
18371 18378 675
18372 18372 555
18372 18379 501
18373 18373 -189
18373 18380 588
18374 18374 -525
18374 18381 638
18375 18375 -520
18375 18382 -179
18376 18376 -604
18376 18383 985
18377 18377 -785
18377 18384 329
18378 18378 287
18378 18385 519
18379 18379 411
18379 18386 -204
18380 18380 537
18380 18387 -980
18381 18381 -646
18381 18388 533
18382 18382 990
18382 18389 -652
18383 18383 143
18383 18390 -88
18384 18384 531
18384 18391 982
18385 18385 292
18385 18392 -356
18386 18386 646
18386 18393 -812
18387 18387 719
18387 18394 -964
18388 18388 -133
18388 18395 -794
18389 18389 349
18389 18396 -274
18390 18390 -928
18390 18397 922
18391 18391 431
18391 18398 843
18392 18392 364
18392 18399 923
18393 18393 -924
18393 18400 -515
18394 18394 112
18394 18401 -968
18395 18395 483
18395 18402 554
18396 18396 834
18396 18403 -145
18397 18397 -608
18397 18404 82
18398 18398 -112
18398 18405 627
18399 18399 121
18399 18406 -226
18400 18400 -319
18400 18407 829
18401 18401 958
18401 18408 -871
18402 18402 -336
18402 18409 -123
18403 18403 -21
18403 18410 -226
18404 18404 276
18404 18411 55
18405 18405 -981
18405 18412 -80
18406 18406 -102
18406 18413 52
18407 18407 77
18407 18414 587
18408 18408 921
18408 18415 -600
18409 18409 592
18409 18416 -540
18410 18410 -547
18410 18417 -816
18411 18411 -588
18411 18418 866
18412 18412 588
18412 18419 274
18413 18413 189
18413 18420 71
18414 18414 822
18414 18421 -551
18415 18415 -917
18415 18422 280
18416 18416 530
18416 18423 -18
18417 18417 462
18417 18424 252
18418 18418 -999
18418 18425 990
18419 18419 962
18419 18426 -694
18420 18420 -806
18420 18427 -235
18421 18421 79
18421 18428 208
18422 18422 246
18422 18429 -902
18423 18423 241
18423 18430 88
18424 18424 -68
18424 18431 845
18425 18425 -317
18425 18432 793
18426 18426 -279
18426 18433 -468
18427 18427 -675
18427 18434 -72
18428 18428 412
18428 18435 512
18429 18429 -305
18429 18436 -239
18430 18430 -125
18430 18437 -157
18431 18431 -675
18431 18438 -846
18432 18432 -455
18432 18439 -545
18433 18433 261
18433 18440 616
18434 18434 -652
18434 18441 -691
18435 18435 -249
18435 18442 -847
18436 18436 907
18436 18443 675
18437 18437 653
18437 18444 839
18438 18438 -680
18438 18445 -127
18439 18439 306
18439 18446 -195
18440 18440 -945
18440 18447 -554
18441 18441 -78
18441 18448 502
18442 18442 803
18442 18449 906
18443 18443 504
18443 18450 760
18444 18444 549
18444 18451 135
18445 18445 -390
18445 18452 -375
18446 18446 548
18446 18453 194
18447 18447 638
18447 18454 -677
18448 18448 543
18448 18455 -995
18449 18449 -863
18449 18456 481
18450 18450 -463
18450 18457 1
18451 18451 -793
18451 18458 -264
18452 18452 937
18452 18459 -639
18453 18453 -227
18453 18460 439
18454 18454 967
18454 18461 -648
18455 18455 237
18455 18462 -791
18456 18456 707
18456 18463 -949
18457 18457 349
18457 18464 20
18458 18458 617
18458 18465 -639
18459 18459 -582
18459 18466 -802
18460 18460 -912
18460 18467 728
18461 18461 129
18461 18468 457
18462 18462 363
18462 18469 -97
18463 18463 35
18463 18470 318
18464 18464 746
18464 18471 -424
18465 18465 -873
18465 18472 -643
18466 18466 405
18466 18473 -76
18467 18467 275
18467 18474 -857
18468 18468 639
18468 18475 -671
18469 18469 292
18469 18476 213
18470 18470 -297
18470 18477 -786
18471 18471 -248
18471 18478 208
18472 18472 56
18472 18479 911
18473 18473 168
18473 18480 256
18474 18474 873
18474 18481 65
18475 18475 102
18475 18482 -671
18476 18476 903
18476 18483 192
18477 18477 -999
18477 18484 -328
18478 18478 709
18478 18485 -855
18479 18479 -313
18479 18486 23
18480 18480 102
18480 18487 237
18481 18481 -519
18481 18488 682
18482 18482 -806
18482 18489 304
18483 18483 930
18483 18490 -604
18484 18484 -690
18484 18491 -670
18485 18485 -93
18485 18492 -115
18486 18486 -625
18486 18493 251
18487 18487 706
18487 18494 39
18488 18488 -217
18488 18495 -434
18489 18489 -306
18489 18496 -40
18490 18490 -860
18490 18497 739
18491 18491 191
18491 18498 -747
18492 18492 -592
18492 18499 -50
18493 18493 -355
18493 18500 896
18494 18494 767
18494 18501 635
18495 18495 224
18495 18502 775
18496 18496 -775
18496 18503 633
18497 18497 113
18497 18504 -865
18498 18498 -578
18498 18505 899
18499 18499 753
18499 18506 -586
18500 18500 92
18500 18507 -727
18501 18501 731
18501 18508 -803
18502 18502 838
18502 18509 477
18503 18503 -28
18503 18510 455
18504 18504 -840
18504 18511 788
18505 18505 -319
18505 18512 613
18506 18506 737
18506 18513 -367
18507 18507 426
18507 18514 -255
18508 18508 892
18508 18515 30
18509 18509 -104
18509 18516 587
18510 18510 401
18510 18517 -720
18511 18511 330
18511 18518 220
18512 18512 -544
18512 18519 477
18513 18513 637
18513 18520 677
18514 18514 428
18514 18521 232
18515 18515 970
18515 18522 -844
18516 18516 169
18516 18523 -75
18517 18517 551
18517 18524 301
18518 18518 717
18518 18525 71
18519 18519 -382
18519 18526 -82
18520 18520 -388
18520 18527 -438
18521 18521 268
18521 18528 156
18522 18522 997
18522 18529 -616
18523 18523 -520
18523 18530 166
18524 18524 -748
18524 18531 -668
18525 18525 -403
18525 18532 -484
18526 18526 -793
18526 18533 854
18527 18527 -606
18527 18534 -706
18528 18528 -794
18528 18535 -758
18529 18529 633
18529 18536 -434
18530 18530 -938
18530 18537 577
18531 18531 -777
18531 18538 -717
18532 18532 -714
18532 18539 985
18533 18533 -309
18533 18540 366
18534 18534 998
18534 18541 550
18535 18535 -509
18535 18542 921
18536 18536 -934
18536 18543 611
18537 18537 975
18537 18544 530
18538 18538 -169
18538 18545 -658
18539 18539 635
18539 18546 953
18540 18540 67
18540 18547 -834
18541 18541 -208
18541 18548 -382
18542 18542 -239
18542 18549 -402
18543 18543 -26
18543 18550 -847
18544 18544 961
18544 18551 430
18545 18545 -276
18545 18552 21
18546 18546 -412
18546 18553 931
18547 18547 694
18547 18554 334
18548 18548 -252
18548 18555 618
18549 18549 967
18549 18556 -263
18550 18550 -186
18550 18557 -187
18551 18551 -143
18551 18558 -537
18552 18552 16
18552 18559 -329
18553 18553 -770
18553 18560 -392
18554 18554 -910
18554 18561 96
18555 18555 -87
18555 18562 -813
18556 18556 780
18556 18563 -943
18557 18557 552
18557 18564 37
18558 18558 -699
18558 18565 -315
18559 18559 965
18559 18566 407
18560 18560 939
18560 18567 826
18561 18561 616
18561 18568 882
18562 18562 -167
18562 18569 -351
18563 18563 -654
18563 18570 -957
18564 18564 1
18564 18571 820
18565 18565 -649
18565 18572 -31
18566 18566 293
18566 18573 -616
18567 18567 517
18567 18574 992
18568 18568 112
18568 18575 -75
18569 18569 399
18569 18576 232
18570 18570 109
18570 18577 -154
18571 18571 859
18571 18578 -765
18572 18572 -577
18572 18579 721
18573 18573 -137
18573 18580 159
18574 18574 -931
18574 18581 -747
18575 18575 -556
18575 18582 -469
18576 18576 -13
18576 18583 -739
18577 18577 -561
18577 18584 -389
18578 18578 53
18578 18585 600
18579 18579 968
18579 18586 -213
18580 18580 212
18580 18587 149
18581 18581 -524
18581 18588 -921
18582 18582 -487
18582 18589 -385
18583 18583 -805
18583 18590 611
18584 18584 -536
18584 18591 658
18585 18585 -271
18585 18592 285
18586 18586 76
18586 18593 262
18587 18587 -894
18587 18594 -776
18588 18588 -762
18588 18595 -340
18589 18589 -230
18589 18596 -300
18590 18590 389
18590 18597 -253
18591 18591 587
18591 18598 997
18592 18592 200
18592 18599 222
18593 18593 -682
18593 18600 -474
18594 18594 41
18594 18601 -878
18595 18595 124
18595 18602 24
18596 18596 413
18596 18603 -812
18597 18597 -697
18597 18604 699
18598 18598 682
18598 18605 -717
18599 18599 124
18599 18606 -171
18600 18600 -863
18600 18607 -535
18601 18601 -183
18601 18608 487
18602 18602 361
18602 18609 -350
18603 18603 579
18603 18610 905
18604 18604 808
18604 18611 -322
18605 18605 -87
18605 18612 166
18606 18606 765
18606 18613 -183
18607 18607 777
18607 18614 -148
18608 18608 -551
18608 18615 -162
18609 18609 342
18609 18616 -359
18610 18610 309
18610 18617 799
18611 18611 709
18611 18618 -68
18612 18612 872
18612 18619 -712
18613 18613 -329
18613 18620 673
18614 18614 569
18614 18621 -351
18615 18615 -929
18615 18622 -267
18616 18616 352
18616 18623 -577
18617 18617 71
18617 18624 255
18618 18618 -55
18618 18625 -705
18619 18619 -814
18619 18626 265
18620 18620 -292
18620 18627 -887
18621 18621 664
18621 18628 650
18622 18622 132
18622 18629 860
18623 18623 -691
18623 18630 423
18624 18624 451
18624 18631 -2
18625 18625 -970
18625 18632 65
18626 18626 149
18626 18633 188
18627 18627 347
18627 18634 140
18628 18628 -334
18628 18635 840
18629 18629 170
18629 18636 -15
18630 18630 -958
18630 18637 -810
18631 18631 42
18631 18638 857
18632 18632 -59
18632 18639 214
18633 18633 533
18633 18640 -996
18634 18634 -877
18634 18641 -977
18635 18635 853
18635 18642 6
18636 18636 -299
18636 18643 -545
18637 18637 -604
18637 18644 663
18638 18638 204
18638 18645 -570
18639 18639 -875
18639 18646 70
18640 18640 483
18640 18647 774
18641 18641 -13
18641 18648 344
18642 18642 -875
18642 18649 -252
18643 18643 -677
18643 18650 -308
18644 18644 -326
18644 18651 119
18645 18645 763
18645 18652 570
18646 18646 -756
18646 18653 84
18647 18647 -549
18647 18654 -310
18648 18648 998
18648 18655 -866
18649 18649 -191
18649 18656 117
18650 18650 110
18650 18657 -542
18651 18651 886
18651 18658 -407
18652 18652 -853
18652 18659 509
18653 18653 424
18653 18660 208
18654 18654 -777
18654 18661 -872
18655 18655 -521
18655 18662 -266
18656 18656 -7
18656 18663 -557
18657 18657 81
18657 18664 736
18658 18658 82
18658 18665 -312
18659 18659 -103
18659 18666 842
18660 18660 608
18660 18667 100
18661 18661 -331
18661 18668 816
18662 18662 -465
18662 18669 91
18663 18663 617
18663 18670 25
18664 18664 217
18664 18671 634
18665 18665 -978
18665 18672 -751
18666 18666 283
18666 18673 -789
18667 18667 161
18667 18674 -501
18668 18668 294
18668 18675 441
18669 18669 -805
18669 18676 -457
18670 18670 -716
18670 18677 -937
18671 18671 569
18671 18678 -782
18672 18672 -448
18672 18679 -75
18673 18673 -627
18673 18680 -9
18674 18674 315
18674 18681 11
18675 18675 -249
18675 18682 -892
18676 18676 -813
18676 18683 -808
18677 18677 -499
18677 18684 520
18678 18678 -768
18678 18685 -229
18679 18679 -160
18679 18686 -973
18680 18680 -552
18680 18687 408
18681 18681 -859
18681 18688 -514
18682 18682 -237
18682 18689 756
18683 18683 -77
18683 18690 -263
18684 18684 -414
18684 18691 179
18685 18685 84
18685 18692 199
18686 18686 -863
18686 18693 385
18687 18687 557
18687 18694 -636
18688 18688 701
18688 18695 -288
18689 18689 -995
18689 18696 -919
18690 18690 -214
18690 18697 -958
18691 18691 -103
18691 18698 553
18692 18692 293
18692 18699 278
18693 18693 -720
18693 18700 786
18694 18694 791
18694 18701 783
18695 18695 955
18695 18702 618
18696 18696 -618
18696 18703 438
18697 18697 -269
18697 18704 -886
18698 18698 -450
18698 18705 375
18699 18699 -68
18699 18706 979
18700 18700 -48
18700 18707 -5
18701 18701 606
18701 18708 560
18702 18702 -804
18702 18709 -906
18703 18703 -907
18703 18710 296
18704 18704 -739
18704 18711 47
18705 18705 -91
18705 18712 -915
18706 18706 -987
18706 18713 945
18707 18707 903
18707 18714 -222
18708 18708 478
18708 18715 -100
18709 18709 674
18709 18716 397
18710 18710 -91
18710 18717 -246
18711 18711 163
18711 18718 425
18712 18712 -773
18712 18719 553
18713 18713 -558
18713 18720 -998
18714 18714 247
18714 18721 409
18715 18715 -677
18715 18722 -146
18716 18716 -288
18716 18723 -360
18717 18717 -822
18717 18724 -676
18718 18718 638
18718 18725 -235
18719 18719 484
18719 18726 -883
18720 18720 67
18720 18727 781
18721 18721 -196
18721 18728 830
18722 18722 553
18722 18729 57
18723 18723 293
18723 18730 -431
18724 18724 -106
18724 18731 -988
18725 18725 734
18725 18732 896
18726 18726 403
18726 18733 -904
18727 18727 134
18727 18734 68
18728 18728 640
18728 18735 -696
18729 18729 -328
18729 18736 -615
18730 18730 421
18730 18737 612
18731 18731 -241
18731 18738 766
18732 18732 -485
18732 18739 562
18733 18733 692
18733 18740 87
18734 18734 274
18734 18741 -936
18735 18735 858
18735 18742 264
18736 18736 -236
18736 18743 926
18737 18737 -135
18737 18744 99
18738 18738 -198
18738 18745 270
18739 18739 -922
18739 18746 728
18740 18740 247
18740 18747 -578
18741 18741 -818
18741 18748 17
18742 18742 -676
18742 18749 94
18743 18743 -111
18743 18750 631
18744 18744 746
18744 18751 -519
18745 18745 -858
18745 18752 -281
18746 18746 887
18746 18753 -281
18747 18747 -580
18747 18754 -417
18748 18748 862
18748 18755 -804
18749 18749 698
18749 18756 -929
18750 18750 -629
18750 18757 899
18751 18751 -831
18751 18758 -366
18752 18752 989
18752 18759 556
18753 18753 -559
18753 18760 674
18754 18754 283
18754 18761 -800
18755 18755 545
18755 18762 -477
18756 18756 290
18756 18763 -558
18757 18757 -974
18757 18764 921
18758 18758 388
18758 18765 15
18759 18759 533
18759 18766 -104
18760 18760 451
18760 18767 -932
18761 18761 -559
18761 18768 -848
18762 18762 -869
18762 18769 -729
18763 18763 636
18763 18770 -568
18764 18764 373
18764 18771 -33
18765 18765 883
18765 18772 -643
18766 18766 -157
18766 18773 -707
18767 18767 -753
18767 18774 -561
18768 18768 446
18768 18775 829
18769 18769 430
18769 18776 832
18770 18770 986
18770 18777 -208
18771 18771 701
18771 18778 -420
18772 18772 965
18772 18779 541
18773 18773 539
18773 18780 399
18774 18774 -308
18774 18781 -202
18775 18775 588
18775 18782 -15
18776 18776 -765
18776 18783 -737
18777 18777 685
18777 18784 739
18778 18778 -590
18778 18785 -192
18779 18779 -454
18779 18786 497
18780 18780 -616
18780 18787 -714
18781 18781 354
18781 18788 176
18782 18782 873
18782 18789 573
18783 18783 748
18783 18790 560
18784 18784 249
18784 18791 637
18785 18785 789
18785 18792 882
18786 18786 217
18786 18793 -564
18787 18787 -659
18787 18794 880
18788 18788 896
18788 18795 -75
18789 18789 577
18789 18796 -205
18790 18790 269
18790 18797 291
18791 18791 -731
18791 18798 954
18792 18792 -768
18792 18799 -7
18793 18793 -422
18793 18800 30
18794 18794 -250
18794 18801 378
18795 18795 -617
18795 18802 383
18796 18796 -297
18796 18803 736
18797 18797 -405
18797 18804 -12
18798 18798 -480
18798 18805 805
18799 18799 -686
18799 18806 -873
18800 18800 114
18800 18807 598
18801 18801 -926
18801 18808 -24
18802 18802 306
18802 18809 841
18803 18803 -267
18803 18810 615
18804 18804 580
18804 18811 -525
18805 18805 754
18805 18812 929
18806 18806 647
18806 18813 910
18807 18807 842
18807 18814 403
18808 18808 122
18808 18815 -293
18809 18809 618
18809 18816 -81
18810 18810 542
18810 18817 590
18811 18811 -65
18811 18818 -999
18812 18812 710
18812 18819 -265
18813 18813 -866
18813 18820 370
18814 18814 263
18814 18821 540
18815 18815 56
18815 18822 768
18816 18816 481
18816 18823 670
18817 18817 562
18817 18824 -391
18818 18818 -497
18818 18825 -757
18819 18819 889
18819 18826 611
18820 18820 -1
18820 18827 396
18821 18821 274
18821 18828 461
18822 18822 249
18822 18829 -787
18823 18823 227
18823 18830 915
18824 18824 -917
18824 18831 32
18825 18825 402
18825 18832 355
18826 18826 221
18826 18833 958
18827 18827 -387
18827 18834 -338
18828 18828 -205
18828 18835 608
18829 18829 610
18829 18836 -153
18830 18830 517
18830 18837 -705
18831 18831 -746
18831 18838 339
18832 18832 450
18832 18839 -274
18833 18833 784
18833 18840 834
18834 18834 223
18834 18841 -408
18835 18835 284
18835 18842 538
18836 18836 -22
18836 18843 -649
18837 18837 -999
18837 18844 -414
18838 18838 -746
18838 18845 -573
18839 18839 676
18839 18846 734
18840 18840 -771
18840 18847 -406
18841 18841 544
18841 18848 731
18842 18842 742
18842 18849 -172
18843 18843 879
18843 18850 -479
18844 18844 38
18844 18851 671
18845 18845 -167
18845 18852 414
18846 18846 -576
18846 18853 900
18847 18847 659
18847 18854 721
18848 18848 264
18848 18855 -284
18849 18849 377
18849 18856 821
18850 18850 -360
18850 18857 931
18851 18851 179
18851 18858 357
18852 18852 494
18852 18859 531
18853 18853 -116
18853 18860 -830
18854 18854 -273
18854 18861 -782
18855 18855 473
18855 18862 123
18856 18856 -657
18856 18863 -558
18857 18857 589
18857 18864 -205
18858 18858 533
18858 18865 -600
18859 18859 -409
18859 18866 527
18860 18860 -980
18860 18867 -727
18861 18861 502
18861 18868 -221
18862 18862 -458
18862 18869 346
18863 18863 -800
18863 18870 534
18864 18864 484
18864 18871 859
18865 18865 -449
18865 18872 -515
18866 18866 -227
18866 18873 -10
18867 18867 264
18867 18874 -509
18868 18868 -260
18868 18875 785
18869 18869 736
18869 18876 -797
18870 18870 749
18870 18877 -639
18871 18871 262
18871 18878 -17
18872 18872 731
18872 18879 131
18873 18873 713
18873 18880 -770
18874 18874 -911
18874 18881 286
18875 18875 -516
18875 18882 146
18876 18876 23
18876 18883 241
18877 18877 312
18877 18884 -258
18878 18878 -280
18878 18885 -690
18879 18879 636
18879 18886 972
18880 18880 -593
18880 18887 942
18881 18881 426
18881 18888 767
18882 18882 -227
18882 18889 293
18883 18883 -192
18883 18890 887
18884 18884 -539
18884 18891 -368
18885 18885 -783
18885 18892 -541
18886 18886 -604
18886 18893 584
18887 18887 -992
18887 18894 555
18888 18888 -391
18888 18895 131
18889 18889 14
18889 18896 588
18890 18890 -779
18890 18897 242
18891 18891 158
18891 18898 -888
18892 18892 264
18892 18899 -528
18893 18893 131
18893 18900 -69
18894 18894 -989
18894 18901 -953
18895 18895 -80
18895 18902 -504
18896 18896 -977
18896 18903 -201
18897 18897 151
18897 18904 -513
18898 18898 875
18898 18905 -97
18899 18899 170
18899 18906 -455
18900 18900 -14
18900 18907 904
18901 18901 -335
18901 18908 416
18902 18902 942
18902 18909 80
18903 18903 841
18903 18910 232
18904 18904 661
18904 18911 -890
18905 18905 461
18905 18912 917
18906 18906 561
18906 18913 859
18907 18907 121
18907 18914 525
18908 18908 -957
18908 18915 -677
18909 18909 -748
18909 18916 559
18910 18910 -929
18910 18917 -371
18911 18911 -80
18911 18918 -977
18912 18912 -129
18912 18919 751
18913 18913 -334
18913 18920 -342
18914 18914 -659
18914 18921 -172
18915 18915 354
18915 18922 596
18916 18916 892
18916 18923 -368
18917 18917 588
18917 18924 117
18918 18918 55
18918 18925 295
18919 18919 -419
18919 18926 243
18920 18920 435
18920 18927 452
18921 18921 -527
18921 18928 182
18922 18922 648
18922 18929 40
18923 18923 457
18923 18930 198
18924 18924 655
18924 18931 787
18925 18925 -344
18925 18932 -189
18926 18926 -552
18926 18933 -837
18927 18927 -841
18927 18934 425
18928 18928 629
18928 18935 -351
18929 18929 -666
18929 18936 -495
18930 18930 771
18930 18937 716
18931 18931 -666
18931 18938 -430
18932 18932 250
18932 18939 101
18933 18933 -704
18933 18940 -205
18934 18934 -918
18934 18941 500
18935 18935 -588
18935 18942 13
18936 18936 -601
18936 18943 -264
18937 18937 104
18937 18944 -826
18938 18938 -910
18938 18945 813
18939 18939 647
18939 18946 391
18940 18940 462
18940 18947 -249
18941 18941 443
18941 18948 -952
18942 18942 655
18942 18949 -821
18943 18943 -174
18943 18950 -75
18944 18944 491
18944 18951 586
18945 18945 -567
18945 18952 367
18946 18946 -781
18946 18953 -28
18947 18947 907
18947 18954 559
18948 18948 -290
18948 18955 -277
18949 18949 -698
18949 18956 807
18950 18950 -219
18950 18957 558
18951 18951 -528
18951 18958 36
18952 18952 741
18952 18959 -184
18953 18953 -74
18953 18960 -660
18954 18954 407
18954 18961 746
18955 18955 -222
18955 18962 -885
18956 18956 257
18956 18963 41
18957 18957 -433
18957 18964 854
18958 18958 -376
18958 18965 -780
18959 18959 906
18959 18966 -665
18960 18960 -444
18960 18967 644
18961 18961 763
18961 18968 -852
18962 18962 216
18962 18969 899
18963 18963 886
18963 18970 290
18964 18964 -703
18964 18971 526
18965 18965 685
18965 18972 989
18966 18966 811
18966 18973 -832
18967 18967 196
18967 18974 -212
18968 18968 257
18968 18975 412
18969 18969 20
18969 18976 -632
18970 18970 491
18970 18977 32
18971 18971 -415
18971 18978 142
18972 18972 -310
18972 18979 279
18973 18973 462
18973 18980 197
18974 18974 -901
18974 18981 365
18975 18975 -716
18975 18982 898
18976 18976 867
18976 18983 376
18977 18977 785
18977 18984 265
18978 18978 -469
18978 18985 -947
18979 18979 -273
18979 18986 512
18980 18980 -631
18980 18987 183
18981 18981 559
18981 18988 354
18982 18982 -311
18982 18989 -47
18983 18983 -82
18983 18990 -611
18984 18984 276
18984 18991 83
18985 18985 -814
18985 18992 943
18986 18986 -365
18986 18993 284
18987 18987 -530
18987 18994 533
18988 18988 -622
18988 18995 -648
18989 18989 -190
18989 18996 -767
18990 18990 -940
18990 18997 -795
18991 18991 915
18991 18998 409
18992 18992 -730
18992 18999 933
18993 18993 -576
18993 19000 -602
18994 18994 333
18994 19001 345
18995 18995 149
18995 19002 -590
18996 18996 351
18996 19003 566
18997 18997 -814
18997 19004 -916
18998 18998 833
18998 19005 467
18999 18999 101
18999 19006 302
19000 19000 967
19000 19007 -633
19001 19001 -743
19001 19008 -553
19002 19002 -379
19002 19009 -505
19003 19003 -890
19003 19010 -673
19004 19004 -371
19004 19011 -868
19005 19005 192
19005 19012 377
19006 19006 -991
19006 19013 -416
19007 19007 -169
19007 19014 -515
19008 19008 181
19008 19015 715
19009 19009 971
19009 19016 -96
19010 19010 294
19010 19017 595
19011 19011 59
19011 19018 -23
19012 19012 411
19012 19019 459
19013 19013 -574
19013 19020 996
19014 19014 -815
19014 19021 -591
19015 19015 864
19015 19022 -577
19016 19016 190
19016 19023 478
19017 19017 -744
19017 19024 -390
19018 19018 1
19018 19025 -275
19019 19019 533
19019 19026 -277
19020 19020 -164
19020 19027 -39
19021 19021 -834
19021 19028 -511
19022 19022 921
19022 19029 556
19023 19023 -508
19023 19030 -442
19024 19024 376
19024 19031 376
19025 19025 -448
19025 19032 -675
19026 19026 613
19026 19033 385
19027 19027 34
19027 19034 259
19028 19028 532
19028 19035 -829
19029 19029 -118
19029 19036 314
19030 19030 189
19030 19037 -234
19031 19031 636
19031 19038 -643
19032 19032 -81
19032 19039 -405
19033 19033 -977
19033 19040 -773
19034 19034 612
19034 19041 447
19035 19035 14
19035 19042 296
19036 19036 873
19036 19043 -230
19037 19037 -227
19037 19044 -814
19038 19038 -178
19038 19045 344
19039 19039 -57
19039 19046 267
19040 19040 -945
19040 19047 -955
19041 19041 112
19041 19048 531
19042 19042 -904
19042 19049 387
19043 19043 728
19043 19050 985
19044 19044 447
19044 19051 30
19045 19045 -193
19045 19052 -855
19046 19046 808
19046 19053 -520
19047 19047 679
19047 19054 -882
19048 19048 302
19048 19055 57
19049 19049 -817
19049 19056 203
19050 19050 -555
19050 19057 -342
19051 19051 -597
19051 19058 469
19052 19052 376
19052 19059 718
19053 19053 119
19053 19060 -287
19054 19054 173
19054 19061 -107
19055 19055 -310
19055 19062 -914
19056 19056 -839
19056 19063 -797
19057 19057 -233
19057 19064 -790
19058 19058 -338
19058 19065 974
19059 19059 958
19059 19066 188
19060 19060 -20
19060 19067 671
19061 19061 805
19061 19068 -254
19062 19062 -151
19062 19069 494
19063 19063 -837
19063 19070 -16
19064 19064 -516
19064 19071 350
19065 19065 196
19065 19072 261
19066 19066 -439
19066 19073 580
19067 19067 -399
19067 19074 128
19068 19068 -459
19068 19075 103
19069 19069 -592
19069 19076 -935
19070 19070 -534
19070 19077 442
19071 19071 335
19071 19078 -485
19072 19072 983
19072 19079 52
19073 19073 -701
19073 19080 -771
19074 19074 189
19074 19081 599
19075 19075 -914
19075 19082 797
19076 19076 -926
19076 19083 -197
19077 19077 -349
19077 19084 84
19078 19078 -169
19078 19085 982
19079 19079 82
19079 19086 -149
19080 19080 -230
19080 19087 802
19081 19081 -743
19081 19088 -658
19082 19082 852
19082 19089 -801
19083 19083 -706
19083 19090 -673
19084 19084 327
19084 19091 -844
19085 19085 423
19085 19092 -410
19086 19086 -492
19086 19093 312
19087 19087 -316
19087 19094 -776
19088 19088 483
19088 19095 -70
19089 19089 -150
19089 19096 111
19090 19090 939
19090 19097 603
19091 19091 662
19091 19098 749
19092 19092 418
19092 19099 663
19093 19093 357
19093 19100 714
19094 19094 -145
19094 19101 -648
19095 19095 -629
19095 19102 407
19096 19096 -503
19096 19103 -561
19097 19097 871
19097 19104 -145
19098 19098 443
19098 19105 944
19099 19099 837
19099 19106 -899
19100 19100 885
19100 19107 -528
19101 19101 547
19101 19108 -134
19102 19102 311
19102 19109 -597
19103 19103 872
19103 19110 372
19104 19104 -777
19104 19111 426
19105 19105 -393
19105 19112 -954
19106 19106 510
19106 19113 -505
19107 19107 -882
19107 19114 -495
19108 19108 833
19108 19115 233
19109 19109 -341
19109 19116 957
19110 19110 -826
19110 19117 137
19111 19111 436
19111 19118 703
19112 19112 667
19112 19119 953
19113 19113 27
19113 19120 907
19114 19114 77
19114 19121 -724
19115 19115 -127
19115 19122 849
19116 19116 -723
19116 19123 106
19117 19117 210
19117 19124 560
19118 19118 -218
19118 19125 266
19119 19119 -979
19119 19126 364
19120 19120 79
19120 19127 963
19121 19121 -827
19121 19128 975
19122 19122 895
19122 19129 630
19123 19123 -395
19123 19130 202
19124 19124 -520
19124 19131 -40
19125 19125 781
19125 19132 202
19126 19126 597
19126 19133 -116
19127 19127 147
19127 19134 133
19128 19128 148
19128 19135 -429
19129 19129 -524
19129 19136 800
19130 19130 171
19130 19137 259
19131 19131 -970
19131 19138 690
19132 19132 -168
19132 19139 692
19133 19133 583
19133 19140 -838
19134 19134 687
19134 19141 -786
19135 19135 43
19135 19142 450
19136 19136 -366
19136 19143 -906
19137 19137 698
19137 19144 -941
19138 19138 371
19138 19145 -856
19139 19139 204
19139 19146 186
19140 19140 944
19140 19147 -186
19141 19141 327
19141 19148 -588
19142 19142 -695
19142 19149 351
19143 19143 -308
19143 19150 170
19144 19144 -369
19144 19151 -455
19145 19145 182
19145 19152 765
19146 19146 -100
19146 19153 914
19147 19147 -122
19147 19154 244
19148 19148 -635
19148 19155 -278
19149 19149 813
19149 19156 -150
19150 19150 -591
19150 19157 836
19151 19151 -61
19151 19158 425
19152 19152 -832
19152 19159 -882
19153 19153 -812
19153 19160 -974
19154 19154 252
19154 19161 553
19155 19155 -736
19155 19162 405
19156 19156 -607
19156 19163 585
19157 19157 90
19157 19164 764
19158 19158 -168
19158 19165 -515
19159 19159 -199
19159 19166 -268
19160 19160 547
19160 19167 -808
19161 19161 325
19161 19168 656
19162 19162 347
19162 19169 -370
19163 19163 641
19163 19170 -24
19164 19164 292
19164 19171 417
19165 19165 303
19165 19172 553
19166 19166 918
19166 19173 -872
19167 19167 -637
19167 19174 -444
19168 19168 -800
19168 19175 -715
19169 19169 -487
19169 19176 888
19170 19170 671
19170 19177 851
19171 19171 824
19171 19178 -109
19172 19172 402
19172 19179 -201
19173 19173 968
19173 19180 153
19174 19174 443
19174 19181 -941
19175 19175 -214
19175 19182 -318
19176 19176 -842
19176 19183 -956
19177 19177 -732
19177 19184 -53
19178 19178 -274
19178 19185 -300
19179 19179 -183
19179 19186 -626
19180 19180 -848
19180 19187 231
19181 19181 -862
19181 19188 276
19182 19182 969
19182 19189 -987
19183 19183 -857
19183 19190 -999
19184 19184 -112
19184 19191 764
19185 19185 548
19185 19192 -822
19186 19186 109
19186 19193 -625
19187 19187 -770
19187 19194 958
19188 19188 -112
19188 19195 -387
19189 19189 -93
19189 19196 148
19190 19190 -992
19190 19197 443
19191 19191 418
19191 19198 -856
19192 19192 -793
19192 19199 434
19193 19193 -825
19193 19200 -288
19194 19194 -910
19194 19201 935
19195 19195 -645
19195 19202 925
19196 19196 -917
19196 19203 -388
19197 19197 -564
19197 19204 910
19198 19198 104
19198 19205 600
19199 19199 755
19199 19206 674
19200 19200 479
19200 19207 -643
19201 19201 -985
19201 19208 -108
19202 19202 518
19202 19209 -563
19203 19203 496
19203 19210 -395
19204 19204 -360
19204 19211 -736
19205 19205 -691
19205 19212 -149
19206 19206 86
19206 19213 401
19207 19207 -357
19207 19214 964
19208 19208 295
19208 19215 -857
19209 19209 -461
19209 19216 -481
19210 19210 -966
19210 19217 -882
19211 19211 -563
19211 19218 29
19212 19212 -766
19212 19219 933
19213 19213 283
19213 19220 165
19214 19214 710
19214 19221 507
19215 19215 -283
19215 19222 -396
19216 19216 301
19216 19223 -500
19217 19217 -745
19217 19224 443
19218 19218 992
19218 19225 -496
19219 19219 869
19219 19226 -13
19220 19220 -271
19220 19227 -667
19221 19221 -173
19221 19228 -992
19222 19222 -919
19222 19229 -262
19223 19223 668
19223 19230 334
19224 19224 -930
19224 19231 737
19225 19225 208
19225 19232 554
19226 19226 -28
19226 19233 -858
19227 19227 -372
19227 19234 458
19228 19228 312
19228 19235 227
19229 19229 143
19229 19236 -745
19230 19230 -96
19230 19237 852
19231 19231 -213
19231 19238 -270
19232 19232 285
19232 19239 -869
19233 19233 -504
19233 19240 -991
19234 19234 -868
19234 19241 533
19235 19235 655
19235 19242 835
19236 19236 579
19236 19243 919
19237 19237 -486
19237 19244 -33
19238 19238 -97
19238 19245 -475
19239 19239 354
19239 19246 -352
19240 19240 328
19240 19247 912
19241 19241 -159
19241 19248 -820
19242 19242 629
19242 19249 -245
19243 19243 -184
19243 19250 -536
19244 19244 254
19244 19251 53
19245 19245 701
19245 19252 -397
19246 19246 -836
19246 19253 -297
19247 19247 284
19247 19254 751
19248 19248 -408
19248 19255 671
19249 19249 773
19249 19256 -473
19250 19250 69
19250 19257 -731
19251 19251 296
19251 19258 143
19252 19252 802
19252 19259 430
19253 19253 627
19253 19260 -588
19254 19254 -665
19254 19261 -664
19255 19255 -926
19255 19262 802
19256 19256 -68
19256 19263 -478
19257 19257 -540
19257 19264 -596
19258 19258 -574
19258 19265 -668
19259 19259 557
19259 19266 -569
19260 19260 -204
19260 19267 458
19261 19261 -771
19261 19268 265
19262 19262 840
19262 19269 -585
19263 19263 -31
19263 19270 513
19264 19264 378
19264 19271 765
19265 19265 20
19265 19272 -51
19266 19266 -34
19266 19273 18
19267 19267 -742
19267 19274 151
19268 19268 -904
19268 19275 -610
19269 19269 865
19269 19276 -338
19270 19270 956
19270 19277 456
19271 19271 -34
19271 19278 -906
19272 19272 -425
19272 19279 244
19273 19273 670
19273 19280 95
19274 19274 -109
19274 19281 -996
19275 19275 -424
19275 19282 -176
19276 19276 625
19276 19283 -802
19277 19277 -645
19277 19284 35
19278 19278 -381
19278 19285 143
19279 19279 -577
19279 19286 -798
19280 19280 223
19280 19287 -10
19281 19281 261
19281 19288 -634
19282 19282 -900
19282 19289 -53
19283 19283 380
19283 19290 -677
19284 19284 -212
19284 19291 -273
19285 19285 27
19285 19292 527
19286 19286 141
19286 19293 65
19287 19287 360
19287 19294 -984
19288 19288 763
19288 19295 -462
19289 19289 838
19289 19296 -462
19290 19290 767
19290 19297 133
19291 19291 -566
19291 19298 -234
19292 19292 -654
19292 19299 -856
19293 19293 -198
19293 19300 178
19294 19294 -47
19294 19301 625
19295 19295 -112
19295 19302 811
19296 19296 -941
19296 19303 135
19297 19297 -227
19297 19304 -409
19298 19298 906
19298 19305 -656
19299 19299 328
19299 19306 -490
19300 19300 -453
19300 19307 542
19301 19301 -100
19301 19308 147
19302 19302 131
19302 19309 -948
19303 19303 606
19303 19310 -597
19304 19304 732
19304 19311 -437
19305 19305 581
19305 19312 450
19306 19306 135
19306 19313 -197
19307 19307 327
19307 19314 -892
19308 19308 164
19308 19315 108
19309 19309 917
19309 19316 -380
19310 19310 241
19310 19317 -523
19311 19311 997
19311 19318 341
19312 19312 -478
19312 19319 -129
19313 19313 666
19313 19320 -84
19314 19314 -301
19314 19321 -713
19315 19315 -378
19315 19322 -867
19316 19316 30
19316 19323 -636
19317 19317 811
19317 19324 286
19318 19318 100
19318 19325 -20
19319 19319 -297
19319 19326 -275
19320 19320 -766
19320 19327 -625
19321 19321 -606
19321 19328 902
19322 19322 -869
19322 19329 -602
19323 19323 678
19323 19330 -668
19324 19324 555
19324 19331 382
19325 19325 67
19325 19332 -125
19326 19326 949
19326 19333 913
19327 19327 -8
19327 19334 -462
19328 19328 692
19328 19335 -280
19329 19329 -671
19329 19336 -88
19330 19330 994
19330 19337 532
19331 19331 -465
19331 19338 216
19332 19332 -538
19332 19339 692
19333 19333 -127
19333 19340 -732
19334 19334 830
19334 19341 895
19335 19335 830
19335 19342 -152
19336 19336 -316
19336 19343 382
19337 19337 -367
19337 19344 -814
19338 19338 535
19338 19345 83
19339 19339 907
19339 19346 116
19340 19340 718
19340 19347 -907
19341 19341 -714
19341 19348 868
19342 19342 -632
19342 19349 486
19343 19343 -567
19343 19350 885
19344 19344 -319
19344 19351 811
19345 19345 810
19345 19352 53
19346 19346 592
19346 19353 917
19347 19347 -236
19347 19354 356
19348 19348 843
19348 19355 -895
19349 19349 -911
19349 19356 331
19350 19350 583
19350 19357 -489
19351 19351 31
19351 19358 220
19352 19352 -911
19352 19359 -587
19353 19353 113
19353 19360 377
19354 19354 822
19354 19361 561
19355 19355 -3
19355 19362 -653
19356 19356 350
19356 19363 298
19357 19357 166
19357 19364 420
19358 19358 -858
19358 19365 -918
19359 19359 596
19359 19366 515
19360 19360 613
19360 19367 -353
19361 19361 555
19361 19368 -607
19362 19362 -771
19362 19369 224
19363 19363 -832
19363 19370 883
19364 19364 -493
19364 19371 -451
19365 19365 -369
19365 19372 -337
19366 19366 783
19366 19373 -146
19367 19367 386
19367 19374 505
19368 19368 749
19368 19375 252
19369 19369 137
19369 19376 145
19370 19370 -789
19370 19377 -652
19371 19371 825
19371 19378 -555
19372 19372 353
19372 19379 -391
19373 19373 359
19373 19380 -207
19374 19374 -709
19374 19381 -508
19375 19375 -297
19375 19382 -610
19376 19376 -56
19376 19383 584
19377 19377 -667
19377 19384 486
19378 19378 -341
19378 19385 -917
19379 19379 -305
19379 19386 -372
19380 19380 -164
19380 19387 -658
19381 19381 -469
19381 19388 567
19382 19382 -435
19382 19389 897
19383 19383 940
19383 19390 747
19384 19384 -201
19384 19391 222
19385 19385 670
19385 19392 510
19386 19386 53
19386 19393 519
19387 19387 -191
19387 19394 24
19388 19388 913
19388 19395 -211
19389 19389 -222
19389 19396 244
19390 19390 -480
19390 19397 -584
19391 19391 472
19391 19398 -196
19392 19392 768
19392 19399 -3
19393 19393 -456
19393 19400 280
19394 19394 -333
19394 19401 61
19395 19395 -397
19395 19402 -473
19396 19396 708
19396 19403 -754
19397 19397 838
19397 19404 935
19398 19398 1
19398 19405 -243
19399 19399 106
19399 19406 -783
19400 19400 -594
19400 19407 386
19401 19401 657
19401 19408 203
19402 19402 715
19402 19409 -507
19403 19403 -539
19403 19410 -650
19404 19404 -387
19404 19411 567
19405 19405 885
19405 19412 -397
19406 19406 194
19406 19413 78
19407 19407 737
19407 19414 574
19408 19408 -75
19408 19415 -365
19409 19409 487
19409 19416 -903
19410 19410 899
19410 19417 -513
19411 19411 666
19411 19418 553
19412 19412 -704
19412 19419 372
19413 19413 944
19413 19420 537
19414 19414 583
19414 19421 -8
19415 19415 -551
19415 19422 604
19416 19416 -606
19416 19423 -400
19417 19417 -661
19417 19424 402
19418 19418 266
19418 19425 390
19419 19419 -587
19419 19426 671
19420 19420 -134
19420 19427 772
19421 19421 410
19421 19428 473
19422 19422 459
19422 19429 -114
19423 19423 -728
19423 19430 52
19424 19424 -649
19424 19431 825
19425 19425 167
19425 19432 -103
19426 19426 2
19426 19433 -208
19427 19427 -29
19427 19434 -321
19428 19428 -557
19428 19435 480
19429 19429 638
19429 19436 -374
19430 19430 -379
19430 19437 -246
19431 19431 -426
19431 19438 -534
19432 19432 -814
19432 19439 -864
19433 19433 -351
19433 19440 -667
19434 19434 -175
19434 19441 -231
19435 19435 991
19435 19442 957
19436 19436 -756
19436 19443 -272
19437 19437 42
19437 19444 313
19438 19438 328
19438 19445 -412
19439 19439 503
19439 19446 6
19440 19440 -279
19440 19447 176
19441 19441 540
19441 19448 502
19442 19442 527
19442 19449 656
19443 19443 694
19443 19450 -997
19444 19444 654
19444 19451 -142
19445 19445 764
19445 19452 185
19446 19446 -755
19446 19453 774
19447 19447 -391
19447 19454 -123
19448 19448 -614
19448 19455 -628
19449 19449 -416
19449 19456 -850
19450 19450 531
19450 19457 569
19451 19451 310
19451 19458 243
19452 19452 314
19452 19459 -269
19453 19453 697
19453 19460 80
19454 19454 -129
19454 19461 779
19455 19455 -497
19455 19462 -849
19456 19456 -406
19456 19463 496
19457 19457 -423
19457 19464 -392
19458 19458 275
19458 19465 -573
19459 19459 -373
19459 19466 951
19460 19460 -918
19460 19467 661
19461 19461 383
19461 19468 94
19462 19462 642
19462 19469 -761
19463 19463 -412
19463 19470 -212
19464 19464 -947
19464 19471 -613
19465 19465 -256
19465 19472 -906
19466 19466 -576
19466 19473 -554
19467 19467 357
19467 19474 817
19468 19468 648
19468 19475 -139
19469 19469 -783
19469 19476 -90
19470 19470 -345
19470 19477 -644
19471 19471 -388
19471 19478 -399
19472 19472 -834
19472 19479 -913
19473 19473 -115
19473 19480 491
19474 19474 504
19474 19481 392
19475 19475 -468
19475 19482 -646
19476 19476 1
19476 19483 76
19477 19477 602
19477 19484 -124
19478 19478 -680
19478 19485 717
19479 19479 -96
19479 19486 -944
19480 19480 -492
19480 19487 -624
19481 19481 -524
19481 19488 539
19482 19482 142
19482 19489 12
19483 19483 -106
19483 19490 645
19484 19484 -728
19484 19491 -580
19485 19485 792
19485 19492 780
19486 19486 -90
19486 19493 -86
19487 19487 -287
19487 19494 -555
19488 19488 116
19488 19495 65
19489 19489 -715
19489 19496 891
19490 19490 513
19490 19497 -833
19491 19491 611
19491 19498 -709
19492 19492 -260
19492 19499 989
19493 19493 -659
19493 19500 431
19494 19494 533
19494 19501 -999
19495 19495 -818
19495 19502 198
19496 19496 -175
19496 19503 -70
19497 19497 -400
19497 19504 980
19498 19498 655
19498 19505 388
19499 19499 135
19499 19506 -841
19500 19500 873
19500 19507 -413
19501 19501 -368
19501 19508 858
19502 19502 -631
19502 19509 -824
19503 19503 749
19503 19510 -989
19504 19504 665
19504 19511 586
19505 19505 284
19505 19512 425
19506 19506 -712
19506 19513 -938
19507 19507 -805
19507 19514 259
19508 19508 556
19508 19515 162
19509 19509 -231
19509 19516 232
19510 19510 -900
19510 19517 379
19511 19511 -553
19511 19518 516
19512 19512 -450
19512 19519 466
19513 19513 -584
19513 19520 292
19514 19514 -229
19514 19521 -898
19515 19515 169
19515 19522 -900
19516 19516 180
19516 19523 552
19517 19517 6
19517 19524 -596
19518 19518 527
19518 19525 -760
19519 19519 709
19519 19526 -821
19520 19520 -772
19520 19527 -179
19521 19521 -886
19521 19528 988
19522 19522 11
19522 19529 -215
19523 19523 835
19523 19530 34
19524 19524 199
19524 19531 -895
19525 19525 -435
19525 19532 -4
19526 19526 -383
19526 19533 -690
19527 19527 268
19527 19534 -304
19528 19528 -116
19528 19535 -388
19529 19529 -970
19529 19536 -472
19530 19530 -903
19530 19537 566
19531 19531 688
19531 19538 -506
19532 19532 -234
19532 19539 999
19533 19533 -791
19533 19540 678
19534 19534 -451
19534 19541 857
19535 19535 -767
19535 19542 -21
19536 19536 -809
19536 19543 -680
19537 19537 27
19537 19544 -995
19538 19538 -134
19538 19545 307
19539 19539 -700
19539 19546 280
19540 19540 -910
19540 19547 -62
19541 19541 395
19541 19548 381
19542 19542 -764
19542 19549 404
19543 19543 475
19543 19550 922
19544 19544 -368
19544 19551 -633
19545 19545 -442
19545 19552 436
19546 19546 272
19546 19553 927
19547 19547 -716
19547 19554 -722
19548 19548 -427
19548 19555 -852
19549 19549 -456
19549 19556 -992
19550 19550 900
19550 19557 -608
19551 19551 -416
19551 19558 671
19552 19552 -784
19552 19559 247
19553 19553 -795
19553 19560 273
19554 19554 898
19554 19561 -505
19555 19555 -396
19555 19562 -134
19556 19556 854
19556 19563 688
19557 19557 -63
19557 19564 -93
19558 19558 295
19558 19565 -750
19559 19559 -36
19559 19566 -922
19560 19560 549
19560 19567 795
19561 19561 -182
19561 19568 -842
19562 19562 -642
19562 19569 -719
19563 19563 250
19563 19570 169
19564 19564 742
19564 19571 825
19565 19565 -623
19565 19572 -240
19566 19566 -201
19566 19573 -115
19567 19567 -667
19567 19574 281
19568 19568 -244
19568 19575 -994
19569 19569 -760
19569 19576 -398
19570 19570 332
19570 19577 -272
19571 19571 -259
19571 19578 -588
19572 19572 942
19572 19579 -989
19573 19573 -15
19573 19580 204
19574 19574 859
19574 19581 25
19575 19575 -371
19575 19582 136
19576 19576 -807
19576 19583 910
19577 19577 203
19577 19584 920
19578 19578 -490
19578 19585 -926
19579 19579 -175
19579 19586 -3
19580 19580 -715
19580 19587 -139
19581 19581 295
19581 19588 870
19582 19582 492
19582 19589 -275
19583 19583 849
19583 19590 461
19584 19584 -360
19584 19591 917
19585 19585 917
19585 19592 33
19586 19586 -143
19586 19593 -83
19587 19587 280
19587 19594 225
19588 19588 -420
19588 19595 -588
19589 19589 -443
19589 19596 -20
19590 19590 354
19590 19597 -271
19591 19591 -320
19591 19598 -71
19592 19592 97
19592 19599 441
19593 19593 127
19593 19600 -491
19594 19594 -111
19594 19601 -74
19595 19595 182
19595 19602 -267
19596 19596 872
19596 19603 -472
19597 19597 -888
19597 19604 435
19598 19598 84
19598 19605 -971
19599 19599 -707
19599 19606 796
19600 19600 691
19600 19607 282
19601 19601 600
19601 19608 439
19602 19602 -247
19602 19609 -176
19603 19603 -619
19603 19610 243
19604 19604 868
19604 19611 -110
19605 19605 54
19605 19612 591
19606 19606 -916
19606 19613 -661
19607 19607 961
19607 19614 596
19608 19608 215
19608 19615 733
19609 19609 922
19609 19616 -759
19610 19610 -218
19610 19617 -962
19611 19611 395
19611 19618 -189
19612 19612 -236
19612 19619 231
19613 19613 726
19613 19620 189
19614 19614 -59
19614 19621 -601
19615 19615 -922
19615 19622 999
19616 19616 267
19616 19623 759
19617 19617 -369
19617 19624 738
19618 19618 -582
19618 19625 863
19619 19619 -603
19619 19626 -262
19620 19620 533
19620 19627 660
19621 19621 -806
19621 19628 -586
19622 19622 -728
19622 19629 -636
19623 19623 244
19623 19630 795
19624 19624 -356
19624 19631 -734
19625 19625 -767
19625 19632 -449
19626 19626 993
19626 19633 7
19627 19627 -776
19627 19634 609
19628 19628 282
19628 19635 -352
19629 19629 170
19629 19636 844
19630 19630 76
19630 19637 -469
19631 19631 505
19631 19638 -748
19632 19632 -381
19632 19639 -772
19633 19633 -758
19633 19640 505
19634 19634 -253
19634 19641 251
19635 19635 747
19635 19642 584
19636 19636 -310
19636 19643 -706
19637 19637 986
19637 19644 29
19638 19638 -140
19638 19645 943
19639 19639 -323
19639 19646 901
19640 19640 381
19640 19647 259
19641 19641 991
19641 19648 -578
19642 19642 910
19642 19649 114
19643 19643 906
19643 19650 -463
19644 19644 974
19644 19651 301
19645 19645 230
19645 19652 -912
19646 19646 46
19646 19653 -779
19647 19647 -251
19647 19654 -946
19648 19648 -155
19648 19655 -297
19649 19649 551
19649 19656 -517
19650 19650 874
19650 19657 896
19651 19651 -650
19651 19658 -529
19652 19652 -873
19652 19659 -25
19653 19653 -435
19653 19660 -247
19654 19654 877
19654 19661 -749
19655 19655 526
19655 19662 -973
19656 19656 -809
19656 19663 842
19657 19657 -870
19657 19664 405
19658 19658 227
19658 19665 48
19659 19659 -166
19659 19666 419
19660 19660 -48
19660 19667 121
19661 19661 631
19661 19668 -164
19662 19662 -399
19662 19669 -444
19663 19663 -436
19663 19670 -219
19664 19664 522
19664 19671 388
19665 19665 428
19665 19672 -21
19666 19666 96
19666 19673 -903
19667 19667 125
19667 19674 761
19668 19668 139
19668 19675 522
19669 19669 796
19669 19676 746
19670 19670 218
19670 19677 -795
19671 19671 28
19671 19678 -270
19672 19672 989
19672 19679 668
19673 19673 -999
19673 19680 911
19674 19674 -24
19674 19681 -892
19675 19675 -67
19675 19682 -515
19676 19676 434
19676 19683 659
19677 19677 -560
19677 19684 97
19678 19678 654
19678 19685 -523
19679 19679 -662
19679 19686 521
19680 19680 -687
19680 19687 66
19681 19681 258
19681 19688 283
19682 19682 184
19682 19689 697
19683 19683 464
19683 19690 709
19684 19684 -689
19684 19691 -644
19685 19685 195
19685 19692 -305
19686 19686 993
19686 19693 -150
19687 19687 374
19687 19694 312
19688 19688 134
19688 19695 -448
19689 19689 995
19689 19696 983
19690 19690 727
19690 19697 -507
19691 19691 909
19691 19698 617
19692 19692 -101
19692 19699 -501
19693 19693 -912
19693 19700 711
19694 19694 -846
19694 19701 -777
19695 19695 537
19695 19702 -922
19696 19696 580
19696 19703 31
19697 19697 168
19697 19704 -194
19698 19698 781
19698 19705 161
19699 19699 395
19699 19706 443
19700 19700 -338
19700 19707 438
19701 19701 1
19701 19708 412
19702 19702 -560
19702 19709 796
19703 19703 -572
19703 19710 -444
19704 19704 -62
19704 19711 229
19705 19705 -765
19705 19712 -403
19706 19706 150
19706 19713 -668
19707 19707 -562
19707 19714 79
19708 19708 -969
19708 19715 72
19709 19709 -13
19709 19716 987
19710 19710 -716
19710 19717 -158
19711 19711 -514
19711 19718 -16
19712 19712 988
19712 19719 -859
19713 19713 179
19713 19720 791
19714 19714 225
19714 19721 159
19715 19715 873
19715 19722 -725
19716 19716 -93
19716 19723 -160
19717 19717 987
19717 19724 -42
19718 19718 -831
19718 19725 989
19719 19719 798
19719 19726 829
19720 19720 -426
19720 19727 608
19721 19721 -571
19721 19728 652
19722 19722 616
19722 19729 -19
19723 19723 470
19723 19730 741
19724 19724 61
19724 19731 -326
19725 19725 194
19725 19732 6
19726 19726 -863
19726 19733 -333
19727 19727 530
19727 19734 484
19728 19728 -104
19728 19735 -553
19729 19729 -833
19729 19736 -659
19730 19730 22
19730 19737 -980
19731 19731 -165
19731 19738 38
19732 19732 318
19732 19739 37
19733 19733 690
19733 19740 -6
19734 19734 -195
19734 19741 -540
19735 19735 -747
19735 19742 952
19736 19736 603
19736 19743 -454
19737 19737 620
19737 19744 -333
19738 19738 -428
19738 19745 608
19739 19739 -471
19739 19746 -508
19740 19740 964
19740 19747 -697
19741 19741 968
19741 19748 -112
19742 19742 547
19742 19749 -795
19743 19743 259
19743 19750 -768
19744 19744 86
19744 19751 -38
19745 19745 570
19745 19752 -80
19746 19746 638
19746 19753 -102
19747 19747 -616
19747 19754 -39
19748 19748 910
19748 19755 394
19749 19749 988
19749 19756 -834
19750 19750 -28
19750 19757 337
19751 19751 -85
19751 19758 -130
19752 19752 -508
19752 19759 -854
19753 19753 607
19753 19760 785
19754 19754 791
19754 19761 -636
19755 19755 -292
19755 19762 -570
19756 19756 -250
19756 19763 458
19757 19757 -756
19757 19764 -44
19758 19758 -680
19758 19765 -982
19759 19759 -133
19759 19766 -725
19760 19760 812
19760 19767 156
19761 19761 -584
19761 19768 -210
19762 19762 905
19762 19769 327
19763 19763 628
19763 19770 -63
19764 19764 234
19764 19771 -679
19765 19765 255
19765 19772 146
19766 19766 692
19766 19773 650
19767 19767 -403
19767 19774 918
19768 19768 -262
19768 19775 14
19769 19769 756
19769 19776 781
19770 19770 -166
19770 19777 828
19771 19771 -743
19771 19778 -852
19772 19772 848
19772 19779 608
19773 19773 -401
19773 19780 -74
19774 19774 -162
19774 19781 630
19775 19775 -923
19775 19782 710
19776 19776 321
19776 19783 270
19777 19777 -476
19777 19784 -842
19778 19778 -382
19778 19785 -171
19779 19779 -453
19779 19786 -59
19780 19780 -563
19780 19787 403
19781 19781 624
19781 19788 -613
19782 19782 -294
19782 19789 -155
19783 19783 673
19783 19790 531
19784 19784 826
19784 19791 513
19785 19785 34
19785 19792 345
19786 19786 614
19786 19793 -138
19787 19787 -442
19787 19794 128
19788 19788 750
19788 19795 -346
19789 19789 961
19789 19796 -961
19790 19790 412
19790 19797 134
19791 19791 -935
19791 19798 245
19792 19792 -538
19792 19799 -600
19793 19793 -373
19793 19800 80
19794 19794 -174
19794 19801 -830
19795 19795 -5
19795 19802 904
19796 19796 -297
19796 19803 -717
19797 19797 -600
19797 19804 495
19798 19798 571
19798 19805 916
19799 19799 -774
19799 19806 400
19800 19800 -989
19800 19807 493
19801 19801 -262
19801 19808 368
19802 19802 42
19802 19809 357
19803 19803 132
19803 19810 -830
19804 19804 770
19804 19811 414
19805 19805 -952
19805 19812 -975
19806 19806 -825
19806 19813 -792
19807 19807 -629
19807 19814 309
19808 19808 67
19808 19815 986
19809 19809 805
19809 19816 -497
19810 19810 -136
19810 19817 -459
19811 19811 -496
19811 19818 -500
19812 19812 52
19812 19819 -495
19813 19813 712
19813 19820 438
19814 19814 698
19814 19821 -681
19815 19815 272
19815 19822 864
19816 19816 608
19816 19823 -320
19817 19817 648
19817 19824 -136
19818 19818 121
19818 19825 868
19819 19819 896
19819 19826 -422
19820 19820 -532
19820 19827 -742
19821 19821 -666
19821 19828 341
19822 19822 -304
19822 19829 247
19823 19823 411
19823 19830 750
19824 19824 -671
19824 19831 -396
19825 19825 525
19825 19832 -669
19826 19826 -403
19826 19833 587
19827 19827 581
19827 19834 -144
19828 19828 497
19828 19835 97
19829 19829 384
19829 19836 193
19830 19830 -459
19830 19837 234
19831 19831 -346
19831 19838 5
19832 19832 424
19832 19839 880
19833 19833 564
19833 19840 -210
19834 19834 -241
19834 19841 -457
19835 19835 823
19835 19842 -850
19836 19836 -3
19836 19843 -498
19837 19837 -566
19837 19844 -89
19838 19838 804
19838 19845 446
19839 19839 -340
19839 19846 804
19840 19840 505
19840 19847 -507
19841 19841 -320
19841 19848 44
19842 19842 -946
19842 19849 13
19843 19843 70
19843 19850 8
19844 19844 803
19844 19851 928
19845 19845 293
19845 19852 -709
19846 19846 487
19846 19853 -83
19847 19847 808
19847 19854 424
19848 19848 286
19848 19855 -836
19849 19849 220
19849 19856 -54
19850 19850 968
19850 19857 -167
19851 19851 -287
19851 19858 245
19852 19852 -706
19852 19859 393
19853 19853 -617
19853 19860 -235
19854 19854 94
19854 19861 -187
19855 19855 378
19855 19862 -547
19856 19856 -751
19856 19863 -425
19857 19857 -541
19857 19864 145
19858 19858 -734
19858 19865 -546
19859 19859 956
19859 19866 -580
19860 19860 163
19860 19867 -27
19861 19861 815
19861 19868 -235
19862 19862 229
19862 19869 -281
19863 19863 -877
19863 19870 414
19864 19864 -675
19864 19871 361
19865 19865 -330
19865 19872 452
19866 19866 48
19866 19873 380
19867 19867 -595
19867 19874 422
19868 19868 752
19868 19875 -281
19869 19869 -602
19869 19876 736
19870 19870 -804
19870 19877 -751
19871 19871 -548
19871 19878 755
19872 19872 -601
19872 19879 -510
19873 19873 -274
19873 19880 346
19874 19874 -816
19874 19881 -650
19875 19875 -10
19875 19882 379
19876 19876 862
19876 19883 -623
19877 19877 472
19877 19884 -972
19878 19878 -146
19878 19885 -963
19879 19879 -402
19879 19886 544
19880 19880 -205
19880 19887 -311
19881 19881 -132
19881 19888 93
19882 19882 822
19882 19889 -105
19883 19883 316
19883 19890 -670
19884 19884 -589
19884 19891 -823
19885 19885 -698
19885 19892 324
19886 19886 368
19886 19893 -625
19887 19887 811
19887 19894 -176
19888 19888 -520
19888 19895 355
19889 19889 718
19889 19896 742
19890 19890 805
19890 19897 -306
19891 19891 -330
19891 19898 207
19892 19892 -129
19892 19899 -136
19893 19893 193
19893 19900 -158
19894 19894 -117
19894 19901 50
19895 19895 -34
19895 19902 730
19896 19896 -744
19896 19903 442
19897 19897 -929
19897 19904 -776
19898 19898 808
19898 19905 441
19899 19899 -502
19899 19906 324
19900 19900 -327
19900 19907 -926
19901 19901 877
19901 19908 928
19902 19902 -174
19902 19909 -779
19903 19903 -889
19903 19910 -15
19904 19904 -681
19904 19911 -410
19905 19905 850
19905 19912 -47
19906 19906 710
19906 19913 -952
19907 19907 -683
19907 19914 -221
19908 19908 275
19908 19915 353
19909 19909 244
19909 19916 -330
19910 19910 192
19910 19917 590
19911 19911 178
19911 19918 598
19912 19912 799
19912 19919 -380
19913 19913 -130
19913 19920 816
19914 19914 -196
19914 19921 53
19915 19915 -253
19915 19922 -891
19916 19916 -194
19916 19923 -744
19917 19917 384
19917 19924 -20
19918 19918 925
19918 19925 427
19919 19919 161
19919 19926 -87
19920 19920 -484
19920 19927 -992
19921 19921 484
19921 19928 -269
19922 19922 -729
19922 19929 -742
19923 19923 -562
19923 19930 325
19924 19924 -64
19924 19931 -140
19925 19925 91
19925 19932 950
19926 19926 75
19926 19933 734
19927 19927 723
19927 19934 -738
19928 19928 413
19928 19935 804
19929 19929 340
19929 19936 -917
19930 19930 -948
19930 19937 -335
19931 19931 -9
19931 19938 773
19932 19932 170
19932 19939 -630
19933 19933 515
19933 19940 712
19934 19934 26
19934 19941 -104
19935 19935 732
19935 19942 -569
19936 19936 887
19936 19943 -774
19937 19937 -756
19937 19944 661
19938 19938 581
19938 19945 -799
19939 19939 -636
19939 19946 262
19940 19940 875
19940 19947 170
19941 19941 -960
19941 19948 -541
19942 19942 236
19942 19949 219
19943 19943 814
19943 19950 -507
19944 19944 -437
19944 19951 41
19945 19945 493
19945 19952 -677
19946 19946 -725
19946 19953 438
19947 19947 786
19947 19954 537
19948 19948 925
19948 19955 -197
19949 19949 -384
19949 19956 -724
19950 19950 -131
19950 19957 -328
19951 19951 189
19951 19958 517
19952 19952 -10
19952 19959 -843
19953 19953 -182
19953 19960 467
19954 19954 223
19954 19961 624
19955 19955 -38
19955 19962 -994
19956 19956 -787
19956 19963 -2
19957 19957 277
19957 19964 588
19958 19958 211
19958 19965 643
19959 19959 -849
19959 19966 870
19960 19960 237
19960 19967 716
19961 19961 281
19961 19968 325
19962 19962 -241
19962 19969 804
19963 19963 265
19963 19970 374
19964 19964 392
19964 19971 -971
19965 19965 -347
19965 19972 -901
19966 19966 312
19966 19973 741
19967 19967 -590
19967 19974 -747
19968 19968 -330
19968 19975 9
19969 19969 566
19969 19976 155
19970 19970 -922
19970 19977 436
19971 19971 -105
19971 19978 -569
19972 19972 324
19972 19979 928
19973 19973 856
19973 19980 1
19974 19974 522
19974 19981 -167
19975 19975 -719
19975 19982 95
19976 19976 201
19976 19983 -933
19977 19977 -360
19977 19984 -514
19978 19978 -95
19978 19985 776
19979 19979 -961
19979 19986 -626
19980 19980 -220
19980 19987 -35
19981 19981 544
19981 19988 438
19982 19982 -238
19982 19989 872
19983 19983 -667
19983 19990 -105
19984 19984 -457
19984 19991 621
19985 19985 -485
19985 19992 -662
19986 19986 -881
19986 19993 215
19987 19987 991
19987 19994 -384
19988 19988 301
19988 19995 -444
19989 19989 -690
19989 19996 -74
19990 19990 978
19990 19997 -927
19991 19991 -419
19991 19998 -467
19992 19992 125
19992 19999 -161
19993 19993 34
19994 19994 7
19995 19995 213
19996 19996 -448
19997 19997 370
19998 19998 -874
19999 19999 48
