20000 20000 39995
0 0 -995
1 1 570
2 2 929
3 3 297
4 4 174
5 0 698
5 5 586
6 1 582
6 6 -884
7 2 -109
7 7 71
8 3 679
8 8 751
9 4 136
9 9 -45
10 5 -542
10 10 412
11 6 836
11 11 315
12 7 668
12 12 -845
13 8 321
13 13 -667
14 9 -432
14 14 -615
15 10 641
15 15 -875
16 11 50
16 16 150
17 12 -363
17 17 88
18 13 639
18 18 -483
19 14 92
19 19 683
20 15 486
20 20 227
21 16 853
21 21 184
22 17 161
22 22 -769
23 18 202
23 23 -807
24 19 662
24 24 792
25 20 -665
25 25 -711
26 21 -624
26 26 331
27 22 -318
27 27 924
28 23 364
28 28 -840
29 24 -645
29 29 979
30 25 243
30 30 -817
31 26 725
31 31 -24
32 27 -258
32 32 -596
33 28 -329
33 33 -47
34 29 888
34 34 191
35 30 377
35 35 -79
36 31 846
36 36 580
37 32 -766
37 37 935
38 33 287
38 38 -933
39 34 -469
39 39 -978
40 35 -580
40 40 946
41 36 180
41 41 -672
42 37 357
42 42 -693
43 38 470
43 43 191
44 39 160
44 44 -329
45 40 464
45 45 840
46 41 -506
46 46 637
47 42 930
47 47 285
48 43 -495
48 48 982
49 44 877
49 49 959
50 45 -226
50 50 -169
51 46 -993
51 51 771
52 47 900
52 52 942
53 48 501
53 53 472
54 49 -61
54 54 -395
55 50 -608
55 55 860
56 51 -67
56 56 919
57 52 257
57 57 -638
58 53 -936
58 58 -465
59 54 405
59 59 -557
60 55 846
60 60 633
61 56 315
61 61 -126
62 57 -649
62 62 -469
63 58 -145
63 63 849
64 59 -933
64 64 -671
65 60 -992
65 65 -871
66 61 942
66 66 -672
67 62 -171
67 67 278
68 63 65
68 68 237
69 64 421
69 69 -331
70 65 15
70 70 -382
71 66 -689
71 71 -859
72 67 -840
72 72 366
73 68 -921
73 73 -499
74 69 144
74 74 -911
75 70 -191
75 75 -542
76 71 -131
76 76 753
77 72 145
77 77 185
78 73 -802
78 78 701
79 74 -192
79 79 -561
80 75 256
80 80 418
81 76 773
81 81 -293
82 77 64
82 82 -55
83 78 501
83 83 704
84 79 105
84 84 -377
85 80 -859
85 85 -472
86 81 240
86 86 -449
87 82 98
87 87 810
88 83 -99
88 88 -611
89 84 -209
89 89 721
90 85 -43
90 90 30
91 86 -123
91 91 -829
92 87 703
92 92 817
93 88 808
93 93 680
94 89 -113
94 94 242
95 90 -806
95 95 -730
96 91 -25
96 96 -503
97 92 -184
97 97 -594
98 93 -983
98 98 -492
99 94 -852
99 99 745
100 95 259
100 100 -821
101 96 -94
101 101 852
102 97 -464
102 102 -158
103 98 -695
103 103 294
104 99 -720
104 104 -476
105 100 887
105 105 530
106 101 635
106 106 -641
107 102 -582
107 107 -166
108 103 -849
108 108 18
109 104 -189
109 109 751
110 105 796
110 110 -812
111 106 -154
111 111 428
112 107 -988
112 112 468
113 108 -162
113 113 797
114 109 -262
114 114 282
115 110 626
115 115 35
116 111 410
116 116 681
117 112 -136
117 117 30
118 113 -838
118 118 332
119 114 -815
119 119 738
120 115 -1
120 120 -415
121 116 -413
121 121 635
122 117 783
122 122 845
123 118 -780
123 123 -516
124 119 -349
124 124 -473
125 120 -206
125 125 -12
126 121 -985
126 126 721
127 122 567
127 127 865
128 123 711
128 128 229
129 124 -757
129 129 -959
130 125 -748
130 130 -470
131 126 304
131 131 149
132 127 913
132 132 286
133 128 -76
133 133 -442
134 129 6
134 134 -26
135 130 -217
135 135 547
136 131 401
136 136 -576
137 132 -293
137 137 -817
138 133 493
138 138 489
139 134 471
139 139 -537
140 135 907
140 140 -495
141 136 -469
141 141 -457
142 137 -923
142 142 -127
143 138 598
143 143 746
144 139 -220
144 144 642
145 140 -758
145 145 85
146 141 490
146 146 -39
147 142 -670
147 147 453
148 143 -907
148 148 -821
149 144 131
149 149 918
150 145 -353
150 150 790
151 146 -117
151 151 790
152 147 -968
152 152 -268
153 148 -180
153 153 608
154 149 669
154 154 -583
155 150 -479
155 155 -612
156 151 -297
156 156 482
157 152 -726
157 157 272
158 153 -854
158 158 -246
159 154 169
159 159 814
160 155 981
160 160 -562
161 156 -451
161 161 -627
162 157 834
162 162 -909
163 158 -211
163 163 -538
164 159 -870
164 164 808
165 160 -841
165 165 -83
166 161 -442
166 166 -500
167 162 164
167 167 -572
168 163 95
168 168 -418
169 164 175
169 169 253
170 165 181
170 170 -960
171 166 -90
171 171 -263
172 167 608
172 172 -724
173 168 -572
173 173 -240
174 169 954
174 174 -480
175 170 -820
175 175 695
176 171 -502
176 176 -419
177 172 558
177 177 952
178 173 -920
178 178 -108
179 174 -589
179 179 -129
180 175 538
180 180 -74
181 176 430
181 181 955
182 177 441
182 182 -342
183 178 -162
183 183 998
184 179 -225
184 184 710
185 180 -861
185 185 164
186 181 -868
186 186 -915
187 182 -836
187 187 -836
188 183 -447
188 188 -720
189 184 563
189 189 -998
190 185 -673
190 190 -579
191 186 750
191 191 -452
192 187 -838
192 192 661
193 188 -411
193 193 620
194 189 -492
194 194 -366
195 190 69
195 195 -555
196 191 439
196 196 578
197 192 -671
197 197 -536
198 193 -890
198 198 830
199 194 759
199 199 557
200 195 497
200 200 -91
201 196 -969
201 201 341
202 197 -557
202 202 -369
203 198 447
203 203 758
204 199 -345
204 204 -258
205 200 -333
205 205 679
206 201 702
206 206 886
207 202 798
207 207 20
208 203 -585
208 208 678
209 204 -455
209 209 110
210 205 701
210 210 96
211 206 968
211 211 90
212 207 -197
212 212 -274
213 208 -308
213 213 -169
214 209 -949
214 214 768
215 210 -607
215 215 99
216 211 308
216 216 -431
217 212 -382
217 217 875
218 213 575
218 218 924
219 214 -597
219 219 695
220 215 390
220 220 -450
221 216 895
221 221 747
222 217 171
222 222 -429
223 218 212
223 223 -454
224 219 -25
224 224 -941
225 220 -423
225 225 534
226 221 355
226 226 -374
227 222 -514
227 227 -982
228 223 -913
228 228 268
229 224 295
229 229 -842
230 225 -313
230 230 -39
231 226 278
231 231 626
232 227 -292
232 232 531
233 228 945
233 233 652
234 229 -931
234 234 -784
235 230 743
235 235 290
236 231 -287
236 236 474
237 232 474
237 237 359
238 233 366
238 238 -497
239 234 358
239 239 212
240 235 -773
240 240 -842
241 236 614
241 241 208
242 237 -844
242 242 500
243 238 -712
243 243 -467
244 239 -640
244 244 -246
245 240 -206
245 245 183
246 241 693
246 246 -450
247 242 -915
247 247 993
248 243 147
248 248 931
249 244 355
249 249 -103
250 245 589
250 250 881
251 246 -359
251 251 312
252 247 956
252 252 -857
253 248 662
253 253 -203
254 249 402
254 254 636
255 250 -318
255 255 -186
256 251 -625
256 256 -486
257 252 -4
257 257 -428
258 253 385
258 258 -707
259 254 -55
259 259 -145
260 255 -277
260 260 595
261 256 809
261 261 738
262 257 -135
262 262 755
263 258 -298
263 263 519
264 259 -994
264 264 -246
265 260 714
265 265 -459
266 261 507
266 266 982
267 262 -357
267 267 -695
268 263 885
268 268 499
269 264 566
269 269 -122
270 265 -564
270 270 -332
271 266 -215
271 271 -684
272 267 -811
272 272 -858
273 268 -108
273 273 716
274 269 271
274 274 -670
275 270 -295
275 275 -387
276 271 918
276 276 -664
277 272 147
277 277 991
278 273 620
278 278 331
279 274 -621
279 279 409
280 275 -917
280 280 160
281 276 897
281 281 -820
282 277 31
282 282 -801
283 278 -16
283 283 -727
284 279 360
284 284 -695
285 280 945
285 285 963
286 281 677
286 286 -270
287 282 723
287 287 -461
288 283 483
288 288 61
289 284 729
289 289 -719
290 285 60
290 290 389
291 286 886
291 291 -634
292 287 944
292 292 -539
293 288 -761
293 293 -554
294 289 -387
294 294 41
295 290 -529
295 295 728
296 291 190
296 296 -907
297 292 850
297 297 -933
298 293 -454
298 298 -278
299 294 -736
299 299 -890
300 295 9
300 300 -267
301 296 935
301 301 -557
302 297 -536
302 302 975
303 298 379
303 303 -102
304 299 248
304 304 -99
305 300 469
305 305 -682
306 301 -595
306 306 -814
307 302 199
307 307 228
308 303 -527
308 308 -474
309 304 -723
309 309 -359
310 305 -430
310 310 782
311 306 641
311 311 501
312 307 -378
312 312 9
313 308 990
313 313 358
314 309 369
314 314 823
315 310 158
315 315 -590
316 311 340
316 316 530
317 312 632
317 317 805
318 313 16
318 318 -414
319 314 54
319 319 -730
320 315 -896
320 320 -29
321 316 963
321 321 -363
322 317 547
322 322 -375
323 318 -508
323 323 353
324 319 507
324 324 -47
325 320 -149
325 325 810
326 321 -721
326 326 734
327 322 783
327 327 869
328 323 -153
328 328 246
329 324 450
329 329 448
330 325 -905
330 330 -224
331 326 411
331 331 -797
332 327 -993
332 332 14
333 328 475
333 333 222
334 329 628
334 334 -357
335 330 -517
335 335 -794
336 331 -9
336 336 -669
337 332 -193
337 337 -835
338 333 -953
338 338 -692
339 334 -377
339 339 -948
340 335 -753
340 340 -225
341 336 90
341 341 -399
342 337 83
342 342 623
343 338 -267
343 343 -174
344 339 -876
344 344 -315
345 340 967
345 345 174
346 341 -729
346 346 -123
347 342 -813
347 347 462
348 343 -159
348 348 -228
349 344 -642
349 349 -307
350 345 316
350 350 -97
351 346 -149
351 351 946
352 347 222
352 352 -553
353 348 -119
353 353 883
354 349 -797
354 354 -563
355 350 762
355 355 494
356 351 774
356 356 288
357 352 -94
357 357 -439
358 353 -900
358 358 -569
359 354 786
359 359 170
360 355 -949
360 360 469
361 356 680
361 361 768
362 357 220
362 362 475
363 358 -669
363 363 686
364 359 -719
364 364 852
365 360 -764
365 365 -149
366 361 -574
366 366 274
367 362 918
367 367 -249
368 363 -370
368 368 -848
369 364 -64
369 369 893
370 365 267
370 370 -367
371 366 -353
371 371 336
372 367 144
372 372 -610
373 368 -48
373 373 -415
374 369 461
374 374 897
375 370 958
375 375 -916
376 371 -623
376 376 849
377 372 -211
377 377 -786
378 373 153
378 378 912
379 374 564
379 379 92
380 375 -559
380 380 428
381 376 860
381 381 -257
382 377 -743
382 382 -790
383 378 -112
383 383 -744
384 379 999
384 384 -575
385 380 227
385 385 534
386 381 -789
386 386 -885
387 382 29
387 387 693
388 383 -729
388 388 271
389 384 59
389 389 -192
390 385 -154
390 390 114
391 386 -632
391 391 -817
392 387 748
392 392 -987
393 388 -433
393 393 -929
394 389 -452
394 394 595
395 390 -238
395 395 467
396 391 -468
396 396 276
397 392 -37
397 397 920
398 393 -476
398 398 429
399 394 -837
399 399 -950
400 395 -919
400 400 -655
401 396 -189
401 401 -896
402 397 939
402 402 36
403 398 -605
403 403 572
404 399 -180
404 404 180
405 400 -800
405 405 320
406 401 957
406 406 -452
407 402 -513
407 407 -560
408 403 853
408 408 268
409 404 -533
409 409 890
410 405 609
410 410 -521
411 406 845
411 411 852
412 407 -302
412 412 473
413 408 -653
413 413 105
414 409 773
414 414 549
415 410 479
415 415 -222
416 411 647
416 416 817
417 412 182
417 417 744
418 413 276
418 418 -514
419 414 864
419 419 -947
420 415 381
420 420 -349
421 416 196
421 421 67
422 417 648
422 422 126
423 418 275
423 423 289
424 419 144
424 424 940
425 420 -843
425 425 -359
426 421 -360
426 426 687
427 422 981
427 427 -578
428 423 -286
428 428 -970
429 424 643
429 429 844
430 425 -545
430 430 -58
431 426 763
431 431 -134
432 427 -844
432 432 -363
433 428 763
433 433 -655
434 429 657
434 434 -199
435 430 402
435 435 -230
436 431 -183
436 436 -857
437 432 611
437 437 -938
438 433 655
438 438 -773
439 434 -148
439 439 462
440 435 -289
440 440 -209
441 436 409
441 441 348
442 437 419
442 442 481
443 438 -668
443 443 -284
444 439 -655
444 444 -569
445 440 850
445 445 -649
446 441 -782
446 446 -942
447 442 523
447 447 143
448 443 -407
448 448 543
449 444 -103
449 449 560
450 445 140
450 450 639
451 446 -486
451 451 -31
452 447 185
452 452 278
453 448 -491
453 453 -270
454 449 -439
454 454 704
455 450 561
455 455 122
456 451 396
456 456 861
457 452 -396
457 457 251
458 453 861
458 458 -751
459 454 -911
459 459 -898
460 455 -704
460 460 -559
461 456 516
461 461 -638
462 457 -565
462 462 933
463 458 267
463 463 -755
464 459 166
464 464 160
465 460 257
465 465 -874
466 461 -753
466 466 25
467 462 894
467 467 894
468 463 -836
468 468 -926
469 464 -67
469 469 -205
470 465 832
470 470 4
471 466 -644
471 471 -950
472 467 -227
472 472 -684
473 468 733
473 473 502
474 469 205
474 474 -794
475 470 -834
475 475 -775
476 471 469
476 476 657
477 472 758
477 477 135
478 473 -430
478 478 -291
479 474 -363
479 479 -103
480 475 -419
480 480 -172
481 476 853
481 481 -703
482 477 266
482 482 -631
483 478 -259
483 483 -762
484 479 -299
484 484 763
485 480 -69
485 485 810
486 481 583
486 486 -276
487 482 673
487 487 86
488 483 265
488 488 625
489 484 398
489 489 712
490 485 -706
490 490 949
491 486 -712
491 491 925
492 487 -446
492 492 -441
493 488 740
493 493 -348
494 489 -882
494 494 -307
495 490 -791
495 495 642
496 491 110
496 496 102
497 492 -588
497 497 -376
498 493 216
498 498 586
499 494 -994
499 499 201
500 495 -611
500 500 -719
501 496 888
501 501 839
502 497 -725
502 502 479
503 498 9
503 503 168
504 499 -934
504 504 228
505 500 -471
505 505 -562
506 501 449
506 506 -127
507 502 -963
507 507 390
508 503 437
508 508 -967
509 504 892
509 509 831
510 505 -60
510 510 961
511 506 -119
511 511 319
512 507 -480
512 512 630
513 508 -470
513 513 -851
514 509 109
514 514 -493
515 510 -945
515 515 -51
516 511 -184
516 516 -440
517 512 338
517 517 100
518 513 732
518 518 -525
519 514 632
519 519 -465
520 515 243
520 520 -138
521 516 -739
521 521 -735
522 517 787
522 522 865
523 518 -47
523 523 772
524 519 -590
524 524 445
525 520 -869
525 525 -904
526 521 217
526 526 711
527 522 749
527 527 -296
528 523 341
528 528 -905
529 524 -144
529 529 -107
530 525 -205
530 530 -529
531 526 -424
531 531 424
532 527 930
532 532 -256
533 528 -328
533 533 -819
534 529 -76
534 534 430
535 530 -192
535 535 150
536 531 -353
536 536 661
537 532 -692
537 537 405
538 533 299
538 538 -857
539 534 796
539 539 726
540 535 -623
540 540 431
541 536 -913
541 541 339
542 537 -845
542 542 -425
543 538 -534
543 543 669
544 539 -331
544 544 37
545 540 486
545 545 -945
546 541 -906
546 546 -918
547 542 -266
547 547 382
548 543 184
548 548 328
549 544 -707
549 549 184
550 545 -7
550 550 -954
551 546 -639
551 551 531
552 547 237
552 552 370
553 548 -849
553 553 -752
554 549 335
554 554 404
555 550 -612
555 555 457
556 551 323
556 556 329
557 552 -192
557 557 -549
558 553 360
558 558 182
559 554 -223
559 559 -337
560 555 -351
560 560 -643
561 556 -601
561 561 530
562 557 -73
562 562 767
563 558 -615
563 563 516
564 559 -979
564 564 363
565 560 -801
565 565 -875
566 561 -717
566 566 -136
567 562 -711
567 567 -899
568 563 -354
568 568 -688
569 564 -67
569 569 -781
570 565 -282
570 570 -619
571 566 -225
571 571 345
572 567 663
572 572 335
573 568 -550
573 573 542
574 569 -242
574 574 489
575 570 177
575 575 -222
576 571 128
576 576 672
577 572 -35
577 577 786
578 573 743
578 578 526
579 574 -534
579 579 -475
580 575 989
580 580 -549
581 576 -90
581 581 -209
582 577 653
582 582 895
583 578 310
583 583 -252
584 579 236
584 584 -332
585 580 721
585 585 159
586 581 968
586 586 457
587 582 -206
587 587 -820
588 583 -830
588 588 3
589 584 435
589 589 707
590 585 223
590 590 -134
591 586 -554
591 591 591
592 587 -537
592 592 -146
593 588 62
593 593 204
594 589 -708
594 594 152
595 590 291
595 595 -339
596 591 -317
596 596 220
597 592 91
597 597 -46
598 593 175
598 598 773
599 594 647
599 599 698
600 595 203
600 600 -86
601 596 778
601 601 937
602 597 -305
602 602 -568
603 598 32
603 603 337
604 599 -923
604 604 -598
605 600 323
605 605 -137
606 601 -402
606 606 673
607 602 -766
607 607 670
608 603 -499
608 608 -186
609 604 -98
609 609 993
610 605 498
610 610 -765
611 606 462
611 611 -88
612 607 -875
612 612 -65
613 608 48
613 613 -500
614 609 -161
614 614 99
615 610 -689
615 615 -173
616 611 -348
616 616 38
617 612 170
617 617 678
618 613 193
618 618 -331
619 614 -591
619 619 -759
620 615 122
620 620 46
621 616 540
621 621 502
622 617 -779
622 622 578
623 618 956
623 623 168
624 619 849
624 624 530
625 620 727
625 625 326
626 621 572
626 626 -455
627 622 851
627 627 266
628 623 -558
628 628 736
629 624 -329
629 629 884
630 625 -267
630 630 349
631 626 385
631 631 606
632 627 445
632 632 208
633 628 446
633 633 -512
634 629 -125
634 634 456
635 630 -888
635 635 525
636 631 770
636 636 282
637 632 577
637 637 -184
638 633 864
638 638 817
639 634 822
639 639 -323
640 635 549
640 640 158
641 636 -738
641 641 142
642 637 916
642 642 865
643 638 -751
643 643 468
644 639 -787
644 644 490
645 640 906
645 645 341
646 641 705
646 646 299
647 642 98
647 647 -636
648 643 50
648 648 -416
649 644 817
649 649 807
650 645 -513
650 650 125
651 646 -1
651 651 270
652 647 246
652 652 733
653 648 126
653 653 619
654 649 91
654 654 -128
655 650 -589
655 655 71
656 651 -410
656 656 221
657 652 43
657 657 342
658 653 114
658 658 471
659 654 116
659 659 774
660 655 64
660 660 457
661 656 -878
661 661 -178
662 657 -833
662 662 325
663 658 -648
663 663 -493
664 659 853
664 664 -797
665 660 -26
665 665 -894
666 661 -414
666 666 761
667 662 -183
667 667 161
668 663 -232
668 668 -527
669 664 -95
669 669 823
670 665 -826
670 670 -965
671 666 -981
671 671 -164
672 667 -4
672 672 554
673 668 588
673 673 907
674 669 491
674 674 559
675 670 794
675 675 367
676 671 345
676 676 462
677 672 19
677 677 884
678 673 -87
678 678 -396
679 674 -684
679 679 -737
680 675 -716
680 680 877
681 676 619
681 681 555
682 677 970
682 682 -16
683 678 -307
683 683 -53
684 679 -136
684 684 920
685 680 -999
685 685 486
686 681 746
686 686 -573
687 682 211
687 687 459
688 683 -983
688 688 9
689 684 -528
689 689 -802
690 685 -868
690 690 -196
691 686 848
691 691 -920
692 687 -584
692 692 -604
693 688 -96
693 693 937
694 689 -274
694 694 123
695 690 -444
695 695 418
696 691 697
696 696 -378
697 692 -475
697 697 -396
698 693 -945
698 698 -801
699 694 467
699 699 226
700 695 642
700 700 239
701 696 -563
701 701 729
702 697 -160
702 702 -502
703 698 -615
703 703 -801
704 699 -738
704 704 -932
705 700 -294
705 705 416
706 701 -468
706 706 157
707 702 167
707 707 634
708 703 -251
708 708 -382
709 704 -864
709 709 -641
710 705 240
710 710 611
711 706 411
711 711 13
712 707 -501
712 712 -116
713 708 -278
713 713 856
714 709 -537
714 714 -930
715 710 -558
715 715 -127
716 711 -228
716 716 -375
717 712 -776
717 717 15
718 713 486
718 718 232
719 714 -286
719 719 -757
720 715 448
720 720 -344
721 716 12
721 721 -739
722 717 667
722 722 -520
723 718 -587
723 723 -293
724 719 875
724 724 -124
725 720 462
725 725 320
726 721 604
726 726 470
727 722 -210
727 727 -555
728 723 786
728 728 248
729 724 -751
729 729 811
730 725 872
730 730 421
731 726 -268
731 731 170
732 727 -940
732 732 -385
733 728 -644
733 733 991
734 729 -654
734 734 623
735 730 -196
735 735 -195
736 731 -457
736 736 -141
737 732 -137
737 737 -297
738 733 545
738 738 -964
739 734 -781
739 739 369
740 735 -289
740 740 9
741 736 927
741 741 -175
742 737 -526
742 742 124
743 738 400
743 743 948
744 739 751
744 744 -95
745 740 -765
745 745 751
746 741 -140
746 746 -232
747 742 -987
747 747 -81
748 743 393
748 748 23
749 744 193
749 749 662
750 745 -459
750 750 445
751 746 282
751 751 -517
752 747 726
752 752 -768
753 748 -746
753 753 -290
754 749 -460
754 754 -289
755 750 457
755 755 331
756 751 -584
756 756 762
757 752 403
757 757 466
758 753 -122
758 758 -185
759 754 -944
759 759 761
760 755 -671
760 760 496
761 756 -90
761 761 -788
762 757 -288
762 762 -480
763 758 295
763 763 -974
764 759 111
764 764 520
765 760 600
765 765 937
766 761 -508
766 766 132
767 762 -542
767 767 67
768 763 254
768 768 -875
769 764 -612
769 769 -628
770 765 -774
770 770 -798
771 766 -723
771 771 961
772 767 965
772 772 -451
773 768 87
773 773 795
774 769 212
774 774 -775
775 770 -918
775 775 -63
776 771 894
776 776 -273
777 772 -644
777 777 -104
778 773 343
778 778 237
779 774 589
779 779 881
780 775 810
780 780 716
781 776 -614
781 781 572
782 777 346
782 782 509
783 778 57
783 783 -361
784 779 168
784 784 -45
785 780 32
785 785 841
786 781 921
786 786 -799
787 782 284
787 787 -260
788 783 447
788 788 454
789 784 -954
789 789 -424
790 785 688
790 790 -740
791 786 871
791 791 -192
792 787 807
792 792 489
793 788 -655
793 793 -446
794 789 184
794 794 -899
795 790 -81
795 795 -97
796 791 331
796 796 588
797 792 678
797 797 83
798 793 -604
798 798 195
799 794 242
799 799 815
800 795 344
800 800 293
801 796 440
801 801 885
802 797 703
802 802 -848
803 798 -617
803 803 848
804 799 208
804 804 -366
805 800 -390
805 805 -17
806 801 453
806 806 776
807 802 -874
807 807 -770
808 803 -543
808 808 -581
809 804 843
809 809 -285
810 805 -842
810 810 -553
811 806 -407
811 811 -600
812 807 -106
812 812 822
813 808 995
813 813 15
814 809 -257
814 814 382
815 810 -894
815 815 964
816 811 -162
816 816 606
817 812 509
817 817 -827
818 813 -515
818 818 500
819 814 17
819 819 356
820 815 668
820 820 -778
821 816 363
821 821 672
822 817 -404
822 822 732
823 818 384
823 823 375
824 819 -150
824 824 -212
825 820 -864
825 825 494
826 821 190
826 826 -512
827 822 -981
827 827 -483
828 823 -406
828 828 757
829 824 638
829 829 173
830 825 -302
830 830 -135
831 826 -249
831 831 409
832 827 -666
832 832 -395
833 828 128
833 833 -604
834 829 -114
834 834 207
835 830 -676
835 835 517
836 831 -148
836 836 682
837 832 750
837 837 -502
838 833 774
838 838 -260
839 834 266
839 839 -664
840 835 -983
840 840 -381
841 836 375
841 841 231
842 837 317
842 842 -415
843 838 -132
843 843 424
844 839 644
844 844 980
845 840 582
845 845 267
846 841 442
846 846 659
847 842 -864
847 847 -316
848 843 952
848 848 150
849 844 117
849 849 -590
850 845 -99
850 850 576
851 846 -591
851 851 -97
852 847 352
852 852 74
853 848 -759
853 853 -712
854 849 106
854 854 523
855 850 971
855 855 -349
856 851 -375
856 856 -327
857 852 959
857 857 931
858 853 -312
858 858 848
859 854 -365
859 859 226
860 855 280
860 860 -717
861 856 -952
861 861 153
862 857 268
862 862 494
863 858 -791
863 863 -979
864 859 35
864 864 367
865 860 -205
865 865 -515
866 861 289
866 866 34
867 862 -218
867 867 184
868 863 917
868 868 -965
869 864 86
869 869 -713
870 865 -16
870 870 507
871 866 317
871 871 -35
872 867 -921
872 872 353
873 868 655
873 873 12
874 869 -462
874 874 563
875 870 -829
875 875 185
876 871 255
876 876 -822
877 872 74
877 877 -466
878 873 268
878 878 -144
879 874 -190
879 879 -824
880 875 -239
880 880 -769
881 876 -617
881 881 -596
882 877 -317
882 882 753
883 878 799
883 883 297
884 879 -417
884 884 -342
885 880 14
885 885 -448
886 881 -700
886 886 408
887 882 880
887 887 -11
888 883 699
888 888 -980
889 884 332
889 889 -473
890 885 213
890 890 -378
891 886 -365
891 891 -438
892 887 178
892 892 646
893 888 623
893 893 -394
894 889 627
894 894 -208
895 890 503
895 895 -946
896 891 -999
896 896 -760
897 892 -674
897 897 -130
898 893 -322
898 898 986
899 894 -36
899 899 588
900 895 -388
900 900 -349
901 896 -770
901 901 378
902 897 -969
902 902 -794
903 898 -786
903 903 342
904 899 513
904 904 609
905 900 180
905 905 863
906 901 -617
906 906 614
907 902 365
907 907 677
908 903 16
908 908 548
909 904 337
909 909 720
910 905 72
910 910 -376
911 906 532
911 911 707
912 907 -738
912 912 -210
913 908 314
913 913 -596
914 909 -923
914 914 784
915 910 -72
915 915 -259
916 911 -922
916 916 706
917 912 -157
917 917 -202
918 913 -495
918 918 214
919 914 337
919 919 294
920 915 -688
920 920 127
921 916 -755
921 921 142
922 917 -92
922 922 662
923 918 529
923 923 150
924 919 -460
924 924 -513
925 920 589
925 925 409
926 921 197
926 926 23
927 922 841
927 927 569
928 923 554
928 928 888
929 924 938
929 929 -328
930 925 545
930 930 -184
931 926 -207
931 931 -217
932 927 -747
932 932 836
933 928 -947
933 933 -148
934 929 994
934 934 433
935 930 899
935 935 -176
936 931 -811
936 936 -711
937 932 -554
937 937 832
938 933 637
938 938 276
939 934 325
939 939 868
940 935 560
940 940 932
941 936 -456
941 941 802
942 937 -929
942 942 906
943 938 -236
943 943 175
944 939 125
944 944 -831
945 940 -238
945 945 661
946 941 714
946 946 -855
947 942 -824
947 947 599
948 943 865
948 948 443
949 944 -39
949 949 800
950 945 230
950 950 262
951 946 412
951 951 -597
952 947 -224
952 952 -561
953 948 -619
953 953 -199
954 949 276
954 954 889
955 950 -792
955 955 -650
956 951 868
956 956 426
957 952 -967
957 957 -871
958 953 835
958 958 201
959 954 -870
959 959 -263
960 955 -26
960 960 -453
961 956 293
961 961 -55
962 957 -251
962 962 -649
963 958 -210
963 963 384
964 959 995
964 964 299
965 960 -187
965 965 439
966 961 352
966 966 -558
967 962 -806
967 967 570
968 963 712
968 968 -215
969 964 -289
969 969 -624
970 965 935
970 970 286
971 966 -777
971 971 931
972 967 638
972 972 -634
973 968 -213
973 973 442
974 969 221
974 974 -927
975 970 -737
975 975 -888
976 971 41
976 976 712
977 972 -612
977 977 298
978 973 761
978 978 567
979 974 -20
979 979 -81
980 975 443
980 980 622
981 976 -700
981 981 -374
982 977 519
982 982 -103
983 978 -109
983 983 969
984 979 779
984 984 696
985 980 624
985 985 889
986 981 -667
986 986 48
987 982 923
987 987 -7
988 983 -624
988 988 988
989 984 306
989 989 823
990 985 282
990 990 -99
991 986 -228
991 991 63
992 987 -718
992 992 -377
993 988 555
993 993 181
994 989 38
994 994 -960
995 990 -341
995 995 -417
996 991 347
996 996 -195
997 992 -301
997 997 716
998 993 -20
998 998 960
999 994 554
999 999 228
1000 995 -267
1000 1000 623
1001 996 998
1001 1001 982
1002 997 125
1002 1002 323
1003 998 -71
1003 1003 126
1004 999 -880
1004 1004 341
1005 1000 859
1005 1005 -317
1006 1001 678
1006 1006 -117
1007 1002 913
1007 1007 448
1008 1003 -518
1008 1008 -233
1009 1004 352
1009 1009 483
1010 1005 -95
1010 1010 -151
1011 1006 -439
1011 1011 -329
1012 1007 231
1012 1012 -650
1013 1008 241
1013 1013 -726
1014 1009 -259
1014 1014 963
1015 1010 505
1015 1015 597
1016 1011 724
1016 1016 78
1017 1012 -505
1017 1017 -331
1018 1013 669
1018 1018 -784
1019 1014 258
1019 1019 -26
1020 1015 -295
1020 1020 345
1021 1016 -764
1021 1021 -413
1022 1017 -864
1022 1022 953
1023 1018 -224
1023 1023 -263
1024 1019 -122
1024 1024 -436
1025 1020 643
1025 1025 -892
1026 1021 385
1026 1026 306
1027 1022 -488
1027 1027 -496
1028 1023 -298
1028 1028 785
1029 1024 191
1029 1029 -236
1030 1025 -118
1030 1030 -827
1031 1026 -139
1031 1031 629
1032 1027 920
1032 1032 683
1033 1028 480
1033 1033 -616
1034 1029 321
1034 1034 261
1035 1030 -885
1035 1035 427
1036 1031 -490
1036 1036 720
1037 1032 -469
1037 1037 -799
1038 1033 666
1038 1038 435
1039 1034 666
1039 1039 213
1040 1035 -617
1040 1040 677
1041 1036 -316
1041 1041 306
1042 1037 484
1042 1042 -593
1043 1038 812
1043 1043 232
1044 1039 -320
1044 1044 190
1045 1040 -911
1045 1045 916
1046 1041 -186
1046 1046 -829
1047 1042 -415
1047 1047 -632
1048 1043 848
1048 1048 -639
1049 1044 -4
1049 1049 -693
1050 1045 -797
1050 1050 -443
1051 1046 864
1051 1051 546
1052 1047 697
1052 1052 -11
1053 1048 33
1053 1053 490
1054 1049 -355
1054 1054 417
1055 1050 137
1055 1055 65
1056 1051 -819
1056 1056 -171
1057 1052 665
1057 1057 49
1058 1053 -725
1058 1058 -93
1059 1054 436
1059 1059 -389
1060 1055 -882
1060 1060 973
1061 1056 -643
1061 1061 -346
1062 1057 -538
1062 1062 54
1063 1058 568
1063 1063 -269
1064 1059 756
1064 1064 344
1065 1060 -143
1065 1065 767
1066 1061 -521
1066 1066 104
1067 1062 96
1067 1067 -788
1068 1063 756
1068 1068 -176
1069 1064 -96
1069 1069 -711
1070 1065 -954
1070 1070 -505
1071 1066 -66
1071 1071 -269
1072 1067 335
1072 1072 -535
1073 1068 -185
1073 1073 -19
1074 1069 -391
1074 1074 -534
1075 1070 -714
1075 1075 -177
1076 1071 -430
1076 1076 -731
1077 1072 -155
1077 1077 763
1078 1073 -889
1078 1078 451
1079 1074 -303
1079 1079 238
1080 1075 -368
1080 1080 426
1081 1076 974
1081 1081 -949
1082 1077 -238
1082 1082 -167
1083 1078 310
1083 1083 376
1084 1079 -599
1084 1084 881
1085 1080 610
1085 1085 -887
1086 1081 925
1086 1086 -906
1087 1082 -698
1087 1087 26
1088 1083 -848
1088 1088 -732
1089 1084 -539
1089 1089 241
1090 1085 -672
1090 1090 -384
1091 1086 328
1091 1091 -278
1092 1087 419
1092 1092 -756
1093 1088 494
1093 1093 58
1094 1089 806
1094 1094 -754
1095 1090 611
1095 1095 -131
1096 1091 -488
1096 1096 -672
1097 1092 -542
1097 1097 -243
1098 1093 793
1098 1098 89
1099 1094 -257
1099 1099 294
1100 1095 -268
1100 1100 853
1101 1096 -231
1101 1101 -977
1102 1097 -21
1102 1102 99
1103 1098 96
1103 1103 774
1104 1099 -502
1104 1104 -2
1105 1100 -907
1105 1105 196
1106 1101 753
1106 1106 -683
1107 1102 957
1107 1107 -482
1108 1103 -213
1108 1108 255
1109 1104 670
1109 1109 -875
1110 1105 -135
1110 1110 665
1111 1106 -822
1111 1111 -732
1112 1107 -262
1112 1112 522
1113 1108 -526
1113 1113 -366
1114 1109 -927
1114 1114 180
1115 1110 418
1115 1115 -731
1116 1111 -33
1116 1116 -99
1117 1112 -54
1117 1117 -548
1118 1113 -462
1118 1118 38
1119 1114 886
1119 1119 781
1120 1115 -23
1120 1120 -752
1121 1116 -237
1121 1121 -870
1122 1117 -110
1122 1122 -434
1123 1118 731
1123 1123 -259
1124 1119 -10
1124 1124 485
1125 1120 -59
1125 1125 -334
1126 1121 996
1126 1126 200
1127 1122 739
1127 1127 -907
1128 1123 598
1128 1128 844
1129 1124 220
1129 1129 -334
1130 1125 -943
1130 1130 319
1131 1126 -659
1131 1131 340
1132 1127 -658
1132 1132 997
1133 1128 -374
1133 1133 896
1134 1129 -425
1134 1134 246
1135 1130 -700
1135 1135 -624
1136 1131 654
1136 1136 934
1137 1132 -840
1137 1137 47
1138 1133 878
1138 1138 -316
1139 1134 -458
1139 1139 571
1140 1135 39
1140 1140 23
1141 1136 925
1141 1141 442
1142 1137 294
1142 1142 -428
1143 1138 -771
1143 1143 -890
1144 1139 537
1144 1144 908
1145 1140 -31
1145 1145 647
1146 1141 -713
1146 1146 17
1147 1142 -282
1147 1147 20
1148 1143 -515
1148 1148 -158
1149 1144 -493
1149 1149 637
1150 1145 263
1150 1150 970
1151 1146 865
1151 1151 869
1152 1147 -948
1152 1152 154
1153 1148 -516
1153 1153 570
1154 1149 493
1154 1154 -429
1155 1150 -395
1155 1155 -572
1156 1151 797
1156 1156 -16
1157 1152 -893
1157 1157 673
1158 1153 -162
1158 1158 -936
1159 1154 80
1159 1159 -519
1160 1155 -367
1160 1160 66
1161 1156 901
1161 1161 -241
1162 1157 809
1162 1162 599
1163 1158 -238
1163 1163 589
1164 1159 -323
1164 1164 224
1165 1160 -876
1165 1165 570
1166 1161 -869
1166 1166 749
1167 1162 977
1167 1167 8
1168 1163 -978
1168 1168 -797
1169 1164 -728
1169 1169 253
1170 1165 383
1170 1170 -825
1171 1166 -495
1171 1171 -602
1172 1167 887
1172 1172 -792
1173 1168 -440
1173 1173 -669
1174 1169 215
1174 1174 -242
1175 1170 -717
1175 1175 -93
1176 1171 948
1176 1176 -531
1177 1172 -317
1177 1177 -238
1178 1173 -586
1178 1178 613
1179 1174 -835
1179 1179 431
1180 1175 563
1180 1180 -561
1181 1176 -676
1181 1181 586
1182 1177 481
1182 1182 -708
1183 1178 632
1183 1183 -301
1184 1179 591
1184 1184 -831
1185 1180 613
1185 1185 -609
1186 1181 -604
1186 1186 -285
1187 1182 -620
1187 1187 -388
1188 1183 610
1188 1188 528
1189 1184 838
1189 1189 -25
1190 1185 -66
1190 1190 737
1191 1186 96
1191 1191 -990
1192 1187 -1
1192 1192 614
1193 1188 827
1193 1193 81
1194 1189 -642
1194 1194 -120
1195 1190 -416
1195 1195 100
1196 1191 69
1196 1196 845
1197 1192 -580
1197 1197 267
1198 1193 87
1198 1198 -272
1199 1194 -270
1199 1199 983
1200 1195 958
1200 1200 -828
1201 1196 299
1201 1201 -629
1202 1197 -568
1202 1202 985
1203 1198 -296
1203 1203 818
1204 1199 517
1204 1204 859
1205 1200 -925
1205 1205 494
1206 1201 -286
1206 1206 -821
1207 1202 90
1207 1207 171
1208 1203 -850
1208 1208 618
1209 1204 290
1209 1209 -329
1210 1205 673
1210 1210 590
1211 1206 257
1211 1211 -895
1212 1207 -134
1212 1212 -416
1213 1208 24
1213 1213 -850
1214 1209 -306
1214 1214 -869
1215 1210 554
1215 1215 864
1216 1211 323
1216 1216 -980
1217 1212 -56
1217 1217 679
1218 1213 598
1218 1218 878
1219 1214 -147
1219 1219 659
1220 1215 423
1220 1220 191
1221 1216 902
1221 1221 345
1222 1217 272
1222 1222 853
1223 1218 845
1223 1223 -704
1224 1219 -897
1224 1224 99
1225 1220 780
1225 1225 19
1226 1221 -444
1226 1226 -899
1227 1222 -973
1227 1227 -23
1228 1223 154
1228 1228 -164
1229 1224 315
1229 1229 387
1230 1225 916
1230 1230 378
1231 1226 -931
1231 1231 723
1232 1227 207
1232 1232 429
1233 1228 215
1233 1233 -477
1234 1229 -720
1234 1234 -934
1235 1230 -52
1235 1235 -488
1236 1231 647
1236 1236 832
1237 1232 -142
1237 1237 -298
1238 1233 874
1238 1238 -897
1239 1234 -178
1239 1239 761
1240 1235 -20
1240 1240 -660
1241 1236 200
1241 1241 26
1242 1237 549
1242 1242 850
1243 1238 664
1243 1243 283
1244 1239 510
1244 1244 33
1245 1240 -983
1245 1245 161
1246 1241 -825
1246 1246 799
1247 1242 -623
1247 1247 -454
1248 1243 20
1248 1248 -418
1249 1244 -595
1249 1249 456
1250 1245 676
1250 1250 -108
1251 1246 -894
1251 1251 351
1252 1247 957
1252 1252 203
1253 1248 710
1253 1253 -589
1254 1249 -59
1254 1254 352
1255 1250 -840
1255 1255 -14
1256 1251 289
1256 1256 -884
1257 1252 203
1257 1257 -10
1258 1253 537
1258 1258 925
1259 1254 162
1259 1259 -591
1260 1255 724
1260 1260 284
1261 1256 -699
1261 1261 -72
1262 1257 -284
1262 1262 -486
1263 1258 634
1263 1263 -608
1264 1259 -590
1264 1264 299
1265 1260 22
1265 1265 -473
1266 1261 -486
1266 1266 863
1267 1262 -671
1267 1267 164
1268 1263 327
1268 1268 563
1269 1264 -334
1269 1269 -624
1270 1265 852
1270 1270 616
1271 1266 188
1271 1271 889
1272 1267 -811
1272 1272 653
1273 1268 799
1273 1273 -750
1274 1269 163
1274 1274 -992
1275 1270 788
1275 1275 595
1276 1271 596
1276 1276 570
1277 1272 329
1277 1277 -622
1278 1273 -891
1278 1278 -432
1279 1274 183
1279 1279 50
1280 1275 613
1280 1280 -93
1281 1276 858
1281 1281 -840
1282 1277 -952
1282 1282 -716
1283 1278 -282
1283 1283 72
1284 1279 859
1284 1284 -996
1285 1280 -198
1285 1285 -860
1286 1281 -807
1286 1286 -146
1287 1282 703
1287 1287 -60
1288 1283 643
1288 1288 -870
1289 1284 -672
1289 1289 805
1290 1285 231
1290 1290 -189
1291 1286 -87
1291 1291 -995
1292 1287 717
1292 1292 592
1293 1288 467
1293 1293 -682
1294 1289 -615
1294 1294 668
1295 1290 -443
1295 1295 -973
1296 1291 -221
1296 1296 -66
1297 1292 617
1297 1297 597
1298 1293 -714
1298 1298 -81
1299 1294 970
1299 1299 648
1300 1295 461
1300 1300 533
1301 1296 -561
1301 1301 827
1302 1297 826
1302 1302 547
1303 1298 -249
1303 1303 913
1304 1299 978
1304 1304 -252
1305 1300 168
1305 1305 -965
1306 1301 -308
1306 1306 -171
1307 1302 147
1307 1307 225
1308 1303 597
1308 1308 399
1309 1304 -351
1309 1309 -13
1310 1305 116
1310 1310 -239
1311 1306 -514
1311 1311 985
1312 1307 -628
1312 1312 -282
1313 1308 852
1313 1313 -340
1314 1309 -735
1314 1314 738
1315 1310 691
1315 1315 -370
1316 1311 -153
1316 1316 -891
1317 1312 264
1317 1317 125
1318 1313 -402
1318 1318 -486
1319 1314 900
1319 1319 -905
1320 1315 -291
1320 1320 -961
1321 1316 -794
1321 1321 125
1322 1317 643
1322 1322 -319
1323 1318 976
1323 1323 -768
1324 1319 -965
1324 1324 -250
1325 1320 812
1325 1325 737
1326 1321 -192
1326 1326 -74
1327 1322 671
1327 1327 455
1328 1323 -735
1328 1328 -972
1329 1324 -97
1329 1329 -90
1330 1325 -810
1330 1330 905
1331 1326 -31
1331 1331 139
1332 1327 -648
1332 1332 26
1333 1328 166
1333 1333 376
1334 1329 67
1334 1334 606
1335 1330 -101
1335 1335 -349
1336 1331 325
1336 1336 407
1337 1332 78
1337 1337 474
1338 1333 -31
1338 1338 -52
1339 1334 484
1339 1339 -126
1340 1335 -302
1340 1340 -482
1341 1336 -716
1341 1341 23
1342 1337 627
1342 1342 292
1343 1338 426
1343 1343 66
1344 1339 316
1344 1344 -468
1345 1340 960
1345 1345 930
1346 1341 -557
1346 1346 -435
1347 1342 -86
1347 1347 782
1348 1343 -551
1348 1348 280
1349 1344 -130
1349 1349 -462
1350 1345 -647
1350 1350 -326
1351 1346 -969
1351 1351 -257
1352 1347 -898
1352 1352 535
1353 1348 -3
1353 1353 -167
1354 1349 494
1354 1354 -522
1355 1350 -384
1355 1355 -547
1356 1351 207
1356 1356 -581
1357 1352 -279
1357 1357 -234
1358 1353 896
1358 1358 12
1359 1354 -625
1359 1359 -392
1360 1355 493
1360 1360 -67
1361 1356 -464
1361 1361 9
1362 1357 945
1362 1362 -20
1363 1358 -390
1363 1363 246
1364 1359 -37
1364 1364 483
1365 1360 286
1365 1365 -851
1366 1361 -160
1366 1366 -740
1367 1362 716
1367 1367 498
1368 1363 -491
1368 1368 135
1369 1364 656
1369 1369 -607
1370 1365 547
1370 1370 -894
1371 1366 675
1371 1371 -893
1372 1367 -1
1372 1372 520
1373 1368 905
1373 1373 -801
1374 1369 710
1374 1374 -434
1375 1370 653
1375 1375 530
1376 1371 -333
1376 1376 139
1377 1372 261
1377 1377 326
1378 1373 412
1378 1378 83
1379 1374 558
1379 1379 359
1380 1375 425
1380 1380 -602
1381 1376 588
1381 1381 989
1382 1377 -88
1382 1382 -415
1383 1378 -250
1383 1383 417
1384 1379 143
1384 1384 460
1385 1380 488
1385 1385 289
1386 1381 447
1386 1386 -728
1387 1382 -412
1387 1387 825
1388 1383 -533
1388 1388 797
1389 1384 663
1389 1389 303
1390 1385 573
1390 1390 457
1391 1386 -473
1391 1391 102
1392 1387 -330
1392 1392 -80
1393 1388 656
1393 1393 951
1394 1389 570
1394 1394 327
1395 1390 -749
1395 1395 284
1396 1391 398
1396 1396 -233
1397 1392 -372
1397 1397 244
1398 1393 378
1398 1398 -185
1399 1394 -627
1399 1399 -914
1400 1395 -605
1400 1400 -284
1401 1396 -390
1401 1401 818
1402 1397 -576
1402 1402 -824
1403 1398 736
1403 1403 471
1404 1399 151
1404 1404 -623
1405 1400 -182
1405 1405 -961
1406 1401 -927
1406 1406 766
1407 1402 -180
1407 1407 -381
1408 1403 152
1408 1408 -332
1409 1404 -75
1409 1409 255
1410 1405 242
1410 1410 972
1411 1406 -400
1411 1411 46
1412 1407 599
1412 1412 -578
1413 1408 822
1413 1413 -227
1414 1409 752
1414 1414 -147
1415 1410 242
1415 1415 -962
1416 1411 -298
1416 1416 -937
1417 1412 -707
1417 1417 356
1418 1413 -873
1418 1418 842
1419 1414 -494
1419 1419 -255
1420 1415 -124
1420 1420 -548
1421 1416 -790
1421 1421 -100
1422 1417 575
1422 1422 -710
1423 1418 -668
1423 1423 -520
1424 1419 -115
1424 1424 -380
1425 1420 983
1425 1425 636
1426 1421 -982
1426 1426 -316
1427 1422 488
1427 1427 751
1428 1423 744
1428 1428 -650
1429 1424 911
1429 1429 617
1430 1425 920
1430 1430 80
1431 1426 421
1431 1431 266
1432 1427 823
1432 1432 984
1433 1428 141
1433 1433 423
1434 1429 58
1434 1434 402
1435 1430 316
1435 1435 -423
1436 1431 870
1436 1436 -557
1437 1432 -163
1437 1437 -267
1438 1433 -398
1438 1438 -915
1439 1434 39
1439 1439 741
1440 1435 77
1440 1440 -511
1441 1436 -531
1441 1441 -41
1442 1437 -680
1442 1442 160
1443 1438 -956
1443 1443 -906
1444 1439 950
1444 1444 917
1445 1440 -817
1445 1445 -90
1446 1441 -997
1446 1446 -454
1447 1442 -139
1447 1447 520
1448 1443 -781
1448 1448 -610
1449 1444 -866
1449 1449 574
1450 1445 847
1450 1450 -711
1451 1446 746
1451 1451 -951
1452 1447 -443
1452 1452 -577
1453 1448 -596
1453 1453 805
1454 1449 351
1454 1454 833
1455 1450 513
1455 1455 -423
1456 1451 -585
1456 1456 -640
1457 1452 -829
1457 1457 105
1458 1453 933
1458 1458 -24
1459 1454 263
1459 1459 650
1460 1455 2
1460 1460 -142
1461 1456 -944
1461 1461 902
1462 1457 501
1462 1462 -389
1463 1458 -319
1463 1463 682
1464 1459 -860
1464 1464 615
1465 1460 -298
1465 1465 304
1466 1461 201
1466 1466 172
1467 1462 -483
1467 1467 71
1468 1463 464
1468 1468 680
1469 1464 463
1469 1469 -465
1470 1465 125
1470 1470 536
1471 1466 -333
1471 1471 484
1472 1467 953
1472 1472 197
1473 1468 -453
1473 1473 824
1474 1469 -946
1474 1474 77
1475 1470 519
1475 1475 -949
1476 1471 817
1476 1476 547
1477 1472 246
1477 1477 236
1478 1473 178
1478 1478 -723
1479 1474 871
1479 1479 794
1480 1475 -267
1480 1480 219
1481 1476 -409
1481 1481 420
1482 1477 -199
1482 1482 -416
1483 1478 -1
1483 1483 533
1484 1479 1
1484 1484 967
1485 1480 -257
1485 1485 -991
1486 1481 -710
1486 1486 688
1487 1482 -646
1487 1487 -333
1488 1483 525
1488 1488 565
1489 1484 725
1489 1489 396
1490 1485 -672
1490 1490 -629
1491 1486 -394
1491 1491 -211
1492 1487 -643
1492 1492 430
1493 1488 -861
1493 1493 666
1494 1489 212
1494 1494 -142
1495 1490 176
1495 1495 -434
1496 1491 -120
1496 1496 292
1497 1492 236
1497 1497 603
1498 1493 188
1498 1498 417
1499 1494 755
1499 1499 -537
1500 1495 753
1500 1500 600
1501 1496 798
1501 1501 887
1502 1497 -87
1502 1502 512
1503 1498 -120
1503 1503 -643
1504 1499 629
1504 1504 342
1505 1500 345
1505 1505 -338
1506 1501 -797
1506 1506 -619
1507 1502 -483
1507 1507 -959
1508 1503 159
1508 1508 -231
1509 1504 30
1509 1509 258
1510 1505 -256
1510 1510 438
1511 1506 554
1511 1511 459
1512 1507 819
1512 1512 314
1513 1508 215
1513 1513 -624
1514 1509 202
1514 1514 -500
1515 1510 -190
1515 1515 441
1516 1511 108
1516 1516 173
1517 1512 -547
1517 1517 -865
1518 1513 778
1518 1518 344
1519 1514 79
1519 1519 881
1520 1515 -225
1520 1520 295
1521 1516 -898
1521 1521 -227
1522 1517 -189
1522 1522 17
1523 1518 230
1523 1523 -237
1524 1519 -602
1524 1524 -500
1525 1520 -481
1525 1525 109
1526 1521 370
1526 1526 346
1527 1522 -648
1527 1527 934
1528 1523 326
1528 1528 45
1529 1524 942
1529 1529 176
1530 1525 -891
1530 1530 -554
1531 1526 684
1531 1531 666
1532 1527 -71
1532 1532 -845
1533 1528 550
1533 1533 824
1534 1529 239
1534 1534 -483
1535 1530 475
1535 1535 548
1536 1531 112
1536 1536 -31
1537 1532 949
1537 1537 -513
1538 1533 962
1538 1538 -527
1539 1534 -35
1539 1539 -581
1540 1535 -238
1540 1540 9
1541 1536 289
1541 1541 -693
1542 1537 688
1542 1542 995
1543 1538 732
1543 1543 333
1544 1539 543
1544 1544 155
1545 1540 -951
1545 1545 -121
1546 1541 886
1546 1546 -994
1547 1542 -636
1547 1547 -792
1548 1543 668
1548 1548 160
1549 1544 -591
1549 1549 -965
1550 1545 673
1550 1550 861
1551 1546 -483
1551 1551 -660
1552 1547 -655
1552 1552 -327
1553 1548 -534
1553 1553 -284
1554 1549 -411
1554 1554 -533
1555 1550 -966
1555 1555 659
1556 1551 -248
1556 1556 -431
1557 1552 -661
1557 1557 660
1558 1553 470
1558 1558 100
1559 1554 862
1559 1559 249
1560 1555 -548
1560 1560 322
1561 1556 -550
1561 1561 716
1562 1557 27
1562 1562 863
1563 1558 159
1563 1563 -672
1564 1559 887
1564 1564 -747
1565 1560 -855
1565 1565 718
1566 1561 -263
1566 1566 -409
1567 1562 611
1567 1567 -883
1568 1563 259
1568 1568 3
1569 1564 -973
1569 1569 511
1570 1565 -490
1570 1570 956
1571 1566 -158
1571 1571 -153
1572 1567 -937
1572 1572 912
1573 1568 -439
1573 1573 894
1574 1569 236
1574 1574 -219
1575 1570 -676
1575 1575 359
1576 1571 532
1576 1576 -615
1577 1572 -3
1577 1577 60
1578 1573 625
1578 1578 953
1579 1574 -861
1579 1579 -392
1580 1575 591
1580 1580 -317
1581 1576 -666
1581 1581 -977
1582 1577 653
1582 1582 -589
1583 1578 -238
1583 1583 34
1584 1579 -811
1584 1584 -117
1585 1580 -165
1585 1585 724
1586 1581 -698
1586 1586 -897
1587 1582 1
1587 1587 49
1588 1583 492
1588 1588 445
1589 1584 308
1589 1589 -100
1590 1585 523
1590 1590 172
1591 1586 803
1591 1591 295
1592 1587 -160
1592 1592 -268
1593 1588 -811
1593 1593 437
1594 1589 286
1594 1594 -420
1595 1590 -176
1595 1595 -685
1596 1591 -709
1596 1596 -168
1597 1592 -412
1597 1597 456
1598 1593 -979
1598 1598 334
1599 1594 199
1599 1599 951
1600 1595 580
1600 1600 -770
1601 1596 -782
1601 1601 -70
1602 1597 143
1602 1602 -726
1603 1598 -116
1603 1603 581
1604 1599 202
1604 1604 -66
1605 1600 49
1605 1605 -164
1606 1601 18
1606 1606 100
1607 1602 -467
1607 1607 927
1608 1603 185
1608 1608 -568
1609 1604 -545
1609 1609 917
1610 1605 348
1610 1610 552
1611 1606 -879
1611 1611 -197
1612 1607 514
1612 1612 -935
1613 1608 857
1613 1613 -610
1614 1609 -830
1614 1614 -211
1615 1610 257
1615 1615 563
1616 1611 -222
1616 1616 681
1617 1612 752
1617 1617 584
1618 1613 154
1618 1618 -596
1619 1614 -115
1619 1619 -776
1620 1615 825
1620 1620 -103
1621 1616 154
1621 1621 -485
1622 1617 -636
1622 1622 347
1623 1618 -117
1623 1623 -451
1624 1619 396
1624 1624 603
1625 1620 474
1625 1625 866
1626 1621 224
1626 1626 9
1627 1622 940
1627 1627 -270
1628 1623 -724
1628 1628 499
1629 1624 -371
1629 1629 -871
1630 1625 -715
1630 1630 778
1631 1626 -396
1631 1631 -26
1632 1627 -773
1632 1632 -34
1633 1628 968
1633 1633 654
1634 1629 37
1634 1634 -888
1635 1630 570
1635 1635 -620
1636 1631 257
1636 1636 -939
1637 1632 726
1637 1637 -124
1638 1633 861
1638 1638 -844
1639 1634 427
1639 1639 -385
1640 1635 896
1640 1640 -498
1641 1636 445
1641 1641 -657
1642 1637 -464
1642 1642 401
1643 1638 995
1643 1643 661
1644 1639 -448
1644 1644 -338
1645 1640 657
1645 1645 -937
1646 1641 -493
1646 1646 117
1647 1642 -8
1647 1647 -604
1648 1643 181
1648 1648 -860
1649 1644 -624
1649 1649 -845
1650 1645 961
1650 1650 867
1651 1646 909
1651 1651 651
1652 1647 -838
1652 1652 893
1653 1648 356
1653 1653 -721
1654 1649 -334
1654 1654 633
1655 1650 417
1655 1655 400
1656 1651 387
1656 1656 -258
1657 1652 -413
1657 1657 -921
1658 1653 -604
1658 1658 107
1659 1654 842
1659 1659 -138
1660 1655 -852
1660 1660 373
1661 1656 584
1661 1661 326
1662 1657 -436
1662 1662 38
1663 1658 280
1663 1663 -814
1664 1659 975
1664 1664 -328
1665 1660 483
1665 1665 776
1666 1661 -410
1666 1666 -855
1667 1662 984
1667 1667 675
1668 1663 -507
1668 1668 -358
1669 1664 812
1669 1669 -346
1670 1665 853
1670 1670 915
1671 1666 231
1671 1671 -634
1672 1667 -605
1672 1672 86
1673 1668 -872
1673 1673 577
1674 1669 -138
1674 1674 704
1675 1670 -246
1675 1675 724
1676 1671 256
1676 1676 -776
1677 1672 341
1677 1677 548
1678 1673 674
1678 1678 785
1679 1674 470
1679 1679 -660
1680 1675 -205
1680 1680 186
1681 1676 -731
1681 1681 -503
1682 1677 704
1682 1682 816
1683 1678 -801
1683 1683 940
1684 1679 -228
1684 1684 443
1685 1680 176
1685 1685 279
1686 1681 -604
1686 1686 235
1687 1682 -675
1687 1687 -674
1688 1683 -508
1688 1688 -804
1689 1684 -921
1689 1689 350
1690 1685 -770
1690 1690 777
1691 1686 629
1691 1691 -294
1692 1687 444
1692 1692 909
1693 1688 -213
1693 1693 -2
1694 1689 194
1694 1694 -580
1695 1690 617
1695 1695 -229
1696 1691 -505
1696 1696 66
1697 1692 583
1697 1697 -321
1698 1693 -890
1698 1698 -317
1699 1694 -165
1699 1699 -245
1700 1695 137
1700 1700 630
1701 1696 803
1701 1701 -483
1702 1697 678
1702 1702 -195
1703 1698 530
1703 1703 -150
1704 1699 -793
1704 1704 -846
1705 1700 370
1705 1705 620
1706 1701 -602
1706 1706 -309
1707 1702 453
1707 1707 76
1708 1703 136
1708 1708 -521
1709 1704 -107
1709 1709 -402
1710 1705 837
1710 1710 612
1711 1706 -407
1711 1711 -426
1712 1707 -801
1712 1712 716
1713 1708 -513
1713 1713 -665
1714 1709 584
1714 1714 695
1715 1710 334
1715 1715 -911
1716 1711 439
1716 1716 -432
1717 1712 -262
1717 1717 -151
1718 1713 905
1718 1718 891
1719 1714 -779
1719 1719 -142
1720 1715 687
1720 1720 -326
1721 1716 -615
1721 1721 -858
1722 1717 133
1722 1722 -288
1723 1718 -723
1723 1723 -635
1724 1719 -374
1724 1724 175
1725 1720 15
1725 1725 -542
1726 1721 -489
1726 1726 -878
1727 1722 -861
1727 1727 -224
1728 1723 400
1728 1728 525
1729 1724 75
1729 1729 199
1730 1725 484
1730 1730 -655
1731 1726 -178
1731 1731 -117
1732 1727 480
1732 1732 -842
1733 1728 -525
1733 1733 -457
1734 1729 -399
1734 1734 891
1735 1730 530
1735 1735 -372
1736 1731 -624
1736 1736 190
1737 1732 -426
1737 1737 944
1738 1733 -413
1738 1738 206
1739 1734 -843
1739 1739 -75
1740 1735 -414
1740 1740 -589
1741 1736 -35
1741 1741 895
1742 1737 906
1742 1742 -529
1743 1738 848
1743 1743 211
1744 1739 537
1744 1744 405
1745 1740 98
1745 1745 -255
1746 1741 -207
1746 1746 -412
1747 1742 317
1747 1747 236
1748 1743 -302
1748 1748 -491
1749 1744 924
1749 1749 535
1750 1745 974
1750 1750 639
1751 1746 -331
1751 1751 -411
1752 1747 92
1752 1752 645
1753 1748 -334
1753 1753 955
1754 1749 850
1754 1754 736
1755 1750 -435
1755 1755 497
1756 1751 -471
1756 1756 -657
1757 1752 -542
1757 1757 853
1758 1753 -66
1758 1758 -599
1759 1754 902
1759 1759 124
1760 1755 55
1760 1760 -265
1761 1756 372
1761 1761 -429
1762 1757 -348
1762 1762 540
1763 1758 819
1763 1763 183
1764 1759 280
1764 1764 -838
1765 1760 -988
1765 1765 -704
1766 1761 -117
1766 1766 261
1767 1762 445
1767 1767 -53
1768 1763 50
1768 1768 -449
1769 1764 -455
1769 1769 161
1770 1765 -565
1770 1770 745
1771 1766 -428
1771 1771 -493
1772 1767 -368
1772 1772 343
1773 1768 156
1773 1773 16
1774 1769 -253
1774 1774 397
1775 1770 -59
1775 1775 87
1776 1771 -34
1776 1776 -427
1777 1772 -832
1777 1777 -37
1778 1773 -200
1778 1778 717
1779 1774 -184
1779 1779 945
1780 1775 -120
1780 1780 928
1781 1776 -700
1781 1781 67
1782 1777 765
1782 1782 399
1783 1778 972
1783 1783 -576
1784 1779 608
1784 1784 -16
1785 1780 -149
1785 1785 -4
1786 1781 -89
1786 1786 -752
1787 1782 -165
1787 1787 -520
1788 1783 152
1788 1788 -311
1789 1784 -711
1789 1789 -685
1790 1785 -874
1790 1790 -5
1791 1786 -346
1791 1791 -683
1792 1787 -982
1792 1792 -664
1793 1788 -631
1793 1793 -850
1794 1789 -426
1794 1794 -158
1795 1790 -37
1795 1795 159
1796 1791 401
1796 1796 -300
1797 1792 -214
1797 1797 -772
1798 1793 257
1798 1798 514
1799 1794 169
1799 1799 530
1800 1795 -551
1800 1800 -864
1801 1796 36
1801 1801 329
1802 1797 -417
1802 1802 -446
1803 1798 766
1803 1803 835
1804 1799 87
1804 1804 402
1805 1800 -370
1805 1805 976
1806 1801 -302
1806 1806 261
1807 1802 -324
1807 1807 691
1808 1803 627
1808 1808 150
1809 1804 -213
1809 1809 718
1810 1805 111
1810 1810 595
1811 1806 59
1811 1811 -105
1812 1807 -564
1812 1812 251
1813 1808 -659
1813 1813 185
1814 1809 548
1814 1814 981
1815 1810 -419
1815 1815 129
1816 1811 168
1816 1816 -181
1817 1812 14
1817 1817 206
1818 1813 -695
1818 1818 868
1819 1814 -704
1819 1819 960
1820 1815 -280
1820 1820 -290
1821 1816 -808
1821 1821 -684
1822 1817 -116
1822 1822 -448
1823 1818 279
1823 1823 -485
1824 1819 -948
1824 1824 -189
1825 1820 -540
1825 1825 421
1826 1821 -988
1826 1826 -842
1827 1822 883
1827 1827 -679
1828 1823 430
1828 1828 -127
1829 1824 717
1829 1829 -804
1830 1825 116
1830 1830 22
1831 1826 411
1831 1831 -670
1832 1827 -777
1832 1832 -951
1833 1828 799
1833 1833 -888
1834 1829 288
1834 1834 118
1835 1830 -15
1835 1835 4
1836 1831 157
1836 1836 -7
1837 1832 -564
1837 1837 414
1838 1833 315
1838 1838 537
1839 1834 -891
1839 1839 -697
1840 1835 -312
1840 1840 -681
1841 1836 165
1841 1841 205
1842 1837 -463
1842 1842 194
1843 1838 165
1843 1843 -951
1844 1839 955
1844 1844 921
1845 1840 -982
1845 1845 -200
1846 1841 911
1846 1846 336
1847 1842 413
1847 1847 -788
1848 1843 44
1848 1848 -981
1849 1844 -948
1849 1849 277
1850 1845 -715
1850 1850 510
1851 1846 -282
1851 1851 804
1852 1847 -561
1852 1852 232
1853 1848 425
1853 1853 -325
1854 1849 -225
1854 1854 61
1855 1850 691
1855 1855 372
1856 1851 237
1856 1856 -170
1857 1852 -412
1857 1857 -682
1858 1853 365
1858 1858 -808
1859 1854 -24
1859 1859 -361
1860 1855 -595
1860 1860 123
1861 1856 -5
1861 1861 127
1862 1857 -2
1862 1862 -63
1863 1858 366
1863 1863 -597
1864 1859 -79
1864 1864 195
1865 1860 -135
1865 1865 -918
1866 1861 -360
1866 1866 828
1867 1862 -869
1867 1867 266
1868 1863 608
1868 1868 736
1869 1864 -631
1869 1869 -689
1870 1865 814
1870 1870 -653
1871 1866 541
1871 1871 -765
1872 1867 -318
1872 1872 626
1873 1868 828
1873 1873 826
1874 1869 -727
1874 1874 -707
1875 1870 -289
1875 1875 -838
1876 1871 -765
1876 1876 902
1877 1872 -398
1877 1877 -6
1878 1873 -324
1878 1878 -785
1879 1874 336
1879 1879 104
1880 1875 279
1880 1880 609
1881 1876 -69
1881 1881 -499
1882 1877 -176
1882 1882 -842
1883 1878 722
1883 1883 -222
1884 1879 -88
1884 1884 -999
1885 1880 206
1885 1885 -474
1886 1881 851
1886 1886 -262
1887 1882 642
1887 1887 -954
1888 1883 49
1888 1888 -749
1889 1884 343
1889 1889 -267
1890 1885 -251
1890 1890 461
1891 1886 317
1891 1891 -857
1892 1887 713
1892 1892 -501
1893 1888 789
1893 1893 705
1894 1889 -65
1894 1894 -326
1895 1890 -760
1895 1895 -934
1896 1891 938
1896 1896 722
1897 1892 -96
1897 1897 276
1898 1893 -905
1898 1898 133
1899 1894 495
1899 1899 -594
1900 1895 -836
1900 1900 512
1901 1896 548
1901 1901 228
1902 1897 -970
1902 1902 -856
1903 1898 466
1903 1903 750
1904 1899 -650
1904 1904 -698
1905 1900 -306
1905 1905 -968
1906 1901 -734
1906 1906 369
1907 1902 1
1907 1907 -237
1908 1903 235
1908 1908 -826
1909 1904 86
1909 1909 -897
1910 1905 650
1910 1910 -277
1911 1906 -959
1911 1911 365
1912 1907 -645
1912 1912 -171
1913 1908 -155
1913 1913 47
1914 1909 -211
1914 1914 421
1915 1910 -95
1915 1915 -264
1916 1911 299
1916 1916 -477
1917 1912 -35
1917 1917 564
1918 1913 -261
1918 1918 -582
1919 1914 822
1919 1919 155
1920 1915 -253
1920 1920 57
1921 1916 714
1921 1921 -644
1922 1917 361
1922 1922 122
1923 1918 34
1923 1923 277
1924 1919 289
1924 1924 -173
1925 1920 -138
1925 1925 -736
1926 1921 -834
1926 1926 -455
1927 1922 201
1927 1927 -189
1928 1923 -829
1928 1928 -767
1929 1924 -483
1929 1929 -288
1930 1925 -466
1930 1930 521
1931 1926 934
1931 1931 -627
1932 1927 440
1932 1932 79
1933 1928 -263
1933 1933 -857
1934 1929 363
1934 1934 -249
1935 1930 503
1935 1935 -983
1936 1931 245
1936 1936 189
1937 1932 -897
1937 1937 -971
1938 1933 -171
1938 1938 -689
1939 1934 -850
1939 1939 585
1940 1935 -678
1940 1940 -849
1941 1936 402
1941 1941 -488
1942 1937 -77
1942 1942 -209
1943 1938 419
1943 1943 -608
1944 1939 -336
1944 1944 840
1945 1940 -922
1945 1945 584
1946 1941 56
1946 1946 -765
1947 1942 -562
1947 1947 -580
1948 1943 -782
1948 1948 -393
1949 1944 -998
1949 1949 -163
1950 1945 9
1950 1950 914
1951 1946 -3
1951 1951 -74
1952 1947 401
1952 1952 234
1953 1948 86
1953 1953 -386
1954 1949 -173
1954 1954 -183
1955 1950 -458
1955 1955 -369
1956 1951 309
1956 1956 -564
1957 1952 -486
1957 1957 -177
1958 1953 -640
1958 1958 635
1959 1954 290
1959 1959 154
1960 1955 269
1960 1960 -254
1961 1956 -424
1961 1961 -234
1962 1957 710
1962 1962 133
1963 1958 784
1963 1963 226
1964 1959 -138
1964 1964 495
1965 1960 638
1965 1965 834
1966 1961 -929
1966 1966 414
1967 1962 60
1967 1967 477
1968 1963 -18
1968 1968 -419
1969 1964 -728
1969 1969 -337
1970 1965 200
1970 1970 -639
1971 1966 -201
1971 1971 -692
1972 1967 -352
1972 1972 249
1973 1968 245
1973 1973 417
1974 1969 671
1974 1974 566
1975 1970 502
1975 1975 -988
1976 1971 448
1976 1976 -673
1977 1972 -29
1977 1977 454
1978 1973 -760
1978 1978 -137
1979 1974 -595
1979 1979 571
1980 1975 690
1980 1980 -737
1981 1976 -82
1981 1981 -364
1982 1977 744
1982 1982 -405
1983 1978 -429
1983 1983 -402
1984 1979 177
1984 1984 -385
1985 1980 517
1985 1985 -995
1986 1981 713
1986 1986 -51
1987 1982 -271
1987 1987 -595
1988 1983 -38
1988 1988 75
1989 1984 962
1989 1989 -230
1990 1985 316
1990 1990 972
1991 1986 979
1991 1991 26
1992 1987 647
1992 1992 573
1993 1988 699
1993 1993 -183
1994 1989 -970
1994 1994 -737
1995 1990 310
1995 1995 350
1996 1991 35
1996 1996 304
1997 1992 -974
1997 1997 -679
1998 1993 -258
1998 1998 282
1999 1994 987
1999 1999 133
2000 1995 351
2000 2000 -807
2001 1996 -448
2001 2001 -88
2002 1997 593
2002 2002 -970
2003 1998 954
2003 2003 187
2004 1999 804
2004 2004 -62
2005 2000 19
2005 2005 -237
2006 2001 -542
2006 2006 -403
2007 2002 -463
2007 2007 -356
2008 2003 -144
2008 2008 220
2009 2004 -89
2009 2009 608
2010 2005 810
2010 2010 -680
2011 2006 -938
2011 2011 -822
2012 2007 -763
2012 2012 760
2013 2008 -865
2013 2013 -446
2014 2009 -323
2014 2014 -981
2015 2010 -569
2015 2015 262
2016 2011 -669
2016 2016 245
2017 2012 -87
2017 2017 419
2018 2013 -410
2018 2018 43
2019 2014 -366
2019 2019 505
2020 2015 -808
2020 2020 -749
2021 2016 -879
2021 2021 -9
2022 2017 -889
2022 2022 -360
2023 2018 507
2023 2023 531
2024 2019 -459
2024 2024 994
2025 2020 -944
2025 2025 480
2026 2021 470
2026 2026 -235
2027 2022 -608
2027 2027 -688
2028 2023 -72
2028 2028 -284
2029 2024 130
2029 2029 532
2030 2025 88
2030 2030 -542
2031 2026 750
2031 2031 -628
2032 2027 -531
2032 2032 417
2033 2028 -611
2033 2033 -621
2034 2029 -49
2034 2034 -336
2035 2030 10
2035 2035 929
2036 2031 -425
2036 2036 -825
2037 2032 104
2037 2037 -161
2038 2033 902
2038 2038 -771
2039 2034 341
2039 2039 -264
2040 2035 499
2040 2040 895
2041 2036 -208
2041 2041 -53
2042 2037 -426
2042 2042 894
2043 2038 762
2043 2043 -603
2044 2039 -528
2044 2044 106
2045 2040 858
2045 2045 -666
2046 2041 -219
2046 2046 795
2047 2042 151
2047 2047 -214
2048 2043 -931
2048 2048 -866
2049 2044 -637
2049 2049 -870
2050 2045 -76
2050 2050 365
2051 2046 804
2051 2051 -127
2052 2047 -813
2052 2052 -197
2053 2048 911
2053 2053 714
2054 2049 887
2054 2054 275
2055 2050 -865
2055 2055 353
2056 2051 956
2056 2056 359
2057 2052 -980
2057 2057 113
2058 2053 -685
2058 2058 165
2059 2054 -685
2059 2059 712
2060 2055 843
2060 2060 476
2061 2056 -290
2061 2061 -289
2062 2057 94
2062 2062 -362
2063 2058 585
2063 2063 489
2064 2059 -420
2064 2064 -352
2065 2060 916
2065 2065 871
2066 2061 -333
2066 2066 -310
2067 2062 254
2067 2067 872
2068 2063 580
2068 2068 969
2069 2064 -864
2069 2069 800
2070 2065 496
2070 2070 272
2071 2066 339
2071 2071 425
2072 2067 338
2072 2072 -544
2073 2068 205
2073 2073 -751
2074 2069 -878
2074 2074 797
2075 2070 -972
2075 2075 34
2076 2071 808
2076 2076 -157
2077 2072 -143
2077 2077 -94
2078 2073 -359
2078 2078 -110
2079 2074 921
2079 2079 715
2080 2075 264
2080 2080 -464
2081 2076 -923
2081 2081 956
2082 2077 -622
2082 2082 836
2083 2078 -927
2083 2083 911
2084 2079 897
2084 2084 -454
2085 2080 334
2085 2085 7
2086 2081 -227
2086 2086 967
2087 2082 101
2087 2087 -956
2088 2083 857
2088 2088 60
2089 2084 877
2089 2089 250
2090 2085 675
2090 2090 -579
2091 2086 602
2091 2091 -553
2092 2087 944
2092 2092 -976
2093 2088 928
2093 2093 331
2094 2089 -124
2094 2094 -297
2095 2090 -692
2095 2095 137
2096 2091 895
2096 2096 -927
2097 2092 -903
2097 2097 -769
2098 2093 -63
2098 2098 -168
2099 2094 -298
2099 2099 -487
2100 2095 -251
2100 2100 86
2101 2096 -529
2101 2101 789
2102 2097 -306
2102 2102 702
2103 2098 956
2103 2103 481
2104 2099 615
2104 2104 -128
2105 2100 602
2105 2105 -475
2106 2101 -299
2106 2106 -395
2107 2102 -580
2107 2107 -234
2108 2103 880
2108 2108 -607
2109 2104 -416
2109 2109 -960
2110 2105 936
2110 2110 862
2111 2106 987
2111 2111 -530
2112 2107 752
2112 2112 -417
2113 2108 -368
2113 2113 603
2114 2109 -819
2114 2114 286
2115 2110 -75
2115 2115 116
2116 2111 -978
2116 2116 -916
2117 2112 479
2117 2117 541
2118 2113 -506
2118 2118 -656
2119 2114 668
2119 2119 -916
2120 2115 291
2120 2120 607
2121 2116 -304
2121 2121 262
2122 2117 843
2122 2122 -135
2123 2118 -565
2123 2123 -296
2124 2119 -287
2124 2124 859
2125 2120 164
2125 2125 247
2126 2121 -53
2126 2126 699
2127 2122 424
2127 2127 -78
2128 2123 816
2128 2128 23
2129 2124 -490
2129 2129 -257
2130 2125 917
2130 2130 911
2131 2126 -151
2131 2131 406
2132 2127 -541
2132 2132 -939
2133 2128 -700
2133 2133 580
2134 2129 -769
2134 2134 -357
2135 2130 183
2135 2135 53
2136 2131 219
2136 2136 478
2137 2132 158
2137 2137 -376
2138 2133 240
2138 2138 -411
2139 2134 685
2139 2139 -398
2140 2135 -247
2140 2140 -672
2141 2136 654
2141 2141 84
2142 2137 545
2142 2142 641
2143 2138 -139
2143 2143 860
2144 2139 -570
2144 2144 -756
2145 2140 422
2145 2145 -981
2146 2141 118
2146 2146 -840
2147 2142 -442
2147 2147 101
2148 2143 -487
2148 2148 976
2149 2144 -506
2149 2149 -497
2150 2145 -451
2150 2150 -87
2151 2146 206
2151 2151 -643
2152 2147 848
2152 2152 -996
2153 2148 -484
2153 2153 528
2154 2149 -91
2154 2154 -319
2155 2150 404
2155 2155 695
2156 2151 422
2156 2156 -126
2157 2152 -9
2157 2157 -971
2158 2153 952
2158 2158 -481
2159 2154 700
2159 2159 717
2160 2155 562
2160 2160 467
2161 2156 798
2161 2161 -390
2162 2157 704
2162 2162 136
2163 2158 213
2163 2163 -180
2164 2159 -843
2164 2164 -67
2165 2160 75
2165 2165 -963
2166 2161 810
2166 2166 573
2167 2162 773
2167 2167 -35
2168 2163 -735
2168 2168 541
2169 2164 -633
2169 2169 -937
2170 2165 -944
2170 2170 400
2171 2166 -684
2171 2171 -984
2172 2167 489
2172 2172 -804
2173 2168 -6
2173 2173 625
2174 2169 201
2174 2174 10
2175 2170 797
2175 2175 -693
2176 2171 -401
2176 2176 429
2177 2172 -406
2177 2177 -720
2178 2173 569
2178 2178 -116
2179 2174 -920
2179 2179 -432
2180 2175 948
2180 2180 819
2181 2176 -217
2181 2181 342
2182 2177 -819
2182 2182 -129
2183 2178 -364
2183 2183 -129
2184 2179 451
2184 2184 921
2185 2180 -731
2185 2185 -580
2186 2181 919
2186 2186 789
2187 2182 -881
2187 2187 363
2188 2183 866
2188 2188 -581
2189 2184 -926
2189 2189 -545
2190 2185 -360
2190 2190 -111
2191 2186 -717
2191 2191 -317
2192 2187 -593
2192 2192 640
2193 2188 591
2193 2193 -825
2194 2189 502
2194 2194 -841
2195 2190 -181
2195 2195 -62
2196 2191 381
2196 2196 -378
2197 2192 -414
2197 2197 318
2198 2193 -146
2198 2198 445
2199 2194 -482
2199 2199 -356
2200 2195 293
2200 2200 793
2201 2196 -805
2201 2201 -703
2202 2197 882
2202 2202 -54
2203 2198 -485
2203 2203 -445
2204 2199 -880
2204 2204 191
2205 2200 -387
2205 2205 138
2206 2201 36
2206 2206 -926
2207 2202 958
2207 2207 -962
2208 2203 -414
2208 2208 748
2209 2204 -910
2209 2209 -497
2210 2205 140
2210 2210 -602
2211 2206 304
2211 2211 757
2212 2207 -984
2212 2212 -185
2213 2208 -775
2213 2213 -773
2214 2209 550
2214 2214 -972
2215 2210 395
2215 2215 55
2216 2211 658
2216 2216 537
2217 2212 539
2217 2217 -524
2218 2213 210
2218 2218 -48
2219 2214 147
2219 2219 899
2220 2215 -185
2220 2220 694
2221 2216 -973
2221 2221 -242
2222 2217 276
2222 2222 757
2223 2218 -305
2223 2223 -908
2224 2219 196
2224 2224 -410
2225 2220 148
2225 2225 537
2226 2221 632
2226 2226 891
2227 2222 -136
2227 2227 -849
2228 2223 799
2228 2228 -278
2229 2224 219
2229 2229 62
2230 2225 -339
2230 2230 -111
2231 2226 -432
2231 2231 -897
2232 2227 898
2232 2232 434
2233 2228 659
2233 2233 895
2234 2229 -699
2234 2234 -411
2235 2230 -402
2235 2235 -674
2236 2231 -476
2236 2236 460
2237 2232 602
2237 2237 779
2238 2233 844
2238 2238 -173
2239 2234 806
2239 2239 471
2240 2235 -81
2240 2240 -568
2241 2236 13
2241 2241 -134
2242 2237 440
2242 2242 799
2243 2238 -317
2243 2243 127
2244 2239 690
2244 2244 441
2245 2240 -56
2245 2245 289
2246 2241 -542
2246 2246 119
2247 2242 -7
2247 2247 270
2248 2243 448
2248 2248 341
2249 2244 -459
2249 2249 19
2250 2245 282
2250 2250 954
2251 2246 -331
2251 2251 -428
2252 2247 145
2252 2252 -538
2253 2248 -798
2253 2253 -691
2254 2249 885
2254 2254 858
2255 2250 592
2255 2255 85
2256 2251 95
2256 2256 -728
2257 2252 -519
2257 2257 987
2258 2253 956
2258 2258 -359
2259 2254 568
2259 2259 -908
2260 2255 -105
2260 2260 -759
2261 2256 -560
2261 2261 671
2262 2257 144
2262 2262 912
2263 2258 398
2263 2263 279
2264 2259 -28
2264 2264 535
2265 2260 295
2265 2265 -130
2266 2261 -743
2266 2266 774
2267 2262 765
2267 2267 422
2268 2263 -298
2268 2268 -515
2269 2264 -4
2269 2269 343
2270 2265 855
2270 2270 -399
2271 2266 -925
2271 2271 508
2272 2267 -12
2272 2272 42
2273 2268 -81
2273 2273 -786
2274 2269 -92
2274 2274 -931
2275 2270 -579
2275 2275 -742
2276 2271 -248
2276 2276 -305
2277 2272 907
2277 2277 875
2278 2273 730
2278 2278 -342
2279 2274 30
2279 2279 -117
2280 2275 633
2280 2280 -580
2281 2276 -109
2281 2281 -984
2282 2277 -896
2282 2282 -522
2283 2278 932
2283 2283 -365
2284 2279 -501
2284 2284 598
2285 2280 -235
2285 2285 543
2286 2281 -34
2286 2286 911
2287 2282 -671
2287 2287 156
2288 2283 887
2288 2288 -216
2289 2284 -656
2289 2289 -331
2290 2285 429
2290 2290 587
2291 2286 -420
2291 2291 824
2292 2287 -953
2292 2292 266
2293 2288 79
2293 2293 -722
2294 2289 476
2294 2294 -522
2295 2290 262
2295 2295 -566
2296 2291 895
2296 2296 934
2297 2292 -820
2297 2297 -887
2298 2293 521
2298 2298 -994
2299 2294 718
2299 2299 -999
2300 2295 -672
2300 2300 -733
2301 2296 989
2301 2301 219
2302 2297 -485
2302 2302 928
2303 2298 517
2303 2303 976
2304 2299 -208
2304 2304 844
2305 2300 -311
2305 2305 964
2306 2301 633
2306 2306 211
2307 2302 414
2307 2307 -345
2308 2303 -303
2308 2308 790
2309 2304 828
2309 2309 -712
2310 2305 866
2310 2310 163
2311 2306 -755
2311 2311 907
2312 2307 110
2312 2312 -374
2313 2308 -215
2313 2313 -235
2314 2309 -867
2314 2314 -630
2315 2310 -181
2315 2315 -232
2316 2311 736
2316 2316 -514
2317 2312 878
2317 2317 -365
2318 2313 -775
2318 2318 646
2319 2314 -283
2319 2319 -449
2320 2315 308
2320 2320 837
2321 2316 -607
2321 2321 4
2322 2317 -89
2322 2322 748
2323 2318 709
2323 2323 -281
2324 2319 472
2324 2324 -717
2325 2320 416
2325 2325 992
2326 2321 -901
2326 2326 -234
2327 2322 818
2327 2327 702
2328 2323 840
2328 2328 756
2329 2324 -416
2329 2329 -777
2330 2325 376
2330 2330 689
2331 2326 299
2331 2331 762
2332 2327 -934
2332 2332 -840
2333 2328 577
2333 2333 117
2334 2329 419
2334 2334 199
2335 2330 739
2335 2335 -866
2336 2331 720
2336 2336 -826
2337 2332 342
2337 2337 -974
2338 2333 -447
2338 2338 487
2339 2334 -260
2339 2339 -919
2340 2335 469
2340 2340 -321
2341 2336 -95
2341 2341 360
2342 2337 -674
2342 2342 -217
2343 2338 -481
2343 2343 20
2344 2339 81
2344 2344 -258
2345 2340 679
2345 2345 -601
2346 2341 -120
2346 2346 311
2347 2342 313
2347 2347 -189
2348 2343 -617
2348 2348 -574
2349 2344 919
2349 2349 48
2350 2345 557
2350 2350 -932
2351 2346 -892
2351 2351 580
2352 2347 525
2352 2352 885
2353 2348 -595
2353 2353 -426
2354 2349 167
2354 2354 249
2355 2350 843
2355 2355 -968
2356 2351 583
2356 2356 -260
2357 2352 759
2357 2357 -117
2358 2353 616
2358 2358 -866
2359 2354 397
2359 2359 -693
2360 2355 441
2360 2360 -86
2361 2356 805
2361 2361 -605
2362 2357 -358
2362 2362 -538
2363 2358 -669
2363 2363 378
2364 2359 852
2364 2364 341
2365 2360 -269
2365 2365 673
2366 2361 -234
2366 2366 20
2367 2362 778
2367 2367 118
2368 2363 -358
2368 2368 826
2369 2364 252
2369 2369 550
2370 2365 927
2370 2370 76
2371 2366 327
2371 2371 733
2372 2367 -677
2372 2372 798
2373 2368 640
2373 2373 593
2374 2369 543
2374 2374 636
2375 2370 -694
2375 2375 79
2376 2371 366
2376 2376 339
2377 2372 356
2377 2377 -612
2378 2373 -666
2378 2378 738
2379 2374 -538
2379 2379 993
2380 2375 -731
2380 2380 326
2381 2376 -430
2381 2381 428
2382 2377 -840
2382 2382 -324
2383 2378 -819
2383 2383 292
2384 2379 993
2384 2384 -236
2385 2380 619
2385 2385 669
2386 2381 961
2386 2386 -819
2387 2382 715
2387 2387 -917
2388 2383 -183
2388 2388 416
2389 2384 -946
2389 2389 13
2390 2385 -166
2390 2390 708
2391 2386 960
2391 2391 -919
2392 2387 992
2392 2392 -111
2393 2388 834
2393 2393 -722
2394 2389 -500
2394 2394 -144
2395 2390 76
2395 2395 306
2396 2391 385
2396 2396 -412
2397 2392 575
2397 2397 204
2398 2393 192
2398 2398 -702
2399 2394 -864
2399 2399 -212
2400 2395 864
2400 2400 -7
2401 2396 -538
2401 2401 406
2402 2397 -366
2402 2402 917
2403 2398 -87
2403 2403 354
2404 2399 -187
2404 2404 -330
2405 2400 -513
2405 2405 624
2406 2401 -760
2406 2406 -949
2407 2402 577
2407 2407 -67
2408 2403 -312
2408 2408 676
2409 2404 336
2409 2409 -334
2410 2405 -45
2410 2410 -826
2411 2406 651
2411 2411 416
2412 2407 659
2412 2412 834
2413 2408 334
2413 2413 -629
2414 2409 791
2414 2414 -82
2415 2410 -962
2415 2415 707
2416 2411 -817
2416 2416 324
2417 2412 -343
2417 2417 934
2418 2413 -660
2418 2418 602
2419 2414 -244
2419 2419 947
2420 2415 -898
2420 2420 633
2421 2416 48
2421 2421 14
2422 2417 549
2422 2422 -444
2423 2418 -944
2423 2423 -160
2424 2419 409
2424 2424 -257
2425 2420 -863
2425 2425 913
2426 2421 762
2426 2426 -795
2427 2422 310
2427 2427 -2
2428 2423 77
2428 2428 -529
2429 2424 -277
2429 2429 470
2430 2425 288
2430 2430 -31
2431 2426 -7
2431 2431 -828
2432 2427 -999
2432 2432 21
2433 2428 -67
2433 2433 -481
2434 2429 779
2434 2434 998
2435 2430 -355
2435 2435 -421
2436 2431 815
2436 2436 396
2437 2432 510
2437 2437 -820
2438 2433 -468
2438 2438 796
2439 2434 -249
2439 2439 652
2440 2435 889
2440 2440 304
2441 2436 -13
2441 2441 276
2442 2437 -826
2442 2442 721
2443 2438 430
2443 2443 -385
2444 2439 -288
2444 2444 461
2445 2440 682
2445 2445 131
2446 2441 681
2446 2446 399
2447 2442 108
2447 2447 -144
2448 2443 -659
2448 2448 -563
2449 2444 378
2449 2449 324
2450 2445 621
2450 2450 220
2451 2446 -922
2451 2451 317
2452 2447 256
2452 2452 363
2453 2448 855
2453 2453 21
2454 2449 -142
2454 2454 -227
2455 2450 -727
2455 2455 682
2456 2451 -647
2456 2456 3
2457 2452 -444
2457 2457 -921
2458 2453 -330
2458 2458 517
2459 2454 -325
2459 2459 106
2460 2455 -461
2460 2460 -642
2461 2456 -826
2461 2461 857
2462 2457 95
2462 2462 -144
2463 2458 -426
2463 2463 740
2464 2459 547
2464 2464 -972
2465 2460 -516
2465 2465 425
2466 2461 491
2466 2466 512
2467 2462 -795
2467 2467 580
2468 2463 -444
2468 2468 -572
2469 2464 26
2469 2469 -109
2470 2465 845
2470 2470 -718
2471 2466 826
2471 2471 568
2472 2467 -8
2472 2472 675
2473 2468 992
2473 2473 -17
2474 2469 550
2474 2474 194
2475 2470 535
2475 2475 -118
2476 2471 -499
2476 2476 892
2477 2472 -817
2477 2477 917
2478 2473 76
2478 2478 -579
2479 2474 -187
2479 2479 683
2480 2475 -121
2480 2480 -755
2481 2476 95
2481 2481 570
2482 2477 -157
2482 2482 643
2483 2478 -760
2483 2483 260
2484 2479 407
2484 2484 370
2485 2480 -349
2485 2485 -239
2486 2481 -401
2486 2486 -405
2487 2482 608
2487 2487 656
2488 2483 -654
2488 2488 513
2489 2484 -203
2489 2489 -685
2490 2485 -96
2490 2490 -682
2491 2486 312
2491 2491 -289
2492 2487 -49
2492 2492 223
2493 2488 474
2493 2493 659
2494 2489 -611
2494 2494 -194
2495 2490 -263
2495 2495 -546
2496 2491 -162
2496 2496 -339
2497 2492 933
2497 2497 -668
2498 2493 47
2498 2498 -707
2499 2494 -164
2499 2499 -187
2500 2495 -453
2500 2500 364
2501 2496 -918
2501 2501 499
2502 2497 -234
2502 2502 -478
2503 2498 -63
2503 2503 -425
2504 2499 -654
2504 2504 527
2505 2500 -656
2505 2505 407
2506 2501 -785
2506 2506 -699
2507 2502 -531
2507 2507 442
2508 2503 487
2508 2508 90
2509 2504 624
2509 2509 910
2510 2505 -53
2510 2510 271
2511 2506 -5
2511 2511 945
2512 2507 -292
2512 2512 129
2513 2508 -64
2513 2513 533
2514 2509 818
2514 2514 853
2515 2510 12
2515 2515 656
2516 2511 -752
2516 2516 -879
2517 2512 -166
2517 2517 521
2518 2513 789
2518 2518 -8
2519 2514 313
2519 2519 -838
2520 2515 855
2520 2520 -661
2521 2516 62
2521 2521 579
2522 2517 745
2522 2522 150
2523 2518 -281
2523 2523 882
2524 2519 -969
2524 2524 432
2525 2520 511
2525 2525 400
2526 2521 750
2526 2526 -556
2527 2522 -969
2527 2527 -345
2528 2523 -846
2528 2528 185
2529 2524 52
2529 2529 933
2530 2525 392
2530 2530 -470
2531 2526 742
2531 2531 -334
2532 2527 747
2532 2532 -981
2533 2528 216
2533 2533 -550
2534 2529 573
2534 2534 47
2535 2530 -347
2535 2535 -544
2536 2531 197
2536 2536 -167
2537 2532 22
2537 2537 972
2538 2533 148
2538 2538 -27
2539 2534 157
2539 2539 -951
2540 2535 23
2540 2540 922
2541 2536 -678
2541 2541 33
2542 2537 49
2542 2542 -388
2543 2538 -59
2543 2543 622
2544 2539 -124
2544 2544 619
2545 2540 -433
2545 2545 848
2546 2541 826
2546 2546 -570
2547 2542 620
2547 2547 826
2548 2543 565
2548 2548 -457
2549 2544 -607
2549 2549 -21
2550 2545 602
2550 2550 219
2551 2546 -462
2551 2551 -101
2552 2547 338
2552 2552 358
2553 2548 998
2553 2553 267
2554 2549 -323
2554 2554 -995
2555 2550 663
2555 2555 -597
2556 2551 -288
2556 2556 -872
2557 2552 941
2557 2557 -377
2558 2553 -198
2558 2558 -474
2559 2554 -588
2559 2559 -642
2560 2555 -940
2560 2560 -12
2561 2556 820
2561 2561 -955
2562 2557 430
2562 2562 -489
2563 2558 790
2563 2563 974
2564 2559 868
2564 2564 -846
2565 2560 -990
2565 2565 159
2566 2561 229
2566 2566 -494
2567 2562 -719
2567 2567 903
2568 2563 933
2568 2568 -935
2569 2564 128
2569 2569 -765
2570 2565 -317
2570 2570 -601
2571 2566 381
2571 2571 -620
2572 2567 831
2572 2572 -783
2573 2568 140
2573 2573 -369
2574 2569 563
2574 2574 711
2575 2570 523
2575 2575 -131
2576 2571 149
2576 2576 -969
2577 2572 -475
2577 2577 -773
2578 2573 971
2578 2578 -395
2579 2574 408
2579 2579 -886
2580 2575 -291
2580 2580 -915
2581 2576 305
2581 2581 -353
2582 2577 104
2582 2582 -146
2583 2578 279
2583 2583 -288
2584 2579 -33
2584 2584 213
2585 2580 -34
2585 2585 -888
2586 2581 -702
2586 2586 -702
2587 2582 -719
2587 2587 -325
2588 2583 677
2588 2588 -585
2589 2584 -675
2589 2589 -560
2590 2585 -556
2590 2590 -820
2591 2586 -356
2591 2591 668
2592 2587 -223
2592 2592 -190
2593 2588 -501
2593 2593 -391
2594 2589 -257
2594 2594 482
2595 2590 -502
2595 2595 346
2596 2591 182
2596 2596 -346
2597 2592 -47
2597 2597 6
2598 2593 -303
2598 2598 -185
2599 2594 -898
2599 2599 909
2600 2595 735
2600 2600 334
2601 2596 924
2601 2601 413
2602 2597 137
2602 2602 -151
2603 2598 231
2603 2603 70
2604 2599 -330
2604 2604 149
2605 2600 506
2605 2605 837
2606 2601 58
2606 2606 533
2607 2602 -480
2607 2607 410
2608 2603 272
2608 2608 928
2609 2604 275
2609 2609 607
2610 2605 -354
2610 2610 968
2611 2606 -436
2611 2611 -178
2612 2607 616
2612 2612 581
2613 2608 -628
2613 2613 -471
2614 2609 -837
2614 2614 -140
2615 2610 -960
2615 2615 179
2616 2611 486
2616 2616 -466
2617 2612 -293
2617 2617 -740
2618 2613 3
2618 2618 100
2619 2614 660
2619 2619 810
2620 2615 -962
2620 2620 -653
2621 2616 882
2621 2621 420
2622 2617 -697
2622 2622 -286
2623 2618 708
2623 2623 -475
2624 2619 -871
2624 2624 773
2625 2620 516
2625 2625 -786
2626 2621 498
2626 2626 265
2627 2622 -198
2627 2627 -274
2628 2623 -732
2628 2628 -453
2629 2624 -914
2629 2629 -876
2630 2625 -990
2630 2630 26
2631 2626 684
2631 2631 312
2632 2627 -983
2632 2632 516
2633 2628 802
2633 2633 -757
2634 2629 -372
2634 2634 690
2635 2630 -236
2635 2635 -795
2636 2631 756
2636 2636 451
2637 2632 782
2637 2637 -715
2638 2633 317
2638 2638 794
2639 2634 206
2639 2639 658
2640 2635 -189
2640 2640 91
2641 2636 -451
2641 2641 286
2642 2637 252
2642 2642 -619
2643 2638 -329
2643 2643 -101
2644 2639 296
2644 2644 169
2645 2640 -664
2645 2645 358
2646 2641 992
2646 2646 -380
2647 2642 696
2647 2647 -331
2648 2643 561
2648 2648 528
2649 2644 146
2649 2649 479
2650 2645 425
2650 2650 872
2651 2646 -809
2651 2651 509
2652 2647 -399
2652 2652 -221
2653 2648 850
2653 2653 362
2654 2649 -248
2654 2654 433
2655 2650 904
2655 2655 -190
2656 2651 291
2656 2656 -135
2657 2652 808
2657 2657 -665
2658 2653 291
2658 2658 313
2659 2654 627
2659 2659 381
2660 2655 680
2660 2660 225
2661 2656 -776
2661 2661 124
2662 2657 438
2662 2662 294
2663 2658 495
2663 2663 531
2664 2659 767
2664 2664 -978
2665 2660 -781
2665 2665 93
2666 2661 655
2666 2666 -712
2667 2662 -443
2667 2667 -183
2668 2663 -92
2668 2668 350
2669 2664 -288
2669 2669 -943
2670 2665 119
2670 2670 193
2671 2666 677
2671 2671 -920
2672 2667 -832
2672 2672 -263
2673 2668 970
2673 2673 285
2674 2669 -616
2674 2674 -107
2675 2670 680
2675 2675 -129
2676 2671 623
2676 2676 -689
2677 2672 -667
2677 2677 447
2678 2673 348
2678 2678 -169
2679 2674 58
2679 2679 577
2680 2675 -804
2680 2680 -949
2681 2676 -435
2681 2681 383
2682 2677 547
2682 2682 364
2683 2678 38
2683 2683 -322
2684 2679 -783
2684 2684 815
2685 2680 -373
2685 2685 -176
2686 2681 -777
2686 2686 399
2687 2682 763
2687 2687 -166
2688 2683 -331
2688 2688 -908
2689 2684 410
2689 2689 446
2690 2685 -332
2690 2690 -672
2691 2686 572
2691 2691 105
2692 2687 -466
2692 2692 -59
2693 2688 -303
2693 2693 397
2694 2689 -231
2694 2694 283
2695 2690 835
2695 2695 -822
2696 2691 -635
2696 2696 -319
2697 2692 -631
2697 2697 -532
2698 2693 -858
2698 2698 851
2699 2694 -188
2699 2699 -833
2700 2695 -439
2700 2700 35
2701 2696 -395
2701 2701 895
2702 2697 441
2702 2702 -236
2703 2698 205
2703 2703 -364
2704 2699 -435
2704 2704 -93
2705 2700 438
2705 2705 -764
2706 2701 303
2706 2706 626
2707 2702 740
2707 2707 -834
2708 2703 509
2708 2708 -456
2709 2704 822
2709 2709 674
2710 2705 -202
2710 2710 -280
2711 2706 -827
2711 2711 309
2712 2707 -491
2712 2712 587
2713 2708 -595
2713 2713 811
2714 2709 263
2714 2714 784
2715 2710 -717
2715 2715 668
2716 2711 -969
2716 2716 -421
2717 2712 953
2717 2717 -294
2718 2713 -431
2718 2718 262
2719 2714 85
2719 2719 -102
2720 2715 -254
2720 2720 -596
2721 2716 -183
2721 2721 -9
2722 2717 530
2722 2722 -235
2723 2718 865
2723 2723 -256
2724 2719 60
2724 2724 821
2725 2720 -155
2725 2725 52
2726 2721 -799
2726 2726 -915
2727 2722 628
2727 2727 501
2728 2723 -918
2728 2728 -492
2729 2724 694
2729 2729 865
2730 2725 -618
2730 2730 631
2731 2726 -387
2731 2731 -241
2732 2727 -909
2732 2732 -60
2733 2728 -45
2733 2733 776
2734 2729 -358
2734 2734 -335
2735 2730 -706
2735 2735 25
2736 2731 -744
2736 2736 -421
2737 2732 822
2737 2737 -162
2738 2733 -610
2738 2738 456
2739 2734 381
2739 2739 -13
2740 2735 658
2740 2740 492
2741 2736 -500
2741 2741 -166
2742 2737 468
2742 2742 317
2743 2738 -303
2743 2743 -155
2744 2739 -573
2744 2744 857
2745 2740 -549
2745 2745 796
2746 2741 -197
2746 2746 632
2747 2742 623
2747 2747 -465
2748 2743 20
2748 2748 335
2749 2744 -298
2749 2749 974
2750 2745 133
2750 2750 515
2751 2746 -197
2751 2751 -795
2752 2747 989
2752 2752 509
2753 2748 -662
2753 2753 914
2754 2749 452
2754 2754 97
2755 2750 80
2755 2755 506
2756 2751 -228
2756 2756 604
2757 2752 766
2757 2757 933
2758 2753 765
2758 2758 497
2759 2754 -912
2759 2759 114
2760 2755 -271
2760 2760 204
2761 2756 -736
2761 2761 824
2762 2757 -139
2762 2762 -513
2763 2758 723
2763 2763 -760
2764 2759 382
2764 2764 524
2765 2760 270
2765 2765 288
2766 2761 149
2766 2766 887
2767 2762 -219
2767 2767 -654
2768 2763 -984
2768 2768 -482
2769 2764 512
2769 2769 160
2770 2765 799
2770 2770 -408
2771 2766 -17
2771 2771 358
2772 2767 945
2772 2772 -208
2773 2768 907
2773 2773 815
2774 2769 -449
2774 2774 -933
2775 2770 -528
2775 2775 -79
2776 2771 -728
2776 2776 535
2777 2772 302
2777 2777 -407
2778 2773 -405
2778 2778 110
2779 2774 -158
2779 2779 695
2780 2775 562
2780 2780 -722
2781 2776 -679
2781 2781 -729
2782 2777 -22
2782 2782 -855
2783 2778 -582
2783 2783 620
2784 2779 -843
2784 2784 512
2785 2780 -489
2785 2785 791
2786 2781 310
2786 2786 -19
2787 2782 -584
2787 2787 627
2788 2783 580
2788 2788 -263
2789 2784 373
2789 2789 393
2790 2785 356
2790 2790 -981
2791 2786 486
2791 2791 267
2792 2787 -318
2792 2792 748
2793 2788 -748
2793 2793 840
2794 2789 -720
2794 2794 145
2795 2790 -853
2795 2795 -491
2796 2791 882
2796 2796 524
2797 2792 -81
2797 2797 -889
2798 2793 -581
2798 2798 105
2799 2794 84
2799 2799 -782
2800 2795 895
2800 2800 -513
2801 2796 -634
2801 2801 41
2802 2797 705
2802 2802 101
2803 2798 -986
2803 2803 922
2804 2799 -12
2804 2804 755
2805 2800 262
2805 2805 475
2806 2801 736
2806 2806 -419
2807 2802 698
2807 2807 353
2808 2803 -66
2808 2808 -910
2809 2804 953
2809 2809 -589
2810 2805 282
2810 2810 752
2811 2806 -459
2811 2811 -252
2812 2807 632
2812 2812 725
2813 2808 -543
2813 2813 -148
2814 2809 79
2814 2814 -85
2815 2810 -370
2815 2815 206
2816 2811 268
2816 2816 416
2817 2812 -228
2817 2817 -510
2818 2813 388
2818 2818 5
2819 2814 -404
2819 2819 451
2820 2815 -442
2820 2820 -474
2821 2816 -655
2821 2821 664
2822 2817 -792
2822 2822 506
2823 2818 342
2823 2823 -194
2824 2819 569
2824 2824 -225
2825 2820 -140
2825 2825 626
2826 2821 968
2826 2826 -422
2827 2822 -963
2827 2827 722
2828 2823 -559
2828 2828 -688
2829 2824 879
2829 2829 603
2830 2825 -844
2830 2830 -952
2831 2826 -237
2831 2831 634
2832 2827 -853
2832 2832 33
2833 2828 -417
2833 2833 488
2834 2829 296
2834 2834 -21
2835 2830 -447
2835 2835 995
2836 2831 391
2836 2836 128
2837 2832 -963
2837 2837 22
2838 2833 300
2838 2838 -202
2839 2834 601
2839 2839 464
2840 2835 -725
2840 2840 -201
2841 2836 -741
2841 2841 -755
2842 2837 243
2842 2842 983
2843 2838 -863
2843 2843 656
2844 2839 -900
2844 2844 -392
2845 2840 -884
2845 2845 -926
2846 2841 275
2846 2846 -655
2847 2842 221
2847 2847 35
2848 2843 862
2848 2848 118
2849 2844 882
2849 2849 -458
2850 2845 -776
2850 2850 665
2851 2846 -623
2851 2851 286
2852 2847 235
2852 2852 -862
2853 2848 -830
2853 2853 20
2854 2849 968
2854 2854 464
2855 2850 55
2855 2855 -409
2856 2851 -766
2856 2856 688
2857 2852 -220
2857 2857 482
2858 2853 -256
2858 2858 -85
2859 2854 699
2859 2859 466
2860 2855 -992
2860 2860 727
2861 2856 615
2861 2861 -20
2862 2857 -379
2862 2862 -199
2863 2858 385
2863 2863 470
2864 2859 588
2864 2864 865
2865 2860 -533
2865 2865 789
2866 2861 933
2866 2866 968
2867 2862 -486
2867 2867 420
2868 2863 665
2868 2868 356
2869 2864 -659
2869 2869 -175
2870 2865 51
2870 2870 313
2871 2866 -541
2871 2871 -86
2872 2867 -941
2872 2872 826
2873 2868 868
2873 2873 822
2874 2869 460
2874 2874 -482
2875 2870 -407
2875 2875 -232
2876 2871 587
2876 2876 -371
2877 2872 -88
2877 2877 9
2878 2873 301
2878 2878 -939
2879 2874 513
2879 2879 64
2880 2875 254
2880 2880 624
2881 2876 -645
2881 2881 312
2882 2877 -112
2882 2882 -882
2883 2878 -626
2883 2883 -536
2884 2879 -435
2884 2884 -686
2885 2880 917
2885 2885 -885
2886 2881 -321
2886 2886 571
2887 2882 -693
2887 2887 -554
2888 2883 667
2888 2888 953
2889 2884 259
2889 2889 -328
2890 2885 -743
2890 2890 -463
2891 2886 654
2891 2891 479
2892 2887 556
2892 2892 -565
2893 2888 692
2893 2893 -267
2894 2889 498
2894 2894 -220
2895 2890 -370
2895 2895 720
2896 2891 181
2896 2896 -604
2897 2892 -275
2897 2897 341
2898 2893 896
2898 2898 970
2899 2894 410
2899 2899 -630
2900 2895 581
2900 2900 -658
2901 2896 297
2901 2901 -881
2902 2897 376
2902 2902 344
2903 2898 921
2903 2903 -783
2904 2899 -52
2904 2904 967
2905 2900 -739
2905 2905 332
2906 2901 352
2906 2906 -360
2907 2902 458
2907 2907 -146
2908 2903 443
2908 2908 -873
2909 2904 390
2909 2909 531
2910 2905 -201
2910 2910 -523
2911 2906 190
2911 2911 855
2912 2907 375
2912 2912 -786
2913 2908 351
2913 2913 626
2914 2909 -822
2914 2914 -496
2915 2910 868
2915 2915 -726
2916 2911 314
2916 2916 -857
2917 2912 -545
2917 2917 828
2918 2913 -181
2918 2918 617
2919 2914 -293
2919 2919 539
2920 2915 -194
2920 2920 -811
2921 2916 856
2921 2921 -851
2922 2917 694
2922 2922 929
2923 2918 -737
2923 2923 870
2924 2919 -677
2924 2924 421
2925 2920 479
2925 2925 -2
2926 2921 270
2926 2926 39
2927 2922 -173
2927 2927 -402
2928 2923 447
2928 2928 358
2929 2924 -362
2929 2929 673
2930 2925 217
2930 2930 291
2931 2926 -337
2931 2931 754
2932 2927 939
2932 2932 763
2933 2928 462
2933 2933 -301
2934 2929 -468
2934 2934 -623
2935 2930 -641
2935 2935 -879
2936 2931 -239
2936 2936 -559
2937 2932 -772
2937 2937 -171
2938 2933 664
2938 2938 -100
2939 2934 -901
2939 2939 -895
2940 2935 -815
2940 2940 -267
2941 2936 396
2941 2941 15
2942 2937 658
2942 2942 -811
2943 2938 677
2943 2943 809
2944 2939 -627
2944 2944 14
2945 2940 -364
2945 2945 107
2946 2941 796
2946 2946 -848
2947 2942 799
2947 2947 -405
2948 2943 912
2948 2948 -646
2949 2944 -627
2949 2949 964
2950 2945 -943
2950 2950 -720
2951 2946 638
2951 2951 465
2952 2947 -750
2952 2952 -409
2953 2948 -88
2953 2953 -447
2954 2949 578
2954 2954 183
2955 2950 591
2955 2955 446
2956 2951 -280
2956 2956 926
2957 2952 -764
2957 2957 52
2958 2953 325
2958 2958 -310
2959 2954 -239
2959 2959 354
2960 2955 -769
2960 2960 354
2961 2956 -142
2961 2961 -324
2962 2957 469
2962 2962 -396
2963 2958 773
2963 2963 -114
2964 2959 465
2964 2964 -269
2965 2960 648
2965 2965 31
2966 2961 -574
2966 2966 -621
2967 2962 -500
2967 2967 191
2968 2963 959
2968 2968 959
2969 2964 -427
2969 2969 244
2970 2965 444
2970 2970 144
2971 2966 -740
2971 2971 617
2972 2967 79
2972 2972 -243
2973 2968 293
2973 2973 -270
2974 2969 -797
2974 2974 162
2975 2970 917
2975 2975 -28
2976 2971 -482
2976 2976 249
2977 2972 -404
2977 2977 744
2978 2973 98
2978 2978 416
2979 2974 565
2979 2979 452
2980 2975 38
2980 2980 154
2981 2976 -578
2981 2981 83
2982 2977 -600
2982 2982 -255
2983 2978 -274
2983 2983 779
2984 2979 319
2984 2984 -742
2985 2980 -528
2985 2985 497
2986 2981 927
2986 2986 862
2987 2982 -621
2987 2987 571
2988 2983 -665
2988 2988 -312
2989 2984 912
2989 2989 871
2990 2985 -911
2990 2990 608
2991 2986 -48
2991 2991 688
2992 2987 -77
2992 2992 -363
2993 2988 -955
2993 2993 128
2994 2989 -348
2994 2994 144
2995 2990 958
2995 2995 177
2996 2991 -988
2996 2996 -11
2997 2992 -713
2997 2997 38
2998 2993 -216
2998 2998 205
2999 2994 125
2999 2999 -934
3000 2995 659
3000 3000 -727
3001 2996 997
3001 3001 -499
3002 2997 989
3002 3002 575
3003 2998 -980
3003 3003 23
3004 2999 753
3004 3004 -733
3005 3000 -475
3005 3005 -572
3006 3001 -988
3006 3006 501
3007 3002 -228
3007 3007 -952
3008 3003 -947
3008 3008 -961
3009 3004 -750
3009 3009 216
3010 3005 973
3010 3010 -909
3011 3006 26
3011 3011 200
3012 3007 -263
3012 3012 136
3013 3008 572
3013 3013 -110
3014 3009 -880
3014 3014 190
3015 3010 -821
3015 3015 955
3016 3011 -817
3016 3016 946
3017 3012 935
3017 3017 -425
3018 3013 635
3018 3018 111
3019 3014 879
3019 3019 555
3020 3015 -668
3020 3020 850
3021 3016 322
3021 3021 -993
3022 3017 65
3022 3022 36
3023 3018 760
3023 3023 -680
3024 3019 -569
3024 3024 -220
3025 3020 978
3025 3025 774
3026 3021 302
3026 3026 929
3027 3022 -968
3027 3027 -649
3028 3023 -166
3028 3028 -580
3029 3024 -697
3029 3029 -334
3030 3025 64
3030 3030 -634
3031 3026 134
3031 3031 -534
3032 3027 990
3032 3032 202
3033 3028 364
3033 3033 -80
3034 3029 -394
3034 3034 53
3035 3030 546
3035 3035 -114
3036 3031 -92
3036 3036 -395
3037 3032 50
3037 3037 -703
3038 3033 709
3038 3038 150
3039 3034 202
3039 3039 786
3040 3035 -149
3040 3040 -809
3041 3036 110
3041 3041 -883
3042 3037 775
3042 3042 169
3043 3038 508
3043 3043 -837
3044 3039 -424
3044 3044 -950
3045 3040 -707
3045 3045 89
3046 3041 361
3046 3046 515
3047 3042 746
3047 3047 -233
3048 3043 -372
3048 3048 -925
3049 3044 492
3049 3049 -131
3050 3045 448
3050 3050 -573
3051 3046 -251
3051 3051 -963
3052 3047 216
3052 3052 -167
3053 3048 927
3053 3053 -394
3054 3049 930
3054 3054 736
3055 3050 50
3055 3055 -276
3056 3051 220
3056 3056 624
3057 3052 -662
3057 3057 -159
3058 3053 -834
3058 3058 -511
3059 3054 719
3059 3059 -565
3060 3055 -731
3060 3060 891
3061 3056 505
3061 3061 749
3062 3057 67
3062 3062 887
3063 3058 -852
3063 3063 685
3064 3059 955
3064 3064 553
3065 3060 199
3065 3065 -563
3066 3061 418
3066 3066 -694
3067 3062 -229
3067 3067 123
3068 3063 -812
3068 3068 -88
3069 3064 389
3069 3069 906
3070 3065 539
3070 3070 882
3071 3066 -542
3071 3071 78
3072 3067 774
3072 3072 487
3073 3068 -417
3073 3073 -916
3074 3069 -261
3074 3074 25
3075 3070 205
3075 3075 483
3076 3071 -425
3076 3076 709
3077 3072 -138
3077 3077 461
3078 3073 -520
3078 3078 -808
3079 3074 358
3079 3079 877
3080 3075 -167
3080 3080 -573
3081 3076 639
3081 3081 466
3082 3077 -285
3082 3082 -356
3083 3078 85
3083 3083 510
3084 3079 601
3084 3084 -728
3085 3080 544
3085 3085 55
3086 3081 988
3086 3086 -520
3087 3082 983
3087 3087 -913
3088 3083 -841
3088 3088 -770
3089 3084 -529
3089 3089 -535
3090 3085 648
3090 3090 616
3091 3086 -102
3091 3091 -849
3092 3087 -230
3092 3092 -748
3093 3088 601
3093 3093 917
3094 3089 -920
3094 3094 586
3095 3090 -538
3095 3095 414
3096 3091 349
3096 3096 -373
3097 3092 -94
3097 3097 -561
3098 3093 773
3098 3098 -35
3099 3094 733
3099 3099 9
3100 3095 372
3100 3100 869
3101 3096 931
3101 3101 327
3102 3097 -891
3102 3102 -278
3103 3098 572
3103 3103 -779
3104 3099 -628
3104 3104 224
3105 3100 694
3105 3105 248
3106 3101 -851
3106 3106 -450
3107 3102 -32
3107 3107 -884
3108 3103 822
3108 3108 -63
3109 3104 -725
3109 3109 -622
3110 3105 477
3110 3110 -386
3111 3106 -436
3111 3111 111
3112 3107 290
3112 3112 -960
3113 3108 -490
3113 3113 573
3114 3109 -148
3114 3114 -474
3115 3110 779
3115 3115 -670
3116 3111 118
3116 3116 324
3117 3112 -454
3117 3117 -276
3118 3113 612
3118 3118 985
3119 3114 -90
3119 3119 990
3120 3115 -235
3120 3120 -748
3121 3116 -157
3121 3121 -355
3122 3117 -245
3122 3122 849
3123 3118 -515
3123 3123 770
3124 3119 455
3124 3124 -283
3125 3120 -952
3125 3125 -190
3126 3121 332
3126 3126 238
3127 3122 -878
3127 3127 327
3128 3123 117
3128 3128 24
3129 3124 -580
3129 3129 -654
3130 3125 -175
3130 3130 787
3131 3126 666
3131 3131 917
3132 3127 -655
3132 3132 130
3133 3128 -360
3133 3133 -316
3134 3129 -994
3134 3134 574
3135 3130 388
3135 3135 -461
3136 3131 -978
3136 3136 -252
3137 3132 497
3137 3137 -689
3138 3133 -358
3138 3138 568
3139 3134 827
3139 3139 -281
3140 3135 857
3140 3140 735
3141 3136 126
3141 3141 409
3142 3137 16
3142 3142 744
3143 3138 -852
3143 3143 387
3144 3139 991
3144 3144 203
3145 3140 -459
3145 3145 407
3146 3141 75
3146 3146 880
3147 3142 672
3147 3147 -746
3148 3143 -544
3148 3148 811
3149 3144 -626
3149 3149 -795
3150 3145 -150
3150 3150 66
3151 3146 -964
3151 3151 -867
3152 3147 -478
3152 3152 -49
3153 3148 -761
3153 3153 107
3154 3149 572
3154 3154 175
3155 3150 -206
3155 3155 816
3156 3151 -912
3156 3156 466
3157 3152 -620
3157 3157 251
3158 3153 447
3158 3158 -798
3159 3154 -228
3159 3159 820
3160 3155 -116
3160 3160 169
3161 3156 -576
3161 3161 518
3162 3157 888
3162 3162 -638
3163 3158 -184
3163 3163 409
3164 3159 77
3164 3164 886
3165 3160 26
3165 3165 -508
3166 3161 72
3166 3166 347
3167 3162 652
3167 3167 -946
3168 3163 451
3168 3168 -8
3169 3164 -335
3169 3169 122
3170 3165 -337
3170 3170 -193
3171 3166 254
3171 3171 791
3172 3167 -219
3172 3172 484
3173 3168 578
3173 3173 -245
3174 3169 177
3174 3174 606
3175 3170 136
3175 3175 -852
3176 3171 535
3176 3176 243
3177 3172 53
3177 3177 -995
3178 3173 828
3178 3178 -511
3179 3174 -942
3179 3179 488
3180 3175 -844
3180 3180 698
3181 3176 -852
3181 3181 -161
3182 3177 667
3182 3182 342
3183 3178 576
3183 3183 664
3184 3179 44
3184 3184 274
3185 3180 -246
3185 3185 303
3186 3181 -266
3186 3186 590
3187 3182 -88
3187 3187 562
3188 3183 -608
3188 3188 69
3189 3184 704
3189 3189 820
3190 3185 190
3190 3190 -211
3191 3186 -462
3191 3191 -297
3192 3187 104
3192 3192 -202
3193 3188 651
3193 3193 -521
3194 3189 -644
3194 3194 668
3195 3190 551
3195 3195 -21
3196 3191 -623
3196 3196 -685
3197 3192 -428
3197 3197 901
3198 3193 -791
3198 3198 226
3199 3194 -868
3199 3199 689
3200 3195 -313
3200 3200 -629
3201 3196 -610
3201 3201 -966
3202 3197 238
3202 3202 -298
3203 3198 629
3203 3203 755
3204 3199 -206
3204 3204 -164
3205 3200 -776
3205 3205 -94
3206 3201 452
3206 3206 -339
3207 3202 452
3207 3207 -781
3208 3203 -568
3208 3208 -701
3209 3204 277
3209 3209 793
3210 3205 14
3210 3210 440
3211 3206 -845
3211 3211 60
3212 3207 -64
3212 3212 -578
3213 3208 -959
3213 3213 -640
3214 3209 978
3214 3214 586
3215 3210 -960
3215 3215 762
3216 3211 -587
3216 3216 810
3217 3212 -461
3217 3217 -79
3218 3213 -100
3218 3218 832
3219 3214 808
3219 3219 872
3220 3215 68
3220 3220 149
3221 3216 431
3221 3221 -834
3222 3217 -642
3222 3222 999
3223 3218 -849
3223 3223 -629
3224 3219 -528
3224 3224 661
3225 3220 -972
3225 3225 -869
3226 3221 -527
3226 3226 -21
3227 3222 -72
3227 3227 417
3228 3223 -85
3228 3228 693
3229 3224 -756
3229 3229 722
3230 3225 904
3230 3230 375
3231 3226 21
3231 3231 363
3232 3227 -122
3232 3232 -49
3233 3228 753
3233 3233 -25
3234 3229 -459
3234 3234 685
3235 3230 -104
3235 3235 -883
3236 3231 -84
3236 3236 161
3237 3232 227
3237 3237 -171
3238 3233 -528
3238 3238 -474
3239 3234 331
3239 3239 240
3240 3235 -802
3240 3240 434
3241 3236 -360
3241 3241 -406
3242 3237 346
3242 3242 -176
3243 3238 -108
3243 3243 369
3244 3239 866
3244 3244 -748
3245 3240 121
3245 3245 -425
3246 3241 -213
3246 3246 -229
3247 3242 -394
3247 3247 -902
3248 3243 177
3248 3248 236
3249 3244 494
3249 3249 -387
3250 3245 141
3250 3250 951
3251 3246 -517
3251 3251 636
3252 3247 -925
3252 3252 558
3253 3248 -239
3253 3253 844
3254 3249 699
3254 3254 350
3255 3250 554
3255 3255 258
3256 3251 59
3256 3256 63
3257 3252 -412
3257 3257 498
3258 3253 -725
3258 3258 150
3259 3254 -391
3259 3259 995
3260 3255 -837
3260 3260 248
3261 3256 -2
3261 3261 -218
3262 3257 335
3262 3262 -502
3263 3258 -897
3263 3263 -426
3264 3259 -316
3264 3264 208
3265 3260 55
3265 3265 -218
3266 3261 -73
3266 3266 -82
3267 3262 697
3267 3267 -315
3268 3263 -591
3268 3268 296
3269 3264 804
3269 3269 -688
3270 3265 -491
3270 3270 -523
3271 3266 -925
3271 3271 -767
3272 3267 426
3272 3272 205
3273 3268 841
3273 3273 -978
3274 3269 850
3274 3274 96
3275 3270 -491
3275 3275 902
3276 3271 -408
3276 3276 -576
3277 3272 -5
3277 3277 564
3278 3273 785
3278 3278 -748
3279 3274 299
3279 3279 -208
3280 3275 848
3280 3280 146
3281 3276 -610
3281 3281 -815
3282 3277 -383
3282 3282 587
3283 3278 631
3283 3283 -878
3284 3279 368
3284 3284 -191
3285 3280 861
3285 3285 -887
3286 3281 643
3286 3286 922
3287 3282 140
3287 3287 -289
3288 3283 677
3288 3288 -980
3289 3284 826
3289 3289 -152
3290 3285 -744
3290 3290 -578
3291 3286 62
3291 3291 865
3292 3287 -752
3292 3292 333
3293 3288 -430
3293 3293 -932
3294 3289 -675
3294 3294 -336
3295 3290 100
3295 3295 448
3296 3291 693
3296 3296 -243
3297 3292 -824
3297 3297 956
3298 3293 288
3298 3298 -637
3299 3294 226
3299 3299 336
3300 3295 -193
3300 3300 74
3301 3296 400
3301 3301 826
3302 3297 -813
3302 3302 117
3303 3298 -336
3303 3303 -984
3304 3299 -767
3304 3304 356
3305 3300 -349
3305 3305 -543
3306 3301 648
3306 3306 -98
3307 3302 -623
3307 3307 854
3308 3303 -829
3308 3308 120
3309 3304 747
3309 3309 -869
3310 3305 796
3310 3310 -585
3311 3306 19
3311 3311 311
3312 3307 907
3312 3312 -903
3313 3308 31
3313 3313 153
3314 3309 -558
3314 3314 -727
3315 3310 639
3315 3315 -929
3316 3311 182
3316 3316 -167
3317 3312 -584
3317 3317 853
3318 3313 359
3318 3318 -496
3319 3314 -547
3319 3319 735
3320 3315 -540
3320 3320 211
3321 3316 -246
3321 3321 582
3322 3317 -261
3322 3322 -630
3323 3318 -129
3323 3323 140
3324 3319 229
3324 3324 935
3325 3320 76
3325 3325 -878
3326 3321 465
3326 3326 -982
3327 3322 648
3327 3327 -19
3328 3323 681
3328 3328 341
3329 3324 -38
3329 3329 -637
3330 3325 407
3330 3330 132
3331 3326 -719
3331 3331 -271
3332 3327 168
3332 3332 -889
3333 3328 -433
3333 3333 -961
3334 3329 457
3334 3334 -890
3335 3330 -524
3335 3335 -893
3336 3331 -828
3336 3336 959
3337 3332 179
3337 3337 31
3338 3333 683
3338 3338 -412
3339 3334 -263
3339 3339 637
3340 3335 -463
3340 3340 436
3341 3336 464
3341 3341 814
3342 3337 -505
3342 3342 840
3343 3338 -20
3343 3343 -33
3344 3339 -633
3344 3344 -603
3345 3340 -537
3345 3345 19
3346 3341 -947
3346 3346 277
3347 3342 -276
3347 3347 547
3348 3343 -461
3348 3348 -503
3349 3344 -491
3349 3349 -966
3350 3345 -808
3350 3350 -922
3351 3346 403
3351 3351 -842
3352 3347 -445
3352 3352 639
3353 3348 -263
3353 3353 -707
3354 3349 747
3354 3354 -530
3355 3350 -121
3355 3355 422
3356 3351 792
3356 3356 -817
3357 3352 -220
3357 3357 -177
3358 3353 -263
3358 3358 -653
3359 3354 -565
3359 3359 948
3360 3355 486
3360 3360 827
3361 3356 219
3361 3361 984
3362 3357 227
3362 3362 -769
3363 3358 -939
3363 3363 -679
3364 3359 243
3364 3364 595
3365 3360 -638
3365 3365 -922
3366 3361 -848
3366 3366 903
3367 3362 707
3367 3367 540
3368 3363 896
3368 3368 733
3369 3364 -7
3369 3369 -253
3370 3365 -950
3370 3370 -728
3371 3366 280
3371 3371 -11
3372 3367 365
3372 3372 110
3373 3368 359
3373 3373 -318
3374 3369 -539
3374 3374 -92
3375 3370 -134
3375 3375 382
3376 3371 -744
3376 3376 670
3377 3372 -29
3377 3377 625
3378 3373 -710
3378 3378 524
3379 3374 -968
3379 3379 69
3380 3375 -578
3380 3380 312
3381 3376 671
3381 3381 -527
3382 3377 549
3382 3382 -815
3383 3378 242
3383 3383 953
3384 3379 12
3384 3384 -888
3385 3380 726
3385 3385 -709
3386 3381 165
3386 3386 488
3387 3382 596
3387 3387 510
3388 3383 -522
3388 3388 180
3389 3384 573
3389 3389 -377
3390 3385 703
3390 3390 495
3391 3386 -740
3391 3391 -382
3392 3387 -143
3392 3392 -762
3393 3388 330
3393 3393 -524
3394 3389 -697
3394 3394 -89
3395 3390 -420
3395 3395 -1
3396 3391 225
3396 3396 552
3397 3392 279
3397 3397 -920
3398 3393 -54
3398 3398 -951
3399 3394 807
3399 3399 460
3400 3395 622
3400 3400 34
3401 3396 -110
3401 3401 504
3402 3397 148
3402 3402 -713
3403 3398 73
3403 3403 146
3404 3399 -392
3404 3404 369
3405 3400 -348
3405 3405 656
3406 3401 -884
3406 3406 413
3407 3402 812
3407 3407 -961
3408 3403 150
3408 3408 -860
3409 3404 579
3409 3409 -39
3410 3405 -252
3410 3410 173
3411 3406 -659
3411 3411 618
3412 3407 86
3412 3412 -518
3413 3408 7
3413 3413 -958
3414 3409 959
3414 3414 704
3415 3410 -198
3415 3415 562
3416 3411 813
3416 3416 -974
3417 3412 -743
3417 3417 126
3418 3413 686
3418 3418 -140
3419 3414 -447
3419 3419 -121
3420 3415 -343
3420 3420 686
3421 3416 -274
3421 3421 926
3422 3417 -998
3422 3422 130
3423 3418 745
3423 3423 -428
3424 3419 -101
3424 3424 485
3425 3420 -867
3425 3425 -105
3426 3421 407
3426 3426 612
3427 3422 580
3427 3427 -643
3428 3423 601
3428 3428 -87
3429 3424 -25
3429 3429 -680
3430 3425 -486
3430 3430 -31
3431 3426 434
3431 3431 -107
3432 3427 999
3432 3432 -260
3433 3428 895
3433 3433 -243
3434 3429 -165
3434 3434 -129
3435 3430 -854
3435 3435 -931
3436 3431 -380
3436 3436 -137
3437 3432 -785
3437 3437 851
3438 3433 -951
3438 3438 649
3439 3434 501
3439 3439 -304
3440 3435 461
3440 3440 -629
3441 3436 -819
3441 3441 478
3442 3437 262
3442 3442 958
3443 3438 736
3443 3443 -955
3444 3439 -361
3444 3444 -311
3445 3440 392
3445 3445 444
3446 3441 896
3446 3446 429
3447 3442 516
3447 3447 -857
3448 3443 -120
3448 3448 408
3449 3444 -302
3449 3449 -445
3450 3445 58
3450 3450 228
3451 3446 -770
3451 3451 743
3452 3447 688
3452 3452 137
3453 3448 -860
3453 3453 972
3454 3449 547
3454 3454 288
3455 3450 -431
3455 3455 -5
3456 3451 -301
3456 3456 238
3457 3452 -525
3457 3457 -235
3458 3453 554
3458 3458 -492
3459 3454 -683
3459 3459 729
3460 3455 -469
3460 3460 905
3461 3456 466
3461 3461 35
3462 3457 -873
3462 3462 697
3463 3458 422
3463 3463 951
3464 3459 84
3464 3464 -388
3465 3460 -489
3465 3465 -737
3466 3461 425
3466 3466 -847
3467 3462 369
3467 3467 -562
3468 3463 -356
3468 3468 -437
3469 3464 -138
3469 3469 711
3470 3465 -416
3470 3470 530
3471 3466 67
3471 3471 -806
3472 3467 657
3472 3472 -922
3473 3468 -228
3473 3473 337
3474 3469 697
3474 3474 -521
3475 3470 905
3475 3475 275
3476 3471 -512
3476 3476 -106
3477 3472 436
3477 3477 -145
3478 3473 -203
3478 3478 -638
3479 3474 110
3479 3479 690
3480 3475 523
3480 3480 683
3481 3476 -768
3481 3481 -347
3482 3477 167
3482 3482 214
3483 3478 -318
3483 3483 -715
3484 3479 663
3484 3484 841
3485 3480 -139
3485 3485 150
3486 3481 919
3486 3486 257
3487 3482 -442
3487 3487 633
3488 3483 296
3488 3488 -245
3489 3484 733
3489 3489 132
3490 3485 420
3490 3490 -366
3491 3486 285
3491 3491 -102
3492 3487 765
3492 3492 172
3493 3488 -18
3493 3493 354
3494 3489 603
3494 3494 -426
3495 3490 876
3495 3495 899
3496 3491 -487
3496 3496 -691
3497 3492 428
3497 3497 -530
3498 3493 297
3498 3498 137
3499 3494 923
3499 3499 656
3500 3495 363
3500 3500 -413
3501 3496 841
3501 3501 446
3502 3497 -669
3502 3502 428
3503 3498 787
3503 3503 883
3504 3499 837
3504 3504 -780
3505 3500 838
3505 3505 347
3506 3501 598
3506 3506 301
3507 3502 525
3507 3507 226
3508 3503 87
3508 3508 -410
3509 3504 -657
3509 3509 129
3510 3505 -686
3510 3510 248
3511 3506 720
3511 3511 598
3512 3507 -193
3512 3512 -644
3513 3508 -417
3513 3513 794
3514 3509 289
3514 3514 -661
3515 3510 747
3515 3515 -619
3516 3511 760
3516 3516 321
3517 3512 927
3517 3517 -573
3518 3513 -311
3518 3518 -254
3519 3514 409
3519 3519 349
3520 3515 833
3520 3520 -633
3521 3516 -904
3521 3521 763
3522 3517 912
3522 3522 577
3523 3518 -588
3523 3523 648
3524 3519 -601
3524 3524 893
3525 3520 -87
3525 3525 356
3526 3521 613
3526 3526 -176
3527 3522 413
3527 3527 689
3528 3523 -870
3528 3528 83
3529 3524 -371
3529 3529 403
3530 3525 -784
3530 3530 -32
3531 3526 871
3531 3531 -156
3532 3527 -226
3532 3532 -320
3533 3528 -447
3533 3533 -632
3534 3529 -61
3534 3534 943
3535 3530 -154
3535 3535 -892
3536 3531 -755
3536 3536 85
3537 3532 -10
3537 3537 -528
3538 3533 950
3538 3538 -479
3539 3534 555
3539 3539 -572
3540 3535 912
3540 3540 -63
3541 3536 822
3541 3541 13
3542 3537 823
3542 3542 -214
3543 3538 356
3543 3543 -271
3544 3539 969
3544 3544 813
3545 3540 15
3545 3545 210
3546 3541 -233
3546 3546 -73
3547 3542 -568
3547 3547 989
3548 3543 -83
3548 3548 -338
3549 3544 -220
3549 3549 454
3550 3545 262
3550 3550 -469
3551 3546 -471
3551 3551 -670
3552 3547 199
3552 3552 598
3553 3548 -668
3553 3553 749
3554 3549 366
3554 3554 346
3555 3550 347
3555 3555 -501
3556 3551 97
3556 3556 -97
3557 3552 266
3557 3557 -614
3558 3553 306
3558 3558 634
3559 3554 -890
3559 3559 929
3560 3555 -187
3560 3560 -233
3561 3556 -810
3561 3561 547
3562 3557 -257
3562 3562 458
3563 3558 -100
3563 3563 -538
3564 3559 238
3564 3564 498
3565 3560 366
3565 3565 -807
3566 3561 -468
3566 3566 -727
3567 3562 791
3567 3567 679
3568 3563 -414
3568 3568 -519
3569 3564 -240
3569 3569 -790
3570 3565 -258
3570 3570 492
3571 3566 916
3571 3571 -479
3572 3567 -602
3572 3572 -132
3573 3568 217
3573 3573 254
3574 3569 31
3574 3574 967
3575 3570 -934
3575 3575 298
3576 3571 -574
3576 3576 81
3577 3572 -699
3577 3577 50
3578 3573 -792
3578 3578 -394
3579 3574 -361
3579 3579 756
3580 3575 -388
3580 3580 -972
3581 3576 -606
3581 3581 480
3582 3577 -614
3582 3582 -536
3583 3578 -163
3583 3583 526
3584 3579 -48
3584 3584 -563
3585 3580 -409
3585 3585 -584
3586 3581 -205
3586 3586 186
3587 3582 896
3587 3587 -308
3588 3583 18
3588 3588 -920
3589 3584 829
3589 3589 606
3590 3585 326
3590 3590 -868
3591 3586 -78
3591 3591 -774
3592 3587 219
3592 3592 539
3593 3588 96
3593 3593 -135
3594 3589 382
3594 3594 -58
3595 3590 -69
3595 3595 152
3596 3591 98
3596 3596 -41
3597 3592 -729
3597 3597 481
3598 3593 389
3598 3598 671
3599 3594 476
3599 3599 -451
3600 3595 826
3600 3600 -760
3601 3596 -793
3601 3601 -282
3602 3597 -584
3602 3602 412
3603 3598 -990
3603 3603 -556
3604 3599 122
3604 3604 -420
3605 3600 998
3605 3605 136
3606 3601 -528
3606 3606 -424
3607 3602 -340
3607 3607 -219
3608 3603 -347
3608 3608 700
3609 3604 307
3609 3609 760
3610 3605 -638
3610 3610 188
3611 3606 -384
3611 3611 -49
3612 3607 -272
3612 3612 248
3613 3608 805
3613 3613 -384
3614 3609 -460
3614 3614 455
3615 3610 255
3615 3615 645
3616 3611 546
3616 3616 -658
3617 3612 -766
3617 3617 41
3618 3613 -609
3618 3618 41
3619 3614 493
3619 3619 -332
3620 3615 -564
3620 3620 905
3621 3616 -419
3621 3621 -967
3622 3617 881
3622 3622 846
3623 3618 732
3623 3623 984
3624 3619 7
3624 3624 111
3625 3620 -161
3625 3625 998
3626 3621 637
3626 3626 -375
3627 3622 226
3627 3627 741
3628 3623 114
3628 3628 810
3629 3624 141
3629 3629 476
3630 3625 892
3630 3630 327
3631 3626 589
3631 3631 311
3632 3627 -591
3632 3632 296
3633 3628 -412
3633 3633 306
3634 3629 -414
3634 3634 -202
3635 3630 245
3635 3635 -886
3636 3631 613
3636 3636 102
3637 3632 -642
3637 3637 -508
3638 3633 -842
3638 3638 797
3639 3634 149
3639 3639 -113
3640 3635 81
3640 3640 78
3641 3636 -565
3641 3641 -521
3642 3637 -558
3642 3642 -355
3643 3638 195
3643 3643 160
3644 3639 -221
3644 3644 -179
3645 3640 -915
3645 3645 -823
3646 3641 -445
3646 3646 330
3647 3642 922
3647 3647 626
3648 3643 575
3648 3648 572
3649 3644 831
3649 3649 950
3650 3645 244
3650 3650 -217
3651 3646 99
3651 3651 350
3652 3647 -140
3652 3652 515
3653 3648 146
3653 3653 362
3654 3649 -55
3654 3654 420
3655 3650 -626
3655 3655 -894
3656 3651 -153
3656 3656 -701
3657 3652 400
3657 3657 -504
3658 3653 850
3658 3658 -668
3659 3654 961
3659 3659 160
3660 3655 -546
3660 3660 -322
3661 3656 -51
3661 3661 381
3662 3657 -275
3662 3662 -750
3663 3658 -670
3663 3663 500
3664 3659 645
3664 3664 -547
3665 3660 589
3665 3665 -486
3666 3661 562
3666 3666 -924
3667 3662 -755
3667 3667 -4
3668 3663 488
3668 3668 -577
3669 3664 -812
3669 3669 2
3670 3665 -79
3670 3670 -635
3671 3666 372
3671 3671 -350
3672 3667 -359
3672 3672 408
3673 3668 -279
3673 3673 940
3674 3669 -94
3674 3674 483
3675 3670 258
3675 3675 -194
3676 3671 245
3676 3676 -877
3677 3672 858
3677 3677 945
3678 3673 -679
3678 3678 -876
3679 3674 -151
3679 3679 439
3680 3675 228
3680 3680 -536
3681 3676 648
3681 3681 -887
3682 3677 415
3682 3682 132
3683 3678 977
3683 3683 -649
3684 3679 875
3684 3684 823
3685 3680 -17
3685 3685 -568
3686 3681 881
3686 3686 -100
3687 3682 -431
3687 3687 -937
3688 3683 -861
3688 3688 -318
3689 3684 -481
3689 3689 630
3690 3685 -77
3690 3690 -938
3691 3686 -864
3691 3691 -771
3692 3687 926
3692 3692 110
3693 3688 487
3693 3693 -92
3694 3689 524
3694 3694 -995
3695 3690 -454
3695 3695 -140
3696 3691 -827
3696 3696 -955
3697 3692 892
3697 3697 306
3698 3693 674
3698 3698 255
3699 3694 642
3699 3699 -970
3700 3695 -742
3700 3700 400
3701 3696 135
3701 3701 -320
3702 3697 790
3702 3702 372
3703 3698 28
3703 3703 -854
3704 3699 960
3704 3704 730
3705 3700 -413
3705 3705 533
3706 3701 371
3706 3706 -45
3707 3702 672
3707 3707 176
3708 3703 -511
3708 3708 780
3709 3704 420
3709 3709 -713
3710 3705 31
3710 3710 265
3711 3706 469
3711 3711 -231
3712 3707 384
3712 3712 -996
3713 3708 -514
3713 3713 -210
3714 3709 -888
3714 3714 839
3715 3710 -483
3715 3715 47
3716 3711 115
3716 3716 -255
3717 3712 650
3717 3717 765
3718 3713 -878
3718 3718 -369
3719 3714 457
3719 3719 490
3720 3715 840
3720 3720 194
3721 3716 961
3721 3721 -315
3722 3717 525
3722 3722 -250
3723 3718 183
3723 3723 -320
3724 3719 -305
3724 3724 410
3725 3720 261
3725 3725 978
3726 3721 262
3726 3726 495
3727 3722 209
3727 3727 -470
3728 3723 625
3728 3728 19
3729 3724 628
3729 3729 816
3730 3725 718
3730 3730 227
3731 3726 -86
3731 3731 -774
3732 3727 302
3732 3732 10
3733 3728 141
3733 3733 -122
3734 3729 499
3734 3734 396
3735 3730 900
3735 3735 -478
3736 3731 325
3736 3736 742
3737 3732 395
3737 3737 22
3738 3733 306
3738 3738 816
3739 3734 -684
3739 3739 -823
3740 3735 798
3740 3740 933
3741 3736 -419
3741 3741 253
3742 3737 479
3742 3742 895
3743 3738 516
3743 3743 345
3744 3739 -484
3744 3744 -71
3745 3740 -920
3745 3745 649
3746 3741 723
3746 3746 -393
3747 3742 865
3747 3747 705
3748 3743 25
3748 3748 -891
3749 3744 832
3749 3749 -176
3750 3745 -529
3750 3750 898
3751 3746 -239
3751 3751 -490
3752 3747 720
3752 3752 -215
3753 3748 64
3753 3753 387
3754 3749 -225
3754 3754 -80
3755 3750 834
3755 3755 99
3756 3751 674
3756 3756 457
3757 3752 -361
3757 3757 836
3758 3753 614
3758 3758 55
3759 3754 400
3759 3759 -133
3760 3755 -438
3760 3760 49
3761 3756 -826
3761 3761 351
3762 3757 849
3762 3762 -531
3763 3758 344
3763 3763 -385
3764 3759 -618
3764 3764 -328
3765 3760 989
3765 3765 -653
3766 3761 -681
3766 3766 -544
3767 3762 846
3767 3767 386
3768 3763 286
3768 3768 984
3769 3764 956
3769 3769 -535
3770 3765 397
3770 3770 786
3771 3766 -661
3771 3771 -789
3772 3767 428
3772 3772 -494
3773 3768 -229
3773 3773 134
3774 3769 -359
3774 3774 939
3775 3770 316
3775 3775 171
3776 3771 -369
3776 3776 -913
3777 3772 -873
3777 3777 -340
3778 3773 -266
3778 3778 -793
3779 3774 -697
3779 3779 861
3780 3775 712
3780 3780 169
3781 3776 809
3781 3781 823
3782 3777 -412
3782 3782 226
3783 3778 434
3783 3783 -557
3784 3779 184
3784 3784 742
3785 3780 931
3785 3785 -915
3786 3781 -899
3786 3786 660
3787 3782 532
3787 3787 -497
3788 3783 -427
3788 3788 764
3789 3784 -718
3789 3789 72
3790 3785 653
3790 3790 -418
3791 3786 534
3791 3791 -110
3792 3787 678
3792 3792 549
3793 3788 -846
3793 3793 -255
3794 3789 -492
3794 3794 742
3795 3790 722
3795 3795 583
3796 3791 -99
3796 3796 507
3797 3792 -625
3797 3797 -947
3798 3793 712
3798 3798 -137
3799 3794 -330
3799 3799 -868
3800 3795 849
3800 3800 -995
3801 3796 -962
3801 3801 668
3802 3797 54
3802 3802 839
3803 3798 -481
3803 3803 546
3804 3799 158
3804 3804 557
3805 3800 -120
3805 3805 342
3806 3801 547
3806 3806 -995
3807 3802 829
3807 3807 -497
3808 3803 -930
3808 3808 332
3809 3804 -275
3809 3809 -180
3810 3805 889
3810 3810 632
3811 3806 -646
3811 3811 -128
3812 3807 -638
3812 3812 904
3813 3808 290
3813 3813 745
3814 3809 -205
3814 3814 537
3815 3810 498
3815 3815 -136
3816 3811 -508
3816 3816 -981
3817 3812 -862
3817 3817 359
3818 3813 702
3818 3818 831
3819 3814 -346
3819 3819 -88
3820 3815 -508
3820 3820 -30
3821 3816 -826
3821 3821 186
3822 3817 -347
3822 3822 -337
3823 3818 -413
3823 3823 -959
3824 3819 -608
3824 3824 959
3825 3820 -588
3825 3825 -657
3826 3821 203
3826 3826 599
3827 3822 -314
3827 3827 961
3828 3823 -26
3828 3828 938
3829 3824 673
3829 3829 701
3830 3825 -558
3830 3830 738
3831 3826 -576
3831 3831 -898
3832 3827 209
3832 3832 431
3833 3828 -93
3833 3833 734
3834 3829 -397
3834 3834 31
3835 3830 559
3835 3835 -535
3836 3831 -514
3836 3836 -258
3837 3832 594
3837 3837 58
3838 3833 883
3838 3838 -450
3839 3834 790
3839 3839 -544
3840 3835 200
3840 3840 972
3841 3836 -677
3841 3841 -466
3842 3837 -367
3842 3842 -634
3843 3838 629
3843 3843 207
3844 3839 -518
3844 3844 705
3845 3840 870
3845 3845 -543
3846 3841 95
3846 3846 418
3847 3842 65
3847 3847 204
3848 3843 -150
3848 3848 -334
3849 3844 844
3849 3849 -784
3850 3845 -334
3850 3850 -586
3851 3846 -388
3851 3851 -924
3852 3847 -251
3852 3852 -910
3853 3848 -882
3853 3853 -270
3854 3849 424
3854 3854 193
3855 3850 607
3855 3855 -891
3856 3851 756
3856 3856 735
3857 3852 -602
3857 3857 -697
3858 3853 -960
3858 3858 982
3859 3854 328
3859 3859 461
3860 3855 -938
3860 3860 -215
3861 3856 219
3861 3861 385
3862 3857 982
3862 3862 881
3863 3858 415
3863 3863 -158
3864 3859 -432
3864 3864 685
3865 3860 233
3865 3865 -155
3866 3861 -495
3866 3866 94
3867 3862 570
3867 3867 815
3868 3863 316
3868 3868 -920
3869 3864 707
3869 3869 -699
3870 3865 836
3870 3870 -234
3871 3866 -379
3871 3871 -842
3872 3867 -925
3872 3872 -187
3873 3868 -725
3873 3873 902
3874 3869 566
3874 3874 678
3875 3870 -258
3875 3875 603
3876 3871 -394
3876 3876 -5
3877 3872 560
3877 3877 192
3878 3873 485
3878 3878 567
3879 3874 -658
3879 3879 -822
3880 3875 -43
3880 3880 964
3881 3876 -493
3881 3881 -839
3882 3877 754
3882 3882 -297
3883 3878 -172
3883 3883 753
3884 3879 -567
3884 3884 827
3885 3880 -484
3885 3885 300
3886 3881 756
3886 3886 848
3887 3882 -916
3887 3887 899
3888 3883 639
3888 3888 -377
3889 3884 -589
3889 3889 -748
3890 3885 -486
3890 3890 723
3891 3886 735
3891 3891 54
3892 3887 -656
3892 3892 -702
3893 3888 -297
3893 3893 769
3894 3889 -226
3894 3894 220
3895 3890 -990
3895 3895 -367
3896 3891 -626
3896 3896 943
3897 3892 -813
3897 3897 660
3898 3893 93
3898 3898 -676
3899 3894 -778
3899 3899 -223
3900 3895 15
3900 3900 -547
3901 3896 685
3901 3901 -262
3902 3897 -265
3902 3902 -43
3903 3898 -552
3903 3903 720
3904 3899 -588
3904 3904 805
3905 3900 705
3905 3905 -290
3906 3901 -994
3906 3906 541
3907 3902 966
3907 3907 -547
3908 3903 -864
3908 3908 435
3909 3904 -257
3909 3909 -389
3910 3905 -857
3910 3910 330
3911 3906 473
3911 3911 496
3912 3907 299
3912 3912 326
3913 3908 -217
3913 3913 -146
3914 3909 -597
3914 3914 -900
3915 3910 -831
3915 3915 364
3916 3911 643
3916 3916 -356
3917 3912 -713
3917 3917 -583
3918 3913 678
3918 3918 155
3919 3914 -40
3919 3919 467
3920 3915 -362
3920 3920 -997
3921 3916 -295
3921 3921 656
3922 3917 316
3922 3922 -970
3923 3918 91
3923 3923 -924
3924 3919 -479
3924 3924 -657
3925 3920 904
3925 3925 -472
3926 3921 886
3926 3926 992
3927 3922 653
3927 3927 -183
3928 3923 -789
3928 3928 818
3929 3924 -422
3929 3929 -859
3930 3925 -987
3930 3930 -160
3931 3926 121
3931 3931 21
3932 3927 463
3932 3932 520
3933 3928 -617
3933 3933 988
3934 3929 -635
3934 3934 937
3935 3930 303
3935 3935 317
3936 3931 298
3936 3936 -964
3937 3932 -331
3937 3937 -393
3938 3933 381
3938 3938 -216
3939 3934 -219
3939 3939 263
3940 3935 -348
3940 3940 -667
3941 3936 -672
3941 3941 905
3942 3937 512
3942 3942 -523
3943 3938 600
3943 3943 -152
3944 3939 -323
3944 3944 755
3945 3940 44
3945 3945 779
3946 3941 -855
3946 3946 -390
3947 3942 -397
3947 3947 926
3948 3943 -158
3948 3948 606
3949 3944 461
3949 3949 980
3950 3945 -184
3950 3950 -864
3951 3946 606
3951 3951 -555
3952 3947 -889
3952 3952 -516
3953 3948 906
3953 3953 438
3954 3949 -81
3954 3954 -641
3955 3950 -456
3955 3955 119
3956 3951 -102
3956 3956 174
3957 3952 906
3957 3957 -274
3958 3953 31
3958 3958 -888
3959 3954 118
3959 3959 842
3960 3955 92
3960 3960 -799
3961 3956 -205
3961 3961 -544
3962 3957 -454
3962 3962 620
3963 3958 -22
3963 3963 626
3964 3959 324
3964 3964 283
3965 3960 544
3965 3965 -306
3966 3961 529
3966 3966 -916
3967 3962 87
3967 3967 -836
3968 3963 714
3968 3968 -410
3969 3964 -356
3969 3969 -479
3970 3965 -462
3970 3970 15
3971 3966 345
3971 3971 469
3972 3967 -989
3972 3972 508
3973 3968 -15
3973 3973 -954
3974 3969 -496
3974 3974 525
3975 3970 54
3975 3975 453
3976 3971 -96
3976 3976 972
3977 3972 -426
3977 3977 399
3978 3973 -683
3978 3978 -523
3979 3974 141
3979 3979 -633
3980 3975 953
3980 3980 541
3981 3976 -345
3981 3981 -13
3982 3977 490
3982 3982 -981
3983 3978 -703
3983 3983 -278
3984 3979 284
3984 3984 228
3985 3980 717
3985 3985 819
3986 3981 941
3986 3986 483
3987 3982 -52
3987 3987 -150
3988 3983 -921
3988 3988 10
3989 3984 -114
3989 3989 -649
3990 3985 -796
3990 3990 811
3991 3986 583
3991 3991 904
3992 3987 768
3992 3992 -802
3993 3988 273
3993 3993 -705
3994 3989 612
3994 3994 -339
3995 3990 730
3995 3995 247
3996 3991 499
3996 3996 -208
3997 3992 582
3997 3997 -268
3998 3993 930
3998 3998 211
3999 3994 -242
3999 3999 876
4000 3995 -24
4000 4000 203
4001 3996 -629
4001 4001 957
4002 3997 -244
4002 4002 509
4003 3998 996
4003 4003 -550
4004 3999 111
4004 4004 452
4005 4000 320
4005 4005 -160
4006 4001 313
4006 4006 -808
4007 4002 -94
4007 4007 -517
4008 4003 -580
4008 4008 361
4009 4004 -141
4009 4009 12
4010 4005 -232
4010 4010 -743
4011 4006 365
4011 4011 -862
4012 4007 -900
4012 4012 480
4013 4008 -942
4013 4013 159
4014 4009 -937
4014 4014 -529
4015 4010 -866
4015 4015 59
4016 4011 -924
4016 4016 624
4017 4012 -812
4017 4017 31
4018 4013 241
4018 4018 412
4019 4014 370
4019 4019 -425
4020 4015 800
4020 4020 291
4021 4016 -919
4021 4021 993
4022 4017 941
4022 4022 -369
4023 4018 -453
4023 4023 -815
4024 4019 986
4024 4024 -2
4025 4020 -163
4025 4025 -934
4026 4021 123
4026 4026 715
4027 4022 66
4027 4027 292
4028 4023 594
4028 4028 306
4029 4024 779
4029 4029 823
4030 4025 -822
4030 4030 272
4031 4026 116
4031 4031 83
4032 4027 -541
4032 4032 -776
4033 4028 -330
4033 4033 -9
4034 4029 -275
4034 4034 330
4035 4030 -684
4035 4035 103
4036 4031 -304
4036 4036 816
4037 4032 -133
4037 4037 -261
4038 4033 -407
4038 4038 733
4039 4034 834
4039 4039 388
4040 4035 -626
4040 4040 -326
4041 4036 193
4041 4041 -563
4042 4037 -175
4042 4042 -179
4043 4038 -999
4043 4043 162
4044 4039 -716
4044 4044 -489
4045 4040 503
4045 4045 -622
4046 4041 -187
4046 4046 79
4047 4042 176
4047 4047 -641
4048 4043 -957
4048 4048 110
4049 4044 -150
4049 4049 -69
4050 4045 -173
4050 4050 203
4051 4046 -928
4051 4051 504
4052 4047 -38
4052 4052 676
4053 4048 -319
4053 4053 -904
4054 4049 -109
4054 4054 -927
4055 4050 459
4055 4055 -778
4056 4051 -794
4056 4056 34
4057 4052 204
4057 4057 -859
4058 4053 186
4058 4058 951
4059 4054 5
4059 4059 -115
4060 4055 -461
4060 4060 368
4061 4056 -143
4061 4061 -324
4062 4057 730
4062 4062 -512
4063 4058 786
4063 4063 884
4064 4059 253
4064 4064 -611
4065 4060 -96
4065 4065 291
4066 4061 649
4066 4066 577
4067 4062 -378
4067 4067 18
4068 4063 676
4068 4068 772
4069 4064 32
4069 4069 -932
4070 4065 826
4070 4070 -724
4071 4066 -418
4071 4071 -762
4072 4067 750
4072 4072 -228
4073 4068 -513
4073 4073 -111
4074 4069 200
4074 4074 -958
4075 4070 835
4075 4075 -113
4076 4071 -701
4076 4076 -115
4077 4072 43
4077 4077 626
4078 4073 -30
4078 4078 359
4079 4074 484
4079 4079 -36
4080 4075 993
4080 4080 -155
4081 4076 151
4081 4081 490
4082 4077 -258
4082 4082 48
4083 4078 -233
4083 4083 -8
4084 4079 686
4084 4084 428
4085 4080 -16
4085 4085 645
4086 4081 158
4086 4086 973
4087 4082 -68
4087 4087 990
4088 4083 -234
4088 4088 386
4089 4084 -767
4089 4089 -72
4090 4085 -642
4090 4090 92
4091 4086 -372
4091 4091 470
4092 4087 288
4092 4092 -775
4093 4088 -354
4093 4093 -851
4094 4089 -279
4094 4094 901
4095 4090 -732
4095 4095 -43
4096 4091 -307
4096 4096 -70
4097 4092 337
4097 4097 185
4098 4093 -942
4098 4098 -730
4099 4094 687
4099 4099 545
4100 4095 -277
4100 4100 -96
4101 4096 -239
4101 4101 -783
4102 4097 584
4102 4102 632
4103 4098 -149
4103 4103 -414
4104 4099 -889
4104 4104 143
4105 4100 201
4105 4105 755
4106 4101 284
4106 4106 681
4107 4102 -640
4107 4107 -913
4108 4103 901
4108 4108 565
4109 4104 -923
4109 4109 306
4110 4105 548
4110 4110 575
4111 4106 356
4111 4111 -881
4112 4107 -26
4112 4112 221
4113 4108 649
4113 4113 -284
4114 4109 -863
4114 4114 629
4115 4110 -972
4115 4115 942
4116 4111 66
4116 4116 884
4117 4112 -378
4117 4117 -348
4118 4113 -222
4118 4118 945
4119 4114 -782
4119 4119 -205
4120 4115 645
4120 4120 139
4121 4116 915
4121 4121 353
4122 4117 845
4122 4122 802
4123 4118 -997
4123 4123 391
4124 4119 -780
4124 4124 -322
4125 4120 286
4125 4125 618
4126 4121 166
4126 4126 -851
4127 4122 -21
4127 4127 -373
4128 4123 -177
4128 4128 424
4129 4124 290
4129 4129 -913
4130 4125 -635
4130 4130 976
4131 4126 57
4131 4131 354
4132 4127 513
4132 4132 -127
4133 4128 -552
4133 4133 238
4134 4129 14
4134 4134 -589
4135 4130 -540
4135 4135 -301
4136 4131 -72
4136 4136 130
4137 4132 -480
4137 4137 973
4138 4133 363
4138 4138 -715
4139 4134 811
4139 4139 -361
4140 4135 -796
4140 4140 62
4141 4136 -325
4141 4141 605
4142 4137 687
4142 4142 69
4143 4138 51
4143 4143 902
4144 4139 452
4144 4144 980
4145 4140 -381
4145 4145 329
4146 4141 -970
4146 4146 -131
4147 4142 738
4147 4147 -379
4148 4143 600
4148 4148 870
4149 4144 239
4149 4149 -77
4150 4145 684
4150 4150 -666
4151 4146 -202
4151 4151 704
4152 4147 789
4152 4152 -300
4153 4148 935
4153 4153 654
4154 4149 -409
4154 4154 -254
4155 4150 -545
4155 4155 -206
4156 4151 -249
4156 4156 718
4157 4152 711
4157 4157 -295
4158 4153 241
4158 4158 -554
4159 4154 -469
4159 4159 -781
4160 4155 253
4160 4160 -921
4161 4156 444
4161 4161 631
4162 4157 -541
4162 4162 365
4163 4158 814
4163 4163 -115
4164 4159 265
4164 4164 -992
4165 4160 -954
4165 4165 -167
4166 4161 -622
4166 4166 -854
4167 4162 -699
4167 4167 -634
4168 4163 545
4168 4168 880
4169 4164 -161
4169 4169 -743
4170 4165 71
4170 4170 -643
4171 4166 572
4171 4171 425
4172 4167 -10
4172 4172 -523
4173 4168 339
4173 4173 -971
4174 4169 313
4174 4174 401
4175 4170 445
4175 4175 984
4176 4171 -118
4176 4176 -350
4177 4172 -831
4177 4177 390
4178 4173 429
4178 4178 795
4179 4174 290
4179 4179 -163
4180 4175 814
4180 4180 -334
4181 4176 988
4181 4181 403
4182 4177 406
4182 4182 -272
4183 4178 -571
4183 4183 281
4184 4179 420
4184 4184 968
4185 4180 35
4185 4185 -75
4186 4181 -749
4186 4186 836
4187 4182 45
4187 4187 261
4188 4183 952
4188 4188 -684
4189 4184 -115
4189 4189 518
4190 4185 420
4190 4190 299
4191 4186 -595
4191 4191 -672
4192 4187 -222
4192 4192 -854
4193 4188 901
4193 4193 558
4194 4189 492
4194 4194 -718
4195 4190 119
4195 4195 -659
4196 4191 -669
4196 4196 -416
4197 4192 -577
4197 4197 -951
4198 4193 -801
4198 4198 199
4199 4194 604
4199 4199 -244
4200 4195 -106
4200 4200 -569
4201 4196 270
4201 4201 95
4202 4197 -493
4202 4202 -41
4203 4198 -658
4203 4203 -811
4204 4199 -22
4204 4204 367
4205 4200 -758
4205 4205 652
4206 4201 -343
4206 4206 476
4207 4202 309
4207 4207 -687
4208 4203 207
4208 4208 590
4209 4204 584
4209 4209 82
4210 4205 59
4210 4210 450
4211 4206 -204
4211 4211 738
4212 4207 -126
4212 4212 -333
4213 4208 336
4213 4213 -950
4214 4209 -250
4214 4214 725
4215 4210 907
4215 4215 -295
4216 4211 -954
4216 4216 -162
4217 4212 348
4217 4217 -638
4218 4213 313
4218 4218 741
4219 4214 639
4219 4219 838
4220 4215 -274
4220 4220 -280
4221 4216 744
4221 4221 -19
4222 4217 -774
4222 4222 -624
4223 4218 -106
4223 4223 -809
4224 4219 475
4224 4224 423
4225 4220 549
4225 4225 -133
4226 4221 691
4226 4226 -595
4227 4222 -943
4227 4227 524
4228 4223 94
4228 4228 -711
4229 4224 257
4229 4229 338
4230 4225 881
4230 4230 -875
4231 4226 -318
4231 4231 -28
4232 4227 -535
4232 4232 -594
4233 4228 174
4233 4233 376
4234 4229 289
4234 4234 -862
4235 4230 -180
4235 4235 202
4236 4231 -481
4236 4236 452
4237 4232 884
4237 4237 822
4238 4233 -752
4238 4238 -12
4239 4234 979
4239 4239 -305
4240 4235 -53
4240 4240 -49
4241 4236 954
4241 4241 294
4242 4237 -17
4242 4242 551
4243 4238 -30
4243 4243 698
4244 4239 -961
4244 4244 -587
4245 4240 -20
4245 4245 227
4246 4241 991
4246 4246 74
4247 4242 783
4247 4247 -261
4248 4243 -744
4248 4248 -982
4249 4244 -575
4249 4249 242
4250 4245 -603
4250 4250 834
4251 4246 -499
4251 4251 -31
4252 4247 -582
4252 4252 -425
4253 4248 -928
4253 4253 772
4254 4249 -551
4254 4254 4
4255 4250 593
4255 4255 -504
4256 4251 644
4256 4256 893
4257 4252 -499
4257 4257 -512
4258 4253 731
4258 4258 151
4259 4254 423
4259 4259 174
4260 4255 -738
4260 4260 843
4261 4256 -268
4261 4261 -813
4262 4257 -121
4262 4262 260
4263 4258 -662
4263 4263 -648
4264 4259 981
4264 4264 177
4265 4260 818
4265 4265 -521
4266 4261 -258
4266 4266 446
4267 4262 353
4267 4267 541
4268 4263 -568
4268 4268 468
4269 4264 -431
4269 4269 36
4270 4265 -227
4270 4270 994
4271 4266 549
4271 4271 428
4272 4267 227
4272 4272 -610
4273 4268 -910
4273 4273 -771
4274 4269 93
4274 4274 642
4275 4270 -693
4275 4275 -876
4276 4271 104
4276 4276 674
4277 4272 -429
4277 4277 -33
4278 4273 256
4278 4278 297
4279 4274 -486
4279 4279 -801
4280 4275 -251
4280 4280 426
4281 4276 -139
4281 4281 -948
4282 4277 -450
4282 4282 352
4283 4278 -606
4283 4283 -469
4284 4279 39
4284 4284 352
4285 4280 767
4285 4285 520
4286 4281 76
4286 4286 -484
4287 4282 183
4287 4287 556
4288 4283 364
4288 4288 -228
4289 4284 -517
4289 4289 -979
4290 4285 -104
4290 4290 894
4291 4286 769
4291 4291 -73
4292 4287 -783
4292 4292 636
4293 4288 240
4293 4293 804
4294 4289 418
4294 4294 -904
4295 4290 131
4295 4295 -985
4296 4291 -366
4296 4296 -337
4297 4292 -172
4297 4297 793
4298 4293 -567
4298 4298 -961
4299 4294 -182
4299 4299 -612
4300 4295 18
4300 4300 648
4301 4296 507
4301 4301 639
4302 4297 68
4302 4302 -236
4303 4298 460
4303 4303 645
4304 4299 919
4304 4304 -177
4305 4300 817
4305 4305 -207
4306 4301 -532
4306 4306 -120
4307 4302 -496
4307 4307 -914
4308 4303 -613
4308 4308 103
4309 4304 -66
4309 4309 870
4310 4305 -910
4310 4310 -831
4311 4306 -671
4311 4311 -624
4312 4307 530
4312 4312 -50
4313 4308 -725
4313 4313 -754
4314 4309 475
4314 4314 -273
4315 4310 -341
4315 4315 -837
4316 4311 152
4316 4316 -147
4317 4312 -302
4317 4317 435
4318 4313 -208
4318 4318 586
4319 4314 250
4319 4319 -476
4320 4315 805
4320 4320 243
4321 4316 913
4321 4321 -598
4322 4317 -628
4322 4322 -431
4323 4318 542
4323 4323 -582
4324 4319 -133
4324 4324 410
4325 4320 -248
4325 4325 567
4326 4321 -902
4326 4326 -733
4327 4322 317
4327 4327 333
4328 4323 -496
4328 4328 -268
4329 4324 -910
4329 4329 424
4330 4325 831
4330 4330 533
4331 4326 -400
4331 4331 -121
4332 4327 -580
4332 4332 647
4333 4328 -946
4333 4333 -637
4334 4329 768
4334 4334 87
4335 4330 70
4335 4335 928
4336 4331 967
4336 4336 -993
4337 4332 224
4337 4337 698
4338 4333 697
4338 4338 418
4339 4334 329
4339 4339 928
4340 4335 540
4340 4340 -209
4341 4336 10
4341 4341 -695
4342 4337 769
4342 4342 -371
4343 4338 823
4343 4343 323
4344 4339 -240
4344 4344 -42
4345 4340 -317
4345 4345 -324
4346 4341 923
4346 4346 -770
4347 4342 -494
4347 4347 172
4348 4343 511
4348 4348 -737
4349 4344 549
4349 4349 -370
4350 4345 -582
4350 4350 942
4351 4346 -695
4351 4351 181
4352 4347 -129
4352 4352 73
4353 4348 246
4353 4353 610
4354 4349 -523
4354 4354 -666
4355 4350 797
4355 4355 931
4356 4351 261
4356 4356 -961
4357 4352 660
4357 4357 -556
4358 4353 -380
4358 4358 -572
4359 4354 -135
4359 4359 -910
4360 4355 -887
4360 4360 -195
4361 4356 949
4361 4361 885
4362 4357 882
4362 4362 -888
4363 4358 767
4363 4363 749
4364 4359 125
4364 4364 -920
4365 4360 623
4365 4365 -340
4366 4361 306
4366 4366 -986
4367 4362 -698
4367 4367 -430
4368 4363 914
4368 4368 294
4369 4364 90
4369 4369 817
4370 4365 469
4370 4370 -431
4371 4366 171
4371 4371 -775
4372 4367 483
4372 4372 -862
4373 4368 -498
4373 4373 676
4374 4369 15
4374 4374 555
4375 4370 -8
4375 4375 -254
4376 4371 384
4376 4376 -842
4377 4372 -650
4377 4377 -115
4378 4373 51
4378 4378 -172
4379 4374 200
4379 4379 85
4380 4375 365
4380 4380 647
4381 4376 605
4381 4381 -156
4382 4377 599
4382 4382 647
4383 4378 943
4383 4383 -307
4384 4379 -668
4384 4384 -461
4385 4380 -433
4385 4385 261
4386 4381 481
4386 4386 -171
4387 4382 -336
4387 4387 -996
4388 4383 903
4388 4388 223
4389 4384 327
4389 4389 190
4390 4385 386
4390 4390 554
4391 4386 -577
4391 4391 -688
4392 4387 -904
4392 4392 -228
4393 4388 -766
4393 4393 838
4394 4389 -32
4394 4394 515
4395 4390 -342
4395 4395 -598
4396 4391 -752
4396 4396 -449
4397 4392 -279
4397 4397 -149
4398 4393 -100
4398 4398 -654
4399 4394 -663
4399 4399 913
4400 4395 -869
4400 4400 675
4401 4396 -659
4401 4401 618
4402 4397 969
4402 4402 577
4403 4398 -647
4403 4403 880
4404 4399 -866
4404 4404 813
4405 4400 304
4405 4405 231
4406 4401 446
4406 4406 109
4407 4402 426
4407 4407 621
4408 4403 286
4408 4408 465
4409 4404 -622
4409 4409 983
4410 4405 -614
4410 4410 835
4411 4406 398
4411 4411 -39
4412 4407 -830
4412 4412 180
4413 4408 603
4413 4413 -527
4414 4409 -176
4414 4414 793
4415 4410 17
4415 4415 575
4416 4411 478
4416 4416 -318
4417 4412 226
4417 4417 -807
4418 4413 -415
4418 4418 -332
4419 4414 789
4419 4419 324
4420 4415 707
4420 4420 -486
4421 4416 313
4421 4421 -400
4422 4417 7
4422 4422 215
4423 4418 752
4423 4423 85
4424 4419 422
4424 4424 -27
4425 4420 -114
4425 4425 516
4426 4421 -918
4426 4426 445
4427 4422 232
4427 4427 630
4428 4423 -832
4428 4428 403
4429 4424 -815
4429 4429 -678
4430 4425 -853
4430 4430 621
4431 4426 -1
4431 4431 5
4432 4427 251
4432 4432 211
4433 4428 -685
4433 4433 500
4434 4429 -870
4434 4434 -648
4435 4430 91
4435 4435 818
4436 4431 -64
4436 4436 -306
4437 4432 412
4437 4437 491
4438 4433 -943
4438 4438 -54
4439 4434 561
4439 4439 -984
4440 4435 739
4440 4440 263
4441 4436 -674
4441 4441 323
4442 4437 -140
4442 4442 -805
4443 4438 177
4443 4443 85
4444 4439 166
4444 4444 352
4445 4440 -48
4445 4445 -731
4446 4441 579
4446 4446 173
4447 4442 -281
4447 4447 945
4448 4443 -275
4448 4448 -903
4449 4444 888
4449 4449 331
4450 4445 -564
4450 4450 -115
4451 4446 641
4451 4451 -353
4452 4447 675
4452 4452 -246
4453 4448 -359
4453 4453 180
4454 4449 -478
4454 4454 782
4455 4450 366
4455 4455 407
4456 4451 85
4456 4456 -967
4457 4452 675
4457 4457 990
4458 4453 926
4458 4458 320
4459 4454 -371
4459 4459 735
4460 4455 718
4460 4460 802
4461 4456 884
4461 4461 105
4462 4457 387
4462 4462 -290
4463 4458 -326
4463 4463 208
4464 4459 -509
4464 4464 975
4465 4460 154
4465 4465 -867
4466 4461 433
4466 4466 -796
4467 4462 706
4467 4467 -411
4468 4463 200
4468 4468 -93
4469 4464 379
4469 4469 -644
4470 4465 618
4470 4470 428
4471 4466 379
4471 4471 368
4472 4467 391
4472 4472 106
4473 4468 782
4473 4473 15
4474 4469 168
4474 4474 -411
4475 4470 -259
4475 4475 632
4476 4471 869
4476 4476 901
4477 4472 856
4477 4477 -529
4478 4473 837
4478 4478 87
4479 4474 574
4479 4479 731
4480 4475 -607
4480 4480 -460
4481 4476 469
4481 4481 167
4482 4477 675
4482 4482 -956
4483 4478 -137
4483 4483 -788
4484 4479 -362
4484 4484 450
4485 4480 -686
4485 4485 585
4486 4481 48
4486 4486 982
4487 4482 -117
4487 4487 -620
4488 4483 -471
4488 4488 -996
4489 4484 325
4489 4489 -504
4490 4485 936
4490 4490 -59
4491 4486 -260
4491 4491 691
4492 4487 -862
4492 4492 -575
4493 4488 -129
4493 4493 491
4494 4489 443
4494 4494 203
4495 4490 -399
4495 4495 681
4496 4491 222
4496 4496 -727
4497 4492 -754
4497 4497 -434
4498 4493 694
4498 4498 -247
4499 4494 776
4499 4499 665
4500 4495 -977
4500 4500 78
4501 4496 357
4501 4501 908
4502 4497 124
4502 4502 -696
4503 4498 -478
4503 4503 -978
4504 4499 451
4504 4504 -822
4505 4500 863
4505 4505 -449
4506 4501 -505
4506 4506 -571
4507 4502 318
4507 4507 -22
4508 4503 -885
4508 4508 -955
4509 4504 316
4509 4509 -762
4510 4505 858
4510 4510 -766
4511 4506 -443
4511 4511 -480
4512 4507 235
4512 4512 971
4513 4508 194
4513 4513 666
4514 4509 208
4514 4514 -332
4515 4510 -894
4515 4515 607
4516 4511 628
4516 4516 -323
4517 4512 137
4517 4517 290
4518 4513 -591
4518 4518 -881
4519 4514 747
4519 4519 -72
4520 4515 764
4520 4520 -951
4521 4516 -394
4521 4521 384
4522 4517 818
4522 4522 -511
4523 4518 -688
4523 4523 -142
4524 4519 -217
4524 4524 935
4525 4520 -482
4525 4525 981
4526 4521 40
4526 4526 463
4527 4522 -377
4527 4527 272
4528 4523 870
4528 4528 -863
4529 4524 745
4529 4529 -526
4530 4525 -679
4530 4530 -684
4531 4526 -439
4531 4531 404
4532 4527 44
4532 4532 -499
4533 4528 216
4533 4533 916
4534 4529 128
4534 4534 -288
4535 4530 -931
4535 4535 197
4536 4531 952
4536 4536 -871
4537 4532 296
4537 4537 351
4538 4533 -967
4538 4538 -707
4539 4534 -410
4539 4539 -883
4540 4535 -45
4540 4540 -836
4541 4536 13
4541 4541 273
4542 4537 -769
4542 4542 499
4543 4538 84
4543 4543 437
4544 4539 -364
4544 4544 -396
4545 4540 -175
4545 4545 148
4546 4541 786
4546 4546 -494
4547 4542 652
4547 4547 895
4548 4543 -167
4548 4548 890
4549 4544 -730
4549 4549 724
4550 4545 103
4550 4550 -666
4551 4546 -731
4551 4551 760
4552 4547 -768
4552 4552 822
4553 4548 230
4553 4553 -881
4554 4549 -430
4554 4554 -358
4555 4550 652
4555 4555 389
4556 4551 -168
4556 4556 -925
4557 4552 -920
4557 4557 -697
4558 4553 -738
4558 4558 683
4559 4554 -429
4559 4559 935
4560 4555 91
4560 4560 -639
4561 4556 536
4561 4561 -87
4562 4557 -401
4562 4562 -401
4563 4558 -280
4563 4563 336
4564 4559 326
4564 4564 -619
4565 4560 633
4565 4565 621
4566 4561 -675
4566 4566 77
4567 4562 933
4567 4567 923
4568 4563 -156
4568 4568 40
4569 4564 28
4569 4569 60
4570 4565 407
4570 4570 662
4571 4566 -745
4571 4571 -252
4572 4567 870
4572 4572 954
4573 4568 692
4573 4573 744
4574 4569 -754
4574 4574 222
4575 4570 -241
4575 4575 -740
4576 4571 261
4576 4576 910
4577 4572 -92
4577 4577 -737
4578 4573 -825
4578 4578 759
4579 4574 -593
4579 4579 -349
4580 4575 395
4580 4580 169
4581 4576 51
4581 4581 -467
4582 4577 483
4582 4582 -288
4583 4578 210
4583 4583 847
4584 4579 182
4584 4584 960
4585 4580 998
4585 4585 -795
4586 4581 60
4586 4586 352
4587 4582 -844
4587 4587 780
4588 4583 511
4588 4588 155
4589 4584 -871
4589 4589 891
4590 4585 -536
4590 4590 65
4591 4586 281
4591 4591 -343
4592 4587 41
4592 4592 648
4593 4588 771
4593 4593 168
4594 4589 -538
4594 4594 -320
4595 4590 -237
4595 4595 660
4596 4591 420
4596 4596 3
4597 4592 587
4597 4597 670
4598 4593 -963
4598 4598 52
4599 4594 148
4599 4599 -308
4600 4595 256
4600 4600 666
4601 4596 271
4601 4601 106
4602 4597 -396
4602 4602 530
4603 4598 -407
4603 4603 -304
4604 4599 249
4604 4604 121
4605 4600 -311
4605 4605 499
4606 4601 -451
4606 4606 122
4607 4602 684
4607 4607 135
4608 4603 945
4608 4608 207
4609 4604 954
4609 4609 996
4610 4605 441
4610 4610 -482
4611 4606 442
4611 4611 829
4612 4607 977
4612 4612 -550
4613 4608 36
4613 4613 120
4614 4609 -814
4614 4614 566
4615 4610 758
4615 4615 939
4616 4611 180
4616 4616 241
4617 4612 -553
4617 4617 596
4618 4613 -649
4618 4618 81
4619 4614 -683
4619 4619 26
4620 4615 -645
4620 4620 414
4621 4616 888
4621 4621 346
4622 4617 703
4622 4622 -579
4623 4618 -424
4623 4623 -881
4624 4619 -241
4624 4624 -11
4625 4620 936
4625 4625 2
4626 4621 362
4626 4626 638
4627 4622 142
4627 4627 -293
4628 4623 -99
4628 4628 -164
4629 4624 818
4629 4629 752
4630 4625 -729
4630 4630 605
4631 4626 629
4631 4631 768
4632 4627 732
4632 4632 -61
4633 4628 621
4633 4633 -887
4634 4629 397
4634 4634 -590
4635 4630 -493
4635 4635 399
4636 4631 411
4636 4636 -225
4637 4632 652
4637 4637 123
4638 4633 317
4638 4638 327
4639 4634 -420
4639 4639 -891
4640 4635 -299
4640 4640 245
4641 4636 -530
4641 4641 -420
4642 4637 -156
4642 4642 -494
4643 4638 221
4643 4643 -516
4644 4639 461
4644 4644 -683
4645 4640 -731
4645 4645 477
4646 4641 -474
4646 4646 2
4647 4642 -506
4647 4647 -266
4648 4643 -711
4648 4648 906
4649 4644 331
4649 4649 498
4650 4645 -592
4650 4650 -60
4651 4646 -267
4651 4651 937
4652 4647 -207
4652 4652 855
4653 4648 239
4653 4653 -47
4654 4649 -861
4654 4654 -212
4655 4650 917
4655 4655 -554
4656 4651 844
4656 4656 -312
4657 4652 232
4657 4657 41
4658 4653 -853
4658 4658 981
4659 4654 -673
4659 4659 -491
4660 4655 504
4660 4660 -978
4661 4656 761
4661 4661 -863
4662 4657 -781
4662 4662 -86
4663 4658 520
4663 4663 373
4664 4659 -528
4664 4664 -859
4665 4660 -74
4665 4665 308
4666 4661 -149
4666 4666 -482
4667 4662 -225
4667 4667 458
4668 4663 326
4668 4668 501
4669 4664 871
4669 4669 520
4670 4665 -383
4670 4670 933
4671 4666 429
4671 4671 477
4672 4667 687
4672 4672 -630
4673 4668 -604
4673 4673 -72
4674 4669 -73
4674 4674 69
4675 4670 -302
4675 4675 801
4676 4671 -921
4676 4676 -787
4677 4672 -623
4677 4677 4
4678 4673 952
4678 4678 -289
4679 4674 303
4679 4679 -11
4680 4675 -773
4680 4680 -741
4681 4676 -547
4681 4681 -589
4682 4677 966
4682 4682 844
4683 4678 634
4683 4683 893
4684 4679 -948
4684 4684 34
4685 4680 -775
4685 4685 399
4686 4681 742
4686 4686 614
4687 4682 839
4687 4687 936
4688 4683 -358
4688 4688 -546
4689 4684 695
4689 4689 -982
4690 4685 821
4690 4690 842
4691 4686 -688
4691 4691 -922
4692 4687 -103
4692 4692 -788
4693 4688 828
4693 4693 62
4694 4689 -569
4694 4694 -468
4695 4690 777
4695 4695 193
4696 4691 -868
4696 4696 -616
4697 4692 -11
4697 4697 -594
4698 4693 -562
4698 4698 -662
4699 4694 -650
4699 4699 -783
4700 4695 745
4700 4700 -184
4701 4696 167
4701 4701 -203
4702 4697 -360
4702 4702 -391
4703 4698 -899
4703 4703 100
4704 4699 -211
4704 4704 -444
4705 4700 -261
4705 4705 923
4706 4701 546
4706 4706 -186
4707 4702 -573
4707 4707 10
4708 4703 -661
4708 4708 467
4709 4704 -50
4709 4709 -886
4710 4705 665
4710 4710 24
4711 4706 194
4711 4711 129
4712 4707 -354
4712 4712 -521
4713 4708 177
4713 4713 -21
4714 4709 627
4714 4714 -587
4715 4710 -535
4715 4715 -387
4716 4711 337
4716 4716 -430
4717 4712 -978
4717 4717 3
4718 4713 -895
4718 4718 569
4719 4714 -226
4719 4719 147
4720 4715 -806
4720 4720 764
4721 4716 -728
4721 4721 876
4722 4717 26
4722 4722 -644
4723 4718 -907
4723 4723 -169
4724 4719 -189
4724 4724 416
4725 4720 850
4725 4725 195
4726 4721 284
4726 4726 -375
4727 4722 -729
4727 4727 -163
4728 4723 -140
4728 4728 -397
4729 4724 -3
4729 4729 30
4730 4725 371
4730 4730 -675
4731 4726 676
4731 4731 969
4732 4727 -645
4732 4732 209
4733 4728 -213
4733 4733 -778
4734 4729 503
4734 4734 198
4735 4730 -998
4735 4735 -510
4736 4731 -325
4736 4736 118
4737 4732 860
4737 4737 918
4738 4733 907
4738 4738 -148
4739 4734 -558
4739 4739 20
4740 4735 -636
4740 4740 -682
4741 4736 -841
4741 4741 -858
4742 4737 -302
4742 4742 626
4743 4738 -577
4743 4743 424
4744 4739 -773
4744 4744 -16
4745 4740 797
4745 4745 -514
4746 4741 -301
4746 4746 918
4747 4742 -523
4747 4747 -869
4748 4743 739
4748 4748 29
4749 4744 -45
4749 4749 112
4750 4745 -937
4750 4750 422
4751 4746 -147
4751 4751 968
4752 4747 -303
4752 4752 -684
4753 4748 342
4753 4753 -632
4754 4749 -165
4754 4754 721
4755 4750 395
4755 4755 -705
4756 4751 -182
4756 4756 875
4757 4752 -687
4757 4757 478
4758 4753 -794
4758 4758 -373
4759 4754 280
4759 4759 165
4760 4755 312
4760 4760 -957
4761 4756 -888
4761 4761 -801
4762 4757 -97
4762 4762 -819
4763 4758 -269
4763 4763 726
4764 4759 -398
4764 4764 531
4765 4760 188
4765 4765 71
4766 4761 -974
4766 4766 -58
4767 4762 142
4767 4767 -111
4768 4763 -337
4768 4768 -691
4769 4764 925
4769 4769 668
4770 4765 -945
4770 4770 695
4771 4766 359
4771 4771 -696
4772 4767 473
4772 4772 -501
4773 4768 -421
4773 4773 187
4774 4769 -370
4774 4774 863
4775 4770 -166
4775 4775 -7
4776 4771 603
4776 4776 940
4777 4772 436
4777 4777 646
4778 4773 -420
4778 4778 892
4779 4774 -407
4779 4779 -444
4780 4775 -693
4780 4780 -402
4781 4776 674
4781 4781 -712
4782 4777 -397
4782 4782 970
4783 4778 807
4783 4783 29
4784 4779 994
4784 4784 -487
4785 4780 835
4785 4785 935
4786 4781 195
4786 4786 -220
4787 4782 705
4787 4787 322
4788 4783 242
4788 4788 -683
4789 4784 816
4789 4789 -729
4790 4785 349
4790 4790 173
4791 4786 -884
4791 4791 491
4792 4787 -559
4792 4792 -296
4793 4788 -608
4793 4793 187
4794 4789 340
4794 4794 46
4795 4790 505
4795 4795 -877
4796 4791 -239
4796 4796 966
4797 4792 767
4797 4797 -601
4798 4793 553
4798 4798 144
4799 4794 -987
4799 4799 -653
4800 4795 591
4800 4800 342
4801 4796 628
4801 4801 -651
4802 4797 644
4802 4802 942
4803 4798 517
4803 4803 -732
4804 4799 478
4804 4804 370
4805 4800 -936
4805 4805 586
4806 4801 208
4806 4806 479
4807 4802 -63
4807 4807 672
4808 4803 544
4808 4808 542
4809 4804 -594
4809 4809 334
4810 4805 -325
4810 4810 -566
4811 4806 -935
4811 4811 857
4812 4807 -928
4812 4812 -277
4813 4808 280
4813 4813 -202
4814 4809 -235
4814 4814 154
4815 4810 -263
4815 4815 325
4816 4811 368
4816 4816 924
4817 4812 668
4817 4817 277
4818 4813 774
4818 4818 560
4819 4814 206
4819 4819 433
4820 4815 956
4820 4820 -942
4821 4816 -976
4821 4821 -472
4822 4817 -333
4822 4822 175
4823 4818 516
4823 4823 -806
4824 4819 677
4824 4824 197
4825 4820 -255
4825 4825 -739
4826 4821 279
4826 4826 473
4827 4822 73
4827 4827 41
4828 4823 969
4828 4828 -930
4829 4824 227
4829 4829 -864
4830 4825 -351
4830 4830 -442
4831 4826 813
4831 4831 -915
4832 4827 -701
4832 4832 598
4833 4828 -227
4833 4833 -980
4834 4829 254
4834 4834 -686
4835 4830 362
4835 4835 479
4836 4831 567
4836 4836 -569
4837 4832 95
4837 4837 -768
4838 4833 917
4838 4838 -116
4839 4834 969
4839 4839 345
4840 4835 -464
4840 4840 485
4841 4836 690
4841 4841 667
4842 4837 700
4842 4842 -400
4843 4838 -464
4843 4843 472
4844 4839 -880
4844 4844 -107
4845 4840 580
4845 4845 116
4846 4841 -227
4846 4846 -168
4847 4842 -174
4847 4847 -423
4848 4843 554
4848 4848 288
4849 4844 -809
4849 4849 399
4850 4845 -878
4850 4850 377
4851 4846 -70
4851 4851 -937
4852 4847 362
4852 4852 -344
4853 4848 723
4853 4853 469
4854 4849 495
4854 4854 -174
4855 4850 983
4855 4855 403
4856 4851 -700
4856 4856 -400
4857 4852 552
4857 4857 614
4858 4853 770
4858 4858 -465
4859 4854 -229
4859 4859 -928
4860 4855 -786
4860 4860 54
4861 4856 676
4861 4861 268
4862 4857 -478
4862 4862 -690
4863 4858 565
4863 4863 -117
4864 4859 729
4864 4864 -785
4865 4860 -477
4865 4865 -185
4866 4861 -515
4866 4866 -544
4867 4862 -301
4867 4867 -724
4868 4863 642
4868 4868 -716
4869 4864 -214
4869 4869 -105
4870 4865 -109
4870 4870 309
4871 4866 -446
4871 4871 166
4872 4867 811
4872 4872 -241
4873 4868 603
4873 4873 477
4874 4869 275
4874 4874 -44
4875 4870 -657
4875 4875 -321
4876 4871 823
4876 4876 -762
4877 4872 -252
4877 4877 -557
4878 4873 956
4878 4878 529
4879 4874 424
4879 4879 -490
4880 4875 219
4880 4880 -134
4881 4876 -87
4881 4881 911
4882 4877 -72
4882 4882 -603
4883 4878 -279
4883 4883 839
4884 4879 236
4884 4884 -56
4885 4880 496
4885 4885 -710
4886 4881 849
4886 4886 -930
4887 4882 -772
4887 4887 495
4888 4883 984
4888 4888 -208
4889 4884 -921
4889 4889 -266
4890 4885 486
4890 4890 790
4891 4886 140
4891 4891 -750
4892 4887 -111
4892 4892 632
4893 4888 393
4893 4893 382
4894 4889 -671
4894 4894 268
4895 4890 839
4895 4895 -351
4896 4891 109
4896 4896 160
4897 4892 -741
4897 4897 81
4898 4893 -53
4898 4898 -87
4899 4894 -365
4899 4899 -767
4900 4895 -761
4900 4900 294
4901 4896 -944
4901 4901 367
4902 4897 -224
4902 4902 -334
4903 4898 787
4903 4903 268
4904 4899 -323
4904 4904 -750
4905 4900 -5
4905 4905 -23
4906 4901 669
4906 4906 -378
4907 4902 149
4907 4907 253
4908 4903 203
4908 4908 94
4909 4904 -440
4909 4909 -793
4910 4905 97
4910 4910 -709
4911 4906 458
4911 4911 -643
4912 4907 -591
4912 4912 885
4913 4908 -831
4913 4913 522
4914 4909 -455
4914 4914 -746
4915 4910 518
4915 4915 339
4916 4911 -580
4916 4916 -338
4917 4912 117
4917 4917 -109
4918 4913 90
4918 4918 381
4919 4914 -117
4919 4919 -970
4920 4915 -65
4920 4920 993
4921 4916 737
4921 4921 -795
4922 4917 -52
4922 4922 -317
4923 4918 -620
4923 4923 -711
4924 4919 631
4924 4924 794
4925 4920 -433
4925 4925 496
4926 4921 54
4926 4926 -719
4927 4922 -845
4927 4927 -482
4928 4923 -782
4928 4928 166
4929 4924 334
4929 4929 -199
4930 4925 819
4930 4930 350
4931 4926 -441
4931 4931 818
4932 4927 -598
4932 4932 -769
4933 4928 166
4933 4933 355
4934 4929 97
4934 4934 689
4935 4930 199
4935 4935 -528
4936 4931 234
4936 4936 160
4937 4932 -102
4937 4937 622
4938 4933 -277
4938 4938 651
4939 4934 533
4939 4939 -304
4940 4935 -7
4940 4940 -319
4941 4936 883
4941 4941 533
4942 4937 -793
4942 4942 116
4943 4938 652
4943 4943 -390
4944 4939 36
4944 4944 -177
4945 4940 523
4945 4945 -776
4946 4941 -567
4946 4946 -104
4947 4942 -574
4947 4947 -75
4948 4943 -772
4948 4948 -787
4949 4944 -683
4949 4949 667
4950 4945 -909
4950 4950 -576
4951 4946 -958
4951 4951 681
4952 4947 -916
4952 4952 829
4953 4948 -401
4953 4953 850
4954 4949 857
4954 4954 328
4955 4950 -867
4955 4955 624
4956 4951 568
4956 4956 732
4957 4952 533
4957 4957 -851
4958 4953 -562
4958 4958 51
4959 4954 209
4959 4959 -807
4960 4955 795
4960 4960 481
4961 4956 773
4961 4961 692
4962 4957 721
4962 4962 -553
4963 4958 -454
4963 4963 -55
4964 4959 -274
4964 4964 -656
4965 4960 -5
4965 4965 -141
4966 4961 -484
4966 4966 -557
4967 4962 -429
4967 4967 212
4968 4963 555
4968 4968 -736
4969 4964 910
4969 4969 9
4970 4965 267
4970 4970 -261
4971 4966 202
4971 4971 -109
4972 4967 -221
4972 4972 -912
4973 4968 -528
4973 4973 -400
4974 4969 -970
4974 4974 363
4975 4970 616
4975 4975 167
4976 4971 238
4976 4976 -698
4977 4972 73
4977 4977 899
4978 4973 -866
4978 4978 361
4979 4974 142
4979 4979 -231
4980 4975 -703
4980 4980 -242
4981 4976 953
4981 4981 638
4982 4977 627
4982 4982 247
4983 4978 -809
4983 4983 333
4984 4979 -924
4984 4984 122
4985 4980 608
4985 4985 845
4986 4981 -585
4986 4986 546
4987 4982 -421
4987 4987 254
4988 4983 842
4988 4988 -135
4989 4984 -696
4989 4989 -966
4990 4985 435
4990 4990 601
4991 4986 663
4991 4991 264
4992 4987 -411
4992 4992 877
4993 4988 233
4993 4993 -106
4994 4989 -812
4994 4994 -361
4995 4990 906
4995 4995 910
4996 4991 -467
4996 4996 -315
4997 4992 163
4997 4997 -221
4998 4993 243
4998 4998 -32
4999 4994 -529
4999 4999 916
5000 4995 754
5000 5000 582
5001 4996 -236
5001 5001 -396
5002 4997 875
5002 5002 676
5003 4998 514
5003 5003 275
5004 4999 -711
5004 5004 -110
5005 5000 -280
5005 5005 95
5006 5001 -269
5006 5006 588
5007 5002 -422
5007 5007 696
5008 5003 742
5008 5008 803
5009 5004 -27
5009 5009 -914
5010 5005 347
5010 5010 408
5011 5006 231
5011 5011 -952
5012 5007 -203
5012 5012 -569
5013 5008 365
5013 5013 516
5014 5009 617
5014 5014 -796
5015 5010 -135
5015 5015 -494
5016 5011 402
5016 5016 55
5017 5012 810
5017 5017 -181
5018 5013 -566
5018 5018 691
5019 5014 250
5019 5019 -928
5020 5015 -513
5020 5020 -855
5021 5016 277
5021 5021 853
5022 5017 81
5022 5022 -122
5023 5018 824
5023 5023 -14
5024 5019 398
5024 5024 -844
5025 5020 -901
5025 5025 26
5026 5021 -499
5026 5026 -475
5027 5022 -303
5027 5027 -508
5028 5023 -899
5028 5028 453
5029 5024 -722
5029 5029 283
5030 5025 516
5030 5030 -378
5031 5026 863
5031 5031 115
5032 5027 -506
5032 5032 -727
5033 5028 116
5033 5033 237
5034 5029 -509
5034 5034 -200
5035 5030 -229
5035 5035 10
5036 5031 -154
5036 5036 -725
5037 5032 -886
5037 5037 -290
5038 5033 -580
5038 5038 -548
5039 5034 -789
5039 5039 -152
5040 5035 -296
5040 5040 294
5041 5036 651
5041 5041 803
5042 5037 -295
5042 5042 179
5043 5038 953
5043 5043 -307
5044 5039 583
5044 5044 -605
5045 5040 543
5045 5045 425
5046 5041 -419
5046 5046 -92
5047 5042 27
5047 5047 44
5048 5043 902
5048 5048 181
5049 5044 -554
5049 5049 -799
5050 5045 -40
5050 5050 625
5051 5046 -321
5051 5051 -145
5052 5047 -468
5052 5052 8
5053 5048 -690
5053 5053 521
5054 5049 -751
5054 5054 450
5055 5050 -885
5055 5055 113
5056 5051 815
5056 5056 409
5057 5052 529
5057 5057 105
5058 5053 -600
5058 5058 -317
5059 5054 874
5059 5059 -218
5060 5055 -518
5060 5060 -953
5061 5056 819
5061 5061 -6
5062 5057 -120
5062 5062 -11
5063 5058 441
5063 5063 639
5064 5059 -261
5064 5064 584
5065 5060 -556
5065 5065 802
5066 5061 734
5066 5066 957
5067 5062 966
5067 5067 833
5068 5063 26
5068 5068 -686
5069 5064 -789
5069 5069 -933
5070 5065 907
5070 5070 286
5071 5066 -495
5071 5071 139
5072 5067 -743
5072 5072 241
5073 5068 722
5073 5073 -516
5074 5069 85
5074 5074 404
5075 5070 -71
5075 5075 -374
5076 5071 519
5076 5076 -654
5077 5072 -919
5077 5077 -306
5078 5073 -787
5078 5078 -768
5079 5074 -638
5079 5079 -954
5080 5075 905
5080 5080 -433
5081 5076 649
5081 5081 -581
5082 5077 800
5082 5082 135
5083 5078 924
5083 5083 389
5084 5079 495
5084 5084 137
5085 5080 322
5085 5085 528
5086 5081 -223
5086 5086 160
5087 5082 -560
5087 5087 -660
5088 5083 423
5088 5088 726
5089 5084 -724
5089 5089 112
5090 5085 1
5090 5090 160
5091 5086 497
5091 5091 158
5092 5087 -591
5092 5092 290
5093 5088 -201
5093 5093 -450
5094 5089 -280
5094 5094 798
5095 5090 -404
5095 5095 533
5096 5091 -993
5096 5096 -903
5097 5092 915
5097 5097 -537
5098 5093 743
5098 5098 153
5099 5094 916
5099 5099 65
5100 5095 -128
5100 5100 506
5101 5096 -456
5101 5101 605
5102 5097 -357
5102 5102 185
5103 5098 261
5103 5103 -514
5104 5099 -822
5104 5104 -847
5105 5100 391
5105 5105 -455
5106 5101 238
5106 5106 347
5107 5102 263
5107 5107 -560
5108 5103 -761
5108 5108 517
5109 5104 -33
5109 5109 -356
5110 5105 389
5110 5110 -35
5111 5106 -393
5111 5111 824
5112 5107 -280
5112 5112 87
5113 5108 -906
5113 5113 -557
5114 5109 -822
5114 5114 -330
5115 5110 -776
5115 5115 525
5116 5111 294
5116 5116 -425
5117 5112 634
5117 5117 -906
5118 5113 -533
5118 5118 227
5119 5114 268
5119 5119 878
5120 5115 836
5120 5120 94
5121 5116 506
5121 5121 785
5122 5117 611
5122 5122 921
5123 5118 216
5123 5123 -703
5124 5119 -628
5124 5124 191
5125 5120 418
5125 5125 -181
5126 5121 46
5126 5126 347
5127 5122 -26
5127 5127 -50
5128 5123 890
5128 5128 -187
5129 5124 90
5129 5129 -333
5130 5125 405
5130 5130 -244
5131 5126 -207
5131 5131 -940
5132 5127 -242
5132 5132 -13
5133 5128 -52
5133 5133 -553
5134 5129 884
5134 5134 522
5135 5130 -628
5135 5135 44
5136 5131 453
5136 5136 488
5137 5132 958
5137 5137 748
5138 5133 160
5138 5138 -572
5139 5134 -106
5139 5139 -59
5140 5135 417
5140 5140 602
5141 5136 488
5141 5141 126
5142 5137 -98
5142 5142 -599
5143 5138 -87
5143 5143 -422
5144 5139 -253
5144 5144 -593
5145 5140 296
5145 5145 767
5146 5141 852
5146 5146 -7
5147 5142 -880
5147 5147 135
5148 5143 -893
5148 5148 -82
5149 5144 -378
5149 5149 350
5150 5145 543
5150 5150 511
5151 5146 879
5151 5151 -53
5152 5147 680
5152 5152 -847
5153 5148 -649
5153 5153 323
5154 5149 589
5154 5154 429
5155 5150 -186
5155 5155 -185
5156 5151 498
5156 5156 -428
5157 5152 253
5157 5157 -569
5158 5153 606
5158 5158 -204
5159 5154 233
5159 5159 866
5160 5155 846
5160 5160 -205
5161 5156 530
5161 5161 472
5162 5157 602
5162 5162 740
5163 5158 -924
5163 5163 -784
5164 5159 840
5164 5164 -933
5165 5160 -400
5165 5165 -534
5166 5161 -695
5166 5166 -665
5167 5162 357
5167 5167 -308
5168 5163 -754
5168 5168 581
5169 5164 795
5169 5169 -157
5170 5165 799
5170 5170 -384
5171 5166 -717
5171 5171 -285
5172 5167 634
5172 5172 -754
5173 5168 -791
5173 5173 966
5174 5169 202
5174 5174 701
5175 5170 897
5175 5175 -93
5176 5171 -421
5176 5176 78
5177 5172 225
5177 5177 678
5178 5173 208
5178 5178 -399
5179 5174 -897
5179 5179 593
5180 5175 542
5180 5180 230
5181 5176 971
5181 5181 755
5182 5177 399
5182 5182 229
5183 5178 -212
5183 5183 60
5184 5179 -52
5184 5184 118
5185 5180 156
5185 5185 326
5186 5181 -235
5186 5186 -708
5187 5182 -483
5187 5187 681
5188 5183 3
5188 5188 310
5189 5184 757
5189 5189 930
5190 5185 -110
5190 5190 363
5191 5186 -769
5191 5191 -260
5192 5187 317
5192 5192 -675
5193 5188 612
5193 5193 -875
5194 5189 923
5194 5194 -796
5195 5190 -235
5195 5195 -181
5196 5191 -409
5196 5196 664
5197 5192 280
5197 5197 493
5198 5193 -325
5198 5198 410
5199 5194 794
5199 5199 -806
5200 5195 -199
5200 5200 -64
5201 5196 104
5201 5201 -157
5202 5197 288
5202 5202 -665
5203 5198 -222
5203 5203 -131
5204 5199 306
5204 5204 692
5205 5200 694
5205 5205 -251
5206 5201 -908
5206 5206 343
5207 5202 89
5207 5207 -900
5208 5203 678
5208 5208 824
5209 5204 -516
5209 5209 -649
5210 5205 828
5210 5210 -408
5211 5206 65
5211 5211 -887
5212 5207 167
5212 5212 -966
5213 5208 -639
5213 5213 536
5214 5209 239
5214 5214 271
5215 5210 -965
5215 5215 604
5216 5211 658
5216 5216 659
5217 5212 663
5217 5217 -736
5218 5213 191
5218 5218 827
5219 5214 356
5219 5219 502
5220 5215 529
5220 5220 911
5221 5216 445
5221 5221 -843
5222 5217 -242
5222 5222 891
5223 5218 -36
5223 5223 1
5224 5219 172
5224 5224 921
5225 5220 -53
5225 5225 -674
5226 5221 750
5226 5226 -261
5227 5222 491
5227 5227 174
5228 5223 -130
5228 5228 -777
5229 5224 350
5229 5229 802
5230 5225 -58
5230 5230 -925
5231 5226 923
5231 5231 775
5232 5227 540
5232 5232 -71
5233 5228 119
5233 5233 -570
5234 5229 618
5234 5234 -299
5235 5230 780
5235 5235 -264
5236 5231 -622
5236 5236 792
5237 5232 404
5237 5237 -625
5238 5233 -363
5238 5238 -421
5239 5234 -636
5239 5239 -584
5240 5235 509
5240 5240 -799
5241 5236 287
5241 5241 -733
5242 5237 656
5242 5242 -196
5243 5238 -627
5243 5243 -678
5244 5239 862
5244 5244 445
5245 5240 -461
5245 5245 -871
5246 5241 -889
5246 5246 -637
5247 5242 -539
5247 5247 148
5248 5243 280
5248 5248 -162
5249 5244 -613
5249 5249 -246
5250 5245 -453
5250 5250 -303
5251 5246 -270
5251 5251 -54
5252 5247 -183
5252 5252 481
5253 5248 337
5253 5253 256
5254 5249 318
5254 5254 -114
5255 5250 -602
5255 5255 45
5256 5251 686
5256 5256 -518
5257 5252 -767
5257 5257 350
5258 5253 874
5258 5258 376
5259 5254 979
5259 5259 -806
5260 5255 709
5260 5260 -300
5261 5256 394
5261 5261 -645
5262 5257 -836
5262 5262 -155
5263 5258 -287
5263 5263 -365
5264 5259 654
5264 5264 -105
5265 5260 950
5265 5265 -139
5266 5261 -324
5266 5266 90
5267 5262 123
5267 5267 -722
5268 5263 356
5268 5268 -435
5269 5264 -613
5269 5269 284
5270 5265 -307
5270 5270 633
5271 5266 647
5271 5271 -833
5272 5267 -788
5272 5272 -318
5273 5268 -754
5273 5273 871
5274 5269 284
5274 5274 -935
5275 5270 786
5275 5275 607
5276 5271 -841
5276 5276 -18
5277 5272 692
5277 5277 619
5278 5273 210
5278 5278 492
5279 5274 -247
5279 5279 -248
5280 5275 566
5280 5280 729
5281 5276 -847
5281 5281 668
5282 5277 812
5282 5282 -294
5283 5278 -464
5283 5283 676
5284 5279 -163
5284 5284 -345
5285 5280 789
5285 5285 878
5286 5281 -625
5286 5286 -663
5287 5282 322
5287 5287 632
5288 5283 -780
5288 5288 -719
5289 5284 -681
5289 5289 -690
5290 5285 198
5290 5290 -524
5291 5286 -787
5291 5291 -793
5292 5287 132
5292 5292 -504
5293 5288 746
5293 5293 -227
5294 5289 307
5294 5294 -721
5295 5290 284
5295 5295 194
5296 5291 -846
5296 5296 -770
5297 5292 -733
5297 5297 374
5298 5293 641
5298 5298 217
5299 5294 -286
5299 5299 23
5300 5295 41
5300 5300 -685
5301 5296 116
5301 5301 -62
5302 5297 -683
5302 5302 -182
5303 5298 -739
5303 5303 684
5304 5299 862
5304 5304 -541
5305 5300 -973
5305 5305 -703
5306 5301 619
5306 5306 491
5307 5302 -336
5307 5307 -165
5308 5303 -381
5308 5308 -189
5309 5304 -564
5309 5309 -899
5310 5305 -32
5310 5310 -742
5311 5306 -240
5311 5311 262
5312 5307 -723
5312 5312 -899
5313 5308 -141
5313 5313 678
5314 5309 348
5314 5314 -628
5315 5310 -412
5315 5315 448
5316 5311 -807
5316 5316 -818
5317 5312 -695
5317 5317 635
5318 5313 556
5318 5318 -296
5319 5314 -475
5319 5319 277
5320 5315 -81
5320 5320 807
5321 5316 -362
5321 5321 -227
5322 5317 366
5322 5322 -800
5323 5318 786
5323 5323 24
5324 5319 -899
5324 5324 709
5325 5320 -590
5325 5325 -304
5326 5321 -64
5326 5326 -915
5327 5322 -295
5327 5327 903
5328 5323 46
5328 5328 -776
5329 5324 887
5329 5329 8
5330 5325 111
5330 5330 -818
5331 5326 908
5331 5331 -848
5332 5327 -552
5332 5332 -994
5333 5328 -387
5333 5333 734
5334 5329 -107
5334 5334 -107
5335 5330 -923
5335 5335 577
5336 5331 37
5336 5336 714
5337 5332 -329
5337 5337 158
5338 5333 411
5338 5338 -942
5339 5334 893
5339 5339 975
5340 5335 599
5340 5340 707
5341 5336 548
5341 5341 837
5342 5337 701
5342 5342 188
5343 5338 872
5343 5343 886
5344 5339 71
5344 5344 -30
5345 5340 -952
5345 5345 -511
5346 5341 -864
5346 5346 -922
5347 5342 267
5347 5347 -486
5348 5343 -962
5348 5348 338
5349 5344 631
5349 5349 -431
5350 5345 543
5350 5350 594
5351 5346 197
5351 5351 -241
5352 5347 -93
5352 5352 659
5353 5348 644
5353 5353 396
5354 5349 781
5354 5354 374
5355 5350 992
5355 5355 817
5356 5351 356
5356 5356 513
5357 5352 567
5357 5357 -291
5358 5353 -346
5358 5358 677
5359 5354 968
5359 5359 465
5360 5355 -491
5360 5360 929
5361 5356 48
5361 5361 850
5362 5357 903
5362 5362 -522
5363 5358 686
5363 5363 166
5364 5359 -130
5364 5364 -935
5365 5360 -471
5365 5365 -69
5366 5361 431
5366 5366 -709
5367 5362 -63
5367 5367 316
5368 5363 -902
5368 5368 205
5369 5364 622
5369 5369 52
5370 5365 945
5370 5370 -532
5371 5366 -758
5371 5371 967
5372 5367 191
5372 5372 -824
5373 5368 -636
5373 5373 -877
5374 5369 -727
5374 5374 243
5375 5370 457
5375 5375 258
5376 5371 -306
5376 5376 173
5377 5372 -157
5377 5377 555
5378 5373 632
5378 5378 656
5379 5374 -114
5379 5379 -716
5380 5375 30
5380 5380 -485
5381 5376 -679
5381 5381 610
5382 5377 -949
5382 5382 343
5383 5378 -676
5383 5383 -869
5384 5379 -904
5384 5384 692
5385 5380 49
5385 5385 -607
5386 5381 -62
5386 5386 -184
5387 5382 64
5387 5387 -864
5388 5383 -422
5388 5388 310
5389 5384 746
5389 5389 531
5390 5385 366
5390 5390 357
5391 5386 -885
5391 5391 519
5392 5387 -616
5392 5392 816
5393 5388 166
5393 5393 -548
5394 5389 -32
5394 5394 651
5395 5390 351
5395 5395 741
5396 5391 57
5396 5396 657
5397 5392 -529
5397 5397 170
5398 5393 666
5398 5398 42
5399 5394 -126
5399 5399 -185
5400 5395 657
5400 5400 -435
5401 5396 -319
5401 5401 -393
5402 5397 153
5402 5402 -467
5403 5398 -145
5403 5403 796
5404 5399 319
5404 5404 331
5405 5400 -422
5405 5405 -686
5406 5401 -924
5406 5406 -703
5407 5402 735
5407 5407 590
5408 5403 25
5408 5408 -549
5409 5404 315
5409 5409 664
5410 5405 479
5410 5410 -744
5411 5406 241
5411 5411 -44
5412 5407 970
5412 5412 -763
5413 5408 175
5413 5413 -430
5414 5409 -815
5414 5414 -657
5415 5410 512
5415 5415 -539
5416 5411 734
5416 5416 320
5417 5412 -510
5417 5417 397
5418 5413 -64
5418 5418 844
5419 5414 433
5419 5419 858
5420 5415 959
5420 5420 -630
5421 5416 -418
5421 5421 856
5422 5417 383
5422 5422 838
5423 5418 -963
5423 5423 134
5424 5419 814
5424 5424 -215
5425 5420 -992
5425 5425 491
5426 5421 -112
5426 5426 -471
5427 5422 -474
5427 5427 -895
5428 5423 -269
5428 5428 690
5429 5424 -555
5429 5429 776
5430 5425 -206
5430 5430 316
5431 5426 -703
5431 5431 -123
5432 5427 650
5432 5432 -485
5433 5428 656
5433 5433 -650
5434 5429 -518
5434 5434 111
5435 5430 701
5435 5435 181
5436 5431 244
5436 5436 966
5437 5432 -999
5437 5437 -960
5438 5433 -422
5438 5438 -208
5439 5434 -250
5439 5439 -817
5440 5435 226
5440 5440 727
5441 5436 -714
5441 5441 535
5442 5437 -136
5442 5442 -837
5443 5438 119
5443 5443 657
5444 5439 -137
5444 5444 218
5445 5440 -766
5445 5445 115
5446 5441 -449
5446 5446 946
5447 5442 -15
5447 5447 -808
5448 5443 948
5448 5448 919
5449 5444 -578
5449 5449 231
5450 5445 737
5450 5450 -399
5451 5446 865
5451 5451 -927
5452 5447 -581
5452 5452 578
5453 5448 -809
5453 5453 -435
5454 5449 -598
5454 5454 -827
5455 5450 -60
5455 5455 389
5456 5451 413
5456 5456 -625
5457 5452 918
5457 5457 -204
5458 5453 838
5458 5458 301
5459 5454 888
5459 5459 360
5460 5455 76
5460 5460 -577
5461 5456 -457
5461 5461 490
5462 5457 -651
5462 5462 -909
5463 5458 794
5463 5463 -86
5464 5459 949
5464 5464 940
5465 5460 -680
5465 5465 320
5466 5461 -803
5466 5466 222
5467 5462 -832
5467 5467 366
5468 5463 817
5468 5468 716
5469 5464 817
5469 5469 -849
5470 5465 -491
5470 5470 270
5471 5466 -395
5471 5471 984
5472 5467 813
5472 5472 -969
5473 5468 -727
5473 5473 -475
5474 5469 -685
5474 5474 734
5475 5470 -122
5475 5475 901
5476 5471 -849
5476 5476 248
5477 5472 714
5477 5477 839
5478 5473 -496
5478 5478 -655
5479 5474 107
5479 5479 626
5480 5475 -302
5480 5480 643
5481 5476 -398
5481 5481 608
5482 5477 907
5482 5482 306
5483 5478 -406
5483 5483 9
5484 5479 344
5484 5484 -589
5485 5480 535
5485 5485 -741
5486 5481 -170
5486 5486 439
5487 5482 995
5487 5487 235
5488 5483 -121
5488 5488 -348
5489 5484 -649
5489 5489 127
5490 5485 357
5490 5490 720
5491 5486 -546
5491 5491 415
5492 5487 511
5492 5492 620
5493 5488 145
5493 5493 96
5494 5489 -132
5494 5494 877
5495 5490 766
5495 5495 701
5496 5491 243
5496 5496 -53
5497 5492 -180
5497 5497 -845
5498 5493 32
5498 5498 788
5499 5494 -127
5499 5499 -218
5500 5495 850
5500 5500 971
5501 5496 -541
5501 5501 -370
5502 5497 -891
5502 5502 878
5503 5498 -698
5503 5503 211
5504 5499 -272
5504 5504 646
5505 5500 -284
5505 5505 -931
5506 5501 -471
5506 5506 845
5507 5502 719
5507 5507 -269
5508 5503 216
5508 5508 734
5509 5504 -947
5509 5509 -574
5510 5505 106
5510 5510 -205
5511 5506 470
5511 5511 486
5512 5507 226
5512 5512 -810
5513 5508 93
5513 5513 -711
5514 5509 536
5514 5514 -389
5515 5510 -489
5515 5515 -981
5516 5511 274
5516 5516 74
5517 5512 -129
5517 5517 436
5518 5513 211
5518 5518 395
5519 5514 252
5519 5519 861
5520 5515 -540
5520 5520 771
5521 5516 127
5521 5521 109
5522 5517 171
5522 5522 -589
5523 5518 -509
5523 5523 -717
5524 5519 -586
5524 5524 992
5525 5520 -567
5525 5525 39
5526 5521 882
5526 5526 257
5527 5522 -619
5527 5527 -815
5528 5523 78
5528 5528 225
5529 5524 -120
5529 5529 601
5530 5525 34
5530 5530 460
5531 5526 -106
5531 5531 883
5532 5527 -242
5532 5532 729
5533 5528 997
5533 5533 495
5534 5529 205
5534 5534 2
5535 5530 -596
5535 5535 -738
5536 5531 666
5536 5536 333
5537 5532 909
5537 5537 -201
5538 5533 287
5538 5538 -432
5539 5534 -556
5539 5539 -392
5540 5535 -716
5540 5540 -267
5541 5536 -606
5541 5541 -917
5542 5537 -793
5542 5542 -655
5543 5538 -402
5543 5543 -319
5544 5539 -538
5544 5544 410
5545 5540 -84
5545 5545 -949
5546 5541 -615
5546 5546 -951
5547 5542 -425
5547 5547 514
5548 5543 181
5548 5548 -217
5549 5544 191
5549 5549 249
5550 5545 -125
5550 5550 435
5551 5546 441
5551 5551 -134
5552 5547 800
5552 5552 -113
5553 5548 -408
5553 5553 410
5554 5549 -470
5554 5554 -867
5555 5550 482
5555 5555 884
5556 5551 -718
5556 5556 -789
5557 5552 100
5557 5557 -741
5558 5553 -879
5558 5558 -975
5559 5554 879
5559 5559 -276
5560 5555 438
5560 5560 -140
5561 5556 -874
5561 5561 -966
5562 5557 -518
5562 5562 -352
5563 5558 -799
5563 5563 -358
5564 5559 633
5564 5564 616
5565 5560 413
5565 5565 366
5566 5561 578
5566 5566 -690
5567 5562 341
5567 5567 26
5568 5563 393
5568 5568 800
5569 5564 -146
5569 5569 471
5570 5565 -14
5570 5570 -28
5571 5566 366
5571 5571 -913
5572 5567 -291
5572 5572 272
5573 5568 -636
5573 5573 999
5574 5569 467
5574 5574 -875
5575 5570 322
5575 5575 -222
5576 5571 57
5576 5576 -574
5577 5572 -38
5577 5577 517
5578 5573 -42
5578 5578 -450
5579 5574 189
5579 5579 -466
5580 5575 732
5580 5580 374
5581 5576 -525
5581 5581 -413
5582 5577 541
5582 5582 -730
5583 5578 -282
5583 5583 -637
5584 5579 106
5584 5584 755
5585 5580 180
5585 5585 524
5586 5581 458
5586 5586 133
5587 5582 164
5587 5587 714
5588 5583 -562
5588 5588 -981
5589 5584 -522
5589 5589 678
5590 5585 -952
5590 5590 -205
5591 5586 -213
5591 5591 223
5592 5587 -838
5592 5592 -290
5593 5588 52
5593 5593 -275
5594 5589 -577
5594 5594 -519
5595 5590 -640
5595 5595 -4
5596 5591 -289
5596 5596 664
5597 5592 711
5597 5597 -273
5598 5593 639
5598 5598 747
5599 5594 720
5599 5599 -266
5600 5595 695
5600 5600 -628
5601 5596 231
5601 5601 412
5602 5597 -227
5602 5602 -832
5603 5598 894
5603 5603 986
5604 5599 515
5604 5604 -386
5605 5600 828
5605 5605 -194
5606 5601 -116
5606 5606 11
5607 5602 -219
5607 5607 270
5608 5603 371
5608 5608 -128
5609 5604 -356
5609 5609 533
5610 5605 38
5610 5610 675
5611 5606 -325
5611 5611 -80
5612 5607 131
5612 5612 -673
5613 5608 644
5613 5613 825
5614 5609 240
5614 5614 991
5615 5610 462
5615 5615 674
5616 5611 585
5616 5616 910
5617 5612 -721
5617 5617 947
5618 5613 257
5618 5618 -780
5619 5614 -331
5619 5619 863
5620 5615 112
5620 5620 -244
5621 5616 -82
5621 5621 225
5622 5617 -697
5622 5622 -402
5623 5618 580
5623 5623 84
5624 5619 995
5624 5624 -278
5625 5620 248
5625 5625 -766
5626 5621 -670
5626 5626 226
5627 5622 -321
5627 5627 924
5628 5623 274
5628 5628 -590
5629 5624 -968
5629 5629 146
5630 5625 934
5630 5630 181
5631 5626 -585
5631 5631 837
5632 5627 -830
5632 5632 -844
5633 5628 991
5633 5633 -630
5634 5629 -679
5634 5634 -678
5635 5630 -785
5635 5635 292
5636 5631 330
5636 5636 705
5637 5632 -377
5637 5637 -39
5638 5633 800
5638 5638 -360
5639 5634 -697
5639 5639 941
5640 5635 -613
5640 5640 -435
5641 5636 162
5641 5641 -813
5642 5637 -258
5642 5642 612
5643 5638 -536
5643 5643 496
5644 5639 811
5644 5644 -206
5645 5640 -28
5645 5645 -575
5646 5641 -53
5646 5646 -638
5647 5642 228
5647 5647 727
5648 5643 -789
5648 5648 -788
5649 5644 -137
5649 5649 -6
5650 5645 -759
5650 5650 -423
5651 5646 -668
5651 5651 -10
5652 5647 -647
5652 5652 -527
5653 5648 761
5653 5653 -493
5654 5649 -441
5654 5654 841
5655 5650 652
5655 5655 509
5656 5651 114
5656 5656 90
5657 5652 14
5657 5657 426
5658 5653 364
5658 5658 -799
5659 5654 -631
5659 5659 9
5660 5655 -239
5660 5660 -431
5661 5656 -531
5661 5661 -482
5662 5657 403
5662 5662 850
5663 5658 585
5663 5663 -240
5664 5659 55
5664 5664 861
5665 5660 -191
5665 5665 -869
5666 5661 278
5666 5666 -26
5667 5662 356
5667 5667 983
5668 5663 656
5668 5668 -757
5669 5664 116
5669 5669 468
5670 5665 -690
5670 5670 -341
5671 5666 -303
5671 5671 -849
5672 5667 -242
5672 5672 211
5673 5668 -752
5673 5673 -798
5674 5669 442
5674 5674 495
5675 5670 449
5675 5675 261
5676 5671 -421
5676 5676 200
5677 5672 -147
5677 5677 -278
5678 5673 -96
5678 5678 428
5679 5674 65
5679 5679 840
5680 5675 82
5680 5680 305
5681 5676 665
5681 5681 987
5682 5677 -669
5682 5682 -797
5683 5678 88
5683 5683 -290
5684 5679 561
5684 5684 942
5685 5680 197
5685 5685 -938
5686 5681 758
5686 5686 -828
5687 5682 206
5687 5687 -164
5688 5683 64
5688 5688 616
5689 5684 778
5689 5689 446
5690 5685 -462
5690 5690 517
5691 5686 776
5691 5691 -64
5692 5687 -784
5692 5692 -781
5693 5688 328
5693 5693 503
5694 5689 -943
5694 5694 -389
5695 5690 -468
5695 5695 550
5696 5691 126
5696 5696 -161
5697 5692 37
5697 5697 95
5698 5693 -407
5698 5698 551
5699 5694 -168
5699 5699 770
5700 5695 291
5700 5700 580
5701 5696 991
5701 5701 -63
5702 5697 -353
5702 5702 -33
5703 5698 -958
5703 5703 -81
5704 5699 -403
5704 5704 829
5705 5700 -939
5705 5705 -329
5706 5701 -357
5706 5706 -598
5707 5702 679
5707 5707 118
5708 5703 -303
5708 5708 -175
5709 5704 -502
5709 5709 463
5710 5705 -802
5710 5710 -712
5711 5706 -147
5711 5711 239
5712 5707 688
5712 5712 -670
5713 5708 -728
5713 5713 -826
5714 5709 -593
5714 5714 -430
5715 5710 -207
5715 5715 -197
5716 5711 -637
5716 5716 668
5717 5712 782
5717 5717 -428
5718 5713 -42
5718 5718 -779
5719 5714 162
5719 5719 -870
5720 5715 -229
5720 5720 466
5721 5716 -498
5721 5721 -698
5722 5717 -671
5722 5722 -767
5723 5718 -188
5723 5723 717
5724 5719 721
5724 5724 701
5725 5720 23
5725 5725 -292
5726 5721 645
5726 5726 309
5727 5722 -723
5727 5727 168
5728 5723 82
5728 5728 -674
5729 5724 245
5729 5729 -475
5730 5725 -651
5730 5730 87
5731 5726 -686
5731 5731 732
5732 5727 -108
5732 5732 497
5733 5728 -700
5733 5733 4
5734 5729 -937
5734 5734 855
5735 5730 -377
5735 5735 -872
5736 5731 -214
5736 5736 832
5737 5732 -806
5737 5737 239
5738 5733 -336
5738 5738 504
5739 5734 806
5739 5739 -85
5740 5735 11
5740 5740 474
5741 5736 -270
5741 5741 -662
5742 5737 -457
5742 5742 674
5743 5738 52
5743 5743 -692
5744 5739 713
5744 5744 804
5745 5740 -260
5745 5745 -316
5746 5741 52
5746 5746 219
5747 5742 -297
5747 5747 372
5748 5743 151
5748 5748 -313
5749 5744 573
5749 5749 -984
5750 5745 -740
5750 5750 -400
5751 5746 -45
5751 5751 263
5752 5747 995
5752 5752 131
5753 5748 -663
5753 5753 -21
5754 5749 -948
5754 5754 -949
5755 5750 583
5755 5755 39
5756 5751 -194
5756 5756 157
5757 5752 -360
5757 5757 547
5758 5753 781
5758 5758 464
5759 5754 -449
5759 5759 -545
5760 5755 -88
5760 5760 -741
5761 5756 -150
5761 5761 -971
5762 5757 -27
5762 5762 375
5763 5758 -256
5763 5763 -211
5764 5759 269
5764 5764 24
5765 5760 480
5765 5765 337
5766 5761 911
5766 5766 -951
5767 5762 971
5767 5767 -782
5768 5763 724
5768 5768 -8
5769 5764 -822
5769 5769 -543
5770 5765 -653
5770 5770 -928
5771 5766 745
5771 5771 349
5772 5767 700
5772 5772 713
5773 5768 793
5773 5773 -343
5774 5769 597
5774 5774 911
5775 5770 -621
5775 5775 -178
5776 5771 372
5776 5776 -250
5777 5772 642
5777 5777 -188
5778 5773 144
5778 5778 -900
5779 5774 229
5779 5779 83
5780 5775 537
5780 5780 -295
5781 5776 302
5781 5781 -116
5782 5777 -74
5782 5782 -703
5783 5778 -789
5783 5783 972
5784 5779 -617
5784 5784 -684
5785 5780 292
5785 5785 -853
5786 5781 -676
5786 5786 -663
5787 5782 -931
5787 5787 -315
5788 5783 -658
5788 5788 333
5789 5784 979
5789 5789 979
5790 5785 -169
5790 5790 689
5791 5786 -129
5791 5791 -701
5792 5787 -626
5792 5792 775
5793 5788 -188
5793 5793 -30
5794 5789 69
5794 5794 -567
5795 5790 695
5795 5795 368
5796 5791 -595
5796 5796 580
5797 5792 682
5797 5797 696
5798 5793 1
5798 5798 -479
5799 5794 692
5799 5799 -865
5800 5795 -873
5800 5800 -92
5801 5796 560
5801 5801 595
5802 5797 -651
5802 5802 -664
5803 5798 -52
5803 5803 326
5804 5799 752
5804 5804 -723
5805 5800 839
5805 5805 -75
5806 5801 813
5806 5806 541
5807 5802 -185
5807 5807 264
5808 5803 520
5808 5808 -536
5809 5804 -91
5809 5809 -932
5810 5805 -504
5810 5810 -253
5811 5806 -653
5811 5811 -507
5812 5807 -724
5812 5812 -877
5813 5808 -382
5813 5813 -489
5814 5809 -670
5814 5814 146
5815 5810 275
5815 5815 263
5816 5811 212
5816 5816 69
5817 5812 -602
5817 5817 -634
5818 5813 843
5818 5818 214
5819 5814 -909
5819 5819 138
5820 5815 -725
5820 5820 -959
5821 5816 252
5821 5821 238
5822 5817 614
5822 5822 613
5823 5818 62
5823 5823 199
5824 5819 188
5824 5824 442
5825 5820 -42
5825 5825 -507
5826 5821 847
5826 5826 -195
5827 5822 810
5827 5827 -653
5828 5823 961
5828 5828 523
5829 5824 -358
5829 5829 99
5830 5825 -442
5830 5830 -15
5831 5826 225
5831 5831 -384
5832 5827 -114
5832 5832 925
5833 5828 897
5833 5833 971
5834 5829 -301
5834 5834 -98
5835 5830 966
5835 5835 24
5836 5831 64
5836 5836 -819
5837 5832 507
5837 5837 -946
5838 5833 -101
5838 5838 529
5839 5834 -544
5839 5839 865
5840 5835 651
5840 5840 705
5841 5836 216
5841 5841 328
5842 5837 -875
5842 5842 -880
5843 5838 -963
5843 5843 240
5844 5839 -385
5844 5844 -192
5845 5840 -530
5845 5845 -678
5846 5841 405
5846 5846 -390
5847 5842 -444
5847 5847 -805
5848 5843 -436
5848 5848 -99
5849 5844 234
5849 5849 -743
5850 5845 20
5850 5850 -743
5851 5846 358
5851 5851 -665
5852 5847 423
5852 5852 -325
5853 5848 702
5853 5853 -867
5854 5849 -624
5854 5854 498
5855 5850 -620
5855 5855 -156
5856 5851 157
5856 5856 -496
5857 5852 56
5857 5857 307
5858 5853 -203
5858 5858 -415
5859 5854 -453
5859 5859 -622
5860 5855 -876
5860 5860 389
5861 5856 -343
5861 5861 218
5862 5857 -619
5862 5862 -776
5863 5858 -339
5863 5863 864
5864 5859 393
5864 5864 -310
5865 5860 -41
5865 5865 -950
5866 5861 345
5866 5866 -103
5867 5862 1
5867 5867 -177
5868 5863 150
5868 5868 608
5869 5864 -520
5869 5869 -221
5870 5865 -907
5870 5870 -995
5871 5866 -71
5871 5871 589
5872 5867 246
5872 5872 -955
5873 5868 -328
5873 5873 752
5874 5869 222
5874 5874 -870
5875 5870 10
5875 5875 -562
5876 5871 282
5876 5876 646
5877 5872 -400
5877 5877 519
5878 5873 275
5878 5878 -68
5879 5874 462
5879 5879 -792
5880 5875 560
5880 5880 -845
5881 5876 836
5881 5881 -730
5882 5877 378
5882 5882 151
5883 5878 -83
5883 5883 -412
5884 5879 -34
5884 5884 703
5885 5880 -701
5885 5885 -662
5886 5881 -304
5886 5886 -587
5887 5882 681
5887 5887 -262
5888 5883 782
5888 5888 693
5889 5884 898
5889 5889 -227
5890 5885 44
5890 5890 755
5891 5886 182
5891 5891 768
5892 5887 502
5892 5892 284
5893 5888 -297
5893 5893 -584
5894 5889 876
5894 5894 510
5895 5890 -493
5895 5895 37
5896 5891 -257
5896 5896 657
5897 5892 -425
5897 5897 582
5898 5893 543
5898 5898 895
5899 5894 -460
5899 5899 -387
5900 5895 -311
5900 5900 309
5901 5896 -438
5901 5901 651
5902 5897 745
5902 5902 -180
5903 5898 -351
5903 5903 220
5904 5899 -611
5904 5904 387
5905 5900 175
5905 5905 -366
5906 5901 -172
5906 5906 -120
5907 5902 416
5907 5907 761
5908 5903 -955
5908 5908 217
5909 5904 328
5909 5909 301
5910 5905 187
5910 5910 -299
5911 5906 -969
5911 5911 -330
5912 5907 -568
5912 5912 -17
5913 5908 -748
5913 5913 -697
5914 5909 -34
5914 5914 -729
5915 5910 221
5915 5915 118
5916 5911 575
5916 5916 -396
5917 5912 -699
5917 5917 -497
5918 5913 -477
5918 5918 988
5919 5914 -295
5919 5919 -221
5920 5915 -202
5920 5920 -675
5921 5916 -261
5921 5921 -72
5922 5917 -839
5922 5922 285
5923 5918 12
5923 5923 917
5924 5919 -819
5924 5924 850
5925 5920 842
5925 5925 734
5926 5921 975
5926 5926 51
5927 5922 387
5927 5927 211
5928 5923 -490
5928 5928 407
5929 5924 -6
5929 5929 675
5930 5925 180
5930 5930 -782
5931 5926 214
5931 5931 -574
5932 5927 874
5932 5932 380
5933 5928 -309
5933 5933 -764
5934 5929 -373
5934 5934 203
5935 5930 -741
5935 5935 -153
5936 5931 -326
5936 5936 -838
5937 5932 890
5937 5937 -747
5938 5933 484
5938 5938 -887
5939 5934 -891
5939 5939 488
5940 5935 527
5940 5940 599
5941 5936 -26
5941 5941 -292
5942 5937 393
5942 5942 352
5943 5938 254
5943 5943 -189
5944 5939 383
5944 5944 239
5945 5940 -56
5945 5945 14
5946 5941 585
5946 5946 423
5947 5942 -973
5947 5947 -308
5948 5943 600
5948 5948 427
5949 5944 232
5949 5949 -591
5950 5945 982
5950 5950 -639
5951 5946 604
5951 5951 -739
5952 5947 -37
5952 5952 -554
5953 5948 -217
5953 5953 985
5954 5949 984
5954 5954 197
5955 5950 -541
5955 5955 10
5956 5951 350
5956 5956 -317
5957 5952 736
5957 5957 -851
5958 5953 -811
5958 5958 830
5959 5954 428
5959 5959 -233
5960 5955 -861
5960 5960 867
5961 5956 902
5961 5961 -872
5962 5957 55
5962 5962 564
5963 5958 -382
5963 5963 -656
5964 5959 708
5964 5964 -538
5965 5960 806
5965 5965 888
5966 5961 565
5966 5966 916
5967 5962 -349
5967 5967 281
5968 5963 -349
5968 5968 318
5969 5964 535
5969 5969 -692
5970 5965 -481
5970 5970 -160
5971 5966 407
5971 5971 894
5972 5967 310
5972 5972 -790
5973 5968 -895
5973 5973 -595
5974 5969 82
5974 5974 -338
5975 5970 62
5975 5975 590
5976 5971 43
5976 5976 715
5977 5972 -629
5977 5977 -810
5978 5973 479
5978 5978 508
5979 5974 436
5979 5979 259
5980 5975 -626
5980 5980 -263
5981 5976 965
5981 5981 -428
5982 5977 -753
5982 5982 -791
5983 5978 564
5983 5983 891
5984 5979 -987
5984 5984 419
5985 5980 -801
5985 5985 -394
5986 5981 435
5986 5986 -976
5987 5982 180
5987 5987 -558
5988 5983 -665
5988 5988 992
5989 5984 210
5989 5989 124
5990 5985 -225
5990 5990 -10
5991 5986 827
5991 5991 -250
5992 5987 -140
5992 5992 -797
5993 5988 731
5993 5993 604
5994 5989 -331
5994 5994 101
5995 5990 -89
5995 5995 -793
5996 5991 -613
5996 5996 83
5997 5992 -846
5997 5997 -230
5998 5993 -836
5998 5998 -665
5999 5994 709
5999 5999 362
6000 5995 557
6000 6000 999
6001 5996 275
6001 6001 734
6002 5997 603
6002 6002 -196
6003 5998 -363
6003 6003 -294
6004 5999 461
6004 6004 313
6005 6000 -681
6005 6005 -936
6006 6001 -491
6006 6006 544
6007 6002 430
6007 6007 -292
6008 6003 429
6008 6008 -31
6009 6004 -292
6009 6009 139
6010 6005 -147
6010 6010 417
6011 6006 -552
6011 6011 -487
6012 6007 357
6012 6012 903
6013 6008 -834
6013 6013 -826
6014 6009 677
6014 6014 -84
6015 6010 -721
6015 6015 -68
6016 6011 -879
6016 6016 649
6017 6012 892
6017 6017 460
6018 6013 454
6018 6018 376
6019 6014 -873
6019 6019 288
6020 6015 258
6020 6020 545
6021 6016 -441
6021 6021 -874
6022 6017 294
6022 6022 494
6023 6018 -249
6023 6023 -355
6024 6019 -320
6024 6024 -327
6025 6020 -907
6025 6025 -838
6026 6021 100
6026 6026 -925
6027 6022 907
6027 6027 788
6028 6023 973
6028 6028 907
6029 6024 -21
6029 6029 -106
6030 6025 -429
6030 6030 757
6031 6026 -802
6031 6031 286
6032 6027 -98
6032 6032 242
6033 6028 80
6033 6033 -937
6034 6029 -908
6034 6034 895
6035 6030 476
6035 6035 403
6036 6031 -722
6036 6036 474
6037 6032 -708
6037 6037 -814
6038 6033 -554
6038 6038 245
6039 6034 -573
6039 6039 -44
6040 6035 -312
6040 6040 37
6041 6036 730
6041 6041 -639
6042 6037 578
6042 6042 -758
6043 6038 668
6043 6043 -925
6044 6039 -556
6044 6044 -147
6045 6040 471
6045 6045 -442
6046 6041 32
6046 6046 14
6047 6042 666
6047 6047 -1
6048 6043 -318
6048 6048 -674
6049 6044 -762
6049 6049 180
6050 6045 -40
6050 6050 -715
6051 6046 249
6051 6051 361
6052 6047 -720
6052 6052 757
6053 6048 -205
6053 6053 -231
6054 6049 142
6054 6054 961
6055 6050 91
6055 6055 94
6056 6051 298
6056 6056 -810
6057 6052 419
6057 6057 148
6058 6053 724
6058 6058 95
6059 6054 63
6059 6059 -608
6060 6055 19
6060 6060 979
6061 6056 -647
6061 6061 -202
6062 6057 -2
6062 6062 -181
6063 6058 -878
6063 6063 -105
6064 6059 16
6064 6064 839
6065 6060 -553
6065 6065 824
6066 6061 -517
6066 6066 669
6067 6062 -930
6067 6067 925
6068 6063 -668
6068 6068 184
6069 6064 -896
6069 6069 942
6070 6065 -272
6070 6070 616
6071 6066 -337
6071 6071 -196
6072 6067 -290
6072 6072 -977
6073 6068 -868
6073 6073 925
6074 6069 742
6074 6074 -816
6075 6070 133
6075 6075 410
6076 6071 -77
6076 6076 889
6077 6072 -923
6077 6077 491
6078 6073 848
6078 6078 -573
6079 6074 -616
6079 6079 -248
6080 6075 -505
6080 6080 677
6081 6076 -993
6081 6081 -582
6082 6077 764
6082 6082 -814
6083 6078 172
6083 6083 -936
6084 6079 290
6084 6084 972
6085 6080 149
6085 6085 873
6086 6081 -380
6086 6086 114
6087 6082 498
6087 6087 -199
6088 6083 690
6088 6088 -140
6089 6084 906
6089 6089 -883
6090 6085 -322
6090 6090 638
6091 6086 353
6091 6091 49
6092 6087 -771
6092 6092 -93
6093 6088 -285
6093 6093 633
6094 6089 -360
6094 6094 -181
6095 6090 817
6095 6095 117
6096 6091 501
6096 6096 758
6097 6092 -811
6097 6097 -445
6098 6093 331
6098 6098 396
6099 6094 -22
6099 6099 -403
6100 6095 -629
6100 6100 -743
6101 6096 -460
6101 6101 -610
6102 6097 -703
6102 6102 -550
6103 6098 -729
6103 6103 -992
6104 6099 171
6104 6104 486
6105 6100 130
6105 6105 968
6106 6101 212
6106 6106 -402
6107 6102 577
6107 6107 193
6108 6103 862
6108 6108 158
6109 6104 -376
6109 6109 -315
6110 6105 -278
6110 6110 -334
6111 6106 238
6111 6111 494
6112 6107 -724
6112 6112 382
6113 6108 -924
6113 6113 160
6114 6109 -320
6114 6114 -530
6115 6110 24
6115 6115 398
6116 6111 -689
6116 6116 199
6117 6112 482
6117 6117 166
6118 6113 -928
6118 6118 -586
6119 6114 501
6119 6119 585
6120 6115 343
6120 6120 234
6121 6116 -881
6121 6121 -537
6122 6117 768
6122 6122 529
6123 6118 122
6123 6123 633
6124 6119 17
6124 6124 59
6125 6120 569
6125 6125 -425
6126 6121 633
6126 6126 -275
6127 6122 29
6127 6127 -82
6128 6123 688
6128 6128 -571
6129 6124 805
6129 6129 -527
6130 6125 -106
6130 6130 384
6131 6126 365
6131 6131 694
6132 6127 -260
6132 6132 796
6133 6128 -854
6133 6133 -872
6134 6129 325
6134 6134 76
6135 6130 -700
6135 6135 -814
6136 6131 978
6136 6136 880
6137 6132 -274
6137 6137 -608
6138 6133 -482
6138 6138 -896
6139 6134 159
6139 6139 -463
6140 6135 -149
6140 6140 -634
6141 6136 -579
6141 6141 281
6142 6137 -880
6142 6142 976
6143 6138 306
6143 6143 291
6144 6139 456
6144 6144 -940
6145 6140 -172
6145 6145 803
6146 6141 -962
6146 6146 -501
6147 6142 475
6147 6147 19
6148 6143 450
6148 6148 -22
6149 6144 481
6149 6149 663
6150 6145 -100
6150 6150 -646
6151 6146 -153
6151 6151 173
6152 6147 315
6152 6152 504
6153 6148 506
6153 6153 964
6154 6149 480
6154 6154 199
6155 6150 860
6155 6155 -946
6156 6151 997
6156 6156 -540
6157 6152 -140
6157 6157 -164
6158 6153 -644
6158 6158 -232
6159 6154 -146
6159 6159 -275
6160 6155 46
6160 6160 989
6161 6156 98
6161 6161 -865
6162 6157 291
6162 6162 -764
6163 6158 652
6163 6163 -370
6164 6159 -340
6164 6164 -889
6165 6160 814
6165 6165 -746
6166 6161 -850
6166 6166 114
6167 6162 -855
6167 6167 592
6168 6163 -579
6168 6168 781
6169 6164 963
6169 6169 894
6170 6165 952
6170 6170 386
6171 6166 -753
6171 6171 -993
6172 6167 243
6172 6172 -665
6173 6168 -968
6173 6173 481
6174 6169 713
6174 6174 514
6175 6170 -114
6175 6175 -281
6176 6171 -12
6176 6176 278
6177 6172 134
6177 6177 314
6178 6173 747
6178 6178 307
6179 6174 53
6179 6179 -866
6180 6175 512
6180 6180 888
6181 6176 -596
6181 6181 619
6182 6177 453
6182 6182 -901
6183 6178 -719
6183 6183 975
6184 6179 256
6184 6184 -269
6185 6180 -731
6185 6185 -307
6186 6181 -842
6186 6186 -286
6187 6182 -381
6187 6187 379
6188 6183 -653
6188 6188 662
6189 6184 -487
6189 6189 -248
6190 6185 -11
6190 6190 625
6191 6186 45
6191 6191 -202
6192 6187 -479
6192 6192 -75
6193 6188 252
6193 6193 373
6194 6189 -565
6194 6194 -916
6195 6190 -474
6195 6195 260
6196 6191 -796
6196 6196 -19
6197 6192 -773
6197 6197 -189
6198 6193 -458
6198 6198 455
6199 6194 96
6199 6199 -204
6200 6195 216
6200 6200 724
6201 6196 847
6201 6201 904
6202 6197 627
6202 6202 861
6203 6198 892
6203 6203 -5
6204 6199 -910
6204 6204 -266
6205 6200 366
6205 6205 -374
6206 6201 684
6206 6206 -742
6207 6202 -241
6207 6207 -579
6208 6203 -888
6208 6208 -958
6209 6204 -477
6209 6209 -52
6210 6205 284
6210 6210 343
6211 6206 -306
6211 6211 -416
6212 6207 326
6212 6212 -107
6213 6208 -960
6213 6213 -974
6214 6209 -162
6214 6214 645
6215 6210 519
6215 6215 -66
6216 6211 75
6216 6216 -522
6217 6212 -689
6217 6217 -411
6218 6213 -906
6218 6218 -269
6219 6214 415
6219 6219 476
6220 6215 428
6220 6220 -286
6221 6216 46
6221 6221 -904
6222 6217 833
6222 6222 -273
6223 6218 398
6223 6223 65
6224 6219 451
6224 6224 697
6225 6220 -410
6225 6225 -736
6226 6221 -6
6226 6226 -325
6227 6222 -34
6227 6227 536
6228 6223 744
6228 6228 -425
6229 6224 471
6229 6229 958
6230 6225 462
6230 6230 -112
6231 6226 445
6231 6231 756
6232 6227 -775
6232 6232 252
6233 6228 -902
6233 6233 -606
6234 6229 -470
6234 6234 -574
6235 6230 -28
6235 6235 -212
6236 6231 292
6236 6236 999
6237 6232 -834
6237 6237 -515
6238 6233 798
6238 6238 -625
6239 6234 -415
6239 6239 556
6240 6235 -765
6240 6240 -379
6241 6236 -968
6241 6241 -329
6242 6237 -990
6242 6242 -953
6243 6238 343
6243 6243 -724
6244 6239 -898
6244 6244 175
6245 6240 740
6245 6245 941
6246 6241 -128
6246 6246 796
6247 6242 -369
6247 6247 -560
6248 6243 256
6248 6248 -598
6249 6244 -741
6249 6249 259
6250 6245 -776
6250 6250 547
6251 6246 -301
6251 6251 132
6252 6247 403
6252 6252 -957
6253 6248 352
6253 6253 24
6254 6249 -599
6254 6254 -739
6255 6250 881
6255 6255 320
6256 6251 -25
6256 6256 466
6257 6252 -379
6257 6257 653
6258 6253 841
6258 6258 -102
6259 6254 321
6259 6259 -179
6260 6255 -423
6260 6260 -989
6261 6256 351
6261 6261 -973
6262 6257 811
6262 6262 -82
6263 6258 369
6263 6263 -663
6264 6259 -173
6264 6264 490
6265 6260 -585
6265 6265 412
6266 6261 29
6266 6266 586
6267 6262 569
6267 6267 -945
6268 6263 701
6268 6268 -397
6269 6264 -50
6269 6269 -600
6270 6265 162
6270 6270 819
6271 6266 -455
6271 6271 435
6272 6267 42
6272 6272 -301
6273 6268 964
6273 6273 -523
6274 6269 -429
6274 6274 -385
6275 6270 524
6275 6275 -836
6276 6271 430
6276 6276 -468
6277 6272 80
6277 6277 -636
6278 6273 979
6278 6278 -82
6279 6274 -890
6279 6279 -353
6280 6275 917
6280 6280 754
6281 6276 -207
6281 6281 463
6282 6277 -712
6282 6282 -602
6283 6278 -217
6283 6283 221
6284 6279 493
6284 6284 -225
6285 6280 258
6285 6285 356
6286 6281 841
6286 6286 -937
6287 6282 125
6287 6287 541
6288 6283 -167
6288 6288 -473
6289 6284 408
6289 6289 -260
6290 6285 -771
6290 6290 -818
6291 6286 -998
6291 6291 53
6292 6287 -193
6292 6292 188
6293 6288 -24
6293 6293 -633
6294 6289 781
6294 6294 -22
6295 6290 848
6295 6295 -558
6296 6291 -147
6296 6296 301
6297 6292 -990
6297 6297 863
6298 6293 -466
6298 6298 170
6299 6294 194
6299 6299 -485
6300 6295 546
6300 6300 -795
6301 6296 744
6301 6301 -493
6302 6297 -193
6302 6302 492
6303 6298 -822
6303 6303 -766
6304 6299 119
6304 6304 910
6305 6300 697
6305 6305 -979
6306 6301 -51
6306 6306 -338
6307 6302 -270
6307 6307 -320
6308 6303 40
6308 6308 169
6309 6304 -841
6309 6309 434
6310 6305 -171
6310 6310 257
6311 6306 -107
6311 6311 -306
6312 6307 -622
6312 6312 -248
6313 6308 438
6313 6313 248
6314 6309 -946
6314 6314 223
6315 6310 -920
6315 6315 -320
6316 6311 331
6316 6316 -373
6317 6312 -790
6317 6317 717
6318 6313 -960
6318 6318 247
6319 6314 31
6319 6319 -438
6320 6315 -989
6320 6320 -623
6321 6316 -1
6321 6321 867
6322 6317 -162
6322 6322 871
6323 6318 -781
6323 6323 -278
6324 6319 121
6324 6324 945
6325 6320 -547
6325 6325 -647
6326 6321 366
6326 6326 -495
6327 6322 -437
6327 6327 421
6328 6323 192
6328 6328 -364
6329 6324 959
6329 6329 441
6330 6325 793
6330 6330 295
6331 6326 -743
6331 6331 -950
6332 6327 -520
6332 6332 466
6333 6328 -57
6333 6333 -600
6334 6329 752
6334 6334 134
6335 6330 195
6335 6335 -224
6336 6331 647
6336 6336 -747
6337 6332 670
6337 6337 560
6338 6333 16
6338 6338 345
6339 6334 -566
6339 6339 -572
6340 6335 -677
6340 6340 348
6341 6336 300
6341 6341 683
6342 6337 683
6342 6342 -657
6343 6338 68
6343 6343 -935
6344 6339 641
6344 6344 -211
6345 6340 -553
6345 6345 755
6346 6341 2
6346 6346 -992
6347 6342 995
6347 6347 -588
6348 6343 -334
6348 6348 -123
6349 6344 503
6349 6349 106
6350 6345 180
6350 6350 -753
6351 6346 -194
6351 6351 27
6352 6347 662
6352 6352 -446
6353 6348 865
6353 6353 109
6354 6349 -558
6354 6354 -409
6355 6350 946
6355 6355 195
6356 6351 948
6356 6356 329
6357 6352 -661
6357 6357 -556
6358 6353 -211
6358 6358 -370
6359 6354 495
6359 6359 -277
6360 6355 697
6360 6360 34
6361 6356 -444
6361 6361 -219
6362 6357 752
6362 6362 -609
6363 6358 647
6363 6363 988
6364 6359 -793
6364 6364 914
6365 6360 515
6365 6365 666
6366 6361 580
6366 6366 403
6367 6362 585
6367 6367 6
6368 6363 10
6368 6368 796
6369 6364 561
6369 6369 512
6370 6365 -846
6370 6370 585
6371 6366 61
6371 6371 -167
6372 6367 919
6372 6372 -556
6373 6368 549
6373 6373 -101
6374 6369 446
6374 6374 -761
6375 6370 300
6375 6375 -443
6376 6371 -787
6376 6376 -456
6377 6372 -705
6377 6377 584
6378 6373 -667
6378 6378 -912
6379 6374 860
6379 6379 -676
6380 6375 216
6380 6380 -965
6381 6376 -21
6381 6381 -133
6382 6377 45
6382 6382 77
6383 6378 -892
6383 6383 648
6384 6379 143
6384 6384 -156
6385 6380 599
6385 6385 104
6386 6381 167
6386 6386 -344
6387 6382 305
6387 6387 580
6388 6383 -900
6388 6388 -295
6389 6384 -310
6389 6389 889
6390 6385 -436
6390 6390 -278
6391 6386 713
6391 6391 -425
6392 6387 85
6392 6392 471
6393 6388 -296
6393 6393 849
6394 6389 -219
6394 6394 -972
6395 6390 304
6395 6395 210
6396 6391 111
6396 6396 244
6397 6392 -492
6397 6397 -56
6398 6393 698
6398 6398 -208
6399 6394 493
6399 6399 114
6400 6395 89
6400 6400 468
6401 6396 -46
6401 6401 -483
6402 6397 -501
6402 6402 -834
6403 6398 986
6403 6403 -424
6404 6399 502
6404 6404 -985
6405 6400 -206
6405 6405 -860
6406 6401 -361
6406 6406 134
6407 6402 -68
6407 6407 -252
6408 6403 -251
6408 6408 -339
6409 6404 890
6409 6409 37
6410 6405 982
6410 6410 287
6411 6406 -581
6411 6411 172
6412 6407 -667
6412 6412 -315
6413 6408 -471
6413 6413 885
6414 6409 224
6414 6414 344
6415 6410 -194
6415 6415 -428
6416 6411 155
6416 6416 -971
6417 6412 163
6417 6417 -529
6418 6413 401
6418 6418 552
6419 6414 -655
6419 6419 670
6420 6415 10
6420 6420 721
6421 6416 293
6421 6421 169
6422 6417 727
6422 6422 -431
6423 6418 510
6423 6423 -721
6424 6419 572
6424 6424 225
6425 6420 627
6425 6425 -314
6426 6421 -988
6426 6426 -974
6427 6422 441
6427 6427 -448
6428 6423 65
6428 6428 531
6429 6424 -588
6429 6429 887
6430 6425 -578
6430 6430 406
6431 6426 -295
6431 6431 -612
6432 6427 -708
6432 6432 -594
6433 6428 990
6433 6433 -128
6434 6429 586
6434 6434 546
6435 6430 992
6435 6435 -984
6436 6431 -210
6436 6436 968
6437 6432 -364
6437 6437 241
6438 6433 -586
6438 6438 86
6439 6434 -26
6439 6439 -555
6440 6435 -158
6440 6440 -703
6441 6436 377
6441 6441 305
6442 6437 -357
6442 6442 133
6443 6438 -971
6443 6443 972
6444 6439 907
6444 6444 510
6445 6440 735
6445 6445 9
6446 6441 886
6446 6446 667
6447 6442 909
6447 6447 201
6448 6443 -414
6448 6448 -514
6449 6444 449
6449 6449 380
6450 6445 -613
6450 6450 299
6451 6446 -609
6451 6451 174
6452 6447 -548
6452 6452 416
6453 6448 -387
6453 6453 -239
6454 6449 654
6454 6454 344
6455 6450 264
6455 6455 445
6456 6451 -482
6456 6456 -980
6457 6452 578
6457 6457 -709
6458 6453 692
6458 6458 546
6459 6454 271
6459 6459 177
6460 6455 432
6460 6460 -203
6461 6456 -475
6461 6461 871
6462 6457 21
6462 6462 80
6463 6458 634
6463 6463 -204
6464 6459 -797
6464 6464 -709
6465 6460 -425
6465 6465 -361
6466 6461 645
6466 6466 192
6467 6462 -34
6467 6467 699
6468 6463 778
6468 6468 -341
6469 6464 -215
6469 6469 905
6470 6465 -6
6470 6470 -31
6471 6466 251
6471 6471 -267
6472 6467 -641
6472 6472 -189
6473 6468 -682
6473 6473 -303
6474 6469 -396
6474 6474 786
6475 6470 613
6475 6475 -991
6476 6471 -862
6476 6476 892
6477 6472 -471
6477 6477 -225
6478 6473 -439
6478 6478 865
6479 6474 -433
6479 6479 391
6480 6475 -37
6480 6480 642
6481 6476 -514
6481 6481 728
6482 6477 484
6482 6482 70
6483 6478 -436
6483 6483 -855
6484 6479 963
6484 6484 -48
6485 6480 -614
6485 6485 572
6486 6481 274
6486 6486 41
6487 6482 -461
6487 6487 -442
6488 6483 -53
6488 6488 856
6489 6484 624
6489 6489 317
6490 6485 -98
6490 6490 560
6491 6486 612
6491 6491 -784
6492 6487 917
6492 6492 -789
6493 6488 -336
6493 6493 -677
6494 6489 644
6494 6494 -704
6495 6490 -260
6495 6495 -556
6496 6491 98
6496 6496 -282
6497 6492 920
6497 6497 191
6498 6493 757
6498 6498 -869
6499 6494 784
6499 6499 -234
6500 6495 -203
6500 6500 -113
6501 6496 89
6501 6501 -790
6502 6497 406
6502 6502 -595
6503 6498 979
6503 6503 406
6504 6499 -458
6504 6504 -676
6505 6500 -802
6505 6505 -408
6506 6501 288
6506 6506 273
6507 6502 109
6507 6507 332
6508 6503 596
6508 6508 892
6509 6504 -119
6509 6509 279
6510 6505 -265
6510 6510 -385
6511 6506 875
6511 6511 1
6512 6507 975
6512 6512 988
6513 6508 203
6513 6513 -977
6514 6509 609
6514 6514 -398
6515 6510 -126
6515 6515 -402
6516 6511 818
6516 6516 -93
6517 6512 408
6517 6517 367
6518 6513 -632
6518 6518 -108
6519 6514 551
6519 6519 476
6520 6515 -178
6520 6520 -454
6521 6516 492
6521 6521 270
6522 6517 -436
6522 6522 -583
6523 6518 43
6523 6523 993
6524 6519 651
6524 6524 -165
6525 6520 65
6525 6525 -477
6526 6521 188
6526 6526 926
6527 6522 847
6527 6527 98
6528 6523 124
6528 6528 -678
6529 6524 -579
6529 6529 916
6530 6525 740
6530 6530 865
6531 6526 104
6531 6531 -616
6532 6527 992
6532 6532 664
6533 6528 -233
6533 6533 -97
6534 6529 354
6534 6534 425
6535 6530 628
6535 6535 784
6536 6531 -690
6536 6536 -310
6537 6532 87
6537 6537 -701
6538 6533 645
6538 6538 -334
6539 6534 -807
6539 6539 280
6540 6535 529
6540 6540 -70
6541 6536 54
6541 6541 771
6542 6537 -518
6542 6542 -493
6543 6538 -629
6543 6543 -460
6544 6539 650
6544 6544 696
6545 6540 499
6545 6545 276
6546 6541 -88
6546 6546 -530
6547 6542 304
6547 6547 -432
6548 6543 -66
6548 6548 -91
6549 6544 -459
6549 6549 490
6550 6545 465
6550 6550 955
6551 6546 -283
6551 6551 79
6552 6547 -413
6552 6552 -733
6553 6548 -471
6553 6553 984
6554 6549 -900
6554 6554 689
6555 6550 -879
6555 6555 -499
6556 6551 476
6556 6556 -913
6557 6552 -552
6557 6557 -773
6558 6553 432
6558 6558 -807
6559 6554 -429
6559 6559 -480
6560 6555 80
6560 6560 946
6561 6556 754
6561 6561 -442
6562 6557 931
6562 6562 -555
6563 6558 -40
6563 6563 -45
6564 6559 812
6564 6564 -63
6565 6560 309
6565 6565 185
6566 6561 390
6566 6566 179
6567 6562 487
6567 6567 553
6568 6563 -706
6568 6568 449
6569 6564 -76
6569 6569 -922
6570 6565 -45
6570 6570 -287
6571 6566 589
6571 6571 919
6572 6567 633
6572 6572 986
6573 6568 -536
6573 6573 348
6574 6569 -571
6574 6574 946
6575 6570 -659
6575 6575 -640
6576 6571 -527
6576 6576 -158
6577 6572 168
6577 6577 -829
6578 6573 985
6578 6578 -17
6579 6574 192
6579 6579 -857
6580 6575 -663
6580 6580 702
6581 6576 21
6581 6581 -598
6582 6577 -106
6582 6582 -455
6583 6578 902
6583 6583 226
6584 6579 794
6584 6584 339
6585 6580 60
6585 6585 -106
6586 6581 -328
6586 6586 611
6587 6582 -514
6587 6587 571
6588 6583 68
6588 6588 -609
6589 6584 317
6589 6589 431
6590 6585 -677
6590 6590 217
6591 6586 -612
6591 6591 487
6592 6587 -36
6592 6592 -712
6593 6588 462
6593 6593 -367
6594 6589 441
6594 6594 176
6595 6590 -781
6595 6595 -505
6596 6591 -669
6596 6596 983
6597 6592 -21
6597 6597 168
6598 6593 912
6598 6598 -335
6599 6594 921
6599 6599 408
6600 6595 223
6600 6600 -629
6601 6596 791
6601 6601 862
6602 6597 370
6602 6602 -697
6603 6598 588
6603 6603 382
6604 6599 437
6604 6604 266
6605 6600 127
6605 6605 -635
6606 6601 -305
6606 6606 46
6607 6602 -563
6607 6607 -685
6608 6603 -77
6608 6608 316
6609 6604 835
6609 6609 -542
6610 6605 -575
6610 6610 -958
6611 6606 -124
6611 6611 -827
6612 6607 387
6612 6612 32
6613 6608 758
6613 6613 -889
6614 6609 -164
6614 6614 135
6615 6610 722
6615 6615 -580
6616 6611 -529
6616 6616 574
6617 6612 -740
6617 6617 -634
6618 6613 136
6618 6618 -274
6619 6614 528
6619 6619 39
6620 6615 188
6620 6620 -47
6621 6616 -415
6621 6621 89
6622 6617 47
6622 6622 -658
6623 6618 914
6623 6623 427
6624 6619 334
6624 6624 334
6625 6620 -12
6625 6625 377
6626 6621 -71
6626 6626 -333
6627 6622 -368
6627 6627 962
6628 6623 951
6628 6628 484
6629 6624 941
6629 6629 37
6630 6625 485
6630 6630 -996
6631 6626 174
6631 6631 24
6632 6627 967
6632 6632 591
6633 6628 -530
6633 6633 -930
6634 6629 768
6634 6634 -666
6635 6630 350
6635 6635 555
6636 6631 547
6636 6636 -452
6637 6632 674
6637 6637 -240
6638 6633 -79
6638 6638 -319
6639 6634 325
6639 6639 503
6640 6635 694
6640 6640 -608
6641 6636 -398
6641 6641 -660
6642 6637 810
6642 6642 498
6643 6638 -700
6643 6643 826
6644 6639 657
6644 6644 934
6645 6640 401
6645 6645 601
6646 6641 614
6646 6646 519
6647 6642 -756
6647 6647 415
6648 6643 830
6648 6648 -542
6649 6644 -227
6649 6649 -798
6650 6645 934
6650 6650 390
6651 6646 982
6651 6651 912
6652 6647 451
6652 6652 660
6653 6648 409
6653 6653 -226
6654 6649 426
6654 6654 -863
6655 6650 826
6655 6655 -447
6656 6651 704
6656 6656 -112
6657 6652 362
6657 6657 933
6658 6653 864
6658 6658 -413
6659 6654 -447
6659 6659 673
6660 6655 -506
6660 6660 533
6661 6656 297
6661 6661 -411
6662 6657 442
6662 6662 -792
6663 6658 950
6663 6663 41
6664 6659 980
6664 6664 -63
6665 6660 846
6665 6665 865
6666 6661 -869
6666 6666 336
6667 6662 440
6667 6667 599
6668 6663 -617
6668 6668 179
6669 6664 -357
6669 6669 379
6670 6665 281
6670 6670 -717
6671 6666 -792
6671 6671 310
6672 6667 -799
6672 6672 -362
6673 6668 507
6673 6673 -829
6674 6669 -130
6674 6674 830
6675 6670 693
6675 6675 938
6676 6671 -478
6676 6676 -913
6677 6672 45
6677 6677 -195
6678 6673 -358
6678 6678 889
6679 6674 -371
6679 6679 -826
6680 6675 -71
6680 6680 439
6681 6676 541
6681 6681 634
6682 6677 -529
6682 6682 -962
6683 6678 -892
6683 6683 389
6684 6679 455
6684 6684 -855
6685 6680 -880
6685 6685 -680
6686 6681 182
6686 6686 514
6687 6682 941
6687 6687 -274
6688 6683 -448
6688 6688 -148
6689 6684 -83
6689 6689 729
6690 6685 -355
6690 6690 -17
6691 6686 585
6691 6691 -279
6692 6687 687
6692 6692 870
6693 6688 -17
6693 6693 386
6694 6689 236
6694 6694 -902
6695 6690 -554
6695 6695 -585
6696 6691 -787
6696 6696 -125
6697 6692 -521
6697 6697 -984
6698 6693 -118
6698 6698 834
6699 6694 -443
6699 6699 744
6700 6695 890
6700 6700 -229
6701 6696 524
6701 6701 613
6702 6697 731
6702 6702 -12
6703 6698 -725
6703 6703 434
6704 6699 -618
6704 6704 142
6705 6700 -745
6705 6705 580
6706 6701 -163
6706 6706 377
6707 6702 84
6707 6707 -342
6708 6703 37
6708 6708 155
6709 6704 409
6709 6709 -582
6710 6705 -632
6710 6710 -5
6711 6706 913
6711 6711 288
6712 6707 994
6712 6712 521
6713 6708 532
6713 6713 318
6714 6709 474
6714 6714 205
6715 6710 -664
6715 6715 -884
6716 6711 -520
6716 6716 668
6717 6712 -216
6717 6717 -94
6718 6713 -532
6718 6718 908
6719 6714 776
6719 6719 253
6720 6715 106
6720 6720 925
6721 6716 -267
6721 6721 812
6722 6717 544
6722 6722 -688
6723 6718 962
6723 6723 596
6724 6719 -204
6724 6724 -463
6725 6720 796
6725 6725 -774
6726 6721 885
6726 6726 618
6727 6722 288
6727 6727 520
6728 6723 622
6728 6728 -34
6729 6724 795
6729 6729 -888
6730 6725 293
6730 6730 362
6731 6726 -69
6731 6731 483
6732 6727 -598
6732 6732 192
6733 6728 680
6733 6733 195
6734 6729 -396
6734 6734 -315
6735 6730 909
6735 6735 -891
6736 6731 -661
6736 6736 193
6737 6732 -246
6737 6737 979
6738 6733 -799
6738 6738 29
6739 6734 164
6739 6739 -663
6740 6735 728
6740 6740 -556
6741 6736 74
6741 6741 685
6742 6737 194
6742 6742 189
6743 6738 567
6743 6743 -89
6744 6739 935
6744 6744 755
6745 6740 -148
6745 6745 -745
6746 6741 -75
6746 6746 227
6747 6742 -967
6747 6747 -816
6748 6743 -283
6748 6748 456
6749 6744 259
6749 6749 -823
6750 6745 -341
6750 6750 -586
6751 6746 -113
6751 6751 277
6752 6747 384
6752 6752 -268
6753 6748 774
6753 6753 -343
6754 6749 122
6754 6754 -845
6755 6750 826
6755 6755 618
6756 6751 337
6756 6756 678
6757 6752 541
6757 6757 -809
6758 6753 1
6758 6758 -682
6759 6754 848
6759 6759 -806
6760 6755 -319
6760 6760 -576
6761 6756 29
6761 6761 -153
6762 6757 911
6762 6762 -293
6763 6758 661
6763 6763 511
6764 6759 348
6764 6764 -19
6765 6760 -254
6765 6765 398
6766 6761 -656
6766 6766 -14
6767 6762 -410
6767 6767 785
6768 6763 951
6768 6768 -102
6769 6764 -524
6769 6769 -394
6770 6765 565
6770 6770 -290
6771 6766 673
6771 6771 -137
6772 6767 470
6772 6772 140
6773 6768 -795
6773 6773 -863
6774 6769 739
6774 6774 -948
6775 6770 479
6775 6775 -355
6776 6771 -968
6776 6776 -482
6777 6772 -845
6777 6777 505
6778 6773 964
6778 6778 -592
6779 6774 -744
6779 6779 742
6780 6775 -674
6780 6780 949
6781 6776 571
6781 6781 44
6782 6777 -934
6782 6782 880
6783 6778 79
6783 6783 509
6784 6779 916
6784 6784 -285
6785 6780 -295
6785 6785 53
6786 6781 -486
6786 6786 -159
6787 6782 -856
6787 6787 -474
6788 6783 -747
6788 6788 606
6789 6784 186
6789 6789 249
6790 6785 -112
6790 6790 565
6791 6786 942
6791 6791 -536
6792 6787 459
6792 6792 -105
6793 6788 145
6793 6793 176
6794 6789 969
6794 6794 -941
6795 6790 -37
6795 6795 -256
6796 6791 -547
6796 6796 -891
6797 6792 418
6797 6797 764
6798 6793 807
6798 6798 -653
6799 6794 -602
6799 6799 877
6800 6795 940
6800 6800 -729
6801 6796 -300
6801 6801 -459
6802 6797 198
6802 6802 -820
6803 6798 503
6803 6803 51
6804 6799 -918
6804 6804 732
6805 6800 -375
6805 6805 654
6806 6801 -369
6806 6806 -586
6807 6802 7
6807 6807 -652
6808 6803 -387
6808 6808 32
6809 6804 -307
6809 6809 -650
6810 6805 512
6810 6810 344
6811 6806 164
6811 6811 -380
6812 6807 -949
6812 6812 -815
6813 6808 -764
6813 6813 -350
6814 6809 -194
6814 6814 733
6815 6810 780
6815 6815 887
6816 6811 566
6816 6816 -21
6817 6812 804
6817 6817 -492
6818 6813 932
6818 6818 -234
6819 6814 -514
6819 6819 -609
6820 6815 -664
6820 6820 476
6821 6816 -864
6821 6821 216
6822 6817 694
6822 6822 145
6823 6818 449
6823 6823 -998
6824 6819 -369
6824 6824 235
6825 6820 -44
6825 6825 -219
6826 6821 -913
6826 6826 -649
6827 6822 448
6827 6827 971
6828 6823 -201
6828 6828 -536
6829 6824 -162
6829 6829 -138
6830 6825 857
6830 6830 22
6831 6826 228
6831 6831 -850
6832 6827 -945
6832 6832 549
6833 6828 430
6833 6833 93
6834 6829 45
6834 6834 -591
6835 6830 441
6835 6835 -106
6836 6831 278
6836 6836 -106
6837 6832 -269
6837 6837 -411
6838 6833 857
6838 6838 -406
6839 6834 -743
6839 6839 896
6840 6835 872
6840 6840 530
6841 6836 973
6841 6841 459
6842 6837 -152
6842 6842 -94
6843 6838 85
6843 6843 -707
6844 6839 390
6844 6844 664
6845 6840 -706
6845 6845 415
6846 6841 157
6846 6846 -759
6847 6842 -873
6847 6847 -331
6848 6843 689
6848 6848 40
6849 6844 826
6849 6849 -542
6850 6845 -4
6850 6850 -500
6851 6846 -174
6851 6851 -490
6852 6847 448
6852 6852 -158
6853 6848 -181
6853 6853 -164
6854 6849 -73
6854 6854 -476
6855 6850 808
6855 6855 -113
6856 6851 623
6856 6856 -117
6857 6852 492
6857 6857 596
6858 6853 -608
6858 6858 378
6859 6854 -325
6859 6859 -214
6860 6855 805
6860 6860 -512
6861 6856 -788
6861 6861 591
6862 6857 596
6862 6862 -988
6863 6858 -978
6863 6863 800
6864 6859 -68
6864 6864 -438
6865 6860 587
6865 6865 503
6866 6861 -470
6866 6866 -656
6867 6862 -461
6867 6867 -577
6868 6863 226
6868 6868 738
6869 6864 647
6869 6869 -542
6870 6865 -920
6870 6870 895
6871 6866 -175
6871 6871 -885
6872 6867 595
6872 6872 -683
6873 6868 -729
6873 6873 -592
6874 6869 -51
6874 6874 531
6875 6870 -848
6875 6875 32
6876 6871 580
6876 6876 -670
6877 6872 -30
6877 6877 473
6878 6873 -718
6878 6878 -350
6879 6874 170
6879 6879 424
6880 6875 -859
6880 6880 220
6881 6876 -546
6881 6881 -907
6882 6877 -554
6882 6882 -994
6883 6878 -121
6883 6883 614
6884 6879 -581
6884 6884 -123
6885 6880 -395
6885 6885 -344
6886 6881 69
6886 6886 81
6887 6882 87
6887 6887 677
6888 6883 896
6888 6888 -432
6889 6884 123
6889 6889 -414
6890 6885 -586
6890 6890 18
6891 6886 -882
6891 6891 -782
6892 6887 612
6892 6892 -7
6893 6888 -778
6893 6893 -587
6894 6889 -7
6894 6894 569
6895 6890 -669
6895 6895 -642
6896 6891 -236
6896 6896 910
6897 6892 772
6897 6897 952
6898 6893 -718
6898 6898 856
6899 6894 -641
6899 6899 833
6900 6895 96
6900 6900 460
6901 6896 -866
6901 6901 -153
6902 6897 -689
6902 6902 -935
6903 6898 60
6903 6903 -86
6904 6899 -248
6904 6904 727
6905 6900 807
6905 6905 -974
6906 6901 -82
6906 6906 -472
6907 6902 -804
6907 6907 500
6908 6903 578
6908 6908 684
6909 6904 -545
6909 6909 835
6910 6905 -521
6910 6910 407
6911 6906 748
6911 6911 672
6912 6907 149
6912 6912 -376
6913 6908 -184
6913 6913 -981
6914 6909 740
6914 6914 -659
6915 6910 -902
6915 6915 -602
6916 6911 636
6916 6916 399
6917 6912 -538
6917 6917 626
6918 6913 985
6918 6918 -121
6919 6914 279
6919 6919 587
6920 6915 809
6920 6920 -165
6921 6916 598
6921 6921 -643
6922 6917 -864
6922 6922 709
6923 6918 32
6923 6923 -840
6924 6919 224
6924 6924 44
6925 6920 617
6925 6925 -640
6926 6921 -142
6926 6926 823
6927 6922 792
6927 6927 -41
6928 6923 19
6928 6928 -365
6929 6924 609
6929 6929 748
6930 6925 -185
6930 6930 -343
6931 6926 -989
6931 6931 -854
6932 6927 -772
6932 6932 -186
6933 6928 216
6933 6933 -682
6934 6929 -463
6934 6934 -124
6935 6930 -962
6935 6935 740
6936 6931 766
6936 6936 -540
6937 6932 558
6937 6937 -610
6938 6933 817
6938 6938 -626
6939 6934 -870
6939 6939 443
6940 6935 456
6940 6940 -54
6941 6936 -30
6941 6941 -52
6942 6937 -338
6942 6942 -452
6943 6938 -779
6943 6943 -135
6944 6939 -999
6944 6944 294
6945 6940 265
6945 6945 -694
6946 6941 -344
6946 6946 43
6947 6942 -661
6947 6947 475
6948 6943 913
6948 6948 -79
6949 6944 -980
6949 6949 665
6950 6945 196
6950 6950 -791
6951 6946 467
6951 6951 349
6952 6947 523
6952 6952 -957
6953 6948 -823
6953 6953 -337
6954 6949 -480
6954 6954 -15
6955 6950 -160
6955 6955 446
6956 6951 -426
6956 6956 177
6957 6952 -168
6957 6957 -388
6958 6953 728
6958 6958 -206
6959 6954 -24
6959 6959 466
6960 6955 -39
6960 6960 949
6961 6956 -136
6961 6961 -32
6962 6957 241
6962 6962 430
6963 6958 -371
6963 6963 456
6964 6959 558
6964 6964 -927
6965 6960 117
6965 6965 -116
6966 6961 361
6966 6966 -155
6967 6962 467
6967 6967 6
6968 6963 -915
6968 6968 -191
6969 6964 -849
6969 6969 768
6970 6965 361
6970 6970 -365
6971 6966 -827
6971 6971 419
6972 6967 -428
6972 6972 889
6973 6968 768
6973 6973 183
6974 6969 490
6974 6974 -813
6975 6970 848
6975 6975 -785
6976 6971 564
6976 6976 -883
6977 6972 137
6977 6977 422
6978 6973 -545
6978 6978 148
6979 6974 -813
6979 6979 37
6980 6975 896
6980 6980 849
6981 6976 -479
6981 6981 518
6982 6977 450
6982 6982 404
6983 6978 -574
6983 6983 16
6984 6979 52
6984 6984 782
6985 6980 -156
6985 6985 859
6986 6981 911
6986 6986 730
6987 6982 -311
6987 6987 221
6988 6983 426
6988 6988 -294
6989 6984 -485
6989 6989 -190
6990 6985 780
6990 6990 279
6991 6986 -37
6991 6991 -679
6992 6987 874
6992 6992 95
6993 6988 105
6993 6993 605
6994 6989 -416
6994 6994 974
6995 6990 716
6995 6995 821
6996 6991 78
6996 6996 348
6997 6992 -42
6997 6997 -227
6998 6993 74
6998 6998 -641
6999 6994 -697
6999 6999 921
7000 6995 595
7000 7000 339
7001 6996 568
7001 7001 809
7002 6997 -367
7002 7002 -301
7003 6998 343
7003 7003 796
7004 6999 504
7004 7004 734
7005 7000 600
7005 7005 -595
7006 7001 23
7006 7006 914
7007 7002 -1
7007 7007 -758
7008 7003 619
7008 7008 19
7009 7004 231
7009 7009 552
7010 7005 -610
7010 7010 -853
7011 7006 469
7011 7011 255
7012 7007 738
7012 7012 774
7013 7008 242
7013 7013 -555
7014 7009 234
7014 7014 -473
7015 7010 470
7015 7015 -724
7016 7011 -957
7016 7016 -280
7017 7012 805
7017 7017 980
7018 7013 -490
7018 7018 -738
7019 7014 -81
7019 7019 -453
7020 7015 -733
7020 7020 824
7021 7016 -615
7021 7021 -829
7022 7017 -714
7022 7022 333
7023 7018 56
7023 7023 -875
7024 7019 -29
7024 7024 787
7025 7020 327
7025 7025 -209
7026 7021 714
7026 7026 -635
7027 7022 -392
7027 7027 -673
7028 7023 -984
7028 7028 -56
7029 7024 567
7029 7029 909
7030 7025 437
7030 7030 -477
7031 7026 930
7031 7031 -989
7032 7027 -779
7032 7032 -692
7033 7028 98
7033 7033 -512
7034 7029 685
7034 7034 807
7035 7030 337
7035 7035 -531
7036 7031 -15
7036 7036 28
7037 7032 -482
7037 7037 31
7038 7033 -226
7038 7038 467
7039 7034 -466
7039 7039 359
7040 7035 -776
7040 7040 -397
7041 7036 -719
7041 7041 438
7042 7037 45
7042 7042 161
7043 7038 245
7043 7043 651
7044 7039 749
7044 7044 705
7045 7040 559
7045 7045 -416
7046 7041 -871
7046 7046 -724
7047 7042 279
7047 7047 839
7048 7043 318
7048 7048 -396
7049 7044 41
7049 7049 805
7050 7045 519
7050 7050 -719
7051 7046 -900
7051 7051 544
7052 7047 140
7052 7052 43
7053 7048 -116
7053 7053 -511
7054 7049 -95
7054 7054 -526
7055 7050 -435
7055 7055 -372
7056 7051 -348
7056 7056 -303
7057 7052 -586
7057 7057 830
7058 7053 550
7058 7058 -803
7059 7054 -442
7059 7059 636
7060 7055 -890
7060 7060 -430
7061 7056 939
7061 7061 -626
7062 7057 -261
7062 7062 408
7063 7058 -199
7063 7063 -433
7064 7059 397
7064 7064 799
7065 7060 -305
7065 7065 195
7066 7061 633
7066 7066 -628
7067 7062 900
7067 7067 562
7068 7063 -535
7068 7068 -914
7069 7064 -60
7069 7069 669
7070 7065 -727
7070 7070 465
7071 7066 127
7071 7071 141
7072 7067 -72
7072 7072 53
7073 7068 820
7073 7073 -936
7074 7069 -592
7074 7074 -941
7075 7070 -951
7075 7075 -361
7076 7071 754
7076 7076 -45
7077 7072 -619
7077 7077 -484
7078 7073 235
7078 7078 964
7079 7074 154
7079 7079 565
7080 7075 890
7080 7080 -638
7081 7076 -700
7081 7081 -47
7082 7077 -278
7082 7082 269
7083 7078 932
7083 7083 -667
7084 7079 761
7084 7084 -746
7085 7080 -78
7085 7085 185
7086 7081 -270
7086 7086 -719
7087 7082 -537
7087 7087 475
7088 7083 -968
7088 7088 -983
7089 7084 -395
7089 7089 -278
7090 7085 617
7090 7090 -411
7091 7086 -459
7091 7091 -697
7092 7087 334
7092 7092 609
7093 7088 -901
7093 7093 -167
7094 7089 934
7094 7094 750
7095 7090 -873
7095 7095 399
7096 7091 -278
7096 7096 -331
7097 7092 -704
7097 7097 914
7098 7093 -432
7098 7098 -535
7099 7094 645
7099 7099 -780
7100 7095 903
7100 7100 -532
7101 7096 -122
7101 7101 923
7102 7097 -260
7102 7102 -726
7103 7098 -918
7103 7103 93
7104 7099 623
7104 7104 -941
7105 7100 -357
7105 7105 -326
7106 7101 988
7106 7106 -256
7107 7102 746
7107 7107 -407
7108 7103 -8
7108 7108 -671
7109 7104 -879
7109 7109 391
7110 7105 -334
7110 7110 887
7111 7106 79
7111 7111 -932
7112 7107 -989
7112 7112 -257
7113 7108 631
7113 7113 806
7114 7109 -493
7114 7114 -199
7115 7110 -322
7115 7115 127
7116 7111 -761
7116 7116 770
7117 7112 -633
7117 7117 749
7118 7113 -427
7118 7118 -520
7119 7114 454
7119 7119 -30
7120 7115 148
7120 7120 -543
7121 7116 -53
7121 7121 21
7122 7117 477
7122 7122 937
7123 7118 -220
7123 7123 -360
7124 7119 -160
7124 7124 -623
7125 7120 571
7125 7125 222
7126 7121 423
7126 7126 362
7127 7122 -785
7127 7127 -836
7128 7123 421
7128 7128 926
7129 7124 633
7129 7129 -872
7130 7125 326
7130 7130 -167
7131 7126 -488
7131 7131 -865
7132 7127 579
7132 7132 437
7133 7128 -605
7133 7133 530
7134 7129 -440
7134 7134 -658
7135 7130 332
7135 7135 -482
7136 7131 355
7136 7136 957
7137 7132 -538
7137 7137 -194
7138 7133 440
7138 7138 -787
7139 7134 -985
7139 7139 -472
7140 7135 -559
7140 7140 811
7141 7136 65
7141 7141 272
7142 7137 -794
7142 7142 -904
7143 7138 842
7143 7143 526
7144 7139 -979
7144 7144 247
7145 7140 874
7145 7145 522
7146 7141 55
7146 7146 -352
7147 7142 512
7147 7147 -200
7148 7143 711
7148 7148 698
7149 7144 -485
7149 7149 497
7150 7145 -792
7150 7150 520
7151 7146 277
7151 7151 -952
7152 7147 -649
7152 7152 855
7153 7148 893
7153 7153 -962
7154 7149 897
7154 7154 -723
7155 7150 -843
7155 7155 216
7156 7151 385
7156 7156 686
7157 7152 -337
7157 7157 -524
7158 7153 -433
7158 7158 793
7159 7154 445
7159 7159 83
7160 7155 351
7160 7160 230
7161 7156 785
7161 7161 -546
7162 7157 -870
7162 7162 127
7163 7158 984
7163 7163 -567
7164 7159 338
7164 7164 337
7165 7160 -749
7165 7165 -997
7166 7161 -285
7166 7166 357
7167 7162 380
7167 7167 511
7168 7163 934
7168 7168 20
7169 7164 -672
7169 7169 -53
7170 7165 547
7170 7170 -233
7171 7166 848
7171 7171 281
7172 7167 -654
7172 7172 -388
7173 7168 676
7173 7173 -757
7174 7169 -297
7174 7174 202
7175 7170 327
7175 7175 -51
7176 7171 748
7176 7176 569
7177 7172 457
7177 7177 -486
7178 7173 -54
7178 7178 -982
7179 7174 621
7179 7179 -301
7180 7175 755
7180 7180 330
7181 7176 -526
7181 7181 175
7182 7177 563
7182 7182 -796
7183 7178 99
7183 7183 -821
7184 7179 -133
7184 7184 -987
7185 7180 -963
7185 7185 -411
7186 7181 -516
7186 7186 -249
7187 7182 -125
7187 7187 -479
7188 7183 -644
7188 7188 638
7189 7184 811
7189 7189 877
7190 7185 979
7190 7190 -607
7191 7186 14
7191 7191 -253
7192 7187 935
7192 7192 -579
7193 7188 367
7193 7193 477
7194 7189 774
7194 7194 831
7195 7190 -11
7195 7195 -470
7196 7191 74
7196 7196 113
7197 7192 183
7197 7197 -530
7198 7193 249
7198 7198 -744
7199 7194 -461
7199 7199 596
7200 7195 91
7200 7200 -651
7201 7196 17
7201 7201 723
7202 7197 826
7202 7202 877
7203 7198 -260
7203 7203 540
7204 7199 -340
7204 7204 -660
7205 7200 -350
7205 7205 449
7206 7201 -469
7206 7206 -441
7207 7202 -222
7207 7207 -733
7208 7203 603
7208 7208 -975
7209 7204 783
7209 7209 261
7210 7205 -66
7210 7210 473
7211 7206 -675
7211 7211 130
7212 7207 653
7212 7212 812
7213 7208 -235
7213 7213 6
7214 7209 81
7214 7214 -479
7215 7210 460
7215 7215 -322
7216 7211 -583
7216 7216 -105
7217 7212 -576
7217 7217 963
7218 7213 -627
7218 7218 385
7219 7214 -580
7219 7219 -460
7220 7215 -427
7220 7220 984
7221 7216 -999
7221 7221 27
7222 7217 -37
7222 7222 657
7223 7218 460
7223 7223 -79
7224 7219 -749
7224 7224 -369
7225 7220 642
7225 7225 616
7226 7221 853
7226 7226 -503
7227 7222 -329
7227 7227 714
7228 7223 108
7228 7228 -86
7229 7224 552
7229 7229 754
7230 7225 -172
7230 7230 105
7231 7226 318
7231 7231 283
7232 7227 418
7232 7232 -701
7233 7228 -502
7233 7233 -560
7234 7229 902
7234 7234 346
7235 7230 49
7235 7235 -455
7236 7231 -366
7236 7236 338
7237 7232 837
7237 7237 -207
7238 7233 -661
7238 7238 847
7239 7234 -128
7239 7239 -433
7240 7235 872
7240 7240 -239
7241 7236 128
7241 7241 87
7242 7237 106
7242 7242 381
7243 7238 478
7243 7243 -875
7244 7239 232
7244 7244 -866
7245 7240 -539
7245 7245 449
7246 7241 -37
7246 7246 282
7247 7242 -885
7247 7247 -779
7248 7243 -168
7248 7248 -905
7249 7244 306
7249 7249 103
7250 7245 -896
7250 7250 -276
7251 7246 914
7251 7251 -792
7252 7247 477
7252 7252 -320
7253 7248 232
7253 7253 -154
7254 7249 -62
7254 7254 276
7255 7250 -995
7255 7255 -613
7256 7251 -244
7256 7256 272
7257 7252 470
7257 7257 118
7258 7253 545
7258 7258 518
7259 7254 -341
7259 7259 -312
7260 7255 -94
7260 7260 66
7261 7256 -997
7261 7261 -596
7262 7257 -904
7262 7262 -722
7263 7258 -433
7263 7263 17
7264 7259 -404
7264 7264 -858
7265 7260 -761
7265 7265 -704
7266 7261 -310
7266 7266 -386
7267 7262 265
7267 7267 193
7268 7263 -815
7268 7268 35
7269 7264 -26
7269 7269 921
7270 7265 -150
7270 7270 896
7271 7266 823
7271 7271 529
7272 7267 -132
7272 7272 -964
7273 7268 -849
7273 7273 -357
7274 7269 393
7274 7274 32
7275 7270 986
7275 7275 -655
7276 7271 -489
7276 7276 464
7277 7272 320
7277 7277 -713
7278 7273 200
7278 7278 987
7279 7274 233
7279 7279 674
7280 7275 653
7280 7280 -261
7281 7276 -224
7281 7281 -639
7282 7277 -999
7282 7282 -873
7283 7278 -71
7283 7283 -744
7284 7279 -550
7284 7284 -690
7285 7280 -550
7285 7285 -849
7286 7281 -436
7286 7286 -677
7287 7282 2
7287 7287 -687
7288 7283 -681
7288 7288 892
7289 7284 706
7289 7289 -544
7290 7285 -595
7290 7290 -999
7291 7286 -21
7291 7291 680
7292 7287 -834
7292 7292 -957
7293 7288 691
7293 7293 796
7294 7289 -387
7294 7294 329
7295 7290 529
7295 7295 328
7296 7291 404
7296 7296 -6
7297 7292 152
7297 7297 -329
7298 7293 437
7298 7298 -65
7299 7294 -976
7299 7299 753
7300 7295 71
7300 7300 -923
7301 7296 -99
7301 7301 971
7302 7297 374
7302 7302 -765
7303 7298 -304
7303 7303 -799
7304 7299 259
7304 7304 261
7305 7300 22
7305 7305 -398
7306 7301 -844
7306 7306 811
7307 7302 327
7307 7307 843
7308 7303 937
7308 7308 767
7309 7304 -319
7309 7309 -196
7310 7305 884
7310 7310 773
7311 7306 261
7311 7311 61
7312 7307 216
7312 7312 -607
7313 7308 -914
7313 7313 -278
7314 7309 -428
7314 7314 99
7315 7310 512
7315 7315 -406
7316 7311 756
7316 7316 398
7317 7312 461
7317 7317 118
7318 7313 -748
7318 7318 -157
7319 7314 460
7319 7319 -258
7320 7315 161
7320 7320 343
7321 7316 -703
7321 7321 -169
7322 7317 329
7322 7322 963
7323 7318 -947
7323 7323 -256
7324 7319 453
7324 7324 315
7325 7320 62
7325 7325 68
7326 7321 -665
7326 7326 970
7327 7322 -105
7327 7327 622
7328 7323 -471
7328 7328 812
7329 7324 -389
7329 7329 -126
7330 7325 690
7330 7330 570
7331 7326 -665
7331 7331 -782
7332 7327 457
7332 7332 26
7333 7328 -822
7333 7333 -566
7334 7329 -227
7334 7334 -241
7335 7330 -61
7335 7335 -513
7336 7331 205
7336 7336 -896
7337 7332 794
7337 7337 367
7338 7333 -621
7338 7338 410
7339 7334 -39
7339 7339 -751
7340 7335 732
7340 7340 -36
7341 7336 -194
7341 7341 818
7342 7337 603
7342 7342 -948
7343 7338 -89
7343 7343 826
7344 7339 170
7344 7344 749
7345 7340 -477
7345 7345 -282
7346 7341 813
7346 7346 -940
7347 7342 -346
7347 7347 197
7348 7343 795
7348 7348 623
7349 7344 -707
7349 7349 -472
7350 7345 -810
7350 7350 -767
7351 7346 -628
7351 7351 -257
7352 7347 -822
7352 7352 549
7353 7348 932
7353 7353 -558
7354 7349 -939
7354 7354 591
7355 7350 429
7355 7355 -547
7356 7351 915
7356 7356 899
7357 7352 746
7357 7357 -966
7358 7353 -21
7358 7358 -302
7359 7354 -421
7359 7359 -304
7360 7355 -478
7360 7360 -939
7361 7356 248
7361 7361 -398
7362 7357 455
7362 7362 663
7363 7358 -226
7363 7363 -750
7364 7359 35
7364 7364 505
7365 7360 -95
7365 7365 -198
7366 7361 -778
7366 7366 741
7367 7362 -255
7367 7367 619
7368 7363 879
7368 7368 914
7369 7364 -375
7369 7369 232
7370 7365 -279
7370 7370 -803
7371 7366 854
7371 7371 563
7372 7367 25
7372 7372 -652
7373 7368 94
7373 7373 304
7374 7369 -154
7374 7374 854
7375 7370 970
7375 7375 -600
7376 7371 36
7376 7376 -120
7377 7372 -724
7377 7377 520
7378 7373 73
7378 7378 110
7379 7374 158
7379 7379 188
7380 7375 571
7380 7380 762
7381 7376 -764
7381 7381 20
7382 7377 -368
7382 7382 463
7383 7378 -693
7383 7383 -899
7384 7379 -921
7384 7384 -582
7385 7380 788
7385 7385 -786
7386 7381 142
7386 7386 229
7387 7382 763
7387 7387 454
7388 7383 -314
7388 7388 -808
7389 7384 -648
7389 7389 27
7390 7385 -277
7390 7390 855
7391 7386 869
7391 7391 625
7392 7387 -767
7392 7392 368
7393 7388 -328
7393 7393 -72
7394 7389 783
7394 7394 -466
7395 7390 646
7395 7395 -806
7396 7391 -849
7396 7396 -42
7397 7392 -4
7397 7397 219
7398 7393 -515
7398 7398 -517
7399 7394 -592
7399 7399 -775
7400 7395 686
7400 7400 375
7401 7396 -43
7401 7401 -111
7402 7397 -257
7402 7402 -814
7403 7398 -676
7403 7403 -869
7404 7399 -403
7404 7404 -111
7405 7400 200
7405 7405 -927
7406 7401 749
7406 7406 319
7407 7402 -252
7407 7407 -795
7408 7403 645
7408 7408 860
7409 7404 -940
7409 7409 574
7410 7405 547
7410 7410 751
7411 7406 -955
7411 7411 658
7412 7407 -243
7412 7412 74
7413 7408 387
7413 7413 -784
7414 7409 261
7414 7414 -765
7415 7410 844
7415 7415 101
7416 7411 309
7416 7416 555
7417 7412 463
7417 7417 310
7418 7413 -82
7418 7418 -519
7419 7414 -447
7419 7419 -229
7420 7415 -443
7420 7420 -137
7421 7416 -809
7421 7421 707
7422 7417 730
7422 7422 572
7423 7418 981
7423 7423 -300
7424 7419 392
7424 7424 -772
7425 7420 281
7425 7425 372
7426 7421 130
7426 7426 167
7427 7422 283
7427 7427 185
7428 7423 363
7428 7428 497
7429 7424 -15
7429 7429 428
7430 7425 249
7430 7430 796
7431 7426 396
7431 7431 712
7432 7427 -4
7432 7432 696
7433 7428 639
7433 7433 -537
7434 7429 315
7434 7434 903
7435 7430 -121
7435 7435 -309
7436 7431 216
7436 7436 851
7437 7432 -910
7437 7437 306
7438 7433 -890
7438 7438 704
7439 7434 979
7439 7439 581
7440 7435 -760
7440 7440 -511
7441 7436 74
7441 7441 -692
7442 7437 893
7442 7442 285
7443 7438 886
7443 7443 831
7444 7439 -607
7444 7444 -11
7445 7440 666
7445 7445 -860
7446 7441 896
7446 7446 604
7447 7442 56
7447 7447 315
7448 7443 -800
7448 7448 182
7449 7444 -840
7449 7449 -177
7450 7445 946
7450 7450 971
7451 7446 -375
7451 7451 -167
7452 7447 945
7452 7452 573
7453 7448 -716
7453 7453 277
7454 7449 -842
7454 7454 -392
7455 7450 -184
7455 7455 112
7456 7451 -504
7456 7456 -976
7457 7452 -224
7457 7457 -38
7458 7453 -308
7458 7458 577
7459 7454 398
7459 7459 916
7460 7455 -796
7460 7460 403
7461 7456 -56
7461 7461 -341
7462 7457 266
7462 7462 -196
7463 7458 -695
7463 7463 -198
7464 7459 -755
7464 7464 963
7465 7460 307
7465 7465 835
7466 7461 -112
7466 7466 751
7467 7462 168
7467 7467 380
7468 7463 -407
7468 7468 70
7469 7464 -571
7469 7469 -383
7470 7465 319
7470 7470 370
7471 7466 386
7471 7471 -28
7472 7467 489
7472 7472 -972
7473 7468 -988
7473 7473 746
7474 7469 -263
7474 7474 894
7475 7470 -318
7475 7475 540
7476 7471 -29
7476 7476 154
7477 7472 -426
7477 7477 471
7478 7473 -626
7478 7478 -664
7479 7474 159
7479 7479 422
7480 7475 976
7480 7480 -409
7481 7476 -150
7481 7481 144
7482 7477 -489
7482 7482 -841
7483 7478 921
7483 7483 -40
7484 7479 -897
7484 7484 -138
7485 7480 -61
7485 7485 941
7486 7481 891
7486 7486 -781
7487 7482 665
7487 7487 -901
7488 7483 -254
7488 7488 -634
7489 7484 164
7489 7489 271
7490 7485 -366
7490 7490 517
7491 7486 573
7491 7491 330
7492 7487 -767
7492 7492 904
7493 7488 -712
7493 7493 -413
7494 7489 -635
7494 7494 -976
7495 7490 408
7495 7495 -974
7496 7491 -673
7496 7496 -714
7497 7492 421
7497 7497 -588
7498 7493 412
7498 7498 -339
7499 7494 -115
7499 7499 -259
7500 7495 -355
7500 7500 -654
7501 7496 671
7501 7501 -744
7502 7497 -695
7502 7502 -952
7503 7498 -619
7503 7503 -910
7504 7499 -32
7504 7504 -1
7505 7500 -796
7505 7505 626
7506 7501 -80
7506 7506 252
7507 7502 336
7507 7507 -291
7508 7503 889
7508 7508 922
7509 7504 305
7509 7509 186
7510 7505 593
7510 7510 812
7511 7506 135
7511 7511 -824
7512 7507 -262
7512 7512 312
7513 7508 -319
7513 7513 739
7514 7509 762
7514 7514 147
7515 7510 35
7515 7515 839
7516 7511 235
7516 7516 -398
7517 7512 -614
7517 7517 301
7518 7513 625
7518 7518 647
7519 7514 89
7519 7519 -795
7520 7515 138
7520 7520 402
7521 7516 398
7521 7521 -244
7522 7517 620
7522 7522 855
7523 7518 977
7523 7523 -154
7524 7519 -258
7524 7524 -919
7525 7520 -313
7525 7525 764
7526 7521 745
7526 7526 -426
7527 7522 -492
7527 7527 -655
7528 7523 61
7528 7528 876
7529 7524 937
7529 7529 -761
7530 7525 -757
7530 7530 -783
7531 7526 -566
7531 7531 -251
7532 7527 -744
7532 7532 118
7533 7528 902
7533 7533 -340
7534 7529 -530
7534 7534 -135
7535 7530 -602
7535 7535 -959
7536 7531 545
7536 7536 512
7537 7532 -750
7537 7537 678
7538 7533 -172
7538 7538 -15
7539 7534 -737
7539 7539 428
7540 7535 -358
7540 7540 123
7541 7536 -981
7541 7541 -937
7542 7537 -911
7542 7542 488
7543 7538 71
7543 7543 701
7544 7539 95
7544 7544 633
7545 7540 -424
7545 7545 -518
7546 7541 -16
7546 7546 290
7547 7542 -27
7547 7547 361
7548 7543 427
7548 7548 -932
7549 7544 -163
7549 7549 -588
7550 7545 542
7550 7550 676
7551 7546 782
7551 7551 674
7552 7547 -106
7552 7552 -68
7553 7548 -246
7553 7553 -979
7554 7549 -748
7554 7554 43
7555 7550 -992
7555 7555 -645
7556 7551 445
7556 7556 92
7557 7552 -374
7557 7557 -804
7558 7553 288
7558 7558 -217
7559 7554 -494
7559 7559 479
7560 7555 460
7560 7560 -472
7561 7556 -687
7561 7561 573
7562 7557 -706
7562 7562 899
7563 7558 -565
7563 7563 -641
7564 7559 844
7564 7564 -467
7565 7560 847
7565 7565 -968
7566 7561 -807
7566 7566 -703
7567 7562 778
7567 7567 823
7568 7563 -915
7568 7568 -549
7569 7564 688
7569 7569 713
7570 7565 572
7570 7570 531
7571 7566 -889
7571 7571 -912
7572 7567 -538
7572 7572 761
7573 7568 586
7573 7573 -372
7574 7569 -313
7574 7574 -223
7575 7570 -14
7575 7575 -103
7576 7571 298
7576 7576 -192
7577 7572 -586
7577 7577 496
7578 7573 50
7578 7578 -539
7579 7574 -293
7579 7579 -608
7580 7575 444
7580 7580 -568
7581 7576 529
7581 7581 -212
7582 7577 501
7582 7582 256
7583 7578 203
7583 7583 -689
7584 7579 326
7584 7584 190
7585 7580 -624
7585 7585 955
7586 7581 -427
7586 7586 -887
7587 7582 -410
7587 7587 -572
7588 7583 8
7588 7588 681
7589 7584 113
7589 7589 -260
7590 7585 -199
7590 7590 712
7591 7586 361
7591 7591 44
7592 7587 -892
7592 7592 689
7593 7588 -718
7593 7593 563
7594 7589 560
7594 7594 941
7595 7590 754
7595 7595 -427
7596 7591 -741
7596 7596 79
7597 7592 -890
7597 7597 221
7598 7593 144
7598 7598 220
7599 7594 -903
7599 7599 -382
7600 7595 -726
7600 7600 552
7601 7596 -144
7601 7601 629
7602 7597 952
7602 7602 -972
7603 7598 908
7603 7603 -462
7604 7599 -231
7604 7604 478
7605 7600 610
7605 7605 -889
7606 7601 -190
7606 7606 -249
7607 7602 66
7607 7607 -233
7608 7603 761
7608 7608 93
7609 7604 46
7609 7609 924
7610 7605 213
7610 7610 638
7611 7606 -236
7611 7611 240
7612 7607 720
7612 7612 -564
7613 7608 685
7613 7613 149
7614 7609 548
7614 7614 43
7615 7610 -681
7615 7615 -674
7616 7611 444
7616 7616 -432
7617 7612 -203
7617 7617 -864
7618 7613 868
7618 7618 260
7619 7614 -690
7619 7619 193
7620 7615 451
7620 7620 195
7621 7616 672
7621 7621 -801
7622 7617 -972
7622 7622 -152
7623 7618 -502
7623 7623 -640
7624 7619 542
7624 7624 -662
7625 7620 -685
7625 7625 -249
7626 7621 114
7626 7626 -229
7627 7622 903
7627 7627 623
7628 7623 232
7628 7628 -835
7629 7624 -15
7629 7629 -746
7630 7625 886
7630 7630 -945
7631 7626 302
7631 7631 783
7632 7627 -109
7632 7632 186
7633 7628 -687
7633 7633 239
7634 7629 131
7634 7634 -468
7635 7630 838
7635 7635 -492
7636 7631 -126
7636 7636 185
7637 7632 -997
7637 7637 -58
7638 7633 -205
7638 7638 -56
7639 7634 -700
7639 7639 -206
7640 7635 -303
7640 7640 407
7641 7636 -325
7641 7641 791
7642 7637 16
7642 7642 -578
7643 7638 956
7643 7643 521
7644 7639 -802
7644 7644 455
7645 7640 82
7645 7645 339
7646 7641 -63
7646 7646 94
7647 7642 -551
7647 7647 489
7648 7643 805
7648 7648 -576
7649 7644 35
7649 7649 943
7650 7645 377
7650 7650 -644
7651 7646 -767
7651 7651 886
7652 7647 733
7652 7652 850
7653 7648 -267
7653 7653 -77
7654 7649 -801
7654 7654 569
7655 7650 436
7655 7655 -661
7656 7651 635
7656 7656 -522
7657 7652 27
7657 7657 -474
7658 7653 -969
7658 7658 -83
7659 7654 -360
7659 7659 -255
7660 7655 831
7660 7660 375
7661 7656 -372
7661 7661 799
7662 7657 482
7662 7662 -810
7663 7658 -160
7663 7663 -313
7664 7659 61
7664 7664 -637
7665 7660 114
7665 7665 -343
7666 7661 624
7666 7666 576
7667 7662 -510
7667 7667 -170
7668 7663 -451
7668 7668 5
7669 7664 -17
7669 7669 -454
7670 7665 -561
7670 7670 925
7671 7666 -767
7671 7671 439
7672 7667 -947
7672 7672 -691
7673 7668 956
7673 7673 951
7674 7669 -181
7674 7674 268
7675 7670 -852
7675 7675 864
7676 7671 -599
7676 7676 513
7677 7672 320
7677 7677 -112
7678 7673 296
7678 7678 -600
7679 7674 -42
7679 7679 440
7680 7675 -235
7680 7680 757
7681 7676 -650
7681 7681 -385
7682 7677 -970
7682 7682 87
7683 7678 737
7683 7683 893
7684 7679 -613
7684 7684 375
7685 7680 681
7685 7685 -667
7686 7681 -608
7686 7686 629
7687 7682 913
7687 7687 -999
7688 7683 342
7688 7688 431
7689 7684 315
7689 7689 -967
7690 7685 -543
7690 7690 -186
7691 7686 -769
7691 7691 -822
7692 7687 806
7692 7692 648
7693 7688 238
7693 7693 269
7694 7689 509
7694 7694 334
7695 7690 -966
7695 7695 -994
7696 7691 -859
7696 7696 25
7697 7692 240
7697 7697 847
7698 7693 -4
7698 7698 -388
7699 7694 -865
7699 7699 956
7700 7695 799
7700 7700 -452
7701 7696 -458
7701 7701 788
7702 7697 -669
7702 7702 493
7703 7698 15
7703 7703 165
7704 7699 302
7704 7704 187
7705 7700 -849
7705 7705 549
7706 7701 761
7706 7706 845
7707 7702 960
7707 7707 -89
7708 7703 -669
7708 7708 318
7709 7704 -800
7709 7709 834
7710 7705 -686
7710 7710 -590
7711 7706 -731
7711 7711 81
7712 7707 -676
7712 7712 -259
7713 7708 -281
7713 7713 -964
7714 7709 16
7714 7714 435
7715 7710 982
7715 7715 925
7716 7711 -521
7716 7716 -512
7717 7712 -362
7717 7717 -373
7718 7713 -423
7718 7718 -962
7719 7714 -249
7719 7719 -543
7720 7715 -890
7720 7720 -315
7721 7716 289
7721 7721 -240
7722 7717 -502
7722 7722 -869
7723 7718 -573
7723 7723 -136
7724 7719 -220
7724 7724 -276
7725 7720 -994
7725 7725 -485
7726 7721 46
7726 7726 -925
7727 7722 -373
7727 7727 388
7728 7723 -103
7728 7728 9
7729 7724 43
7729 7729 -451
7730 7725 -744
7730 7730 409
7731 7726 254
7731 7731 -162
7732 7727 -83
7732 7732 -330
7733 7728 98
7733 7733 -857
7734 7729 268
7734 7734 454
7735 7730 692
7735 7735 448
7736 7731 -567
7736 7736 989
7737 7732 570
7737 7737 -821
7738 7733 790
7738 7738 726
7739 7734 614
7739 7739 485
7740 7735 715
7740 7740 613
7741 7736 -714
7741 7741 -914
7742 7737 -577
7742 7742 961
7743 7738 379
7743 7743 -910
7744 7739 -948
7744 7744 -268
7745 7740 -149
7745 7745 880
7746 7741 -184
7746 7746 668
7747 7742 -747
7747 7747 432
7748 7743 -42
7748 7748 -732
7749 7744 408
7749 7749 -888
7750 7745 -368
7750 7750 -242
7751 7746 984
7751 7751 336
7752 7747 -386
7752 7752 250
7753 7748 -636
7753 7753 -255
7754 7749 780
7754 7754 881
7755 7750 -224
7755 7755 870
7756 7751 455
7756 7756 -973
7757 7752 464
7757 7757 -909
7758 7753 854
7758 7758 868
7759 7754 -63
7759 7759 421
7760 7755 -573
7760 7760 -559
7761 7756 -213
7761 7761 784
7762 7757 333
7762 7762 -304
7763 7758 -172
7763 7763 -703
7764 7759 -596
7764 7764 -770
7765 7760 332
7765 7765 -585
7766 7761 -56
7766 7766 -658
7767 7762 935
7767 7767 624
7768 7763 -812
7768 7768 578
7769 7764 -530
7769 7769 952
7770 7765 197
7770 7770 487
7771 7766 67
7771 7771 -179
7772 7767 -56
7772 7772 832
7773 7768 -585
7773 7773 -153
7774 7769 -682
7774 7774 -159
7775 7770 -46
7775 7775 -738
7776 7771 33
7776 7776 25
7777 7772 780
7777 7777 742
7778 7773 73
7778 7778 682
7779 7774 -507
7779 7779 -649
7780 7775 -846
7780 7780 -74
7781 7776 -971
7781 7781 -792
7782 7777 -623
7782 7782 441
7783 7778 124
7783 7783 -448
7784 7779 -269
7784 7784 -925
7785 7780 562
7785 7785 -740
7786 7781 -654
7786 7786 584
7787 7782 -764
7787 7787 727
7788 7783 71
7788 7788 354
7789 7784 -379
7789 7789 46
7790 7785 -414
7790 7790 -438
7791 7786 -973
7791 7791 -920
7792 7787 851
7792 7792 -31
7793 7788 -309
7793 7793 -858
7794 7789 -226
7794 7794 -646
7795 7790 773
7795 7795 104
7796 7791 765
7796 7796 -991
7797 7792 251
7797 7797 -946
7798 7793 -895
7798 7798 -733
7799 7794 -237
7799 7799 776
7800 7795 -984
7800 7800 -64
7801 7796 238
7801 7801 4
7802 7797 605
7802 7802 629
7803 7798 -39
7803 7803 65
7804 7799 215
7804 7804 -741
7805 7800 800
7805 7805 -578
7806 7801 801
7806 7806 92
7807 7802 36
7807 7807 -788
7808 7803 -739
7808 7808 -577
7809 7804 -245
7809 7809 -925
7810 7805 21
7810 7810 79
7811 7806 -163
7811 7811 969
7812 7807 811
7812 7812 -596
7813 7808 57
7813 7813 954
7814 7809 186
7814 7814 -263
7815 7810 477
7815 7815 14
7816 7811 609
7816 7816 -647
7817 7812 168
7817 7817 -536
7818 7813 -198
7818 7818 387
7819 7814 -306
7819 7819 -713
7820 7815 -349
7820 7820 -963
7821 7816 574
7821 7821 718
7822 7817 63
7822 7822 -289
7823 7818 135
7823 7823 719
7824 7819 -532
7824 7824 -94
7825 7820 -742
7825 7825 -763
7826 7821 545
7826 7826 -46
7827 7822 -273
7827 7827 155
7828 7823 841
7828 7828 808
7829 7824 506
7829 7829 -991
7830 7825 -63
7830 7830 -440
7831 7826 325
7831 7831 105
7832 7827 -107
7832 7832 223
7833 7828 -947
7833 7833 242
7834 7829 859
7834 7834 683
7835 7830 113
7835 7835 -407
7836 7831 638
7836 7836 -659
7837 7832 -382
7837 7837 621
7838 7833 229
7838 7838 46
7839 7834 688
7839 7839 710
7840 7835 712
7840 7840 760
7841 7836 610
7841 7841 114
7842 7837 -445
7842 7842 -438
7843 7838 -469
7843 7843 589
7844 7839 381
7844 7844 500
7845 7840 779
7845 7845 -379
7846 7841 739
7846 7846 -82
7847 7842 -295
7847 7847 481
7848 7843 -281
7848 7848 -932
7849 7844 -232
7849 7849 723
7850 7845 -235
7850 7850 -178
7851 7846 -313
7851 7851 363
7852 7847 -822
7852 7852 -117
7853 7848 -272
7853 7853 -254
7854 7849 -774
7854 7854 -263
7855 7850 -259
7855 7855 -643
7856 7851 -675
7856 7856 207
7857 7852 -558
7857 7857 -824
7858 7853 -51
7858 7858 -858
7859 7854 -38
7859 7859 -289
7860 7855 -189
7860 7860 -572
7861 7856 216
7861 7861 787
7862 7857 -770
7862 7862 -328
7863 7858 362
7863 7863 -860
7864 7859 -31
7864 7864 5
7865 7860 156
7865 7865 -361
7866 7861 -353
7866 7866 -669
7867 7862 899
7867 7867 -946
7868 7863 283
7868 7868 -416
7869 7864 946
7869 7869 190
7870 7865 -716
7870 7870 -4
7871 7866 992
7871 7871 -160
7872 7867 316
7872 7872 434
7873 7868 -436
7873 7873 975
7874 7869 -682
7874 7874 -883
7875 7870 17
7875 7875 -176
7876 7871 499
7876 7876 723
7877 7872 -794
7877 7877 125
7878 7873 -394
7878 7878 -839
7879 7874 -228
7879 7879 -964
7880 7875 750
7880 7880 -714
7881 7876 606
7881 7881 -118
7882 7877 488
7882 7882 152
7883 7878 394
7883 7883 -982
7884 7879 -320
7884 7884 -461
7885 7880 -190
7885 7885 624
7886 7881 941
7886 7886 970
7887 7882 412
7887 7887 -865
7888 7883 650
7888 7888 -643
7889 7884 -212
7889 7889 354
7890 7885 -2
7890 7890 591
7891 7886 -97
7891 7891 -879
7892 7887 127
7892 7892 80
7893 7888 -100
7893 7893 -534
7894 7889 218
7894 7894 137
7895 7890 653
7895 7895 428
7896 7891 -830
7896 7896 -144
7897 7892 -367
7897 7897 104
7898 7893 222
7898 7898 878
7899 7894 -797
7899 7899 589
7900 7895 466
7900 7900 614
7901 7896 -298
7901 7901 904
7902 7897 100
7902 7902 -459
7903 7898 -131
7903 7903 -936
7904 7899 883
7904 7904 635
7905 7900 104
7905 7905 82
7906 7901 -82
7906 7906 -578
7907 7902 94
7907 7907 -868
7908 7903 -752
7908 7908 -781
7909 7904 477
7909 7909 204
7910 7905 -671
7910 7910 -731
7911 7906 -244
7911 7911 279
7912 7907 512
7912 7912 -277
7913 7908 547
7913 7913 -348
7914 7909 55
7914 7914 -548
7915 7910 178
7915 7915 -247
7916 7911 -901
7916 7916 583
7917 7912 996
7917 7917 924
7918 7913 -262
7918 7918 -573
7919 7914 -155
7919 7919 918
7920 7915 33
7920 7920 556
7921 7916 -546
7921 7921 591
7922 7917 903
7922 7922 790
7923 7918 -137
7923 7923 -866
7924 7919 752
7924 7924 88
7925 7920 695
7925 7925 -740
7926 7921 67
7926 7926 282
7927 7922 120
7927 7927 714
7928 7923 -441
7928 7928 -243
7929 7924 -403
7929 7929 -274
7930 7925 -338
7930 7930 -959
7931 7926 460
7931 7931 -167
7932 7927 -634
7932 7932 -479
7933 7928 -676
7933 7933 -614
7934 7929 662
7934 7934 808
7935 7930 342
7935 7935 -977
7936 7931 260
7936 7936 184
7937 7932 197
7937 7937 -584
7938 7933 -518
7938 7938 903
7939 7934 350
7939 7939 105
7940 7935 -423
7940 7940 789
7941 7936 606
7941 7941 -666
7942 7937 24
7942 7942 -350
7943 7938 5
7943 7943 790
7944 7939 335
7944 7944 414
7945 7940 229
7945 7945 -2
7946 7941 -24
7946 7946 -258
7947 7942 211
7947 7947 -173
7948 7943 -958
7948 7948 -253
7949 7944 -578
7949 7949 446
7950 7945 770
7950 7950 142
7951 7946 -506
7951 7951 446
7952 7947 -149
7952 7952 967
7953 7948 -643
7953 7953 -928
7954 7949 823
7954 7954 718
7955 7950 942
7955 7955 98
7956 7951 -443
7956 7956 -321
7957 7952 -91
7957 7957 658
7958 7953 -738
7958 7958 -898
7959 7954 4
7959 7959 333
7960 7955 -931
7960 7960 -55
7961 7956 995
7961 7961 -676
7962 7957 19
7962 7962 116
7963 7958 754
7963 7963 -729
7964 7959 20
7964 7964 -658
7965 7960 -304
7965 7965 993
7966 7961 894
7966 7966 246
7967 7962 319
7967 7967 -774
7968 7963 389
7968 7968 -15
7969 7964 963
7969 7969 -664
7970 7965 816
7970 7970 836
7971 7966 -83
7971 7971 138
7972 7967 76
7972 7972 -449
7973 7968 270
7973 7973 387
7974 7969 -340
7974 7974 -656
7975 7970 -819
7975 7975 -178
7976 7971 284
7976 7976 420
7977 7972 689
7977 7977 -725
7978 7973 -81
7978 7978 185
7979 7974 301
7979 7979 -12
7980 7975 -584
7980 7980 -590
7981 7976 654
7981 7981 302
7982 7977 917
7982 7982 -895
7983 7978 -530
7983 7983 -606
7984 7979 -595
7984 7984 -227
7985 7980 358
7985 7985 -48
7986 7981 14
7986 7986 -905
7987 7982 278
7987 7987 -467
7988 7983 -410
7988 7988 565
7989 7984 -744
7989 7989 -188
7990 7985 -128
7990 7990 515
7991 7986 985
7991 7991 -326
7992 7987 567
7992 7992 -126
7993 7988 -164
7993 7993 928
7994 7989 1
7994 7994 -430
7995 7990 623
7995 7995 -280
7996 7991 -677
7996 7996 -975
7997 7992 667
7997 7997 84
7998 7993 896
7998 7998 -928
7999 7994 664
7999 7999 314
8000 7995 990
8000 8000 -40
8001 7996 618
8001 8001 47
8002 7997 -526
8002 8002 -268
8003 7998 -825
8003 8003 -212
8004 7999 -406
8004 8004 -574
8005 8000 209
8005 8005 -980
8006 8001 496
8006 8006 -939
8007 8002 641
8007 8007 -394
8008 8003 81
8008 8008 -658
8009 8004 713
8009 8009 787
8010 8005 -249
8010 8010 520
8011 8006 577
8011 8011 207
8012 8007 951
8012 8012 404
8013 8008 -674
8013 8013 -730
8014 8009 -355
8014 8014 624
8015 8010 -198
8015 8015 380
8016 8011 -94
8016 8016 -99
8017 8012 -555
8017 8017 -77
8018 8013 5
8018 8018 -404
8019 8014 -879
8019 8019 -729
8020 8015 236
8020 8020 380
8021 8016 -214
8021 8021 -734
8022 8017 -320
8022 8022 346
8023 8018 -39
8023 8023 267
8024 8019 -678
8024 8024 407
8025 8020 484
8025 8025 897
8026 8021 -60
8026 8026 622
8027 8022 589
8027 8027 -936
8028 8023 -145
8028 8028 69
8029 8024 380
8029 8029 696
8030 8025 816
8030 8030 197
8031 8026 722
8031 8031 -117
8032 8027 48
8032 8032 -837
8033 8028 693
8033 8033 249
8034 8029 -896
8034 8034 458
8035 8030 379
8035 8035 338
8036 8031 475
8036 8036 -774
8037 8032 -788
8037 8037 -638
8038 8033 892
8038 8038 654
8039 8034 143
8039 8039 517
8040 8035 -219
8040 8040 818
8041 8036 706
8041 8041 -395
8042 8037 -1
8042 8042 992
8043 8038 -753
8043 8043 58
8044 8039 -956
8044 8044 -685
8045 8040 -155
8045 8045 27
8046 8041 225
8046 8046 -505
8047 8042 -795
8047 8047 -733
8048 8043 641
8048 8048 694
8049 8044 63
8049 8049 -395
8050 8045 862
8050 8050 43
8051 8046 427
8051 8051 -766
8052 8047 -850
8052 8052 -232
8053 8048 -795
8053 8053 388
8054 8049 -372
8054 8054 960
8055 8050 -197
8055 8055 452
8056 8051 730
8056 8056 882
8057 8052 982
8057 8057 772
8058 8053 -213
8058 8058 797
8059 8054 -321
8059 8059 369
8060 8055 -576
8060 8060 53
8061 8056 454
8061 8061 -913
8062 8057 64
8062 8062 958
8063 8058 -231
8063 8063 -907
8064 8059 517
8064 8064 534
8065 8060 685
8065 8065 -33
8066 8061 562
8066 8066 257
8067 8062 414
8067 8067 421
8068 8063 939
8068 8068 988
8069 8064 453
8069 8069 -446
8070 8065 167
8070 8070 15
8071 8066 230
8071 8071 918
8072 8067 240
8072 8072 831
8073 8068 678
8073 8073 -307
8074 8069 252
8074 8074 957
8075 8070 901
8075 8075 635
8076 8071 545
8076 8076 578
8077 8072 425
8077 8077 -873
8078 8073 -380
8078 8078 -762
8079 8074 647
8079 8079 12
8080 8075 -170
8080 8080 93
8081 8076 666
8081 8081 -263
8082 8077 567
8082 8082 475
8083 8078 948
8083 8083 702
8084 8079 175
8084 8084 980
8085 8080 -160
8085 8085 227
8086 8081 -706
8086 8086 -964
8087 8082 226
8087 8087 -716
8088 8083 -19
8088 8088 -4
8089 8084 445
8089 8089 -706
8090 8085 -451
8090 8090 -950
8091 8086 -706
8091 8091 497
8092 8087 -259
8092 8092 978
8093 8088 237
8093 8093 840
8094 8089 -680
8094 8094 920
8095 8090 583
8095 8095 183
8096 8091 -324
8096 8096 260
8097 8092 -529
8097 8097 -642
8098 8093 -925
8098 8098 -853
8099 8094 -678
8099 8099 -664
8100 8095 958
8100 8100 762
8101 8096 642
8101 8101 734
8102 8097 -243
8102 8102 -520
8103 8098 -597
8103 8103 916
8104 8099 528
8104 8104 -998
8105 8100 -871
8105 8105 -973
8106 8101 -826
8106 8106 -552
8107 8102 -373
8107 8107 -791
8108 8103 313
8108 8108 -111
8109 8104 -229
8109 8109 -114
8110 8105 -735
8110 8110 -419
8111 8106 -318
8111 8111 795
8112 8107 -492
8112 8112 404
8113 8108 536
8113 8113 -809
8114 8109 798
8114 8114 478
8115 8110 -674
8115 8115 -849
8116 8111 449
8116 8116 -766
8117 8112 786
8117 8117 -401
8118 8113 -889
8118 8118 263
8119 8114 289
8119 8119 -257
8120 8115 595
8120 8120 -722
8121 8116 408
8121 8121 115
8122 8117 752
8122 8122 141
8123 8118 728
8123 8123 -169
8124 8119 -123
8124 8124 -429
8125 8120 -8
8125 8125 -415
8126 8121 -241
8126 8126 543
8127 8122 -175
8127 8127 -621
8128 8123 344
8128 8128 -644
8129 8124 951
8129 8129 553
8130 8125 -919
8130 8130 152
8131 8126 -27
8131 8131 538
8132 8127 489
8132 8132 -670
8133 8128 594
8133 8133 976
8134 8129 -775
8134 8134 678
8135 8130 -566
8135 8135 421
8136 8131 668
8136 8136 -609
8137 8132 573
8137 8137 -134
8138 8133 160
8138 8138 854
8139 8134 682
8139 8139 -961
8140 8135 -596
8140 8140 578
8141 8136 -991
8141 8141 316
8142 8137 -738
8142 8142 -629
8143 8138 365
8143 8143 237
8144 8139 -641
8144 8144 840
8145 8140 -866
8145 8145 122
8146 8141 3
8146 8146 439
8147 8142 -310
8147 8147 853
8148 8143 642
8148 8148 -74
8149 8144 795
8149 8149 -721
8150 8145 -43
8150 8150 402
8151 8146 923
8151 8151 -50
8152 8147 -236
8152 8152 -780
8153 8148 566
8153 8153 658
8154 8149 -16
8154 8154 -273
8155 8150 23
8155 8155 433
8156 8151 317
8156 8156 -317
8157 8152 -407
8157 8157 582
8158 8153 -599
8158 8158 706
8159 8154 -986
8159 8159 -228
8160 8155 -330
8160 8160 -190
8161 8156 -203
8161 8161 -915
8162 8157 236
8162 8162 -959
8163 8158 998
8163 8163 -996
8164 8159 234
8164 8164 297
8165 8160 -268
8165 8165 182
8166 8161 -404
8166 8166 837
8167 8162 115
8167 8167 -371
8168 8163 344
8168 8168 -35
8169 8164 -440
8169 8169 -983
8170 8165 -930
8170 8170 -902
8171 8166 -732
8171 8171 801
8172 8167 -674
8172 8172 -551
8173 8168 -412
8173 8173 66
8174 8169 -744
8174 8174 -222
8175 8170 155
8175 8175 -251
8176 8171 -186
8176 8176 705
8177 8172 -798
8177 8177 -588
8178 8173 -822
8178 8178 579
8179 8174 -533
8179 8179 -949
8180 8175 574
8180 8180 -813
8181 8176 -874
8181 8181 95
8182 8177 -721
8182 8182 -115
8183 8178 141
8183 8183 716
8184 8179 -942
8184 8184 -162
8185 8180 -314
8185 8185 38
8186 8181 -79
8186 8186 -178
8187 8182 -192
8187 8187 -888
8188 8183 -53
8188 8188 55
8189 8184 455
8189 8189 -900
8190 8185 -277
8190 8190 906
8191 8186 878
8191 8191 616
8192 8187 216
8192 8192 -842
8193 8188 782
8193 8193 615
8194 8189 247
8194 8194 -375
8195 8190 673
8195 8195 -836
8196 8191 305
8196 8196 696
8197 8192 -309
8197 8197 270
8198 8193 -215
8198 8198 874
8199 8194 -81
8199 8199 981
8200 8195 375
8200 8200 -563
8201 8196 -239
8201 8201 -894
8202 8197 -163
8202 8202 -66
8203 8198 -553
8203 8203 -751
8204 8199 435
8204 8204 -793
8205 8200 417
8205 8205 729
8206 8201 -161
8206 8206 -518
8207 8202 -45
8207 8207 -352
8208 8203 -509
8208 8208 656
8209 8204 342
8209 8209 755
8210 8205 -274
8210 8210 -152
8211 8206 746
8211 8211 -33
8212 8207 -594
8212 8212 478
8213 8208 -354
8213 8213 -743
8214 8209 269
8214 8214 -545
8215 8210 74
8215 8215 894
8216 8211 963
8216 8216 637
8217 8212 -435
8217 8217 28
8218 8213 541
8218 8218 -696
8219 8214 932
8219 8219 548
8220 8215 -750
8220 8220 -619
8221 8216 306
8221 8221 331
8222 8217 -384
8222 8222 597
8223 8218 -725
8223 8223 -362
8224 8219 708
8224 8224 -421
8225 8220 -672
8225 8225 -957
8226 8221 -342
8226 8226 -885
8227 8222 -993
8227 8227 -526
8228 8223 -307
8228 8228 -812
8229 8224 -25
8229 8229 -537
8230 8225 -836
8230 8230 -180
8231 8226 564
8231 8231 -776
8232 8227 -856
8232 8232 514
8233 8228 22
8233 8233 625
8234 8229 528
8234 8234 -795
8235 8230 -111
8235 8235 524
8236 8231 656
8236 8236 12
8237 8232 533
8237 8237 -774
8238 8233 -159
8238 8238 -847
8239 8234 -124
8239 8239 -9
8240 8235 -28
8240 8240 837
8241 8236 -407
8241 8241 -941
8242 8237 757
8242 8242 -818
8243 8238 311
8243 8243 -866
8244 8239 57
8244 8244 854
8245 8240 -874
8245 8245 -154
8246 8241 411
8246 8246 -308
8247 8242 192
8247 8247 -628
8248 8243 -518
8248 8248 115
8249 8244 298
8249 8249 563
8250 8245 557
8250 8250 73
8251 8246 337
8251 8251 -322
8252 8247 -960
8252 8252 -269
8253 8248 455
8253 8253 710
8254 8249 730
8254 8254 85
8255 8250 291
8255 8255 359
8256 8251 -907
8256 8256 -278
8257 8252 980
8257 8257 453
8258 8253 -882
8258 8258 970
8259 8254 -547
8259 8259 861
8260 8255 131
8260 8260 953
8261 8256 -471
8261 8261 -15
8262 8257 606
8262 8262 402
8263 8258 452
8263 8263 180
8264 8259 381
8264 8264 -198
8265 8260 828
8265 8265 354
8266 8261 728
8266 8266 -799
8267 8262 520
8267 8267 53
8268 8263 769
8268 8268 -107
8269 8264 506
8269 8269 -842
8270 8265 832
8270 8270 721
8271 8266 -421
8271 8271 248
8272 8267 936
8272 8272 -739
8273 8268 321
8273 8273 917
8274 8269 -671
8274 8274 -33
8275 8270 -1
8275 8275 -182
8276 8271 -226
8276 8276 -783
8277 8272 -223
8277 8277 -569
8278 8273 -96
8278 8278 380
8279 8274 701
8279 8279 -831
8280 8275 -296
8280 8280 -833
8281 8276 -887
8281 8281 -827
8282 8277 -201
8282 8282 -95
8283 8278 201
8283 8283 50
8284 8279 925
8284 8284 -73
8285 8280 697
8285 8285 233
8286 8281 813
8286 8286 67
8287 8282 -786
8287 8287 575
8288 8283 -755
8288 8288 740
8289 8284 425
8289 8289 494
8290 8285 934
8290 8290 -589
8291 8286 294
8291 8291 -3
8292 8287 627
8292 8292 54
8293 8288 791
8293 8293 -916
8294 8289 -815
8294 8294 401
8295 8290 -255
8295 8295 -231
8296 8291 862
8296 8296 306
8297 8292 281
8297 8297 -24
8298 8293 -644
8298 8298 825
8299 8294 994
8299 8299 -953
8300 8295 912
8300 8300 340
8301 8296 757
8301 8301 -702
8302 8297 391
8302 8302 -250
8303 8298 -134
8303 8303 2
8304 8299 18
8304 8304 341
8305 8300 68
8305 8305 -820
8306 8301 182
8306 8306 584
8307 8302 -205
8307 8307 318
8308 8303 -3
8308 8308 -559
8309 8304 775
8309 8309 283
8310 8305 -969
8310 8310 -48
8311 8306 388
8311 8311 865
8312 8307 434
8312 8312 -518
8313 8308 -624
8313 8313 58
8314 8309 -165
8314 8314 676
8315 8310 914
8315 8315 301
8316 8311 487
8316 8316 942
8317 8312 134
8317 8317 -204
8318 8313 -778
8318 8318 -847
8319 8314 528
8319 8319 -573
8320 8315 -194
8320 8320 -307
8321 8316 -800
8321 8321 -676
8322 8317 629
8322 8322 157
8323 8318 647
8323 8323 508
8324 8319 887
8324 8324 634
8325 8320 312
8325 8325 -613
8326 8321 816
8326 8326 -674
8327 8322 374
8327 8327 150
8328 8323 41
8328 8328 -385
8329 8324 925
8329 8329 935
8330 8325 -792
8330 8330 460
8331 8326 -706
8331 8331 935
8332 8327 -769
8332 8332 -646
8333 8328 -706
8333 8333 -804
8334 8329 -210
8334 8334 -739
8335 8330 -980
8335 8335 107
8336 8331 -60
8336 8336 350
8337 8332 412
8337 8337 -429
8338 8333 -155
8338 8338 -448
8339 8334 -817
8339 8339 -792
8340 8335 633
8340 8340 530
8341 8336 -686
8341 8341 -499
8342 8337 -43
8342 8342 -307
8343 8338 -261
8343 8343 73
8344 8339 -215
8344 8344 536
8345 8340 780
8345 8345 -670
8346 8341 -396
8346 8346 22
8347 8342 -73
8347 8347 582
8348 8343 -746
8348 8348 -906
8349 8344 798
8349 8349 -81
8350 8345 887
8350 8350 -694
8351 8346 281
8351 8351 -317
8352 8347 241
8352 8352 -214
8353 8348 37
8353 8353 -10
8354 8349 -7
8354 8354 -152
8355 8350 -551
8355 8355 -390
8356 8351 -147
8356 8356 -326
8357 8352 -787
8357 8357 -367
8358 8353 792
8358 8358 -622
8359 8354 -642
8359 8359 575
8360 8355 902
8360 8360 922
8361 8356 564
8361 8361 691
8362 8357 820
8362 8362 -523
8363 8358 71
8363 8363 148
8364 8359 998
8364 8364 -665
8365 8360 -343
8365 8365 509
8366 8361 -668
8366 8366 304
8367 8362 723
8367 8367 102
8368 8363 331
8368 8368 640
8369 8364 143
8369 8369 -727
8370 8365 779
8370 8370 778
8371 8366 -28
8371 8371 807
8372 8367 90
8372 8372 -202
8373 8368 -144
8373 8373 -29
8374 8369 -993
8374 8374 601
8375 8370 -956
8375 8375 461
8376 8371 -24
8376 8376 676
8377 8372 2
8377 8377 -26
8378 8373 981
8378 8378 -239
8379 8374 -743
8379 8379 -467
8380 8375 75
8380 8380 146
8381 8376 593
8381 8381 171
8382 8377 37
8382 8382 -166
8383 8378 672
8383 8383 -656
8384 8379 -532
8384 8384 -1
8385 8380 363
8385 8385 591
8386 8381 7
8386 8386 778
8387 8382 -158
8387 8387 641
8388 8383 -590
8388 8388 39
8389 8384 -248
8389 8389 725
8390 8385 482
8390 8390 -458
8391 8386 -725
8391 8391 999
8392 8387 879
8392 8392 881
8393 8388 -146
8393 8393 -493
8394 8389 649
8394 8394 -162
8395 8390 264
8395 8395 -123
8396 8391 382
8396 8396 -169
8397 8392 350
8397 8397 660
8398 8393 -484
8398 8398 779
8399 8394 -50
8399 8399 632
8400 8395 -658
8400 8400 952
8401 8396 -749
8401 8401 345
8402 8397 -413
8402 8402 552
8403 8398 189
8403 8403 5
8404 8399 175
8404 8404 -841
8405 8400 83
8405 8405 845
8406 8401 -180
8406 8406 746
8407 8402 -911
8407 8407 -620
8408 8403 314
8408 8408 797
8409 8404 -404
8409 8409 24
8410 8405 738
8410 8410 -162
8411 8406 -338
8411 8411 -214
8412 8407 8
8412 8412 686
8413 8408 402
8413 8413 -694
8414 8409 118
8414 8414 -552
8415 8410 444
8415 8415 655
8416 8411 -803
8416 8416 -953
8417 8412 -217
8417 8417 36
8418 8413 -422
8418 8418 -436
8419 8414 -460
8419 8419 -384
8420 8415 845
8420 8420 298
8421 8416 -467
8421 8421 50
8422 8417 121
8422 8422 -995
8423 8418 -203
8423 8423 -423
8424 8419 590
8424 8424 466
8425 8420 502
8425 8425 455
8426 8421 603
8426 8426 -91
8427 8422 -635
8427 8427 108
8428 8423 269
8428 8428 -289
8429 8424 980
8429 8429 -236
8430 8425 -368
8430 8430 997
8431 8426 -385
8431 8431 -559
8432 8427 -778
8432 8432 49
8433 8428 -938
8433 8433 -622
8434 8429 -363
8434 8434 435
8435 8430 -764
8435 8435 161
8436 8431 -529
8436 8436 712
8437 8432 740
8437 8437 -824
8438 8433 -52
8438 8438 121
8439 8434 784
8439 8439 69
8440 8435 -775
8440 8440 922
8441 8436 -947
8441 8441 -562
8442 8437 -653
8442 8442 932
8443 8438 695
8443 8443 -779
8444 8439 -128
8444 8444 -40
8445 8440 848
8445 8445 -439
8446 8441 337
8446 8446 285
8447 8442 -914
8447 8447 -882
8448 8443 -225
8448 8448 -391
8449 8444 -195
8449 8449 299
8450 8445 -913
8450 8450 -60
8451 8446 -688
8451 8451 441
8452 8447 651
8452 8452 -72
8453 8448 -968
8453 8453 -832
8454 8449 806
8454 8454 364
8455 8450 291
8455 8455 -448
8456 8451 242
8456 8456 -530
8457 8452 668
8457 8457 -312
8458 8453 970
8458 8458 603
8459 8454 -898
8459 8459 528
8460 8455 42
8460 8460 -200
8461 8456 -428
8461 8461 -207
8462 8457 807
8462 8462 55
8463 8458 454
8463 8463 394
8464 8459 142
8464 8464 -350
8465 8460 -832
8465 8465 982
8466 8461 83
8466 8466 -622
8467 8462 -82
8467 8467 -97
8468 8463 829
8468 8468 451
8469 8464 107
8469 8469 920
8470 8465 578
8470 8470 894
8471 8466 151
8471 8471 -134
8472 8467 -789
8472 8472 -371
8473 8468 -665
8473 8473 -602
8474 8469 -428
8474 8474 -721
8475 8470 -52
8475 8475 -88
8476 8471 497
8476 8476 -455
8477 8472 -435
8477 8477 883
8478 8473 -148
8478 8478 629
8479 8474 395
8479 8479 310
8480 8475 604
8480 8480 -879
8481 8476 -480
8481 8481 178
8482 8477 886
8482 8482 -16
8483 8478 -522
8483 8483 790
8484 8479 -829
8484 8484 98
8485 8480 -726
8485 8485 -262
8486 8481 618
8486 8486 -778
8487 8482 -456
8487 8487 541
8488 8483 -222
8488 8488 -301
8489 8484 -70
8489 8489 285
8490 8485 -494
8490 8490 -434
8491 8486 -795
8491 8491 191
8492 8487 369
8492 8492 -494
8493 8488 -903
8493 8493 -914
8494 8489 871
8494 8494 896
8495 8490 -184
8495 8495 -318
8496 8491 -116
8496 8496 213
8497 8492 -912
8497 8497 179
8498 8493 928
8498 8498 -909
8499 8494 194
8499 8499 53
8500 8495 520
8500 8500 14
8501 8496 -303
8501 8501 -78
8502 8497 98
8502 8502 479
8503 8498 987
8503 8503 -434
8504 8499 956
8504 8504 304
8505 8500 492
8505 8505 983
8506 8501 -998
8506 8506 249
8507 8502 -458
8507 8507 -347
8508 8503 55
8508 8508 242
8509 8504 595
8509 8509 -813
8510 8505 -793
8510 8510 -931
8511 8506 491
8511 8511 769
8512 8507 -633
8512 8512 -875
8513 8508 -906
8513 8513 -197
8514 8509 111
8514 8514 -7
8515 8510 -355
8515 8515 179
8516 8511 565
8516 8516 605
8517 8512 392
8517 8517 -363
8518 8513 -269
8518 8518 -48
8519 8514 -407
8519 8519 -300
8520 8515 -325
8520 8520 329
8521 8516 671
8521 8521 -333
8522 8517 632
8522 8522 462
8523 8518 -873
8523 8523 -58
8524 8519 706
8524 8524 -561
8525 8520 481
8525 8525 -734
8526 8521 -209
8526 8526 280
8527 8522 347
8527 8527 -443
8528 8523 801
8528 8528 -994
8529 8524 -347
8529 8529 -204
8530 8525 633
8530 8530 -887
8531 8526 -13
8531 8531 -931
8532 8527 487
8532 8532 -844
8533 8528 -312
8533 8533 -229
8534 8529 -629
8534 8534 738
8535 8530 -934
8535 8535 -357
8536 8531 -666
8536 8536 -823
8537 8532 -65
8537 8537 586
8538 8533 669
8538 8538 535
8539 8534 -359
8539 8539 554
8540 8535 353
8540 8540 703
8541 8536 113
8541 8541 -454
8542 8537 889
8542 8542 -155
8543 8538 470
8543 8543 -817
8544 8539 -398
8544 8544 -453
8545 8540 -618
8545 8545 -64
8546 8541 -905
8546 8546 -787
8547 8542 -489
8547 8547 453
8548 8543 385
8548 8548 -126
8549 8544 -339
8549 8549 -523
8550 8545 -885
8550 8550 226
8551 8546 580
8551 8551 -757
8552 8547 344
8552 8552 930
8553 8548 -320
8553 8553 269
8554 8549 491
8554 8554 -886
8555 8550 583
8555 8555 842
8556 8551 93
8556 8556 -425
8557 8552 -474
8557 8557 403
8558 8553 -136
8558 8558 346
8559 8554 -251
8559 8559 748
8560 8555 -571
8560 8560 -886
8561 8556 922
8561 8561 -447
8562 8557 -561
8562 8562 -40
8563 8558 -346
8563 8563 -943
8564 8559 -722
8564 8564 -887
8565 8560 359
8565 8565 -48
8566 8561 -435
8566 8566 -115
8567 8562 -493
8567 8567 -267
8568 8563 -180
8568 8568 -265
8569 8564 541
8569 8569 -723
8570 8565 499
8570 8570 -181
8571 8566 743
8571 8571 52
8572 8567 -562
8572 8572 -423
8573 8568 -77
8573 8573 798
8574 8569 201
8574 8574 918
8575 8570 22
8575 8575 -916
8576 8571 196
8576 8576 -564
8577 8572 795
8577 8577 -528
8578 8573 -808
8578 8578 -308
8579 8574 -958
8579 8579 -599
8580 8575 464
8580 8580 425
8581 8576 757
8581 8581 741
8582 8577 -231
8582 8582 -60
8583 8578 441
8583 8583 -116
8584 8579 -839
8584 8584 -984
8585 8580 -891
8585 8585 494
8586 8581 -354
8586 8586 -727
8587 8582 912
8587 8587 908
8588 8583 663
8588 8588 -584
8589 8584 863
8589 8589 -782
8590 8585 999
8590 8590 -238
8591 8586 716
8591 8591 -303
8592 8587 -935
8592 8592 -278
8593 8588 -91
8593 8593 766
8594 8589 -575
8594 8594 -178
8595 8590 -252
8595 8595 24
8596 8591 -69
8596 8596 369
8597 8592 -482
8597 8597 192
8598 8593 22
8598 8598 -665
8599 8594 -290
8599 8599 539
8600 8595 210
8600 8600 -720
8601 8596 -676
8601 8601 -536
8602 8597 -680
8602 8602 931
8603 8598 552
8603 8603 574
8604 8599 -335
8604 8604 -275
8605 8600 983
8605 8605 350
8606 8601 -452
8606 8606 -771
8607 8602 330
8607 8607 -143
8608 8603 754
8608 8608 -760
8609 8604 -771
8609 8609 -665
8610 8605 -398
8610 8610 440
8611 8606 -359
8611 8611 997
8612 8607 958
8612 8612 650
8613 8608 -298
8613 8613 824
8614 8609 208
8614 8614 -410
8615 8610 90
8615 8615 41
8616 8611 378
8616 8616 656
8617 8612 993
8617 8617 -831
8618 8613 -792
8618 8618 318
8619 8614 642
8619 8619 713
8620 8615 513
8620 8620 -863
8621 8616 537
8621 8621 -733
8622 8617 920
8622 8622 -510
8623 8618 795
8623 8623 -189
8624 8619 -306
8624 8624 671
8625 8620 -169
8625 8625 -550
8626 8621 250
8626 8626 -394
8627 8622 -786
8627 8627 355
8628 8623 -234
8628 8628 940
8629 8624 -577
8629 8629 -547
8630 8625 -706
8630 8630 -223
8631 8626 -172
8631 8631 349
8632 8627 741
8632 8632 -618
8633 8628 210
8633 8633 456
8634 8629 613
8634 8634 849
8635 8630 877
8635 8635 565
8636 8631 80
8636 8636 441
8637 8632 -473
8637 8637 -166
8638 8633 865
8638 8638 -667
8639 8634 731
8639 8639 275
8640 8635 206
8640 8640 -326
8641 8636 -929
8641 8641 -100
8642 8637 254
8642 8642 -69
8643 8638 -544
8643 8643 -740
8644 8639 -353
8644 8644 31
8645 8640 -932
8645 8645 613
8646 8641 -625
8646 8646 50
8647 8642 -786
8647 8647 166
8648 8643 -592
8648 8648 -944
8649 8644 -834
8649 8649 -772
8650 8645 662
8650 8650 -367
8651 8646 282
8651 8651 -488
8652 8647 -689
8652 8652 632
8653 8648 260
8653 8653 985
8654 8649 181
8654 8654 -455
8655 8650 914
8655 8655 612
8656 8651 416
8656 8656 -237
8657 8652 -911
8657 8657 806
8658 8653 -797
8658 8658 812
8659 8654 -385
8659 8659 899
8660 8655 -222
8660 8660 850
8661 8656 -226
8661 8661 950
8662 8657 -243
8662 8662 -892
8663 8658 640
8663 8663 996
8664 8659 -49
8664 8664 -83
8665 8660 402
8665 8665 896
8666 8661 792
8666 8666 676
8667 8662 -541
8667 8667 -64
8668 8663 -104
8668 8668 650
8669 8664 432
8669 8669 -89
8670 8665 310
8670 8670 369
8671 8666 635
8671 8671 759
8672 8667 -430
8672 8672 -231
8673 8668 965
8673 8673 573
8674 8669 480
8674 8674 -240
8675 8670 -498
8675 8675 547
8676 8671 276
8676 8676 293
8677 8672 -561
8677 8677 355
8678 8673 -818
8678 8678 -552
8679 8674 451
8679 8679 540
8680 8675 442
8680 8680 500
8681 8676 -559
8681 8681 210
8682 8677 -167
8682 8682 431
8683 8678 -708
8683 8683 936
8684 8679 262
8684 8684 -366
8685 8680 -776
8685 8685 -196
8686 8681 -418
8686 8686 -30
8687 8682 -133
8687 8687 269
8688 8683 996
8688 8688 306
8689 8684 759
8689 8689 -205
8690 8685 890
8690 8690 -309
8691 8686 55
8691 8691 508
8692 8687 -838
8692 8692 -767
8693 8688 160
8693 8693 198
8694 8689 993
8694 8694 -112
8695 8690 -343
8695 8695 355
8696 8691 578
8696 8696 11
8697 8692 -58
8697 8697 -397
8698 8693 400
8698 8698 438
8699 8694 -757
8699 8699 -933
8700 8695 346
8700 8700 -514
8701 8696 -582
8701 8701 -613
8702 8697 -425
8702 8702 121
8703 8698 -523
8703 8703 936
8704 8699 921
8704 8704 -903
8705 8700 943
8705 8705 589
8706 8701 -860
8706 8706 -772
8707 8702 141
8707 8707 859
8708 8703 639
8708 8708 -900
8709 8704 -252
8709 8709 -880
8710 8705 842
8710 8710 -650
8711 8706 419
8711 8711 244
8712 8707 -958
8712 8712 -607
8713 8708 513
8713 8713 575
8714 8709 960
8714 8714 461
8715 8710 -445
8715 8715 -275
8716 8711 310
8716 8716 -701
8717 8712 870
8717 8717 -559
8718 8713 787
8718 8718 -206
8719 8714 -141
8719 8719 -724
8720 8715 -478
8720 8720 616
8721 8716 -259
8721 8721 579
8722 8717 532
8722 8722 -427
8723 8718 -786
8723 8723 -92
8724 8719 127
8724 8724 -668
8725 8720 750
8725 8725 18
8726 8721 -866
8726 8726 192
8727 8722 -748
8727 8727 587
8728 8723 907
8728 8728 -57
8729 8724 293
8729 8729 -200
8730 8725 328
8730 8730 -16
8731 8726 420
8731 8731 182
8732 8727 335
8732 8732 298
8733 8728 -369
8733 8733 358
8734 8729 -592
8734 8734 489
8735 8730 -880
8735 8735 -765
8736 8731 29
8736 8736 977
8737 8732 -245
8737 8737 -508
8738 8733 -779
8738 8738 392
8739 8734 187
8739 8739 339
8740 8735 -372
8740 8740 -564
8741 8736 122
8741 8741 281
8742 8737 -381
8742 8742 679
8743 8738 121
8743 8743 -92
8744 8739 973
8744 8744 -535
8745 8740 -653
8745 8745 -40
8746 8741 -956
8746 8746 -883
8747 8742 196
8747 8747 -1
8748 8743 -748
8748 8748 454
8749 8744 -86
8749 8749 -900
8750 8745 -604
8750 8750 -445
8751 8746 734
8751 8751 -532
8752 8747 -747
8752 8752 -937
8753 8748 -392
8753 8753 -147
8754 8749 -899
8754 8754 -529
8755 8750 534
8755 8755 -286
8756 8751 164
8756 8756 -857
8757 8752 597
8757 8757 728
8758 8753 889
8758 8758 -93
8759 8754 -238
8759 8759 647
8760 8755 802
8760 8760 -331
8761 8756 -21
8761 8761 129
8762 8757 719
8762 8762 635
8763 8758 406
8763 8763 279
8764 8759 128
8764 8764 11
8765 8760 481
8765 8765 -921
8766 8761 -108
8766 8766 -116
8767 8762 -74
8767 8767 215
8768 8763 948
8768 8768 225
8769 8764 -933
8769 8769 741
8770 8765 378
8770 8770 -874
8771 8766 613
8771 8771 -596
8772 8767 -679
8772 8772 -890
8773 8768 473
8773 8773 82
8774 8769 -452
8774 8774 -150
8775 8770 854
8775 8775 -209
8776 8771 285
8776 8776 -796
8777 8772 -706
8777 8777 446
8778 8773 869
8778 8778 -665
8779 8774 -705
8779 8779 -826
8780 8775 -498
8780 8780 997
8781 8776 -617
8781 8781 -319
8782 8777 -840
8782 8782 131
8783 8778 325
8783 8783 -930
8784 8779 253
8784 8784 -582
8785 8780 -555
8785 8785 -78
8786 8781 -565
8786 8786 -464
8787 8782 -853
8787 8787 -85
8788 8783 -430
8788 8788 331
8789 8784 -798
8789 8789 734
8790 8785 -509
8790 8790 -411
8791 8786 -513
8791 8791 -543
8792 8787 -754
8792 8792 150
8793 8788 824
8793 8793 -433
8794 8789 823
8794 8794 907
8795 8790 807
8795 8795 209
8796 8791 -200
8796 8796 -663
8797 8792 -899
8797 8797 803
8798 8793 -992
8798 8798 -466
8799 8794 839
8799 8799 406
8800 8795 -637
8800 8800 743
8801 8796 91
8801 8801 -374
8802 8797 -66
8802 8802 220
8803 8798 -777
8803 8803 547
8804 8799 916
8804 8804 433
8805 8800 -42
8805 8805 272
8806 8801 865
8806 8806 -925
8807 8802 -598
8807 8807 619
8808 8803 824
8808 8808 -624
8809 8804 -116
8809 8809 -58
8810 8805 335
8810 8810 -6
8811 8806 -929
8811 8811 730
8812 8807 749
8812 8812 36
8813 8808 -669
8813 8813 432
8814 8809 -667
8814 8814 141
8815 8810 -551
8815 8815 -267
8816 8811 258
8816 8816 -620
8817 8812 519
8817 8817 -681
8818 8813 -606
8818 8818 957
8819 8814 -139
8819 8819 -587
8820 8815 -546
8820 8820 152
8821 8816 -955
8821 8821 -734
8822 8817 225
8822 8822 -379
8823 8818 -624
8823 8823 -758
8824 8819 80
8824 8824 -348
8825 8820 -983
8825 8825 93
8826 8821 -18
8826 8826 -440
8827 8822 677
8827 8827 509
8828 8823 592
8828 8828 -926
8829 8824 -854
8829 8829 337
8830 8825 253
8830 8830 761
8831 8826 614
8831 8831 60
8832 8827 681
8832 8832 948
8833 8828 610
8833 8833 173
8834 8829 148
8834 8834 -769
8835 8830 520
8835 8835 -601
8836 8831 772
8836 8836 662
8837 8832 -656
8837 8837 96
8838 8833 204
8838 8838 -370
8839 8834 -282
8839 8839 111
8840 8835 983
8840 8840 864
8841 8836 758
8841 8841 942
8842 8837 -284
8842 8842 -884
8843 8838 -984
8843 8843 10
8844 8839 449
8844 8844 960
8845 8840 926
8845 8845 -359
8846 8841 341
8846 8846 69
8847 8842 854
8847 8847 227
8848 8843 560
8848 8848 -32
8849 8844 736
8849 8849 137
8850 8845 -222
8850 8850 -485
8851 8846 -208
8851 8851 818
8852 8847 960
8852 8852 -393
8853 8848 323
8853 8853 -833
8854 8849 -388
8854 8854 -82
8855 8850 290
8855 8855 -198
8856 8851 524
8856 8856 14
8857 8852 -647
8857 8857 320
8858 8853 -161
8858 8858 -598
8859 8854 -816
8859 8859 315
8860 8855 145
8860 8860 435
8861 8856 -228
8861 8861 -412
8862 8857 -440
8862 8862 -475
8863 8858 -532
8863 8863 659
8864 8859 893
8864 8864 -868
8865 8860 598
8865 8865 702
8866 8861 -556
8866 8866 -986
8867 8862 151
8867 8867 -306
8868 8863 -533
8868 8868 -190
8869 8864 908
8869 8869 -583
8870 8865 25
8870 8870 -351
8871 8866 15
8871 8871 -439
8872 8867 -251
8872 8872 -480
8873 8868 944
8873 8873 313
8874 8869 222
8874 8874 -961
8875 8870 492
8875 8875 -812
8876 8871 -938
8876 8876 33
8877 8872 33
8877 8877 -741
8878 8873 469
8878 8878 466
8879 8874 -218
8879 8879 -202
8880 8875 821
8880 8880 968
8881 8876 -643
8881 8881 806
8882 8877 943
8882 8882 208
8883 8878 -865
8883 8883 -795
8884 8879 -843
8884 8884 463
8885 8880 615
8885 8885 703
8886 8881 910
8886 8886 -530
8887 8882 528
8887 8887 -594
8888 8883 535
8888 8888 -439
8889 8884 -557
8889 8889 -929
8890 8885 -336
8890 8890 41
8891 8886 -671
8891 8891 354
8892 8887 709
8892 8892 329
8893 8888 -109
8893 8893 -93
8894 8889 468
8894 8894 308
8895 8890 99
8895 8895 583
8896 8891 -768
8896 8896 332
8897 8892 916
8897 8897 941
8898 8893 367
8898 8898 739
8899 8894 -559
8899 8899 291
8900 8895 -285
8900 8900 -914
8901 8896 -766
8901 8901 -910
8902 8897 -101
8902 8902 274
8903 8898 -483
8903 8903 -258
8904 8899 630
8904 8904 -349
8905 8900 -124
8905 8905 -167
8906 8901 79
8906 8906 -498
8907 8902 82
8907 8907 -589
8908 8903 -34
8908 8908 -520
8909 8904 640
8909 8909 245
8910 8905 -816
8910 8910 -198
8911 8906 535
8911 8911 641
8912 8907 696
8912 8912 118
8913 8908 386
8913 8913 -423
8914 8909 654
8914 8914 42
8915 8910 -694
8915 8915 -439
8916 8911 990
8916 8916 -273
8917 8912 -390
8917 8917 -976
8918 8913 659
8918 8918 -190
8919 8914 -970
8919 8919 -781
8920 8915 831
8920 8920 944
8921 8916 717
8921 8921 694
8922 8917 638
8922 8922 -560
8923 8918 585
8923 8923 -752
8924 8919 512
8924 8924 463
8925 8920 -336
8925 8925 -829
8926 8921 482
8926 8926 -348
8927 8922 -649
8927 8927 -284
8928 8923 97
8928 8928 -642
8929 8924 -222
8929 8929 -820
8930 8925 702
8930 8930 551
8931 8926 688
8931 8931 587
8932 8927 -998
8932 8932 328
8933 8928 968
8933 8933 772
8934 8929 104
8934 8934 947
8935 8930 -904
8935 8935 -802
8936 8931 982
8936 8936 -752
8937 8932 -314
8937 8937 797
8938 8933 878
8938 8938 244
8939 8934 -211
8939 8939 -260
8940 8935 -151
8940 8940 545
8941 8936 -911
8941 8941 284
8942 8937 207
8942 8942 -303
8943 8938 -670
8943 8943 975
8944 8939 -379
8944 8944 -796
8945 8940 13
8945 8945 -820
8946 8941 388
8946 8946 349
8947 8942 420
8947 8947 -242
8948 8943 -337
8948 8948 455
8949 8944 527
8949 8949 -850
8950 8945 550
8950 8950 -843
8951 8946 808
8951 8951 -119
8952 8947 13
8952 8952 393
8953 8948 365
8953 8953 -945
8954 8949 580
8954 8954 481
8955 8950 -893
8955 8955 -134
8956 8951 -238
8956 8956 744
8957 8952 531
8957 8957 -906
8958 8953 -696
8958 8958 708
8959 8954 36
8959 8959 428
8960 8955 -179
8960 8960 732
8961 8956 17
8961 8961 196
8962 8957 -801
8962 8962 449
8963 8958 369
8963 8963 -488
8964 8959 410
8964 8964 -111
8965 8960 881
8965 8965 510
8966 8961 460
8966 8966 -606
8967 8962 131
8967 8967 713
8968 8963 649
8968 8968 622
8969 8964 -419
8969 8969 -719
8970 8965 862
8970 8970 630
8971 8966 -175
8971 8971 -887
8972 8967 136
8972 8972 786
8973 8968 -270
8973 8973 273
8974 8969 -225
8974 8974 81
8975 8970 -327
8975 8975 766
8976 8971 -453
8976 8976 99
8977 8972 -423
8977 8977 -642
8978 8973 416
8978 8978 955
8979 8974 -56
8979 8979 540
8980 8975 445
8980 8980 448
8981 8976 308
8981 8981 694
8982 8977 771
8982 8982 60
8983 8978 -271
8983 8983 -986
8984 8979 689
8984 8984 -116
8985 8980 -97
8985 8985 -657
8986 8981 538
8986 8986 928
8987 8982 346
8987 8987 -624
8988 8983 -831
8988 8988 -151
8989 8984 -355
8989 8989 267
8990 8985 -167
8990 8990 -911
8991 8986 -608
8991 8991 594
8992 8987 203
8992 8992 449
8993 8988 -601
8993 8993 -758
8994 8989 -68
8994 8994 -109
8995 8990 -370
8995 8995 62
8996 8991 361
8996 8996 389
8997 8992 -205
8997 8997 374
8998 8993 548
8998 8998 -770
8999 8994 -449
8999 8999 -169
9000 8995 -417
9000 9000 860
9001 8996 750
9001 9001 -596
9002 8997 828
9002 9002 9
9003 8998 -639
9003 9003 172
9004 8999 -926
9004 9004 109
9005 9000 -376
9005 9005 224
9006 9001 -322
9006 9006 796
9007 9002 -400
9007 9007 890
9008 9003 -371
9008 9008 657
9009 9004 454
9009 9009 847
9010 9005 352
9010 9010 737
9011 9006 -122
9011 9011 887
9012 9007 37
9012 9012 -202
9013 9008 -395
9013 9013 -990
9014 9009 -173
9014 9014 -237
9015 9010 -210
9015 9015 272
9016 9011 122
9016 9016 -645
9017 9012 -671
9017 9017 12
9018 9013 330
9018 9018 312
9019 9014 10
9019 9019 941
9020 9015 -340
9020 9020 524
9021 9016 419
9021 9021 -198
9022 9017 -162
9022 9022 -50
9023 9018 -679
9023 9023 729
9024 9019 557
9024 9024 995
9025 9020 323
9025 9025 101
9026 9021 266
9026 9026 -639
9027 9022 889
9027 9027 -244
9028 9023 834
9028 9028 143
9029 9024 -644
9029 9029 -733
9030 9025 -512
9030 9030 579
9031 9026 -381
9031 9031 365
9032 9027 -677
9032 9032 -262
9033 9028 693
9033 9033 -846
9034 9029 -295
9034 9034 -392
9035 9030 789
9035 9035 -21
9036 9031 -297
9036 9036 -536
9037 9032 -344
9037 9037 -512
9038 9033 276
9038 9038 -592
9039 9034 33
9039 9039 551
9040 9035 892
9040 9040 631
9041 9036 662
9041 9041 929
9042 9037 -985
9042 9042 975
9043 9038 163
9043 9043 715
9044 9039 -940
9044 9044 956
9045 9040 826
9045 9045 637
9046 9041 -267
9046 9046 924
9047 9042 271
9047 9047 -223
9048 9043 -182
9048 9048 903
9049 9044 527
9049 9049 289
9050 9045 -542
9050 9050 -586
9051 9046 -630
9051 9051 125
9052 9047 -799
9052 9052 -398
9053 9048 -517
9053 9053 111
9054 9049 -986
9054 9054 -776
9055 9050 955
9055 9055 -525
9056 9051 -995
9056 9056 -854
9057 9052 -979
9057 9057 -601
9058 9053 -838
9058 9058 647
9059 9054 -930
9059 9059 -568
9060 9055 673
9060 9060 -134
9061 9056 -956
9061 9061 -223
9062 9057 968
9062 9062 567
9063 9058 -872
9063 9063 93
9064 9059 815
9064 9064 -746
9065 9060 -823
9065 9065 -6
9066 9061 -528
9066 9066 945
9067 9062 23
9067 9067 475
9068 9063 709
9068 9068 -624
9069 9064 -679
9069 9069 -566
9070 9065 -937
9070 9070 821
9071 9066 -144
9071 9071 603
9072 9067 -777
9072 9072 816
9073 9068 142
9073 9073 765
9074 9069 -877
9074 9074 947
9075 9070 -283
9075 9075 286
9076 9071 250
9076 9076 -988
9077 9072 -532
9077 9077 -366
9078 9073 -855
9078 9078 701
9079 9074 140
9079 9079 147
9080 9075 -926
9080 9080 -969
9081 9076 896
9081 9081 891
9082 9077 371
9082 9082 -31
9083 9078 764
9083 9083 237
9084 9079 174
9084 9084 881
9085 9080 -790
9085 9085 392
9086 9081 -733
9086 9086 -814
9087 9082 -915
9087 9087 -669
9088 9083 380
9088 9088 739
9089 9084 -396
9089 9089 772
9090 9085 249
9090 9090 877
9091 9086 899
9091 9091 896
9092 9087 -298
9092 9092 663
9093 9088 -378
9093 9093 257
9094 9089 -619
9094 9094 -527
9095 9090 -375
9095 9095 813
9096 9091 -864
9096 9096 893
9097 9092 463
9097 9097 -147
9098 9093 682
9098 9098 582
9099 9094 -701
9099 9099 927
9100 9095 682
9100 9100 -490
9101 9096 -177
9101 9101 -610
9102 9097 -847
9102 9102 420
9103 9098 979
9103 9103 510
9104 9099 235
9104 9104 -476
9105 9100 784
9105 9105 975
9106 9101 572
9106 9106 -120
9107 9102 168
9107 9107 465
9108 9103 -563
9108 9108 897
9109 9104 -350
9109 9109 228
9110 9105 596
9110 9110 -943
9111 9106 -990
9111 9111 -707
9112 9107 221
9112 9112 193
9113 9108 -85
9113 9113 932
9114 9109 144
9114 9114 83
9115 9110 1
9115 9115 650
9116 9111 572
9116 9116 -560
9117 9112 -623
9117 9117 -439
9118 9113 179
9118 9118 357
9119 9114 -868
9119 9119 38
9120 9115 482
9120 9120 367
9121 9116 251
9121 9121 353
9122 9117 -164
9122 9122 674
9123 9118 428
9123 9123 894
9124 9119 628
9124 9124 657
9125 9120 806
9125 9125 666
9126 9121 -479
9126 9126 140
9127 9122 -425
9127 9127 -262
9128 9123 -644
9128 9128 755
9129 9124 -157
9129 9129 -387
9130 9125 6
9130 9130 559
9131 9126 249
9131 9131 517
9132 9127 -715
9132 9132 671
9133 9128 -235
9133 9133 732
9134 9129 369
9134 9134 -834
9135 9130 783
9135 9135 -362
9136 9131 80
9136 9136 579
9137 9132 -7
9137 9137 -948
9138 9133 735
9138 9138 326
9139 9134 62
9139 9139 -413
9140 9135 78
9140 9140 911
9141 9136 -32
9141 9141 -717
9142 9137 870
9142 9142 -173
9143 9138 531
9143 9143 -836
9144 9139 449
9144 9144 -789
9145 9140 -815
9145 9145 -746
9146 9141 780
9146 9146 -414
9147 9142 -1
9147 9147 -760
9148 9143 -297
9148 9148 486
9149 9144 263
9149 9149 -886
9150 9145 762
9150 9150 256
9151 9146 341
9151 9151 728
9152 9147 -585
9152 9152 619
9153 9148 -127
9153 9153 -461
9154 9149 -757
9154 9154 7
9155 9150 -804
9155 9155 -218
9156 9151 159
9156 9156 957
9157 9152 228
9157 9157 546
9158 9153 653
9158 9158 -338
9159 9154 88
9159 9159 448
9160 9155 -997
9160 9160 -407
9161 9156 -825
9161 9161 354
9162 9157 120
9162 9162 917
9163 9158 62
9163 9163 85
9164 9159 495
9164 9164 469
9165 9160 443
9165 9165 980
9166 9161 138
9166 9166 -992
9167 9162 -151
9167 9167 -345
9168 9163 -777
9168 9168 -107
9169 9164 -636
9169 9169 206
9170 9165 741
9170 9170 -182
9171 9166 -400
9171 9171 -402
9172 9167 -338
9172 9172 -950
9173 9168 506
9173 9173 388
9174 9169 126
9174 9174 583
9175 9170 -978
9175 9175 -650
9176 9171 830
9176 9176 -353
9177 9172 -706
9177 9177 984
9178 9173 -627
9178 9178 48
9179 9174 -961
9179 9179 861
9180 9175 -898
9180 9180 -423
9181 9176 24
9181 9181 -929
9182 9177 -314
9182 9182 -147
9183 9178 190
9183 9183 -383
9184 9179 -126
9184 9184 415
9185 9180 892
9185 9185 -735
9186 9181 -372
9186 9186 669
9187 9182 475
9187 9187 -483
9188 9183 459
9188 9188 465
9189 9184 -992
9189 9189 -792
9190 9185 -896
9190 9190 -216
9191 9186 371
9191 9191 347
9192 9187 -253
9192 9192 920
9193 9188 -249
9193 9193 -895
9194 9189 -1
9194 9194 907
9195 9190 619
9195 9195 469
9196 9191 -135
9196 9196 -711
9197 9192 955
9197 9197 -911
9198 9193 -896
9198 9198 -687
9199 9194 929
9199 9199 445
9200 9195 822
9200 9200 355
9201 9196 168
9201 9201 972
9202 9197 -769
9202 9202 -807
9203 9198 -624
9203 9203 -419
9204 9199 834
9204 9204 414
9205 9200 119
9205 9205 -106
9206 9201 870
9206 9206 945
9207 9202 -628
9207 9207 -715
9208 9203 -188
9208 9208 -875
9209 9204 -916
9209 9209 760
9210 9205 -893
9210 9210 143
9211 9206 84
9211 9211 -62
9212 9207 -54
9212 9212 252
9213 9208 948
9213 9213 -45
9214 9209 -693
9214 9214 368
9215 9210 -349
9215 9215 561
9216 9211 14
9216 9216 -888
9217 9212 -355
9217 9217 227
9218 9213 745
9218 9218 -31
9219 9214 -339
9219 9219 -94
9220 9215 -295
9220 9220 753
9221 9216 -101
9221 9221 -910
9222 9217 -765
9222 9222 -881
9223 9218 -874
9223 9223 478
9224 9219 944
9224 9224 357
9225 9220 -612
9225 9225 365
9226 9221 -295
9226 9226 774
9227 9222 -306
9227 9227 -912
9228 9223 404
9228 9228 59
9229 9224 -933
9229 9229 -454
9230 9225 317
9230 9230 -847
9231 9226 829
9231 9231 -353
9232 9227 686
9232 9232 664
9233 9228 54
9233 9233 -93
9234 9229 -633
9234 9234 -704
9235 9230 -215
9235 9235 -9
9236 9231 -653
9236 9236 -655
9237 9232 -774
9237 9237 333
9238 9233 -353
9238 9238 -91
9239 9234 -151
9239 9239 -713
9240 9235 -268
9240 9240 -998
9241 9236 793
9241 9241 70
9242 9237 -154
9242 9242 -664
9243 9238 809
9243 9243 2
9244 9239 305
9244 9244 142
9245 9240 590
9245 9245 -381
9246 9241 -919
9246 9246 -120
9247 9242 -637
9247 9247 -740
9248 9243 -756
9248 9248 61
9249 9244 825
9249 9249 329
9250 9245 713
9250 9250 -834
9251 9246 -945
9251 9251 -528
9252 9247 103
9252 9252 -463
9253 9248 529
9253 9253 -505
9254 9249 -949
9254 9254 849
9255 9250 12
9255 9255 229
9256 9251 -155
9256 9256 126
9257 9252 333
9257 9257 120
9258 9253 742
9258 9258 410
9259 9254 761
9259 9259 -572
9260 9255 432
9260 9260 -293
9261 9256 -643
9261 9261 -625
9262 9257 -187
9262 9262 -905
9263 9258 -529
9263 9263 105
9264 9259 -33
9264 9264 -726
9265 9260 -991
9265 9265 668
9266 9261 -940
9266 9266 -112
9267 9262 -305
9267 9267 -857
9268 9263 336
9268 9268 120
9269 9264 715
9269 9269 -737
9270 9265 -394
9270 9270 -731
9271 9266 -577
9271 9271 -575
9272 9267 -349
9272 9272 87
9273 9268 264
9273 9273 272
9274 9269 141
9274 9274 -425
9275 9270 108
9275 9275 -313
9276 9271 -826
9276 9276 -23
9277 9272 521
9277 9277 -378
9278 9273 -595
9278 9278 -50
9279 9274 359
9279 9279 -86
9280 9275 586
9280 9280 -905
9281 9276 -345
9281 9281 -817
9282 9277 342
9282 9282 -406
9283 9278 102
9283 9283 -783
9284 9279 -922
9284 9284 428
9285 9280 -710
9285 9285 813
9286 9281 -499
9286 9286 -387
9287 9282 779
9287 9287 -321
9288 9283 -278
9288 9288 -88
9289 9284 922
9289 9289 -271
9290 9285 -837
9290 9290 856
9291 9286 887
9291 9291 411
9292 9287 -356
9292 9292 -752
9293 9288 938
9293 9293 689
9294 9289 67
9294 9294 -958
9295 9290 626
9295 9295 -837
9296 9291 600
9296 9296 -471
9297 9292 -777
9297 9297 -348
9298 9293 997
9298 9298 696
9299 9294 -26
9299 9299 -807
9300 9295 393
9300 9300 413
9301 9296 -891
9301 9301 393
9302 9297 -474
9302 9302 291
9303 9298 461
9303 9303 -133
9304 9299 281
9304 9304 561
9305 9300 -34
9305 9305 721
9306 9301 547
9306 9306 504
9307 9302 338
9307 9307 792
9308 9303 -970
9308 9308 749
9309 9304 593
9309 9309 -193
9310 9305 120
9310 9310 -843
9311 9306 -51
9311 9311 -482
9312 9307 966
9312 9312 203
9313 9308 496
9313 9313 245
9314 9309 -192
9314 9314 -952
9315 9310 866
9315 9315 467
9316 9311 -683
9316 9316 740
9317 9312 268
9317 9317 -228
9318 9313 -311
9318 9318 -800
9319 9314 336
9319 9319 941
9320 9315 -502
9320 9320 168
9321 9316 672
9321 9321 58
9322 9317 -82
9322 9322 -26
9323 9318 -445
9323 9323 330
9324 9319 -569
9324 9324 961
9325 9320 -874
9325 9325 562
9326 9321 554
9326 9326 -106
9327 9322 725
9327 9327 -478
9328 9323 106
9328 9328 -397
9329 9324 -155
9329 9329 847
9330 9325 -448
9330 9330 398
9331 9326 -804
9331 9331 -8
9332 9327 382
9332 9332 247
9333 9328 -562
9333 9333 523
9334 9329 -825
9334 9334 367
9335 9330 869
9335 9335 -796
9336 9331 90
9336 9336 -70
9337 9332 436
9337 9337 811
9338 9333 -516
9338 9338 182
9339 9334 -600
9339 9339 -172
9340 9335 968
9340 9340 26
9341 9336 577
9341 9341 -276
9342 9337 699
9342 9342 387
9343 9338 553
9343 9343 -740
9344 9339 -370
9344 9344 561
9345 9340 342
9345 9345 157
9346 9341 998
9346 9346 -955
9347 9342 -910
9347 9347 -750
9348 9343 912
9348 9348 -937
9349 9344 -994
9349 9349 -46
9350 9345 -778
9350 9350 -709
9351 9346 538
9351 9351 -190
9352 9347 121
9352 9352 -232
9353 9348 424
9353 9353 -764
9354 9349 331
9354 9354 175
9355 9350 -461
9355 9355 -182
9356 9351 -137
9356 9356 80
9357 9352 -999
9357 9357 -106
9358 9353 -668
9358 9358 -965
9359 9354 -931
9359 9359 -422
9360 9355 -833
9360 9360 135
9361 9356 536
9361 9361 -8
9362 9357 582
9362 9362 -566
9363 9358 861
9363 9363 395
9364 9359 243
9364 9364 411
9365 9360 232
9365 9365 539
9366 9361 -794
9366 9366 804
9367 9362 -85
9367 9367 -952
9368 9363 -547
9368 9368 590
9369 9364 -213
9369 9369 203
9370 9365 965
9370 9370 220
9371 9366 804
9371 9371 -787
9372 9367 -961
9372 9372 528
9373 9368 -726
9373 9373 -193
9374 9369 -531
9374 9374 -599
9375 9370 -438
9375 9375 217
9376 9371 243
9376 9376 -609
9377 9372 -548
9377 9377 -703
9378 9373 -619
9378 9378 -458
9379 9374 -468
9379 9379 323
9380 9375 -696
9380 9380 141
9381 9376 -355
9381 9381 253
9382 9377 -790
9382 9382 -540
9383 9378 301
9383 9383 315
9384 9379 865
9384 9384 -730
9385 9380 -549
9385 9385 -625
9386 9381 -549
9386 9386 835
9387 9382 507
9387 9387 200
9388 9383 -695
9388 9388 601
9389 9384 933
9389 9389 366
9390 9385 -615
9390 9390 530
9391 9386 961
9391 9391 847
9392 9387 -686
9392 9392 666
9393 9388 118
9393 9393 285
9394 9389 -338
9394 9394 -526
9395 9390 -786
9395 9395 138
9396 9391 724
9396 9396 -484
9397 9392 50
9397 9397 -788
9398 9393 85
9398 9398 -478
9399 9394 423
9399 9399 -983
9400 9395 12
9400 9400 -829
9401 9396 -649
9401 9401 -949
9402 9397 261
9402 9402 -774
9403 9398 946
9403 9403 -552
9404 9399 -302
9404 9404 659
9405 9400 -931
9405 9405 -618
9406 9401 -280
9406 9406 842
9407 9402 -20
9407 9407 -733
9408 9403 -615
9408 9408 -547
9409 9404 -636
9409 9409 204
9410 9405 758
9410 9410 43
9411 9406 -930
9411 9411 -536
9412 9407 638
9412 9412 -838
9413 9408 -36
9413 9413 -444
9414 9409 143
9414 9414 899
9415 9410 -928
9415 9415 262
9416 9411 879
9416 9416 -396
9417 9412 -453
9417 9417 -521
9418 9413 -3
9418 9418 -681
9419 9414 -59
9419 9419 -274
9420 9415 -676
9420 9420 133
9421 9416 -377
9421 9421 -796
9422 9417 73
9422 9422 -579
9423 9418 756
9423 9423 -320
9424 9419 -221
9424 9424 264
9425 9420 17
9425 9425 569
9426 9421 15
9426 9426 -894
9427 9422 -231
9427 9427 625
9428 9423 -988
9428 9428 -962
9429 9424 -989
9429 9429 560
9430 9425 358
9430 9430 529
9431 9426 -637
9431 9431 -437
9432 9427 -912
9432 9432 513
9433 9428 963
9433 9433 -718
9434 9429 -597
9434 9434 -51
9435 9430 -767
9435 9435 138
9436 9431 -701
9436 9436 -152
9437 9432 -669
9437 9437 -344
9438 9433 -322
9438 9438 555
9439 9434 -669
9439 9439 561
9440 9435 82
9440 9440 -173
9441 9436 -594
9441 9441 532
9442 9437 -867
9442 9442 211
9443 9438 -258
9443 9443 -479
9444 9439 489
9444 9444 421
9445 9440 874
9445 9445 -422
9446 9441 714
9446 9446 -102
9447 9442 -821
9447 9447 348
9448 9443 -173
9448 9448 -560
9449 9444 -374
9449 9449 471
9450 9445 930
9450 9450 484
9451 9446 -308
9451 9451 -822
9452 9447 686
9452 9452 411
9453 9448 -356
9453 9453 665
9454 9449 -34
9454 9454 67
9455 9450 622
9455 9455 -618
9456 9451 -753
9456 9456 593
9457 9452 -486
9457 9457 817
9458 9453 560
9458 9458 784
9459 9454 849
9459 9459 -81
9460 9455 914
9460 9460 82
9461 9456 507
9461 9461 762
9462 9457 652
9462 9462 -370
9463 9458 416
9463 9463 -58
9464 9459 615
9464 9464 -75
9465 9460 -597
9465 9465 -641
9466 9461 -526
9466 9466 764
9467 9462 -430
9467 9467 -809
9468 9463 -445
9468 9468 -636
9469 9464 169
9469 9469 -925
9470 9465 410
9470 9470 154
9471 9466 -974
9471 9471 667
9472 9467 -560
9472 9472 703
9473 9468 -669
9473 9473 998
9474 9469 -574
9474 9474 -153
9475 9470 -169
9475 9475 122
9476 9471 204
9476 9476 480
9477 9472 -286
9477 9477 -776
9478 9473 814
9478 9478 -488
9479 9474 -129
9479 9479 -32
9480 9475 -773
9480 9480 219
9481 9476 867
9481 9481 -274
9482 9477 348
9482 9482 -521
9483 9478 -469
9483 9483 929
9484 9479 -391
9484 9484 24
9485 9480 -343
9485 9485 855
9486 9481 893
9486 9486 753
9487 9482 -508
9487 9487 -433
9488 9483 -833
9488 9488 -865
9489 9484 -381
9489 9489 468
9490 9485 -4
9490 9490 177
9491 9486 682
9491 9491 -812
9492 9487 -783
9492 9492 -962
9493 9488 478
9493 9493 824
9494 9489 -900
9494 9494 583
9495 9490 487
9495 9495 736
9496 9491 175
9496 9496 -204
9497 9492 691
9497 9497 -243
9498 9493 441
9498 9498 362
9499 9494 744
9499 9499 -293
9500 9495 827
9500 9500 -224
9501 9496 929
9501 9501 -345
9502 9497 540
9502 9502 -911
9503 9498 410
9503 9503 205
9504 9499 -59
9504 9504 -121
9505 9500 -406
9505 9505 -426
9506 9501 -614
9506 9506 41
9507 9502 411
9507 9507 -547
9508 9503 -956
9508 9508 809
9509 9504 398
9509 9509 -64
9510 9505 -316
9510 9510 955
9511 9506 788
9511 9511 -799
9512 9507 958
9512 9512 -831
9513 9508 98
9513 9513 469
9514 9509 672
9514 9514 -202
9515 9510 -409
9515 9515 -236
9516 9511 -870
9516 9516 931
9517 9512 955
9517 9517 -972
9518 9513 972
9518 9518 -940
9519 9514 -399
9519 9519 647
9520 9515 -892
9520 9520 532
9521 9516 -480
9521 9521 314
9522 9517 -975
9522 9522 421
9523 9518 979
9523 9523 183
9524 9519 -642
9524 9524 -908
9525 9520 -806
9525 9525 -980
9526 9521 522
9526 9526 432
9527 9522 322
9527 9527 801
9528 9523 445
9528 9528 179
9529 9524 -732
9529 9529 -315
9530 9525 598
9530 9530 741
9531 9526 398
9531 9531 898
9532 9527 476
9532 9532 -510
9533 9528 -69
9533 9533 -357
9534 9529 -795
9534 9534 -436
9535 9530 700
9535 9535 64
9536 9531 -682
9536 9536 98
9537 9532 -54
9537 9537 -730
9538 9533 -729
9538 9538 601
9539 9534 -671
9539 9539 -387
9540 9535 -984
9540 9540 960
9541 9536 -265
9541 9541 -232
9542 9537 -351
9542 9542 261
9543 9538 -535
9543 9543 -787
9544 9539 692
9544 9544 224
9545 9540 438
9545 9545 43
9546 9541 -197
9546 9546 -126
9547 9542 869
9547 9547 678
9548 9543 -762
9548 9548 863
9549 9544 -816
9549 9549 -200
9550 9545 -557
9550 9550 942
9551 9546 -966
9551 9551 994
9552 9547 778
9552 9552 148
9553 9548 -651
9553 9553 271
9554 9549 -877
9554 9554 -223
9555 9550 778
9555 9555 -28
9556 9551 839
9556 9556 75
9557 9552 -629
9557 9557 -442
9558 9553 -733
9558 9558 453
9559 9554 693
9559 9559 -804
9560 9555 731
9560 9560 754
9561 9556 -809
9561 9561 -685
9562 9557 -26
9562 9562 -153
9563 9558 891
9563 9563 847
9564 9559 418
9564 9564 385
9565 9560 659
9565 9565 187
9566 9561 786
9566 9566 397
9567 9562 965
9567 9567 506
9568 9563 -783
9568 9568 -617
9569 9564 991
9569 9569 855
9570 9565 827
9570 9570 584
9571 9566 -795
9571 9571 57
9572 9567 -620
9572 9572 825
9573 9568 -901
9573 9573 212
9574 9569 -850
9574 9574 -692
9575 9570 -974
9575 9575 143
9576 9571 828
9576 9576 268
9577 9572 528
9577 9577 536
9578 9573 -832
9578 9578 145
9579 9574 -556
9579 9579 506
9580 9575 63
9580 9580 81
9581 9576 106
9581 9581 44
9582 9577 -213
9582 9582 -278
9583 9578 718
9583 9583 -321
9584 9579 288
9584 9584 -12
9585 9580 266
9585 9585 -286
9586 9581 947
9586 9586 -498
9587 9582 -149
9587 9587 -703
9588 9583 -475
9588 9588 -469
9589 9584 -954
9589 9589 -132
9590 9585 905
9590 9590 541
9591 9586 556
9591 9591 -279
9592 9587 499
9592 9592 -96
9593 9588 -549
9593 9593 -8
9594 9589 -707
9594 9594 -872
9595 9590 -633
9595 9595 -32
9596 9591 802
9596 9596 878
9597 9592 -220
9597 9597 497
9598 9593 551
9598 9598 485
9599 9594 494
9599 9599 546
9600 9595 588
9600 9600 334
9601 9596 332
9601 9601 -210
9602 9597 -467
9602 9602 808
9603 9598 236
9603 9603 806
9604 9599 471
9604 9604 735
9605 9600 223
9605 9605 -588
9606 9601 -369
9606 9606 892
9607 9602 -924
9607 9607 -696
9608 9603 945
9608 9608 340
9609 9604 279
9609 9609 505
9610 9605 369
9610 9610 786
9611 9606 -688
9611 9611 -309
9612 9607 -121
9612 9612 -12
9613 9608 -617
9613 9613 483
9614 9609 -71
9614 9614 217
9615 9610 -468
9615 9615 -651
9616 9611 -553
9616 9616 412
9617 9612 -521
9617 9617 198
9618 9613 243
9618 9618 -680
9619 9614 -260
9619 9619 -466
9620 9615 -15
9620 9620 -431
9621 9616 522
9621 9621 631
9622 9617 607
9622 9622 565
9623 9618 -534
9623 9623 444
9624 9619 503
9624 9624 209
9625 9620 -73
9625 9625 636
9626 9621 205
9626 9626 -733
9627 9622 -59
9627 9627 -743
9628 9623 660
9628 9628 -287
9629 9624 -344
9629 9629 539
9630 9625 -908
9630 9630 -416
9631 9626 -134
9631 9631 695
9632 9627 -127
9632 9632 -813
9633 9628 -336
9633 9633 -875
9634 9629 316
9634 9634 -306
9635 9630 -340
9635 9635 -39
9636 9631 160
9636 9636 -66
9637 9632 108
9637 9637 -612
9638 9633 -706
9638 9638 990
9639 9634 -409
9639 9639 -997
9640 9635 -770
9640 9640 740
9641 9636 -609
9641 9641 917
9642 9637 -251
9642 9642 313
9643 9638 -661
9643 9643 201
9644 9639 -796
9644 9644 297
9645 9640 524
9645 9645 -436
9646 9641 996
9646 9646 698
9647 9642 -944
9647 9647 -911
9648 9643 -229
9648 9648 865
9649 9644 861
9649 9649 -168
9650 9645 -162
9650 9650 311
9651 9646 71
9651 9651 -23
9652 9647 18
9652 9652 -530
9653 9648 -433
9653 9653 -762
9654 9649 -936
9654 9654 -833
9655 9650 708
9655 9655 253
9656 9651 -249
9656 9656 545
9657 9652 126
9657 9657 -434
9658 9653 807
9658 9658 -620
9659 9654 180
9659 9659 -160
9660 9655 -756
9660 9660 -371
9661 9656 -49
9661 9661 -642
9662 9657 -534
9662 9662 -840
9663 9658 -309
9663 9663 -194
9664 9659 -601
9664 9664 828
9665 9660 840
9665 9665 -511
9666 9661 207
9666 9666 -811
9667 9662 -796
9667 9667 -770
9668 9663 -319
9668 9668 161
9669 9664 904
9669 9669 901
9670 9665 -455
9670 9670 27
9671 9666 713
9671 9671 939
9672 9667 651
9672 9672 820
9673 9668 764
9673 9673 -522
9674 9669 -63
9674 9674 439
9675 9670 112
9675 9675 100
9676 9671 100
9676 9676 190
9677 9672 -350
9677 9677 -829
9678 9673 694
9678 9678 779
9679 9674 802
9679 9679 565
9680 9675 342
9680 9680 -192
9681 9676 -708
9681 9681 345
9682 9677 54
9682 9682 672
9683 9678 921
9683 9683 908
9684 9679 -169
9684 9684 -727
9685 9680 645
9685 9685 -430
9686 9681 -997
9686 9686 799
9687 9682 485
9687 9687 750
9688 9683 -946
9688 9688 18
9689 9684 -107
9689 9689 789
9690 9685 -694
9690 9690 191
9691 9686 535
9691 9691 337
9692 9687 -857
9692 9692 596
9693 9688 754
9693 9693 -979
9694 9689 -842
9694 9694 735
9695 9690 567
9695 9695 -360
9696 9691 660
9696 9696 -576
9697 9692 -537
9697 9697 -703
9698 9693 -429
9698 9698 919
9699 9694 -877
9699 9699 13
9700 9695 -445
9700 9700 893
9701 9696 -136
9701 9701 -79
9702 9697 -893
9702 9702 546
9703 9698 -168
9703 9703 -716
9704 9699 -628
9704 9704 812
9705 9700 857
9705 9705 -366
9706 9701 836
9706 9706 989
9707 9702 885
9707 9707 245
9708 9703 565
9708 9708 582
9709 9704 -642
9709 9709 -746
9710 9705 318
9710 9710 -424
9711 9706 -71
9711 9711 173
9712 9707 712
9712 9712 791
9713 9708 77
9713 9713 288
9714 9709 48
9714 9714 -656
9715 9710 774
9715 9715 -753
9716 9711 567
9716 9716 -514
9717 9712 397
9717 9717 -48
9718 9713 -839
9718 9718 -787
9719 9714 881
9719 9719 -220
9720 9715 -243
9720 9720 -829
9721 9716 -941
9721 9721 -291
9722 9717 729
9722 9722 -680
9723 9718 -649
9723 9723 -17
9724 9719 -504
9724 9724 -480
9725 9720 402
9725 9725 616
9726 9721 395
9726 9726 856
9727 9722 -893
9727 9727 -372
9728 9723 995
9728 9728 -741
9729 9724 951
9729 9729 -474
9730 9725 55
9730 9730 581
9731 9726 547
9731 9731 -730
9732 9727 621
9732 9732 -109
9733 9728 -701
9733 9733 779
9734 9729 -184
9734 9734 -477
9735 9730 -98
9735 9735 -545
9736 9731 967
9736 9736 -567
9737 9732 -646
9737 9737 -859
9738 9733 -479
9738 9738 -86
9739 9734 -372
9739 9739 679
9740 9735 -736
9740 9740 -129
9741 9736 529
9741 9741 744
9742 9737 -486
9742 9742 -42
9743 9738 235
9743 9743 -236
9744 9739 514
9744 9744 -312
9745 9740 -999
9745 9745 -783
9746 9741 -664
9746 9746 -908
9747 9742 677
9747 9747 650
9748 9743 -967
9748 9748 -391
9749 9744 -889
9749 9749 -965
9750 9745 2
9750 9750 -230
9751 9746 422
9751 9751 -955
9752 9747 115
9752 9752 -275
9753 9748 165
9753 9753 -376
9754 9749 92
9754 9754 173
9755 9750 260
9755 9755 901
9756 9751 141
9756 9756 -778
9757 9752 970
9757 9757 679
9758 9753 -899
9758 9758 -792
9759 9754 277
9759 9759 -135
9760 9755 648
9760 9760 632
9761 9756 1
9761 9761 -528
9762 9757 -547
9762 9762 172
9763 9758 792
9763 9763 558
9764 9759 -880
9764 9764 308
9765 9760 388
9765 9765 -811
9766 9761 556
9766 9766 -252
9767 9762 -357
9767 9767 17
9768 9763 -607
9768 9768 908
9769 9764 -683
9769 9769 248
9770 9765 -662
9770 9770 385
9771 9766 78
9771 9771 560
9772 9767 457
9772 9772 651
9773 9768 420
9773 9773 374
9774 9769 744
9774 9774 38
9775 9770 580
9775 9775 45
9776 9771 523
9776 9776 -234
9777 9772 -814
9777 9777 -33
9778 9773 666
9778 9778 -43
9779 9774 165
9779 9779 -786
9780 9775 614
9780 9780 112
9781 9776 -598
9781 9781 56
9782 9777 -884
9782 9782 -329
9783 9778 349
9783 9783 611
9784 9779 243
9784 9784 -837
9785 9780 864
9785 9785 323
9786 9781 941
9786 9786 -705
9787 9782 781
9787 9787 -965
9788 9783 -672
9788 9788 924
9789 9784 52
9789 9789 441
9790 9785 149
9790 9790 312
9791 9786 -828
9791 9791 752
9792 9787 -206
9792 9792 -38
9793 9788 -573
9793 9793 910
9794 9789 403
9794 9794 262
9795 9790 -700
9795 9795 -325
9796 9791 696
9796 9796 -266
9797 9792 -983
9797 9797 -531
9798 9793 294
9798 9798 -551
9799 9794 -154
9799 9799 -112
9800 9795 852
9800 9800 957
9801 9796 -468
9801 9801 4
9802 9797 -332
9802 9802 -623
9803 9798 617
9803 9803 -505
9804 9799 -727
9804 9804 -710
9805 9800 -142
9805 9805 -24
9806 9801 -595
9806 9806 688
9807 9802 819
9807 9807 456
9808 9803 -570
9808 9808 -460
9809 9804 619
9809 9809 895
9810 9805 810
9810 9810 816
9811 9806 222
9811 9811 -116
9812 9807 631
9812 9812 813
9813 9808 -506
9813 9813 -112
9814 9809 290
9814 9814 688
9815 9810 -95
9815 9815 -636
9816 9811 859
9816 9816 49
9817 9812 820
9817 9817 308
9818 9813 792
9818 9818 -569
9819 9814 52
9819 9819 984
9820 9815 748
9820 9820 761
9821 9816 766
9821 9821 -551
9822 9817 295
9822 9822 279
9823 9818 23
9823 9823 -178
9824 9819 435
9824 9824 901
9825 9820 951
9825 9825 646
9826 9821 -492
9826 9826 161
9827 9822 -174
9827 9827 926
9828 9823 924
9828 9828 -291
9829 9824 441
9829 9829 -422
9830 9825 167
9830 9830 922
9831 9826 -551
9831 9831 949
9832 9827 730
9832 9832 -170
9833 9828 57
9833 9833 953
9834 9829 -27
9834 9834 -384
9835 9830 564
9835 9835 -509
9836 9831 -823
9836 9836 491
9837 9832 -358
9837 9837 272
9838 9833 901
9838 9838 -462
9839 9834 918
9839 9839 -936
9840 9835 -518
9840 9840 -717
9841 9836 20
9841 9841 -72
9842 9837 835
9842 9842 392
9843 9838 690
9843 9843 -824
9844 9839 588
9844 9844 817
9845 9840 -277
9845 9845 -670
9846 9841 12
9846 9846 17
9847 9842 937
9847 9847 -373
9848 9843 493
9848 9848 -224
9849 9844 764
9849 9849 816
9850 9845 395
9850 9850 -239
9851 9846 -489
9851 9851 -578
9852 9847 -777
9852 9852 246
9853 9848 -584
9853 9853 -841
9854 9849 -357
9854 9854 402
9855 9850 -688
9855 9855 106
9856 9851 -826
9856 9856 481
9857 9852 950
9857 9857 560
9858 9853 218
9858 9858 924
9859 9854 420
9859 9859 329
9860 9855 -770
9860 9860 -282
9861 9856 -418
9861 9861 -419
9862 9857 402
9862 9862 -178
9863 9858 -542
9863 9863 527
9864 9859 326
9864 9864 292
9865 9860 -127
9865 9865 480
9866 9861 64
9866 9866 -982
9867 9862 -204
9867 9867 -923
9868 9863 439
9868 9868 -906
9869 9864 70
9869 9869 -117
9870 9865 761
9870 9870 -721
9871 9866 610
9871 9871 -492
9872 9867 990
9872 9872 16
9873 9868 -968
9873 9873 -639
9874 9869 -137
9874 9874 -742
9875 9870 22
9875 9875 -10
9876 9871 -698
9876 9876 306
9877 9872 -454
9877 9877 -845
9878 9873 -545
9878 9878 745
9879 9874 733
9879 9879 655
9880 9875 -509
9880 9880 928
9881 9876 -359
9881 9881 634
9882 9877 -694
9882 9882 -7
9883 9878 914
9883 9883 -321
9884 9879 224
9884 9884 -462
9885 9880 358
9885 9885 26
9886 9881 910
9886 9886 -3
9887 9882 77
9887 9887 -242
9888 9883 -475
9888 9888 -253
9889 9884 325
9889 9889 -431
9890 9885 -575
9890 9890 -439
9891 9886 366
9891 9891 -179
9892 9887 160
9892 9892 322
9893 9888 -7
9893 9893 73
9894 9889 -780
9894 9894 12
9895 9890 10
9895 9895 390
9896 9891 125
9896 9896 -598
9897 9892 637
9897 9897 954
9898 9893 194
9898 9898 -450
9899 9894 -874
9899 9899 512
9900 9895 -907
9900 9900 256
9901 9896 -19
9901 9901 -400
9902 9897 -258
9902 9902 -325
9903 9898 -366
9903 9903 -14
9904 9899 97
9904 9904 113
9905 9900 -343
9905 9905 199
9906 9901 -411
9906 9906 -275
9907 9902 407
9907 9907 723
9908 9903 155
9908 9908 -11
9909 9904 -531
9909 9909 284
9910 9905 -905
9910 9910 -408
9911 9906 153
9911 9911 8
9912 9907 665
9912 9912 503
9913 9908 226
9913 9913 -994
9914 9909 382
9914 9914 638
9915 9910 -844
9915 9915 -197
9916 9911 921
9916 9916 538
9917 9912 -200
9917 9917 889
9918 9913 -733
9918 9918 -188
9919 9914 164
9919 9919 557
9920 9915 -646
9920 9920 -113
9921 9916 676
9921 9921 928
9922 9917 -770
9922 9922 -773
9923 9918 -734
9923 9923 -422
9924 9919 480
9924 9924 -515
9925 9920 25
9925 9925 107
9926 9921 -671
9926 9926 -190
9927 9922 894
9927 9927 -768
9928 9923 874
9928 9928 545
9929 9924 677
9929 9929 -625
9930 9925 -709
9930 9930 436
9931 9926 -686
9931 9931 386
9932 9927 944
9932 9932 996
9933 9928 605
9933 9933 97
9934 9929 -913
9934 9934 109
9935 9930 704
9935 9935 -294
9936 9931 454
9936 9936 -179
9937 9932 -644
9937 9937 -744
9938 9933 -215
9938 9938 -715
9939 9934 -263
9939 9939 -319
9940 9935 380
9940 9940 -911
9941 9936 -311
9941 9941 -635
9942 9937 -494
9942 9942 503
9943 9938 864
9943 9943 59
9944 9939 -374
9944 9944 529
9945 9940 715
9945 9945 350
9946 9941 -351
9946 9946 761
9947 9942 331
9947 9947 -379
9948 9943 -977
9948 9948 78
9949 9944 193
9949 9949 -873
9950 9945 -286
9950 9950 -883
9951 9946 305
9951 9951 -569
9952 9947 481
9952 9952 906
9953 9948 -598
9953 9953 -784
9954 9949 614
9954 9954 713
9955 9950 -813
9955 9955 -196
9956 9951 967
9956 9956 29
9957 9952 194
9957 9957 338
9958 9953 769
9958 9958 -452
9959 9954 500
9959 9959 -10
9960 9955 -554
9960 9960 889
9961 9956 5
9961 9961 -793
9962 9957 -611
9962 9962 -163
9963 9958 -852
9963 9963 723
9964 9959 104
9964 9964 121
9965 9960 731
9965 9965 -289
9966 9961 911
9966 9966 222
9967 9962 -602
9967 9967 198
9968 9963 -474
9968 9968 -413
9969 9964 73
9969 9969 -691
9970 9965 155
9970 9970 -576
9971 9966 -742
9971 9971 -432
9972 9967 223
9972 9972 612
9973 9968 -696
9973 9973 959
9974 9969 369
9974 9974 -273
9975 9970 822
9975 9975 -753
9976 9971 -541
9976 9976 96
9977 9972 -20
9977 9977 -214
9978 9973 -640
9978 9978 640
9979 9974 -477
9979 9979 818
9980 9975 -748
9980 9980 63
9981 9976 290
9981 9981 686
9982 9977 785
9982 9982 370
9983 9978 353
9983 9983 61
9984 9979 -589
9984 9984 -383
9985 9980 -474
9985 9985 878
9986 9981 -835
9986 9986 237
9987 9982 -638
9987 9987 -818
9988 9983 780
9988 9988 20
9989 9984 418
9989 9989 596
9990 9985 414
9990 9990 917
9991 9986 361
9991 9991 186
9992 9987 95
9992 9992 -993
9993 9988 926
9993 9993 227
9994 9989 -505
9994 9994 -833
9995 9990 -759
9995 9995 831
9996 9991 344
9996 9996 100
9997 9992 742
9997 9997 50
9998 9993 -187
9998 9998 135
9999 9994 -71
9999 9999 -285
10000 9995 294
10000 10000 356
10001 9996 883
10001 10001 590
10002 9997 -223
10002 10002 654
10003 9998 982
10003 10003 -870
10004 9999 69
10004 10004 -336
10005 10000 198
10005 10005 -263
10006 10001 -670
10006 10006 -76
10007 10002 734
10007 10007 179
10008 10003 565
10008 10008 -359
10009 10004 757
10009 10009 -221
10010 10005 -262
10010 10010 -465
10011 10006 -161
10011 10011 -119
10012 10007 -575
10012 10012 -80
10013 10008 -120
10013 10013 53
10014 10009 53
10014 10014 841
10015 10010 819
10015 10015 24
10016 10011 506
10016 10016 -446
10017 10012 707
10017 10017 -552
10018 10013 -458
10018 10018 652
10019 10014 -173
10019 10019 621
10020 10015 390
10020 10020 -584
10021 10016 656
10021 10021 293
10022 10017 -264
10022 10022 -303
10023 10018 -812
10023 10023 -198
10024 10019 -261
10024 10024 392
10025 10020 -277
10025 10025 936
10026 10021 -956
10026 10026 -461
10027 10022 -809
10027 10027 88
10028 10023 75
10028 10028 -570
10029 10024 -223
10029 10029 -877
10030 10025 -727
10030 10030 -42
10031 10026 -59
10031 10031 -512
10032 10027 16
10032 10032 615
10033 10028 597
10033 10033 -230
10034 10029 346
10034 10034 -348
10035 10030 775
10035 10035 -741
10036 10031 794
10036 10036 233
10037 10032 -268
10037 10037 -646
10038 10033 -794
10038 10038 -131
10039 10034 69
10039 10039 260
10040 10035 107
10040 10040 -855
10041 10036 -955
10041 10041 -757
10042 10037 -916
10042 10042 921
10043 10038 -650
10043 10043 -834
10044 10039 -50
10044 10044 311
10045 10040 119
10045 10045 814
10046 10041 -519
10046 10046 872
10047 10042 -248
10047 10047 -203
10048 10043 234
10048 10048 -431
10049 10044 -806
10049 10049 770
10050 10045 -957
10050 10050 -475
10051 10046 88
10051 10051 -740
10052 10047 323
10052 10052 -923
10053 10048 831
10053 10053 -438
10054 10049 -39
10054 10054 -993
10055 10050 97
10055 10055 403
10056 10051 -810
10056 10056 160
10057 10052 764
10057 10057 -679
10058 10053 -402
10058 10058 -821
10059 10054 842
10059 10059 450
10060 10055 -231
10060 10060 940
10061 10056 -666
10061 10061 -11
10062 10057 986
10062 10062 -211
10063 10058 693
10063 10063 491
10064 10059 -485
10064 10064 -181
10065 10060 518
10065 10065 89
10066 10061 -213
10066 10066 -151
10067 10062 -730
10067 10067 161
10068 10063 832
10068 10068 259
10069 10064 687
10069 10069 8
10070 10065 -383
10070 10070 -789
10071 10066 -665
10071 10071 286
10072 10067 -70
10072 10072 -613
10073 10068 596
10073 10073 553
10074 10069 765
10074 10074 -437
10075 10070 -312
10075 10075 -846
10076 10071 908
10076 10076 808
10077 10072 -435
10077 10077 -537
10078 10073 942
10078 10078 674
10079 10074 23
10079 10079 -969
10080 10075 -512
10080 10080 622
10081 10076 -654
10081 10081 -357
10082 10077 163
10082 10082 586
10083 10078 652
10083 10083 -421
10084 10079 -182
10084 10084 -886
10085 10080 -592
10085 10085 659
10086 10081 71
10086 10086 611
10087 10082 -524
10087 10087 -286
10088 10083 138
10088 10088 62
10089 10084 -167
10089 10089 -239
10090 10085 165
10090 10090 -999
10091 10086 129
10091 10091 -246
10092 10087 -159
10092 10092 5
10093 10088 -515
10093 10093 624
10094 10089 730
10094 10094 796
10095 10090 -44
10095 10095 -154
10096 10091 -802
10096 10096 517
10097 10092 -299
10097 10097 111
10098 10093 629
10098 10098 -849
10099 10094 -689
10099 10099 109
10100 10095 -344
10100 10100 245
10101 10096 387
10101 10101 -296
10102 10097 593
10102 10102 -60
10103 10098 -687
10103 10103 -446
10104 10099 635
10104 10104 689
10105 10100 -351
10105 10105 -723
10106 10101 675
10106 10106 -287
10107 10102 443
10107 10107 661
10108 10103 -251
10108 10108 -843
10109 10104 378
10109 10109 -68
10110 10105 -554
10110 10110 492
10111 10106 -985
10111 10111 -606
10112 10107 -417
10112 10112 967
10113 10108 -399
10113 10113 792
10114 10109 486
10114 10114 -152
10115 10110 -11
10115 10115 802
10116 10111 -890
10116 10116 -743
10117 10112 60
10117 10117 -684
10118 10113 561
10118 10118 -849
10119 10114 -434
10119 10119 -889
10120 10115 408
10120 10120 -921
10121 10116 -809
10121 10121 -655
10122 10117 338
10122 10122 26
10123 10118 -297
10123 10123 984
10124 10119 678
10124 10124 -893
10125 10120 -287
10125 10125 -419
10126 10121 -960
10126 10126 304
10127 10122 588
10127 10127 542
10128 10123 627
10128 10128 -94
10129 10124 -214
10129 10129 -859
10130 10125 -995
10130 10130 -849
10131 10126 -785
10131 10131 581
10132 10127 804
10132 10132 -724
10133 10128 -612
10133 10133 137
10134 10129 533
10134 10134 399
10135 10130 921
10135 10135 505
10136 10131 171
10136 10136 617
10137 10132 -293
10137 10137 -187
10138 10133 -645
10138 10138 -1
10139 10134 -763
10139 10139 -629
10140 10135 607
10140 10140 327
10141 10136 75
10141 10141 -31
10142 10137 31
10142 10142 502
10143 10138 171
10143 10143 729
10144 10139 966
10144 10144 -270
10145 10140 709
10145 10145 -310
10146 10141 -741
10146 10146 -565
10147 10142 -361
10147 10147 290
10148 10143 512
10148 10148 -264
10149 10144 -551
10149 10149 155
10150 10145 548
10150 10150 -847
10151 10146 46
10151 10151 39
10152 10147 627
10152 10152 -888
10153 10148 -182
10153 10153 -294
10154 10149 -94
10154 10154 785
10155 10150 867
10155 10155 -218
10156 10151 445
10156 10156 -6
10157 10152 83
10157 10157 -927
10158 10153 -354
10158 10158 -486
10159 10154 867
10159 10159 -435
10160 10155 -208
10160 10160 -557
10161 10156 -51
10161 10161 109
10162 10157 740
10162 10162 896
10163 10158 -244
10163 10163 902
10164 10159 945
10164 10164 -869
10165 10160 -790
10165 10165 830
10166 10161 -242
10166 10166 576
10167 10162 542
10167 10167 307
10168 10163 662
10168 10168 -199
10169 10164 -949
10169 10169 -786
10170 10165 87
10170 10170 -481
10171 10166 -873
10171 10171 394
10172 10167 615
10172 10172 -587
10173 10168 211
10173 10173 734
10174 10169 -91
10174 10174 393
10175 10170 839
10175 10175 -441
10176 10171 -204
10176 10176 -332
10177 10172 446
10177 10177 122
10178 10173 379
10178 10178 744
10179 10174 832
10179 10179 -97
10180 10175 193
10180 10180 853
10181 10176 13
10181 10181 -26
10182 10177 974
10182 10182 677
10183 10178 -321
10183 10183 148
10184 10179 -268
10184 10184 -836
10185 10180 692
10185 10185 -234
10186 10181 137
10186 10186 -745
10187 10182 999
10187 10187 -379
10188 10183 -843
10188 10188 -691
10189 10184 972
10189 10189 -311
10190 10185 -239
10190 10190 -59
10191 10186 540
10191 10191 349
10192 10187 -363
10192 10192 687
10193 10188 498
10193 10193 635
10194 10189 -485
10194 10194 -776
10195 10190 590
10195 10195 104
10196 10191 -885
10196 10196 -317
10197 10192 -924
10197 10197 -228
10198 10193 930
10198 10198 -667
10199 10194 649
10199 10199 96
10200 10195 981
10200 10200 -155
10201 10196 611
10201 10201 990
10202 10197 47
10202 10202 871
10203 10198 170
10203 10203 -866
10204 10199 866
10204 10204 -355
10205 10200 699
10205 10205 110
10206 10201 -561
10206 10206 514
10207 10202 -304
10207 10207 -792
10208 10203 502
10208 10208 -147
10209 10204 782
10209 10209 833
10210 10205 -315
10210 10210 -409
10211 10206 -591
10211 10211 -115
10212 10207 947
10212 10212 508
10213 10208 792
10213 10213 -723
10214 10209 98
10214 10214 162
10215 10210 895
10215 10215 520
10216 10211 24
10216 10216 -62
10217 10212 196
10217 10217 -567
10218 10213 -301
10218 10218 521
10219 10214 -353
10219 10219 -93
10220 10215 187
10220 10220 237
10221 10216 -299
10221 10221 -212
10222 10217 558
10222 10222 970
10223 10218 44
10223 10223 -943
10224 10219 -317
10224 10224 -641
10225 10220 621
10225 10225 -679
10226 10221 -51
10226 10226 -277
10227 10222 -980
10227 10227 194
10228 10223 -435
10228 10228 510
10229 10224 -672
10229 10229 344
10230 10225 584
10230 10230 -3
10231 10226 -516
10231 10231 -26
10232 10227 603
10232 10232 168
10233 10228 42
10233 10233 369
10234 10229 906
10234 10234 530
10235 10230 925
10235 10235 -588
10236 10231 -159
10236 10236 -42
10237 10232 -643
10237 10237 892
10238 10233 -637
10238 10238 470
10239 10234 478
10239 10239 888
10240 10235 -338
10240 10240 321
10241 10236 368
10241 10241 -474
10242 10237 403
10242 10242 -485
10243 10238 417
10243 10243 492
10244 10239 -678
10244 10244 211
10245 10240 562
10245 10245 478
10246 10241 159
10246 10246 -695
10247 10242 -823
10247 10247 -649
10248 10243 782
10248 10248 467
10249 10244 854
10249 10249 343
10250 10245 -969
10250 10250 -992
10251 10246 835
10251 10251 -704
10252 10247 -66
10252 10252 15
10253 10248 -324
10253 10253 644
10254 10249 28
10254 10254 504
10255 10250 -884
10255 10255 -245
10256 10251 -955
10256 10256 844
10257 10252 525
10257 10257 413
10258 10253 -151
10258 10258 921
10259 10254 -190
10259 10259 -438
10260 10255 80
10260 10260 934
10261 10256 653
10261 10261 -659
10262 10257 371
10262 10262 -248
10263 10258 -430
10263 10263 916
10264 10259 -667
10264 10264 -87
10265 10260 298
10265 10265 286
10266 10261 -191
10266 10266 177
10267 10262 -831
10267 10267 -1
10268 10263 761
10268 10268 511
10269 10264 -55
10269 10269 -392
10270 10265 409
10270 10270 177
10271 10266 822
10271 10271 374
10272 10267 -58
10272 10272 -13
10273 10268 -405
10273 10273 -405
10274 10269 -756
10274 10274 695
10275 10270 88
10275 10275 -166
10276 10271 647
10276 10276 852
10277 10272 -257
10277 10277 -167
10278 10273 336
10278 10278 95
10279 10274 821
10279 10279 104
10280 10275 -154
10280 10280 542
10281 10276 810
10281 10281 -537
10282 10277 509
10282 10282 -216
10283 10278 35
10283 10283 -177
10284 10279 -582
10284 10284 -409
10285 10280 -37
10285 10285 -122
10286 10281 -303
10286 10286 294
10287 10282 573
10287 10287 -315
10288 10283 894
10288 10288 66
10289 10284 35
10289 10289 -289
10290 10285 -795
10290 10290 -351
10291 10286 266
10291 10291 -686
10292 10287 -206
10292 10292 70
10293 10288 372
10293 10293 -81
10294 10289 -925
10294 10294 824
10295 10290 -652
10295 10295 -792
10296 10291 97
10296 10296 -308
10297 10292 64
10297 10297 -921
10298 10293 -17
10298 10298 526
10299 10294 638
10299 10299 723
10300 10295 -899
10300 10300 -122
10301 10296 -244
10301 10301 667
10302 10297 -968
10302 10302 -430
10303 10298 -891
10303 10303 -288
10304 10299 -996
10304 10304 -505
10305 10300 446
10305 10305 -343
10306 10301 -748
10306 10306 299
10307 10302 -252
10307 10307 -500
10308 10303 559
10308 10308 -146
10309 10304 -933
10309 10309 -604
10310 10305 -606
10310 10310 -762
10311 10306 -54
10311 10311 556
10312 10307 -243
10312 10312 871
10313 10308 167
10313 10313 -52
10314 10309 240
10314 10314 528
10315 10310 -111
10315 10315 -262
10316 10311 -181
10316 10316 -111
10317 10312 -381
10317 10317 378
10318 10313 -782
10318 10318 -620
10319 10314 214
10319 10319 -961
10320 10315 777
10320 10320 802
10321 10316 -618
10321 10321 -493
10322 10317 528
10322 10322 -567
10323 10318 152
10323 10323 233
10324 10319 403
10324 10324 262
10325 10320 -80
10325 10325 833
10326 10321 905
10326 10326 545
10327 10322 799
10327 10327 33
10328 10323 426
10328 10328 547
10329 10324 602
10329 10329 -539
10330 10325 76
10330 10330 13
10331 10326 695
10331 10331 -805
10332 10327 928
10332 10332 702
10333 10328 -775
10333 10333 99
10334 10329 580
10334 10334 -877
10335 10330 670
10335 10335 69
10336 10331 -963
10336 10336 475
10337 10332 500
10337 10337 62
10338 10333 -562
10338 10338 -466
10339 10334 -378
10339 10339 -990
10340 10335 56
10340 10340 978
10341 10336 -589
10341 10341 -893
10342 10337 825
10342 10342 -153
10343 10338 -170
10343 10343 273
10344 10339 -539
10344 10344 862
10345 10340 987
10345 10345 -192
10346 10341 635
10346 10346 255
10347 10342 126
10347 10347 562
10348 10343 988
10348 10348 -430
10349 10344 223
10349 10349 -635
10350 10345 -644
10350 10350 822
10351 10346 838
10351 10351 588
10352 10347 -910
10352 10352 -403
10353 10348 -47
10353 10353 627
10354 10349 -379
10354 10354 808
10355 10350 116
10355 10355 254
10356 10351 -123
10356 10356 767
10357 10352 486
10357 10357 649
10358 10353 -880
10358 10358 -18
10359 10354 -993
10359 10359 238
10360 10355 633
10360 10360 386
10361 10356 504
10361 10361 611
10362 10357 -99
10362 10362 285
10363 10358 -30
10363 10363 741
10364 10359 -671
10364 10364 -550
10365 10360 558
10365 10365 -9
10366 10361 449
10366 10366 525
10367 10362 814
10367 10367 -992
10368 10363 -780
10368 10368 -486
10369 10364 673
10369 10369 326
10370 10365 -331
10370 10370 838
10371 10366 -881
10371 10371 626
10372 10367 504
10372 10372 342
10373 10368 822
10373 10373 -269
10374 10369 299
10374 10374 121
10375 10370 375
10375 10375 983
10376 10371 690
10376 10376 796
10377 10372 508
10377 10377 -875
10378 10373 764
10378 10378 -427
10379 10374 -234
10379 10379 -276
10380 10375 -651
10380 10380 -328
10381 10376 929
10381 10381 -852
10382 10377 -139
10382 10382 242
10383 10378 943
10383 10383 745
10384 10379 424
10384 10384 602
10385 10380 -853
10385 10385 -395
10386 10381 257
10386 10386 -33
10387 10382 -337
10387 10387 -566
10388 10383 -3
10388 10388 828
10389 10384 39
10389 10389 957
10390 10385 -4
10390 10390 234
10391 10386 -174
10391 10391 -875
10392 10387 -85
10392 10392 -269
10393 10388 442
10393 10393 -786
10394 10389 953
10394 10394 624
10395 10390 -872
10395 10395 -857
10396 10391 -447
10396 10396 649
10397 10392 -553
10397 10397 646
10398 10393 -662
10398 10398 -254
10399 10394 -947
10399 10399 98
10400 10395 565
10400 10400 628
10401 10396 -164
10401 10401 765
10402 10397 -6
10402 10402 322
10403 10398 -87
10403 10403 -863
10404 10399 -513
10404 10404 -115
10405 10400 480
10405 10405 651
10406 10401 498
10406 10406 36
10407 10402 446
10407 10407 594
10408 10403 4
10408 10408 -342
10409 10404 -589
10409 10409 -23
10410 10405 761
10410 10410 718
10411 10406 -134
10411 10411 -639
10412 10407 -615
10412 10412 907
10413 10408 -324
10413 10413 658
10414 10409 463
10414 10414 862
10415 10410 -148
10415 10415 98
10416 10411 -313
10416 10416 -415
10417 10412 721
10417 10417 -486
10418 10413 94
10418 10418 -36
10419 10414 478
10419 10419 -505
10420 10415 -926
10420 10420 -152
10421 10416 896
10421 10421 579
10422 10417 -805
10422 10422 -806
10423 10418 208
10423 10423 630
10424 10419 -954
10424 10424 578
10425 10420 -582
10425 10425 38
10426 10421 -737
10426 10426 577
10427 10422 -247
10427 10427 -841
10428 10423 660
10428 10428 -575
10429 10424 963
10429 10429 290
10430 10425 -258
10430 10430 -995
10431 10426 678
10431 10431 346
10432 10427 754
10432 10432 376
10433 10428 -476
10433 10433 342
10434 10429 698
10434 10434 -387
10435 10430 811
10435 10435 535
10436 10431 630
10436 10436 233
10437 10432 -736
10437 10437 -111
10438 10433 -553
10438 10438 -300
10439 10434 -100
10439 10439 -756
10440 10435 -542
10440 10440 933
10441 10436 -692
10441 10441 948
10442 10437 912
10442 10442 935
10443 10438 128
10443 10443 496
10444 10439 980
10444 10444 -812
10445 10440 -808
10445 10445 -312
10446 10441 908
10446 10446 -65
10447 10442 285
10447 10447 -136
10448 10443 -747
10448 10448 -756
10449 10444 -610
10449 10449 897
10450 10445 -900
10450 10450 139
10451 10446 483
10451 10451 101
10452 10447 -82
10452 10452 -1
10453 10448 -194
10453 10453 -320
10454 10449 -715
10454 10454 -737
10455 10450 -272
10455 10455 -194
10456 10451 100
10456 10456 -89
10457 10452 -359
10457 10457 -979
10458 10453 277
10458 10458 766
10459 10454 -892
10459 10459 724
10460 10455 247
10460 10460 -509
10461 10456 -505
10461 10461 644
10462 10457 -296
10462 10462 399
10463 10458 918
10463 10463 -506
10464 10459 553
10464 10464 -243
10465 10460 198
10465 10465 886
10466 10461 -653
10466 10466 678
10467 10462 787
10467 10467 835
10468 10463 420
10468 10468 -162
10469 10464 -867
10469 10469 -811
10470 10465 -163
10470 10470 450
10471 10466 628
10471 10471 -223
10472 10467 -485
10472 10472 379
10473 10468 -361
10473 10473 572
10474 10469 216
10474 10474 687
10475 10470 -923
10475 10475 -912
10476 10471 680
10476 10476 905
10477 10472 771
10477 10477 945
10478 10473 -521
10478 10478 609
10479 10474 -55
10479 10479 694
10480 10475 687
10480 10480 616
10481 10476 825
10481 10481 876
10482 10477 -673
10482 10482 -147
10483 10478 28
10483 10483 326
10484 10479 743
10484 10484 -527
10485 10480 -529
10485 10485 648
10486 10481 -740
10486 10486 92
10487 10482 -185
10487 10487 -572
10488 10483 -8
10488 10488 599
10489 10484 226
10489 10489 735
10490 10485 -425
10490 10490 -801
10491 10486 142
10491 10491 -995
10492 10487 -853
10492 10492 -416
10493 10488 -640
10493 10493 -650
10494 10489 -851
10494 10494 -736
10495 10490 -836
10495 10495 393
10496 10491 780
10496 10496 287
10497 10492 -437
10497 10497 -290
10498 10493 473
10498 10498 -943
10499 10494 -218
10499 10499 -384
10500 10495 491
10500 10500 379
10501 10496 634
10501 10501 -976
10502 10497 -928
10502 10502 -450
10503 10498 -281
10503 10503 275
10504 10499 10
10504 10504 653
10505 10500 267
10505 10505 32
10506 10501 -530
10506 10506 145
10507 10502 916
10507 10507 -963
10508 10503 899
10508 10508 535
10509 10504 675
10509 10509 562
10510 10505 -305
10510 10510 482
10511 10506 650
10511 10511 333
10512 10507 181
10512 10512 351
10513 10508 -915
10513 10513 -210
10514 10509 456
10514 10514 -710
10515 10510 -358
10515 10515 493
10516 10511 -683
10516 10516 -99
10517 10512 -405
10517 10517 -613
10518 10513 731
10518 10518 -311
10519 10514 448
10519 10519 259
10520 10515 -761
10520 10520 -701
10521 10516 -861
10521 10521 62
10522 10517 -434
10522 10522 87
10523 10518 -494
10523 10523 828
10524 10519 957
10524 10524 299
10525 10520 -946
10525 10525 -834
10526 10521 144
10526 10526 -390
10527 10522 189
10527 10527 -896
10528 10523 848
10528 10528 175
10529 10524 -599
10529 10529 717
10530 10525 122
10530 10530 -663
10531 10526 -318
10531 10531 -57
10532 10527 186
10532 10532 547
10533 10528 -962
10533 10533 -965
10534 10529 -840
10534 10534 -956
10535 10530 -45
10535 10535 820
10536 10531 18
10536 10536 -579
10537 10532 285
10537 10537 119
10538 10533 -946
10538 10538 -5
10539 10534 977
10539 10539 -4
10540 10535 -726
10540 10540 643
10541 10536 572
10541 10541 -554
10542 10537 284
10542 10542 -31
10543 10538 -788
10543 10543 -845
10544 10539 -266
10544 10544 -19
10545 10540 -653
10545 10545 68
10546 10541 -156
10546 10546 -843
10547 10542 -930
10547 10547 495
10548 10543 615
10548 10548 532
10549 10544 497
10549 10549 -806
10550 10545 -63
10550 10550 744
10551 10546 272
10551 10551 -571
10552 10547 -998
10552 10552 -632
10553 10548 369
10553 10553 265
10554 10549 -944
10554 10554 2
10555 10550 622
10555 10555 -671
10556 10551 -198
10556 10556 643
10557 10552 -366
10557 10557 38
10558 10553 -345
10558 10558 -229
10559 10554 -867
10559 10559 431
10560 10555 256
10560 10560 975
10561 10556 44
10561 10561 600
10562 10557 324
10562 10562 494
10563 10558 -573
10563 10563 -760
10564 10559 649
10564 10564 550
10565 10560 627
10565 10565 -228
10566 10561 -421
10566 10566 402
10567 10562 125
10567 10567 383
10568 10563 304
10568 10568 583
10569 10564 -629
10569 10569 769
10570 10565 -941
10570 10570 -255
10571 10566 872
10571 10571 391
10572 10567 594
10572 10572 -807
10573 10568 93
10573 10573 -353
10574 10569 -42
10574 10574 868
10575 10570 -528
10575 10575 -879
10576 10571 -492
10576 10576 309
10577 10572 387
10577 10577 376
10578 10573 107
10578 10578 -465
10579 10574 -671
10579 10579 646
10580 10575 -779
10580 10580 -366
10581 10576 -220
10581 10581 -596
10582 10577 733
10582 10582 -819
10583 10578 18
10583 10583 970
10584 10579 234
10584 10584 294
10585 10580 129
10585 10585 -346
10586 10581 -245
10586 10586 -627
10587 10582 892
10587 10587 -971
10588 10583 382
10588 10588 -167
10589 10584 568
10589 10589 551
10590 10585 371
10590 10590 308
10591 10586 297
10591 10591 486
10592 10587 977
10592 10592 293
10593 10588 260
10593 10593 -748
10594 10589 -489
10594 10594 -553
10595 10590 -452
10595 10595 645
10596 10591 -581
10596 10596 -168
10597 10592 -85
10597 10597 703
10598 10593 -729
10598 10598 -549
10599 10594 -403
10599 10599 708
10600 10595 -504
10600 10600 -892
10601 10596 -867
10601 10601 702
10602 10597 -999
10602 10602 753
10603 10598 194
10603 10603 469
10604 10599 -169
10604 10604 -730
10605 10600 583
10605 10605 -956
10606 10601 -688
10606 10606 -363
10607 10602 -304
10607 10607 559
10608 10603 -601
10608 10608 753
10609 10604 -635
10609 10609 670
10610 10605 -955
10610 10610 -485
10611 10606 643
10611 10611 -191
10612 10607 -69
10612 10612 -577
10613 10608 -604
10613 10613 601
10614 10609 -728
10614 10614 872
10615 10610 537
10615 10615 519
10616 10611 -788
10616 10616 -46
10617 10612 942
10617 10617 -709
10618 10613 338
10618 10618 -671
10619 10614 172
10619 10619 -272
10620 10615 -844
10620 10620 280
10621 10616 -953
10621 10621 786
10622 10617 642
10622 10622 -430
10623 10618 789
10623 10623 -727
10624 10619 -379
10624 10624 928
10625 10620 -255
10625 10625 -39
10626 10621 727
10626 10626 420
10627 10622 -453
10627 10627 -704
10628 10623 589
10628 10628 -599
10629 10624 -445
10629 10629 -409
10630 10625 730
10630 10630 115
10631 10626 -5
10631 10631 -221
10632 10627 -883
10632 10632 389
10633 10628 968
10633 10633 -725
10634 10629 -523
10634 10634 -713
10635 10630 233
10635 10635 831
10636 10631 98
10636 10636 -346
10637 10632 -86
10637 10637 -867
10638 10633 -135
10638 10638 -177
10639 10634 687
10639 10639 -385
10640 10635 -284
10640 10640 -139
10641 10636 -589
10641 10641 384
10642 10637 -893
10642 10642 -710
10643 10638 48
10643 10643 455
10644 10639 149
10644 10644 436
10645 10640 171
10645 10645 -340
10646 10641 -347
10646 10646 992
10647 10642 -317
10647 10647 -130
10648 10643 904
10648 10648 220
10649 10644 -998
10649 10649 -246
10650 10645 -562
10650 10650 -416
10651 10646 148
10651 10651 864
10652 10647 653
10652 10652 -448
10653 10648 891
10653 10653 566
10654 10649 -425
10654 10654 819
10655 10650 690
10655 10655 705
10656 10651 352
10656 10656 -895
10657 10652 637
10657 10657 -695
10658 10653 -811
10658 10658 245
10659 10654 864
10659 10659 -921
10660 10655 -611
10660 10660 976
10661 10656 -506
10661 10661 -800
10662 10657 31
10662 10662 587
10663 10658 -99
10663 10663 714
10664 10659 6
10664 10664 118
10665 10660 389
10665 10665 -535
10666 10661 90
10666 10666 589
10667 10662 29
10667 10667 -556
10668 10663 845
10668 10668 176
10669 10664 44
10669 10669 18
10670 10665 336
10670 10670 830
10671 10666 -686
10671 10671 810
10672 10667 -932
10672 10672 318
10673 10668 -91
10673 10673 -261
10674 10669 143
10674 10674 980
10675 10670 877
10675 10675 -54
10676 10671 264
10676 10676 -83
10677 10672 -254
10677 10677 -863
10678 10673 -315
10678 10678 -348
10679 10674 484
10679 10679 -559
10680 10675 222
10680 10680 564
10681 10676 -185
10681 10681 -980
10682 10677 -638
10682 10682 -28
10683 10678 402
10683 10683 -389
10684 10679 357
10684 10684 -334
10685 10680 -411
10685 10685 91
10686 10681 415
10686 10686 -911
10687 10682 -751
10687 10687 894
10688 10683 -77
10688 10688 208
10689 10684 -632
10689 10689 -498
10690 10685 -116
10690 10690 -341
10691 10686 -275
10691 10691 181
10692 10687 649
10692 10692 642
10693 10688 56
10693 10693 -717
10694 10689 -998
10694 10694 -940
10695 10690 -467
10695 10695 -725
10696 10691 -694
10696 10696 -155
10697 10692 543
10697 10697 -176
10698 10693 725
10698 10698 947
10699 10694 112
10699 10699 -242
10700 10695 -339
10700 10700 797
10701 10696 -140
10701 10701 -732
10702 10697 -815
10702 10702 -245
10703 10698 883
10703 10703 104
10704 10699 351
10704 10704 602
10705 10700 470
10705 10705 680
10706 10701 -575
10706 10706 -420
10707 10702 695
10707 10707 190
10708 10703 664
10708 10708 28
10709 10704 -401
10709 10709 980
10710 10705 -847
10710 10710 -292
10711 10706 666
10711 10711 70
10712 10707 -156
10712 10712 106
10713 10708 -861
10713 10713 -25
10714 10709 67
10714 10714 276
10715 10710 787
10715 10715 -404
10716 10711 -186
10716 10716 -685
10717 10712 -874
10717 10717 -95
10718 10713 771
10718 10718 463
10719 10714 -498
10719 10719 747
10720 10715 -779
10720 10720 643
10721 10716 959
10721 10721 300
10722 10717 -799
10722 10722 -294
10723 10718 -880
10723 10723 -552
10724 10719 788
10724 10724 874
10725 10720 -474
10725 10725 143
10726 10721 -450
10726 10726 -623
10727 10722 181
10727 10727 670
10728 10723 -590
10728 10728 -338
10729 10724 -444
10729 10729 -47
10730 10725 -362
10730 10730 -842
10731 10726 306
10731 10731 154
10732 10727 44
10732 10732 -233
10733 10728 23
10733 10733 209
10734 10729 -513
10734 10734 -213
10735 10730 428
10735 10735 -776
10736 10731 -643
10736 10736 578
10737 10732 -536
10737 10737 593
10738 10733 -594
10738 10738 383
10739 10734 -737
10739 10739 931
10740 10735 -865
10740 10740 -286
10741 10736 66
10741 10741 134
10742 10737 -133
10742 10742 -521
10743 10738 -316
10743 10743 -527
10744 10739 -900
10744 10744 865
10745 10740 360
10745 10745 41
10746 10741 359
10746 10746 214
10747 10742 -707
10747 10747 -92
10748 10743 -312
10748 10748 -533
10749 10744 -270
10749 10749 670
10750 10745 -294
10750 10750 -504
10751 10746 333
10751 10751 -674
10752 10747 995
10752 10752 899
10753 10748 -999
10753 10753 -281
10754 10749 131
10754 10754 -427
10755 10750 -352
10755 10755 -250
10756 10751 440
10756 10756 -171
10757 10752 734
10757 10757 -997
10758 10753 661
10758 10758 157
10759 10754 662
10759 10759 -840
10760 10755 -713
10760 10760 -214
10761 10756 854
10761 10761 -646
10762 10757 -559
10762 10762 703
10763 10758 -490
10763 10763 749
10764 10759 -157
10764 10764 43
10765 10760 633
10765 10765 388
10766 10761 812
10766 10766 504
10767 10762 666
10767 10767 -292
10768 10763 -548
10768 10768 462
10769 10764 -718
10769 10769 847
10770 10765 -878
10770 10770 -255
10771 10766 724
10771 10771 213
10772 10767 -26
10772 10772 -430
10773 10768 663
10773 10773 880
10774 10769 -439
10774 10774 547
10775 10770 -363
10775 10775 -900
10776 10771 -442
10776 10776 95
10777 10772 480
10777 10777 -230
10778 10773 691
10778 10778 -745
10779 10774 -420
10779 10779 633
10780 10775 -951
10780 10780 -271
10781 10776 606
10781 10781 -37
10782 10777 -590
10782 10782 196
10783 10778 404
10783 10783 -998
10784 10779 -98
10784 10784 -414
10785 10780 864
10785 10785 -247
10786 10781 -309
10786 10786 709
10787 10782 165
10787 10787 34
10788 10783 -194
10788 10788 -756
10789 10784 -399
10789 10789 -266
10790 10785 168
10790 10790 869
10791 10786 318
10791 10791 -960
10792 10787 -369
10792 10792 -966
10793 10788 -877
10793 10793 -569
10794 10789 -911
10794 10794 -878
10795 10790 768
10795 10795 905
10796 10791 -400
10796 10796 -241
10797 10792 -602
10797 10797 -621
10798 10793 759
10798 10798 -993
10799 10794 -599
10799 10799 943
10800 10795 154
10800 10800 230
10801 10796 -976
10801 10801 591
10802 10797 -699
10802 10802 641
10803 10798 -17
10803 10803 961
10804 10799 -886
10804 10804 782
10805 10800 147
10805 10805 790
10806 10801 337
10806 10806 272
10807 10802 -570
10807 10807 -184
10808 10803 -908
10808 10808 -909
10809 10804 99
10809 10809 216
10810 10805 -891
10810 10810 -375
10811 10806 624
10811 10811 -473
10812 10807 10
10812 10812 94
10813 10808 713
10813 10813 -385
10814 10809 -524
10814 10814 723
10815 10810 -180
10815 10815 -482
10816 10811 -964
10816 10816 -567
10817 10812 316
10817 10817 847
10818 10813 -545
10818 10818 616
10819 10814 -945
10819 10819 689
10820 10815 846
10820 10820 200
10821 10816 654
10821 10821 -562
10822 10817 854
10822 10822 175
10823 10818 852
10823 10823 671
10824 10819 699
10824 10824 -493
10825 10820 -59
10825 10825 444
10826 10821 386
10826 10826 -895
10827 10822 -681
10827 10827 -39
10828 10823 -34
10828 10828 452
10829 10824 803
10829 10829 -193
10830 10825 812
10830 10830 -661
10831 10826 325
10831 10831 -78
10832 10827 -211
10832 10832 694
10833 10828 31
10833 10833 -157
10834 10829 -818
10834 10834 47
10835 10830 372
10835 10835 -409
10836 10831 -373
10836 10836 -26
10837 10832 -331
10837 10837 -146
10838 10833 -639
10838 10838 92
10839 10834 -939
10839 10839 666
10840 10835 59
10840 10840 -969
10841 10836 485
10841 10841 543
10842 10837 873
10842 10842 606
10843 10838 -709
10843 10843 -645
10844 10839 -456
10844 10844 899
10845 10840 477
10845 10845 -566
10846 10841 269
10846 10846 797
10847 10842 -635
10847 10847 -164
10848 10843 182
10848 10848 -64
10849 10844 331
10849 10849 -407
10850 10845 -412
10850 10850 925
10851 10846 128
10851 10851 771
10852 10847 181
10852 10852 91
10853 10848 292
10853 10853 -376
10854 10849 -559
10854 10854 828
10855 10850 602
10855 10855 516
10856 10851 -988
10856 10856 235
10857 10852 -570
10857 10857 -53
10858 10853 -733
10858 10858 796
10859 10854 -898
10859 10859 501
10860 10855 821
10860 10860 -578
10861 10856 -402
10861 10861 226
10862 10857 34
10862 10862 985
10863 10858 75
10863 10863 -647
10864 10859 52
10864 10864 -631
10865 10860 -119
10865 10865 -810
10866 10861 -626
10866 10866 83
10867 10862 -171
10867 10867 -682
10868 10863 144
10868 10868 570
10869 10864 924
10869 10869 749
10870 10865 -539
10870 10870 253
10871 10866 618
10871 10871 35
10872 10867 31
10872 10872 450
10873 10868 -239
10873 10873 112
10874 10869 -874
10874 10874 568
10875 10870 887
10875 10875 166
10876 10871 379
10876 10876 837
10877 10872 -542
10877 10877 943
10878 10873 103
10878 10878 488
10879 10874 -738
10879 10879 626
10880 10875 -187
10880 10880 -943
10881 10876 -24
10881 10881 -935
10882 10877 -139
10882 10882 -390
10883 10878 -941
10883 10883 736
10884 10879 627
10884 10884 63
10885 10880 796
10885 10885 873
10886 10881 324
10886 10886 -213
10887 10882 -405
10887 10887 -834
10888 10883 158
10888 10888 968
10889 10884 -61
10889 10889 446
10890 10885 -190
10890 10890 41
10891 10886 30
10891 10891 -197
10892 10887 60
10892 10892 99
10893 10888 -486
10893 10893 -224
10894 10889 914
10894 10894 633
10895 10890 354
10895 10895 -894
10896 10891 103
10896 10896 -426
10897 10892 633
10897 10897 -530
10898 10893 -497
10898 10898 -874
10899 10894 -742
10899 10899 304
10900 10895 204
10900 10900 763
10901 10896 346
10901 10901 624
10902 10897 -402
10902 10902 -220
10903 10898 432
10903 10903 -101
10904 10899 -716
10904 10904 72
10905 10900 947
10905 10905 712
10906 10901 -732
10906 10906 71
10907 10902 131
10907 10907 373
10908 10903 -641
10908 10908 -715
10909 10904 -537
10909 10909 -691
10910 10905 507
10910 10910 -302
10911 10906 -256
10911 10911 463
10912 10907 734
10912 10912 -582
10913 10908 -625
10913 10913 -26
10914 10909 -345
10914 10914 542
10915 10910 585
10915 10915 -334
10916 10911 -958
10916 10916 905
10917 10912 -868
10917 10917 478
10918 10913 -126
10918 10918 344
10919 10914 460
10919 10919 -405
10920 10915 368
10920 10920 -215
10921 10916 599
10921 10921 -913
10922 10917 52
10922 10922 -952
10923 10918 -78
10923 10923 162
10924 10919 628
10924 10924 -707
10925 10920 -53
10925 10925 636
10926 10921 955
10926 10926 -86
10927 10922 738
10927 10927 687
10928 10923 969
10928 10928 -32
10929 10924 85
10929 10929 66
10930 10925 -942
10930 10930 -663
10931 10926 -262
10931 10931 -170
10932 10927 39
10932 10932 413
10933 10928 768
10933 10933 -414
10934 10929 -954
10934 10934 -760
10935 10930 64
10935 10935 -379
10936 10931 -981
10936 10936 -786
10937 10932 -923
10937 10937 972
10938 10933 576
10938 10938 -123
10939 10934 260
10939 10939 57
10940 10935 -71
10940 10940 -183
10941 10936 715
10941 10941 204
10942 10937 182
10942 10942 795
10943 10938 -424
10943 10943 -919
10944 10939 -120
10944 10944 530
10945 10940 808
10945 10945 -992
10946 10941 717
10946 10946 340
10947 10942 -904
10947 10947 -685
10948 10943 499
10948 10948 31
10949 10944 -389
10949 10949 -395
10950 10945 -113
10950 10950 563
10951 10946 -519
10951 10951 720
10952 10947 697
10952 10952 545
10953 10948 -766
10953 10953 -231
10954 10949 -14
10954 10954 -736
10955 10950 746
10955 10955 338
10956 10951 17
10956 10956 -553
10957 10952 -451
10957 10957 -501
10958 10953 410
10958 10958 -460
10959 10954 -573
10959 10959 -661
10960 10955 -318
10960 10960 -119
10961 10956 526
10961 10961 528
10962 10957 -125
10962 10962 661
10963 10958 244
10963 10963 -962
10964 10959 155
10964 10964 -983
10965 10960 618
10965 10965 -477
10966 10961 777
10966 10966 988
10967 10962 -442
10967 10967 -771
10968 10963 -732
10968 10968 310
10969 10964 412
10969 10969 890
10970 10965 66
10970 10970 624
10971 10966 -894
10971 10971 301
10972 10967 493
10972 10972 953
10973 10968 828
10973 10973 -959
10974 10969 457
10974 10974 805
10975 10970 215
10975 10975 832
10976 10971 913
10976 10976 776
10977 10972 -692
10977 10977 113
10978 10973 -96
10978 10978 920
10979 10974 -572
10979 10979 449
10980 10975 406
10980 10980 442
10981 10976 -328
10981 10981 -165
10982 10977 -496
10982 10982 197
10983 10978 845
10983 10983 978
10984 10979 -394
10984 10984 -952
10985 10980 -740
10985 10985 -29
10986 10981 8
10986 10986 310
10987 10982 -497
10987 10987 -301
10988 10983 -729
10988 10988 689
10989 10984 -343
10989 10989 209
10990 10985 579
10990 10990 -547
10991 10986 -925
10991 10991 -554
10992 10987 790
10992 10992 -623
10993 10988 973
10993 10993 943
10994 10989 -887
10994 10994 -617
10995 10990 21
10995 10995 -431
10996 10991 -516
10996 10996 727
10997 10992 -804
10997 10997 -148
10998 10993 465
10998 10998 85
10999 10994 259
10999 10999 -115
11000 10995 -501
11000 11000 947
11001 10996 534
11001 11001 96
11002 10997 -235
11002 11002 -191
11003 10998 -45
11003 11003 -315
11004 10999 -461
11004 11004 856
11005 11000 -831
11005 11005 -666
11006 11001 -118
11006 11006 603
11007 11002 938
11007 11007 294
11008 11003 730
11008 11008 -257
11009 11004 437
11009 11009 -598
11010 11005 -71
11010 11010 -69
11011 11006 814
11011 11011 -816
11012 11007 756
11012 11012 -664
11013 11008 -48
11013 11013 124
11014 11009 -542
11014 11014 995
11015 11010 510
11015 11015 168
11016 11011 -62
11016 11016 696
11017 11012 270
11017 11017 960
11018 11013 -158
11018 11018 733
11019 11014 864
11019 11019 523
11020 11015 -337
11020 11020 -600
11021 11016 730
11021 11021 22
11022 11017 -711
11022 11022 704
11023 11018 -770
11023 11023 99
11024 11019 -520
11024 11024 101
11025 11020 985
11025 11025 204
11026 11021 -784
11026 11026 -576
11027 11022 -384
11027 11027 -776
11028 11023 767
11028 11028 240
11029 11024 858
11029 11029 224
11030 11025 247
11030 11030 532
11031 11026 -718
11031 11031 -934
11032 11027 988
11032 11032 -213
11033 11028 864
11033 11033 469
11034 11029 -387
11034 11034 551
11035 11030 -469
11035 11035 -130
11036 11031 833
11036 11036 -516
11037 11032 -46
11037 11037 241
11038 11033 255
11038 11038 -765
11039 11034 -671
11039 11039 404
11040 11035 -237
11040 11040 509
11041 11036 443
11041 11041 -408
11042 11037 856
11042 11042 526
11043 11038 -541
11043 11043 29
11044 11039 -459
11044 11044 -733
11045 11040 508
11045 11045 219
11046 11041 355
11046 11046 -372
11047 11042 603
11047 11047 209
11048 11043 50
11048 11048 -234
11049 11044 -278
11049 11049 -386
11050 11045 -48
11050 11050 -359
11051 11046 788
11051 11051 -55
11052 11047 142
11052 11052 -307
11053 11048 106
11053 11053 324
11054 11049 -51
11054 11054 -717
11055 11050 -2
11055 11055 -483
11056 11051 -856
11056 11056 845
11057 11052 645
11057 11057 540
11058 11053 940
11058 11058 -563
11059 11054 77
11059 11059 82
11060 11055 -545
11060 11060 -641
11061 11056 527
11061 11061 -738
11062 11057 516
11062 11062 741
11063 11058 -715
11063 11063 646
11064 11059 57
11064 11064 -332
11065 11060 -733
11065 11065 -903
11066 11061 17
11066 11066 -466
11067 11062 -445
11067 11067 236
11068 11063 19
11068 11068 -259
11069 11064 -257
11069 11069 -12
11070 11065 -763
11070 11070 484
11071 11066 -775
11071 11071 340
11072 11067 -691
11072 11072 154
11073 11068 -939
11073 11073 688
11074 11069 238
11074 11074 242
11075 11070 -720
11075 11075 -880
11076 11071 -934
11076 11076 573
11077 11072 -452
11077 11077 767
11078 11073 -466
11078 11078 278
11079 11074 -369
11079 11079 -906
11080 11075 -338
11080 11080 207
11081 11076 -617
11081 11081 -205
11082 11077 -839
11082 11082 298
11083 11078 762
11083 11083 -112
11084 11079 -785
11084 11084 -728
11085 11080 282
11085 11085 379
11086 11081 126
11086 11086 368
11087 11082 -803
11087 11087 -737
11088 11083 702
11088 11088 312
11089 11084 309
11089 11089 -279
11090 11085 -70
11090 11090 -49
11091 11086 -848
11091 11091 -686
11092 11087 -316
11092 11092 210
11093 11088 106
11093 11093 99
11094 11089 -788
11094 11094 -564
11095 11090 472
11095 11095 76
11096 11091 795
11096 11096 -808
11097 11092 39
11097 11097 -959
11098 11093 -950
11098 11098 167
11099 11094 -82
11099 11099 -465
11100 11095 -575
11100 11100 53
11101 11096 -416
11101 11101 -49
11102 11097 -754
11102 11102 -572
11103 11098 779
11103 11103 -289
11104 11099 776
11104 11104 -597
11105 11100 -439
11105 11105 -805
11106 11101 167
11106 11106 895
11107 11102 -890
11107 11107 -682
11108 11103 390
11108 11108 170
11109 11104 702
11109 11109 -119
11110 11105 313
11110 11110 849
11111 11106 402
11111 11111 975
11112 11107 -333
11112 11112 -695
11113 11108 -548
11113 11113 347
11114 11109 -839
11114 11114 862
11115 11110 -979
11115 11115 -509
11116 11111 993
11116 11116 -118
11117 11112 -126
11117 11117 -725
11118 11113 730
11118 11118 -249
11119 11114 -482
11119 11119 -189
11120 11115 -725
11120 11120 465
11121 11116 -559
11121 11121 -987
11122 11117 873
11122 11122 -254
11123 11118 654
11123 11123 -629
11124 11119 -178
11124 11124 -297
11125 11120 -263
11125 11125 -433
11126 11121 673
11126 11126 622
11127 11122 -352
11127 11127 98
11128 11123 161
11128 11128 686
11129 11124 -858
11129 11129 194
11130 11125 -343
11130 11130 297
11131 11126 720
11131 11131 -226
11132 11127 -826
11132 11132 -100
11133 11128 149
11133 11133 -673
11134 11129 277
11134 11134 942
11135 11130 641
11135 11135 731
11136 11131 356
11136 11136 806
11137 11132 -620
11137 11137 -770
11138 11133 -576
11138 11138 991
11139 11134 -572
11139 11139 -995
11140 11135 -290
11140 11140 -30
11141 11136 410
11141 11141 733
11142 11137 889
11142 11142 -864
11143 11138 -845
11143 11143 -845
11144 11139 241
11144 11144 967
11145 11140 233
11145 11145 568
11146 11141 -61
11146 11146 104
11147 11142 800
11147 11147 -349
11148 11143 -605
11148 11148 -229
11149 11144 855
11149 11149 431
11150 11145 418
11150 11150 -752
11151 11146 837
11151 11151 -533
11152 11147 -125
11152 11152 -735
11153 11148 -614
11153 11153 -609
11154 11149 -857
11154 11154 -469
11155 11150 764
11155 11155 661
11156 11151 792
11156 11156 -627
11157 11152 611
11157 11157 185
11158 11153 -379
11158 11158 -161
11159 11154 -196
11159 11159 467
11160 11155 -845
11160 11160 323
11161 11156 -352
11161 11161 -458
11162 11157 945
11162 11162 204
11163 11158 -491
11163 11163 -675
11164 11159 -643
11164 11164 -509
11165 11160 -314
11165 11165 -112
11166 11161 360
11166 11166 -28
11167 11162 -534
11167 11167 539
11168 11163 -238
11168 11168 -704
11169 11164 433
11169 11169 672
11170 11165 -394
11170 11170 963
11171 11166 435
11171 11171 781
11172 11167 136
11172 11172 -908
11173 11168 737
11173 11173 -359
11174 11169 793
11174 11174 801
11175 11170 358
11175 11175 788
11176 11171 77
11176 11176 -245
11177 11172 -528
11177 11177 915
11178 11173 -562
11178 11178 379
11179 11174 -99
11179 11179 -400
11180 11175 -358
11180 11180 481
11181 11176 -853
11181 11181 -323
11182 11177 -474
11182 11182 -531
11183 11178 -548
11183 11183 -546
11184 11179 -838
11184 11184 461
11185 11180 187
11185 11185 -544
11186 11181 668
11186 11186 -666
11187 11182 -530
11187 11187 751
11188 11183 394
11188 11188 572
11189 11184 -696
11189 11189 483
11190 11185 -285
11190 11190 748
11191 11186 893
11191 11191 -590
11192 11187 -55
11192 11192 15
11193 11188 233
11193 11193 -968
11194 11189 -508
11194 11194 638
11195 11190 -199
11195 11195 292
11196 11191 -410
11196 11196 82
11197 11192 -690
11197 11197 -458
11198 11193 151
11198 11198 -417
11199 11194 936
11199 11199 -180
11200 11195 333
11200 11200 -642
11201 11196 -429
11201 11201 -948
11202 11197 713
11202 11202 795
11203 11198 -661
11203 11203 -789
11204 11199 -545
11204 11204 -234
11205 11200 -385
11205 11205 726
11206 11201 932
11206 11206 750
11207 11202 401
11207 11207 -287
11208 11203 -407
11208 11208 -470
11209 11204 -555
11209 11209 316
11210 11205 -219
11210 11210 349
11211 11206 -220
11211 11211 621
11212 11207 -887
11212 11212 739
11213 11208 644
11213 11213 639
11214 11209 -508
11214 11214 15
11215 11210 -222
11215 11215 -119
11216 11211 -242
11216 11216 705
11217 11212 110
11217 11217 503
11218 11213 766
11218 11218 -277
11219 11214 571
11219 11219 106
11220 11215 373
11220 11220 -697
11221 11216 -721
11221 11221 93
11222 11217 740
11222 11222 -775
11223 11218 -15
11223 11223 331
11224 11219 107
11224 11224 280
11225 11220 424
11225 11225 872
11226 11221 -883
11226 11226 422
11227 11222 -498
11227 11227 -998
11228 11223 34
11228 11228 -783
11229 11224 -809
11229 11229 507
11230 11225 430
11230 11230 -948
11231 11226 -443
11231 11231 157
11232 11227 -916
11232 11232 -312
11233 11228 885
11233 11233 104
11234 11229 245
11234 11234 65
11235 11230 -181
11235 11235 -743
11236 11231 571
11236 11236 445
11237 11232 -706
11237 11237 -441
11238 11233 518
11238 11238 -703
11239 11234 766
11239 11239 879
11240 11235 -29
11240 11240 838
11241 11236 -981
11241 11241 66
11242 11237 -221
11242 11242 471
11243 11238 664
11243 11243 246
11244 11239 480
11244 11244 878
11245 11240 673
11245 11245 -824
11246 11241 587
11246 11246 -808
11247 11242 36
11247 11247 -447
11248 11243 289
11248 11248 -494
11249 11244 975
11249 11249 -987
11250 11245 735
11250 11250 -384
11251 11246 986
11251 11251 -602
11252 11247 -544
11252 11252 798
11253 11248 603
11253 11253 -757
11254 11249 782
11254 11254 8
11255 11250 -304
11255 11255 584
11256 11251 -944
11256 11256 104
11257 11252 -194
11257 11257 -886
11258 11253 31
11258 11258 -784
11259 11254 391
11259 11259 594
11260 11255 -630
11260 11260 -93
11261 11256 68
11261 11261 893
11262 11257 -603
11262 11262 -858
11263 11258 -972
11263 11263 -858
11264 11259 724
11264 11264 736
11265 11260 -290
11265 11265 364
11266 11261 -243
11266 11266 235
11267 11262 309
11267 11267 -880
11268 11263 73
11268 11268 -762
11269 11264 355
11269 11269 -672
11270 11265 717
11270 11270 -314
11271 11266 -674
11271 11271 -828
11272 11267 -639
11272 11272 120
11273 11268 5
11273 11273 -445
11274 11269 920
11274 11274 -527
11275 11270 -697
11275 11275 63
11276 11271 -277
11276 11276 -80
11277 11272 649
11277 11277 -756
11278 11273 -369
11278 11278 -421
11279 11274 877
11279 11279 -948
11280 11275 -239
11280 11280 798
11281 11276 509
11281 11281 -451
11282 11277 491
11282 11282 507
11283 11278 -598
11283 11283 53
11284 11279 -66
11284 11284 247
11285 11280 874
11285 11285 212
11286 11281 -811
11286 11286 -900
11287 11282 -847
11287 11287 123
11288 11283 -420
11288 11288 278
11289 11284 169
11289 11289 -47
11290 11285 -626
11290 11290 -392
11291 11286 315
11291 11291 -67
11292 11287 -751
11292 11292 -550
11293 11288 485
11293 11293 368
11294 11289 -557
11294 11294 653
11295 11290 382
11295 11295 -560
11296 11291 5
11296 11296 -290
11297 11292 -260
11297 11297 -900
11298 11293 -573
11298 11298 -348
11299 11294 484
11299 11299 -559
11300 11295 -745
11300 11300 99
11301 11296 -60
11301 11301 289
11302 11297 682
11302 11302 -256
11303 11298 824
11303 11303 610
11304 11299 137
11304 11304 975
11305 11300 143
11305 11305 -437
11306 11301 244
11306 11306 -828
11307 11302 -817
11307 11307 -566
11308 11303 149
11308 11308 -761
11309 11304 -613
11309 11309 874
11310 11305 -739
11310 11310 -786
11311 11306 791
11311 11311 -966
11312 11307 -540
11312 11312 -447
11313 11308 642
11313 11313 -831
11314 11309 -457
11314 11314 970
11315 11310 -724
11315 11315 -140
11316 11311 -143
11316 11316 278
11317 11312 14
11317 11317 156
11318 11313 -382
11318 11318 -479
11319 11314 -143
11319 11319 -616
11320 11315 686
11320 11320 -163
11321 11316 43
11321 11321 789
11322 11317 -85
11322 11322 -191
11323 11318 312
11323 11323 -796
11324 11319 353
11324 11324 322
11325 11320 722
11325 11325 790
11326 11321 380
11326 11326 -946
11327 11322 871
11327 11327 300
11328 11323 213
11328 11328 -118
11329 11324 349
11329 11329 -584
11330 11325 -824
11330 11330 -279
11331 11326 -702
11331 11331 -794
11332 11327 78
11332 11332 -16
11333 11328 -408
11333 11333 -437
11334 11329 -180
11334 11334 -174
11335 11330 -443
11335 11335 71
11336 11331 769
11336 11336 -455
11337 11332 215
11337 11337 836
11338 11333 -448
11338 11338 -206
11339 11334 154
11339 11339 295
11340 11335 -311
11340 11340 175
11341 11336 -752
11341 11341 205
11342 11337 625
11342 11342 148
11343 11338 -532
11343 11343 -340
11344 11339 -781
11344 11344 -865
11345 11340 -982
11345 11345 -677
11346 11341 40
11346 11346 -900
11347 11342 -823
11347 11347 461
11348 11343 -769
11348 11348 85
11349 11344 -613
11349 11349 -833
11350 11345 530
11350 11350 -9
11351 11346 -790
11351 11351 687
11352 11347 -428
11352 11352 141
11353 11348 81
11353 11353 405
11354 11349 -658
11354 11354 506
11355 11350 239
11355 11355 -419
11356 11351 -951
11356 11356 288
11357 11352 -140
11357 11357 499
11358 11353 225
11358 11358 478
11359 11354 794
11359 11359 108
11360 11355 -555
11360 11360 -130
11361 11356 737
11361 11361 -458
11362 11357 330
11362 11362 -547
11363 11358 -473
11363 11363 -980
11364 11359 249
11364 11364 -998
11365 11360 -126
11365 11365 655
11366 11361 -981
11366 11366 401
11367 11362 -60
11367 11367 -685
11368 11363 -485
11368 11368 -177
11369 11364 -768
11369 11369 905
11370 11365 -926
11370 11370 -219
11371 11366 29
11371 11371 -617
11372 11367 -148
11372 11372 172
11373 11368 801
11373 11373 973
11374 11369 -543
11374 11374 -425
11375 11370 527
11375 11375 -953
11376 11371 -933
11376 11376 694
11377 11372 -734
11377 11377 -686
11378 11373 289
11378 11378 829
11379 11374 935
11379 11379 -189
11380 11375 -477
11380 11380 -908
11381 11376 452
11381 11381 497
11382 11377 -939
11382 11382 66
11383 11378 953
11383 11383 545
11384 11379 134
11384 11384 522
11385 11380 184
11385 11385 -14
11386 11381 620
11386 11386 -361
11387 11382 -381
11387 11387 -762
11388 11383 646
11388 11388 -649
11389 11384 -444
11389 11389 -620
11390 11385 -792
11390 11390 612
11391 11386 102
11391 11391 521
11392 11387 -562
11392 11392 -459
11393 11388 19
11393 11393 648
11394 11389 16
11394 11394 -449
11395 11390 -892
11395 11395 -585
11396 11391 217
11396 11396 -314
11397 11392 -232
11397 11397 353
11398 11393 347
11398 11398 -5
11399 11394 -721
11399 11399 -46
11400 11395 540
11400 11400 910
11401 11396 -481
11401 11401 170
11402 11397 507
11402 11402 -977
11403 11398 -163
11403 11403 -374
11404 11399 658
11404 11404 733
11405 11400 329
11405 11405 589
11406 11401 246
11406 11406 -117
11407 11402 -776
11407 11407 -170
11408 11403 974
11408 11408 592
11409 11404 -696
11409 11409 -345
11410 11405 59
11410 11410 382
11411 11406 620
11411 11411 351
11412 11407 517
11412 11412 293
11413 11408 467
11413 11413 -999
11414 11409 252
11414 11414 948
11415 11410 865
11415 11415 489
11416 11411 245
11416 11416 -348
11417 11412 16
11417 11417 -177
11418 11413 -472
11418 11418 936
11419 11414 944
11419 11419 528
11420 11415 550
11420 11420 -93
11421 11416 472
11421 11421 -696
11422 11417 -137
11422 11422 331
11423 11418 -755
11423 11423 -231
11424 11419 -773
11424 11424 -301
11425 11420 -630
11425 11425 438
11426 11421 -328
11426 11426 -124
11427 11422 796
11427 11427 966
11428 11423 779
11428 11428 279
11429 11424 -687
11429 11429 468
11430 11425 -828
11430 11430 940
11431 11426 -576
11431 11431 -894
11432 11427 502
11432 11432 -422
11433 11428 -786
11433 11433 577
11434 11429 731
11434 11434 414
11435 11430 -170
11435 11435 -637
11436 11431 18
11436 11436 -766
11437 11432 998
11437 11437 684
11438 11433 619
11438 11438 -666
11439 11434 426
11439 11439 332
11440 11435 -976
11440 11440 -512
11441 11436 -145
11441 11441 682
11442 11437 629
11442 11442 -605
11443 11438 50
11443 11443 -252
11444 11439 361
11444 11444 -200
11445 11440 151
11445 11445 988
11446 11441 167
11446 11446 -561
11447 11442 -266
11447 11447 -760
11448 11443 -758
11448 11448 326
11449 11444 -107
11449 11449 559
11450 11445 562
11450 11450 -85
11451 11446 -832
11451 11451 -92
11452 11447 24
11452 11452 193
11453 11448 -664
11453 11453 652
11454 11449 -718
11454 11454 695
11455 11450 697
11455 11455 -696
11456 11451 278
11456 11456 -360
11457 11452 -379
11457 11457 -247
11458 11453 524
11458 11458 -626
11459 11454 959
11459 11459 31
11460 11455 -441
11460 11460 -190
11461 11456 -626
11461 11461 873
11462 11457 92
11462 11462 -921
11463 11458 -609
11463 11463 -778
11464 11459 703
11464 11464 -503
11465 11460 -962
11465 11465 732
11466 11461 -809
11466 11466 206
11467 11462 -308
11467 11467 335
11468 11463 79
11468 11468 -399
11469 11464 775
11469 11469 259
11470 11465 -851
11470 11470 -355
11471 11466 472
11471 11471 838
11472 11467 653
11472 11472 87
11473 11468 578
11473 11473 504
11474 11469 897
11474 11474 -439
11475 11470 730
11475 11475 -722
11476 11471 -558
11476 11476 -221
11477 11472 -57
11477 11477 621
11478 11473 107
11478 11478 -454
11479 11474 -686
11479 11479 -321
11480 11475 -282
11480 11480 304
11481 11476 505
11481 11481 132
11482 11477 435
11482 11482 347
11483 11478 -435
11483 11483 -621
11484 11479 -212
11484 11484 -217
11485 11480 -491
11485 11485 -260
11486 11481 793
11486 11486 324
11487 11482 -702
11487 11487 724
11488 11483 225
11488 11488 421
11489 11484 274
11489 11489 -857
11490 11485 -367
11490 11490 -116
11491 11486 348
11491 11491 -264
11492 11487 416
11492 11492 -84
11493 11488 34
11493 11493 -253
11494 11489 -191
11494 11494 753
11495 11490 -770
11495 11495 392
11496 11491 -664
11496 11496 767
11497 11492 291
11497 11497 -483
11498 11493 -563
11498 11498 -172
11499 11494 729
11499 11499 734
11500 11495 -735
11500 11500 949
11501 11496 -275
11501 11501 -785
11502 11497 473
11502 11502 469
11503 11498 865
11503 11503 180
11504 11499 51
11504 11504 692
11505 11500 476
11505 11505 -858
11506 11501 520
11506 11506 687
11507 11502 -834
11507 11507 -449
11508 11503 -255
11508 11508 -544
11509 11504 -438
11509 11509 -424
11510 11505 989
11510 11510 -593
11511 11506 146
11511 11511 -317
11512 11507 549
11512 11512 -554
11513 11508 461
11513 11513 489
11514 11509 569
11514 11514 639
11515 11510 305
11515 11515 -893
11516 11511 -529
11516 11516 692
11517 11512 848
11517 11517 -492
11518 11513 340
11518 11518 269
11519 11514 -986
11519 11519 797
11520 11515 -666
11520 11520 545
11521 11516 504
11521 11521 896
11522 11517 775
11522 11522 868
11523 11518 -927
11523 11523 -7
11524 11519 679
11524 11524 67
11525 11520 495
11525 11525 374
11526 11521 369
11526 11526 801
11527 11522 -843
11527 11527 -741
11528 11523 -61
11528 11528 646
11529 11524 -697
11529 11529 992
11530 11525 -352
11530 11530 132
11531 11526 -840
11531 11531 304
11532 11527 -646
11532 11532 -563
11533 11528 650
11533 11533 2
11534 11529 -309
11534 11534 808
11535 11530 33
11535 11535 -552
11536 11531 789
11536 11536 635
11537 11532 -231
11537 11537 13
11538 11533 903
11538 11538 611
11539 11534 148
11539 11539 323
11540 11535 -368
11540 11540 -409
11541 11536 499
11541 11541 -528
11542 11537 -737
11542 11542 -736
11543 11538 349
11543 11543 317
11544 11539 -861
11544 11544 205
11545 11540 296
11545 11545 -38
11546 11541 -851
11546 11546 -795
11547 11542 799
11547 11547 488
11548 11543 482
11548 11548 -707
11549 11544 508
11549 11549 -488
11550 11545 -79
11550 11550 415
11551 11546 27
11551 11551 190
11552 11547 719
11552 11552 -549
11553 11548 -557
11553 11553 571
11554 11549 582
11554 11554 142
11555 11550 -949
11555 11555 254
11556 11551 500
11556 11556 922
11557 11552 420
11557 11557 380
11558 11553 707
11558 11558 851
11559 11554 620
11559 11559 689
11560 11555 368
11560 11560 995
11561 11556 -658
11561 11561 129
11562 11557 828
11562 11562 -982
11563 11558 852
11563 11563 992
11564 11559 -215
11564 11564 -719
11565 11560 330
11565 11565 -748
11566 11561 916
11566 11566 228
11567 11562 -994
11567 11567 -103
11568 11563 449
11568 11568 -593
11569 11564 -970
11569 11569 -2
11570 11565 211
11570 11570 270
11571 11566 -485
11571 11571 244
11572 11567 433
11572 11572 232
11573 11568 -447
11573 11573 -476
11574 11569 143
11574 11574 -936
11575 11570 74
11575 11575 -303
11576 11571 158
11576 11576 802
11577 11572 -461
11577 11577 -441
11578 11573 -634
11578 11578 -589
11579 11574 665
11579 11579 -417
11580 11575 381
11580 11580 912
11581 11576 -784
11581 11581 -559
11582 11577 -69
11582 11582 -137
11583 11578 -918
11583 11583 139
11584 11579 -990
11584 11584 -30
11585 11580 -201
11585 11585 699
11586 11581 436
11586 11586 760
11587 11582 -593
11587 11587 363
11588 11583 -370
11588 11588 -383
11589 11584 702
11589 11589 -289
11590 11585 -775
11590 11590 637
11591 11586 559
11591 11591 945
11592 11587 -592
11592 11592 -503
11593 11588 520
11593 11593 701
11594 11589 624
11594 11594 -816
11595 11590 -381
11595 11595 -244
11596 11591 611
11596 11596 961
11597 11592 -180
11597 11597 410
11598 11593 289
11598 11598 -966
11599 11594 -45
11599 11599 -445
11600 11595 -618
11600 11600 981
11601 11596 -769
11601 11601 -448
11602 11597 -443
11602 11602 -763
11603 11598 125
11603 11603 -245
11604 11599 -625
11604 11604 102
11605 11600 -575
11605 11605 27
11606 11601 634
11606 11606 580
11607 11602 870
11607 11607 49
11608 11603 676
11608 11608 -205
11609 11604 556
11609 11609 -106
11610 11605 -510
11610 11610 -285
11611 11606 687
11611 11611 -5
11612 11607 2
11612 11612 47
11613 11608 862
11613 11613 -940
11614 11609 -907
11614 11614 -738
11615 11610 722
11615 11615 -770
11616 11611 -562
11616 11616 -989
11617 11612 -513
11617 11617 215
11618 11613 -264
11618 11618 753
11619 11614 -789
11619 11619 -617
11620 11615 -896
11620 11620 -807
11621 11616 725
11621 11621 -662
11622 11617 -872
11622 11622 -533
11623 11618 458
11623 11623 43
11624 11619 -626
11624 11624 -632
11625 11620 -326
11625 11625 102
11626 11621 -745
11626 11626 -979
11627 11622 235
11627 11627 -270
11628 11623 298
11628 11628 223
11629 11624 672
11629 11629 247
11630 11625 -572
11630 11630 -511
11631 11626 562
11631 11631 605
11632 11627 147
11632 11632 75
11633 11628 265
11633 11633 -648
11634 11629 830
11634 11634 271
11635 11630 -36
11635 11635 -983
11636 11631 181
11636 11636 -811
11637 11632 -740
11637 11637 139
11638 11633 -315
11638 11638 -25
11639 11634 819
11639 11639 -698
11640 11635 -870
11640 11640 -859
11641 11636 -132
11641 11641 698
11642 11637 528
11642 11642 716
11643 11638 760
11643 11643 -120
11644 11639 251
11644 11644 -76
11645 11640 301
11645 11645 379
11646 11641 -401
11646 11646 836
11647 11642 625
11647 11647 -772
11648 11643 23
11648 11648 522
11649 11644 827
11649 11649 -741
11650 11645 -166
11650 11650 -327
11651 11646 -478
11651 11651 -866
11652 11647 -806
11652 11652 -180
11653 11648 -593
11653 11653 438
11654 11649 848
11654 11654 124
11655 11650 514
11655 11655 737
11656 11651 489
11656 11656 -711
11657 11652 150
11657 11657 -983
11658 11653 -948
11658 11658 207
11659 11654 -771
11659 11659 -449
11660 11655 -433
11660 11660 724
11661 11656 -417
11661 11661 -502
11662 11657 217
11662 11662 -521
11663 11658 161
11663 11663 781
11664 11659 -863
11664 11664 -356
11665 11660 232
11665 11665 794
11666 11661 210
11666 11666 393
11667 11662 451
11667 11667 457
11668 11663 455
11668 11668 -479
11669 11664 777
11669 11669 -151
11670 11665 894
11670 11670 105
11671 11666 -111
11671 11671 -37
11672 11667 -894
11672 11672 -400
11673 11668 4
11673 11673 356
11674 11669 -348
11674 11674 -535
11675 11670 -56
11675 11675 -857
11676 11671 838
11676 11676 -538
11677 11672 -748
11677 11677 701
11678 11673 508
11678 11678 -842
11679 11674 -289
11679 11679 -435
11680 11675 -522
11680 11680 -429
11681 11676 432
11681 11681 890
11682 11677 -546
11682 11682 -184
11683 11678 -512
11683 11683 937
11684 11679 -105
11684 11684 979
11685 11680 439
11685 11685 328
11686 11681 867
11686 11686 398
11687 11682 -119
11687 11687 878
11688 11683 -972
11688 11688 432
11689 11684 722
11689 11689 -453
11690 11685 -883
11690 11690 557
11691 11686 -273
11691 11691 715
11692 11687 804
11692 11692 137
11693 11688 193
11693 11693 -127
11694 11689 846
11694 11694 671
11695 11690 928
11695 11695 -693
11696 11691 911
11696 11696 839
11697 11692 318
11697 11697 198
11698 11693 487
11698 11698 -598
11699 11694 -278
11699 11699 -346
11700 11695 926
11700 11700 331
11701 11696 584
11701 11701 -472
11702 11697 -225
11702 11702 579
11703 11698 313
11703 11703 -951
11704 11699 232
11704 11704 -738
11705 11700 -875
11705 11705 173
11706 11701 421
11706 11706 -527
11707 11702 -93
11707 11707 -620
11708 11703 108
11708 11708 -414
11709 11704 126
11709 11709 -360
11710 11705 -873
11710 11710 -147
11711 11706 -174
11711 11711 46
11712 11707 -325
11712 11712 575
11713 11708 548
11713 11713 -310
11714 11709 -365
11714 11714 -481
11715 11710 -831
11715 11715 528
11716 11711 675
11716 11716 -738
11717 11712 458
11717 11717 111
11718 11713 757
11718 11718 -913
11719 11714 146
11719 11719 -821
11720 11715 256
11720 11720 -893
11721 11716 -527
11721 11721 -680
11722 11717 -766
11722 11722 996
11723 11718 -791
11723 11723 -260
11724 11719 -865
11724 11724 -880
11725 11720 -74
11725 11725 399
11726 11721 -721
11726 11726 935
11727 11722 -178
11727 11727 -318
11728 11723 567
11728 11728 437
11729 11724 829
11729 11729 -407
11730 11725 366
11730 11730 307
11731 11726 119
11731 11731 221
11732 11727 -723
11732 11732 -844
11733 11728 -45
11733 11733 909
11734 11729 -387
11734 11734 -688
11735 11730 -141
11735 11735 907
11736 11731 390
11736 11736 994
11737 11732 -182
11737 11737 -694
11738 11733 434
11738 11738 -845
11739 11734 -695
11739 11739 472
11740 11735 -943
11740 11740 100
11741 11736 -881
11741 11741 888
11742 11737 257
11742 11742 -226
11743 11738 965
11743 11743 141
11744 11739 334
11744 11744 -194
11745 11740 367
11745 11745 -779
11746 11741 265
11746 11746 850
11747 11742 -360
11747 11747 -251
11748 11743 -305
11748 11748 -862
11749 11744 -978
11749 11749 865
11750 11745 -414
11750 11750 946
11751 11746 980
11751 11751 33
11752 11747 -430
11752 11752 -514
11753 11748 551
11753 11753 -48
11754 11749 -425
11754 11754 -428
11755 11750 197
11755 11755 -262
11756 11751 161
11756 11756 -586
11757 11752 649
11757 11757 -630
11758 11753 -171
11758 11758 736
11759 11754 -74
11759 11759 386
11760 11755 -541
11760 11760 -859
11761 11756 80
11761 11761 -264
11762 11757 -255
11762 11762 618
11763 11758 668
11763 11763 -200
11764 11759 -830
11764 11764 -672
11765 11760 63
11765 11765 -568
11766 11761 674
11766 11766 -855
11767 11762 -55
11767 11767 -173
11768 11763 725
11768 11768 981
11769 11764 860
11769 11769 837
11770 11765 -500
11770 11770 505
11771 11766 -8
11771 11771 744
11772 11767 -103
11772 11772 282
11773 11768 -327
11773 11773 -514
11774 11769 -387
11774 11774 80
11775 11770 -16
11775 11775 -604
11776 11771 317
11776 11776 -40
11777 11772 3
11777 11777 735
11778 11773 -671
11778 11778 720
11779 11774 -567
11779 11779 -15
11780 11775 -207
11780 11780 477
11781 11776 221
11781 11781 -553
11782 11777 539
11782 11782 -895
11783 11778 23
11783 11783 635
11784 11779 -667
11784 11784 -667
11785 11780 705
11785 11785 870
11786 11781 658
11786 11786 627
11787 11782 -838
11787 11787 -446
11788 11783 121
11788 11788 813
11789 11784 111
11789 11789 888
11790 11785 -662
11790 11790 629
11791 11786 -839
11791 11791 -254
11792 11787 -917
11792 11792 478
11793 11788 740
11793 11793 172
11794 11789 340
11794 11794 810
11795 11790 191
11795 11795 -121
11796 11791 -73
11796 11796 -140
11797 11792 -401
11797 11797 644
11798 11793 998
11798 11798 827
11799 11794 -491
11799 11799 423
11800 11795 -740
11800 11800 -890
11801 11796 -887
11801 11801 71
11802 11797 754
11802 11802 -576
11803 11798 -823
11803 11803 -955
11804 11799 108
11804 11804 -911
11805 11800 531
11805 11805 -456
11806 11801 -919
11806 11806 232
11807 11802 648
11807 11807 -631
11808 11803 -764
11808 11808 388
11809 11804 -682
11809 11809 938
11810 11805 -688
11810 11810 -281
11811 11806 550
11811 11811 956
11812 11807 314
11812 11812 -812
11813 11808 -367
11813 11813 511
11814 11809 -67
11814 11814 -71
11815 11810 -986
11815 11815 638
11816 11811 235
11816 11816 639
11817 11812 -239
11817 11817 364
11818 11813 862
11818 11818 -155
11819 11814 226
11819 11819 201
11820 11815 107
11820 11820 949
11821 11816 -52
11821 11821 246
11822 11817 -345
11822 11822 737
11823 11818 229
11823 11823 628
11824 11819 889
11824 11824 -6
11825 11820 481
11825 11825 327
11826 11821 -257
11826 11826 404
11827 11822 666
11827 11827 -868
11828 11823 -590
11828 11828 894
11829 11824 -989
11829 11829 -322
11830 11825 575
11830 11830 323
11831 11826 -489
11831 11831 -110
11832 11827 507
11832 11832 -318
11833 11828 -325
11833 11833 516
11834 11829 59
11834 11834 383
11835 11830 -992
11835 11835 281
11836 11831 -322
11836 11836 -750
11837 11832 -496
11837 11837 -922
11838 11833 529
11838 11838 -845
11839 11834 114
11839 11839 282
11840 11835 -450
11840 11840 712
11841 11836 762
11841 11841 550
11842 11837 432
11842 11842 -141
11843 11838 -587
11843 11843 662
11844 11839 -155
11844 11844 -787
11845 11840 -509
11845 11845 -287
11846 11841 -698
11846 11846 634
11847 11842 36
11847 11847 635
11848 11843 67
11848 11848 -460
11849 11844 829
11849 11849 127
11850 11845 -786
11850 11850 -863
11851 11846 -569
11851 11851 -954
11852 11847 -237
11852 11852 -202
11853 11848 400
11853 11853 332
11854 11849 -553
11854 11854 -640
11855 11850 -828
11855 11855 45
11856 11851 632
11856 11856 822
11857 11852 -524
11857 11857 -197
11858 11853 505
11858 11858 963
11859 11854 -923
11859 11859 -119
11860 11855 826
11860 11860 -507
11861 11856 -634
11861 11861 -101
11862 11857 685
11862 11862 -355
11863 11858 -521
11863 11863 801
11864 11859 -437
11864 11864 -670
11865 11860 -392
11865 11865 -428
11866 11861 568
11866 11866 -405
11867 11862 -534
11867 11867 -266
11868 11863 219
11868 11868 -97
11869 11864 657
11869 11869 -510
11870 11865 121
11870 11870 296
11871 11866 -575
11871 11871 576
11872 11867 652
11872 11872 989
11873 11868 -75
11873 11873 -94
11874 11869 951
11874 11874 889
11875 11870 560
11875 11875 -598
11876 11871 -135
11876 11876 846
11877 11872 -108
11877 11877 890
11878 11873 -271
11878 11878 -470
11879 11874 -946
11879 11879 -119
11880 11875 -611
11880 11880 -571
11881 11876 309
11881 11881 -255
11882 11877 383
11882 11882 569
11883 11878 928
11883 11883 298
11884 11879 62
11884 11884 -799
11885 11880 -80
11885 11885 609
11886 11881 -768
11886 11886 28
11887 11882 915
11887 11887 -666
11888 11883 -199
11888 11888 994
11889 11884 999
11889 11889 -814
11890 11885 204
11890 11890 -534
11891 11886 -317
11891 11891 -537
11892 11887 -489
11892 11892 -409
11893 11888 245
11893 11893 -841
11894 11889 107
11894 11894 403
11895 11890 -33
11895 11895 10
11896 11891 709
11896 11896 792
11897 11892 -121
11897 11897 629
11898 11893 -718
11898 11898 489
11899 11894 -805
11899 11899 190
11900 11895 -16
11900 11900 178
11901 11896 -81
11901 11901 66
11902 11897 827
11902 11902 112
11903 11898 -584
11903 11903 -293
11904 11899 -93
11904 11904 -282
11905 11900 -959
11905 11905 -227
11906 11901 403
11906 11906 739
11907 11902 -861
11907 11907 605
11908 11903 317
11908 11908 -604
11909 11904 -788
11909 11909 -427
11910 11905 -812
11910 11910 -26
11911 11906 892
11911 11911 335
11912 11907 -865
11912 11912 -218
11913 11908 -214
11913 11913 13
11914 11909 136
11914 11914 611
11915 11910 417
11915 11915 -745
11916 11911 253
11916 11916 -450
11917 11912 -607
11917 11917 387
11918 11913 -668
11918 11918 663
11919 11914 826
11919 11919 -953
11920 11915 255
11920 11920 389
11921 11916 -654
11921 11921 -473
11922 11917 683
11922 11922 -495
11923 11918 604
11923 11923 -125
11924 11919 -906
11924 11924 -318
11925 11920 625
11925 11925 610
11926 11921 -25
11926 11926 728
11927 11922 -369
11927 11927 -359
11928 11923 -557
11928 11928 150
11929 11924 -344
11929 11929 658
11930 11925 -575
11930 11930 511
11931 11926 -234
11931 11931 -66
11932 11927 -500
11932 11932 443
11933 11928 -243
11933 11933 -599
11934 11929 105
11934 11934 -841
11935 11930 746
11935 11935 332
11936 11931 -899
11936 11936 640
11937 11932 -748
11937 11937 445
11938 11933 -250
11938 11938 454
11939 11934 -466
11939 11939 -592
11940 11935 427
11940 11940 471
11941 11936 -813
11941 11941 146
11942 11937 83
11942 11942 -624
11943 11938 615
11943 11943 -131
11944 11939 28
11944 11944 294
11945 11940 -202
11945 11945 -690
11946 11941 -600
11946 11946 574
11947 11942 -254
11947 11947 -504
11948 11943 498
11948 11948 918
11949 11944 409
11949 11949 -321
11950 11945 935
11950 11950 523
11951 11946 427
11951 11951 2
11952 11947 -486
11952 11952 743
11953 11948 -803
11953 11953 52
11954 11949 333
11954 11954 499
11955 11950 -608
11955 11955 551
11956 11951 147
11956 11956 601
11957 11952 -863
11957 11957 -204
11958 11953 459
11958 11958 -680
11959 11954 460
11959 11959 319
11960 11955 -748
11960 11960 993
11961 11956 954
11961 11961 7
11962 11957 -150
11962 11962 -394
11963 11958 870
11963 11963 942
11964 11959 -152
11964 11964 -909
11965 11960 -160
11965 11965 -242
11966 11961 -726
11966 11966 210
11967 11962 396
11967 11967 -681
11968 11963 -317
11968 11968 -625
11969 11964 -751
11969 11969 -567
11970 11965 921
11970 11970 347
11971 11966 672
11971 11971 -603
11972 11967 844
11972 11972 -467
11973 11968 535
11973 11973 863
11974 11969 -344
11974 11974 -848
11975 11970 -32
11975 11975 -483
11976 11971 503
11976 11976 -438
11977 11972 358
11977 11977 -850
11978 11973 903
11978 11978 -670
11979 11974 -647
11979 11979 700
11980 11975 -999
11980 11980 -743
11981 11976 -484
11981 11981 947
11982 11977 495
11982 11982 -796
11983 11978 -134
11983 11983 341
11984 11979 878
11984 11984 58
11985 11980 969
11985 11985 -155
11986 11981 390
11986 11986 201
11987 11982 297
11987 11987 -609
11988 11983 -813
11988 11988 392
11989 11984 -139
11989 11989 41
11990 11985 -271
11990 11990 -812
11991 11986 990
11991 11991 856
11992 11987 812
11992 11992 329
11993 11988 -321
11993 11993 -554
11994 11989 906
11994 11994 -830
11995 11990 -315
11995 11995 318
11996 11991 829
11996 11996 -945
11997 11992 23
11997 11997 639
11998 11993 -776
11998 11998 463
11999 11994 -383
11999 11999 -84
12000 11995 -861
12000 12000 -880
12001 11996 -284
12001 12001 -514
12002 11997 -315
12002 12002 -378
12003 11998 442
12003 12003 956
12004 11999 355
12004 12004 -959
12005 12000 220
12005 12005 -989
12006 12001 -132
12006 12006 -632
12007 12002 -555
12007 12007 -389
12008 12003 -186
12008 12008 716
12009 12004 -21
12009 12009 -882
12010 12005 -137
12010 12010 -393
12011 12006 889
12011 12011 282
12012 12007 -971
12012 12012 727
12013 12008 44
12013 12013 405
12014 12009 517
12014 12014 309
12015 12010 -569
12015 12015 450
12016 12011 891
12016 12016 826
12017 12012 -401
12017 12017 971
12018 12013 -585
12018 12018 495
12019 12014 654
12019 12019 487
12020 12015 927
12020 12020 -196
12021 12016 -293
12021 12021 -165
12022 12017 960
12022 12022 -647
12023 12018 -359
12023 12023 22
12024 12019 -435
12024 12024 232
12025 12020 612
12025 12025 -351
12026 12021 514
12026 12026 -936
12027 12022 229
12027 12027 -18
12028 12023 -184
12028 12028 880
12029 12024 -592
12029 12029 670
12030 12025 245
12030 12030 -419
12031 12026 -100
12031 12031 714
12032 12027 -966
12032 12032 701
12033 12028 599
12033 12033 176
12034 12029 142
12034 12034 -249
12035 12030 -802
12035 12035 860
12036 12031 -308
12036 12036 -110
12037 12032 751
12037 12037 943
12038 12033 71
12038 12038 425
12039 12034 -273
12039 12039 -602
12040 12035 366
12040 12040 487
12041 12036 431
12041 12041 -737
12042 12037 789
12042 12042 13
12043 12038 388
12043 12043 -432
12044 12039 -365
12044 12044 -21
12045 12040 -936
12045 12045 806
12046 12041 -389
12046 12046 -317
12047 12042 873
12047 12047 786
12048 12043 591
12048 12048 -170
12049 12044 -378
12049 12049 833
12050 12045 853
12050 12050 492
12051 12046 -863
12051 12051 103
12052 12047 844
12052 12052 666
12053 12048 -169
12053 12053 701
12054 12049 -308
12054 12054 -709
12055 12050 -374
12055 12055 672
12056 12051 611
12056 12056 386
12057 12052 706
12057 12057 163
12058 12053 179
12058 12058 861
12059 12054 748
12059 12059 814
12060 12055 -806
12060 12060 716
12061 12056 -800
12061 12061 -252
12062 12057 -863
12062 12062 376
12063 12058 274
12063 12063 846
12064 12059 -776
12064 12064 539
12065 12060 -720
12065 12065 816
12066 12061 314
12066 12066 -977
12067 12062 725
12067 12067 -366
12068 12063 227
12068 12068 316
12069 12064 526
12069 12069 374
12070 12065 800
12070 12070 87
12071 12066 -957
12071 12071 -497
12072 12067 579
12072 12072 -155
12073 12068 212
12073 12073 826
12074 12069 -133
12074 12074 -944
12075 12070 721
12075 12075 -445
12076 12071 735
12076 12076 687
12077 12072 -11
12077 12077 -922
12078 12073 -826
12078 12078 -731
12079 12074 650
12079 12079 -526
12080 12075 585
12080 12080 764
12081 12076 -945
12081 12081 6
12082 12077 419
12082 12082 271
12083 12078 -149
12083 12083 818
12084 12079 -356
12084 12084 -468
12085 12080 -592
12085 12085 961
12086 12081 -140
12086 12086 453
12087 12082 -731
12087 12087 49
12088 12083 896
12088 12088 -715
12089 12084 698
12089 12089 507
12090 12085 714
12090 12090 857
12091 12086 87
12091 12091 -545
12092 12087 748
12092 12092 652
12093 12088 -640
12093 12093 -542
12094 12089 -64
12094 12094 202
12095 12090 -874
12095 12095 333
12096 12091 68
12096 12096 -51
12097 12092 -331
12097 12097 946
12098 12093 362
12098 12098 192
12099 12094 764
12099 12099 -745
12100 12095 -321
12100 12100 327
12101 12096 477
12101 12101 -821
12102 12097 438
12102 12102 -699
12103 12098 578
12103 12103 -713
12104 12099 -636
12104 12104 -534
12105 12100 -309
12105 12105 -192
12106 12101 -868
12106 12106 -912
12107 12102 423
12107 12107 581
12108 12103 872
12108 12108 716
12109 12104 245
12109 12109 854
12110 12105 -615
12110 12110 220
12111 12106 613
12111 12111 -543
12112 12107 -610
12112 12112 826
12113 12108 -118
12113 12113 -992
12114 12109 -294
12114 12114 -211
12115 12110 -352
12115 12115 -162
12116 12111 -713
12116 12116 -269
12117 12112 -831
12117 12117 307
12118 12113 -243
12118 12118 -234
12119 12114 -15
12119 12119 -968
12120 12115 -717
12120 12120 755
12121 12116 -387
12121 12121 918
12122 12117 -368
12122 12122 876
12123 12118 18
12123 12123 -172
12124 12119 -549
12124 12124 -420
12125 12120 465
12125 12125 188
12126 12121 999
12126 12126 457
12127 12122 587
12127 12127 481
12128 12123 -952
12128 12128 -882
12129 12124 983
12129 12129 161
12130 12125 -466
12130 12130 496
12131 12126 884
12131 12131 -745
12132 12127 -327
12132 12132 538
12133 12128 -497
12133 12133 -560
12134 12129 161
12134 12134 399
12135 12130 -509
12135 12135 777
12136 12131 651
12136 12136 -70
12137 12132 946
12137 12137 -102
12138 12133 -265
12138 12138 -550
12139 12134 -459
12139 12139 -952
12140 12135 605
12140 12140 -712
12141 12136 -576
12141 12141 80
12142 12137 -838
12142 12142 -380
12143 12138 -107
12143 12143 557
12144 12139 104
12144 12144 39
12145 12140 18
12145 12145 731
12146 12141 -244
12146 12146 -541
12147 12142 233
12147 12147 785
12148 12143 -349
12148 12148 -713
12149 12144 912
12149 12149 -224
12150 12145 -866
12150 12150 -70
12151 12146 -518
12151 12151 555
12152 12147 603
12152 12152 -894
12153 12148 -199
12153 12153 -783
12154 12149 469
12154 12154 904
12155 12150 432
12155 12155 -534
12156 12151 979
12156 12156 -116
12157 12152 610
12157 12157 594
12158 12153 156
12158 12158 -272
12159 12154 944
12159 12159 -905
12160 12155 -234
12160 12160 495
12161 12156 -198
12161 12161 735
12162 12157 -230
12162 12162 493
12163 12158 786
12163 12163 -35
12164 12159 539
12164 12164 484
12165 12160 -912
12165 12165 -583
12166 12161 829
12166 12166 -481
12167 12162 327
12167 12167 134
12168 12163 896
12168 12168 253
12169 12164 -760
12169 12169 -497
12170 12165 -955
12170 12170 770
12171 12166 862
12171 12171 -475
12172 12167 124
12172 12172 -383
12173 12168 276
12173 12173 -946
12174 12169 -738
12174 12174 49
12175 12170 -917
12175 12175 91
12176 12171 -784
12176 12176 -699
12177 12172 118
12177 12177 -246
12178 12173 68
12178 12178 -76
12179 12174 -280
12179 12179 -853
12180 12175 -697
12180 12180 -245
12181 12176 679
12181 12181 271
12182 12177 -409
12182 12182 -992
12183 12178 347
12183 12183 205
12184 12179 471
12184 12184 -102
12185 12180 952
12185 12185 -976
12186 12181 205
12186 12186 -371
12187 12182 88
12187 12187 -55
12188 12183 298
12188 12188 -511
12189 12184 802
12189 12189 326
12190 12185 -45
12190 12190 747
12191 12186 -32
12191 12191 -361
12192 12187 266
12192 12192 -47
12193 12188 -217
12193 12193 655
12194 12189 -702
12194 12194 161
12195 12190 622
12195 12195 -969
12196 12191 692
12196 12196 -717
12197 12192 -106
12197 12197 -442
12198 12193 -172
12198 12198 662
12199 12194 862
12199 12199 128
12200 12195 -602
12200 12200 -249
12201 12196 656
12201 12201 -250
12202 12197 -298
12202 12202 -10
12203 12198 -924
12203 12203 899
12204 12199 -720
12204 12204 -320
12205 12200 142
12205 12205 240
12206 12201 -145
12206 12206 -896
12207 12202 -986
12207 12207 13
12208 12203 447
12208 12208 -52
12209 12204 311
12209 12209 -985
12210 12205 -885
12210 12210 581
12211 12206 -122
12211 12211 299
12212 12207 308
12212 12212 -370
12213 12208 -929
12213 12213 -844
12214 12209 326
12214 12214 455
12215 12210 599
12215 12215 549
12216 12211 -326
12216 12216 178
12217 12212 51
12217 12217 -686
12218 12213 -880
12218 12218 256
12219 12214 -993
12219 12219 -797
12220 12215 -949
12220 12220 -669
12221 12216 -433
12221 12221 766
12222 12217 420
12222 12222 264
12223 12218 205
12223 12223 -876
12224 12219 293
12224 12224 475
12225 12220 -510
12225 12225 174
12226 12221 -772
12226 12226 324
12227 12222 -370
12227 12227 -869
12228 12223 -875
12228 12228 222
12229 12224 -27
12229 12229 679
12230 12225 855
12230 12230 985
12231 12226 880
12231 12231 -128
12232 12227 -562
12232 12232 957
12233 12228 -614
12233 12233 -348
12234 12229 -288
12234 12234 589
12235 12230 434
12235 12235 950
12236 12231 783
12236 12236 -659
12237 12232 -261
12237 12237 61
12238 12233 -226
12238 12238 -405
12239 12234 -330
12239 12239 -650
12240 12235 -620
12240 12240 507
12241 12236 -523
12241 12241 823
12242 12237 826
12242 12242 -238
12243 12238 -519
12243 12243 -410
12244 12239 -897
12244 12244 272
12245 12240 96
12245 12245 828
12246 12241 -568
12246 12246 563
12247 12242 -264
12247 12247 849
12248 12243 -765
12248 12248 884
12249 12244 -393
12249 12249 448
12250 12245 617
12250 12250 409
12251 12246 -799
12251 12251 -217
12252 12247 493
12252 12252 -188
12253 12248 484
12253 12253 -358
12254 12249 -771
12254 12254 -156
12255 12250 -132
12255 12255 -759
12256 12251 -176
12256 12256 147
12257 12252 -403
12257 12257 49
12258 12253 -478
12258 12258 -556
12259 12254 -729
12259 12259 403
12260 12255 -147
12260 12260 -752
12261 12256 606
12261 12261 676
12262 12257 997
12262 12262 -767
12263 12258 -290
12263 12263 -100
12264 12259 -335
12264 12264 572
12265 12260 -584
12265 12265 -742
12266 12261 -144
12266 12266 284
12267 12262 -97
12267 12267 153
12268 12263 -34
12268 12268 -354
12269 12264 -448
12269 12269 813
12270 12265 -780
12270 12270 -292
12271 12266 -464
12271 12271 950
12272 12267 460
12272 12272 -767
12273 12268 -632
12273 12273 59
12274 12269 446
12274 12274 822
12275 12270 -164
12275 12275 702
12276 12271 344
12276 12276 -608
12277 12272 556
12277 12277 252
12278 12273 -197
12278 12278 -28
12279 12274 589
12279 12279 16
12280 12275 -430
12280 12280 529
12281 12276 -566
12281 12281 -832
12282 12277 -53
12282 12282 524
12283 12278 -852
12283 12283 -477
12284 12279 804
12284 12284 569
12285 12280 134
12285 12285 -432
12286 12281 627
12286 12286 -635
12287 12282 230
12287 12287 -787
12288 12283 75
12288 12288 360
12289 12284 -275
12289 12289 361
12290 12285 -42
12290 12290 190
12291 12286 -348
12291 12291 -170
12292 12287 39
12292 12292 120
12293 12288 225
12293 12293 672
12294 12289 18
12294 12294 -152
12295 12290 764
12295 12295 -454
12296 12291 -742
12296 12296 -584
12297 12292 -536
12297 12297 876
12298 12293 123
12298 12298 447
12299 12294 166
12299 12299 -278
12300 12295 -140
12300 12300 996
12301 12296 292
12301 12301 193
12302 12297 490
12302 12302 534
12303 12298 798
12303 12303 179
12304 12299 498
12304 12304 593
12305 12300 271
12305 12305 477
12306 12301 -554
12306 12306 871
12307 12302 -312
12307 12307 430
12308 12303 566
12308 12308 43
12309 12304 919
12309 12309 592
12310 12305 350
12310 12310 627
12311 12306 256
12311 12311 -31
12312 12307 -169
12312 12312 858
12313 12308 -955
12313 12313 612
12314 12309 71
12314 12314 -80
12315 12310 980
12315 12315 -122
12316 12311 630
12316 12316 731
12317 12312 -498
12317 12317 151
12318 12313 -281
12318 12318 76
12319 12314 565
12319 12319 251
12320 12315 -914
12320 12320 -833
12321 12316 -378
12321 12321 673
12322 12317 -463
12322 12322 -847
12323 12318 267
12323 12323 572
12324 12319 154
12324 12324 93
12325 12320 -970
12325 12325 -947
12326 12321 207
12326 12326 -901
12327 12322 701
12327 12327 -350
12328 12323 -618
12328 12328 -9
12329 12324 -879
12329 12329 49
12330 12325 151
12330 12330 -938
12331 12326 -555
12331 12331 919
12332 12327 -86
12332 12332 -478
12333 12328 -382
12333 12333 223
12334 12329 -788
12334 12334 -662
12335 12330 -541
12335 12335 399
12336 12331 144
12336 12336 -736
12337 12332 421
12337 12337 -127
12338 12333 887
12338 12338 -929
12339 12334 -842
12339 12339 -809
12340 12335 509
12340 12340 367
12341 12336 -8
12341 12341 -704
12342 12337 150
12342 12342 336
12343 12338 551
12343 12343 -55
12344 12339 -873
12344 12344 -720
12345 12340 -555
12345 12345 366
12346 12341 326
12346 12346 89
12347 12342 675
12347 12347 -212
12348 12343 760
12348 12348 128
12349 12344 -34
12349 12349 -797
12350 12345 883
12350 12350 507
12351 12346 -657
12351 12351 -201
12352 12347 -769
12352 12352 224
12353 12348 595
12353 12353 543
12354 12349 842
12354 12354 634
12355 12350 75
12355 12355 932
12356 12351 -870
12356 12356 543
12357 12352 -558
12357 12357 -449
12358 12353 313
12358 12358 792
12359 12354 -257
12359 12359 -442
12360 12355 666
12360 12360 -942
12361 12356 -642
12361 12361 273
12362 12357 627
12362 12362 -728
12363 12358 -8
12363 12363 601
12364 12359 876
12364 12364 -964
12365 12360 -94
12365 12365 -75
12366 12361 63
12366 12366 -924
12367 12362 727
12367 12367 857
12368 12363 115
12368 12368 -581
12369 12364 334
12369 12369 916
12370 12365 447
12370 12370 74
12371 12366 396
12371 12371 -110
12372 12367 -285
12372 12372 230
12373 12368 977
12373 12373 -691
12374 12369 -542
12374 12374 243
12375 12370 530
12375 12375 -872
12376 12371 -401
12376 12376 -784
12377 12372 -371
12377 12377 -279
12378 12373 -843
12378 12378 -442
12379 12374 -925
12379 12379 348
12380 12375 -63
12380 12380 -919
12381 12376 -973
12381 12381 943
12382 12377 613
12382 12382 -87
12383 12378 850
12383 12383 -913
12384 12379 -609
12384 12384 -197
12385 12380 853
12385 12385 -856
12386 12381 -455
12386 12386 -894
12387 12382 55
12387 12387 -628
12388 12383 348
12388 12388 -189
12389 12384 372
12389 12389 33
12390 12385 235
12390 12390 -829
12391 12386 -915
12391 12391 -180
12392 12387 -899
12392 12392 60
12393 12388 674
12393 12393 -83
12394 12389 846
12394 12394 784
12395 12390 435
12395 12395 325
12396 12391 681
12396 12396 -851
12397 12392 229
12397 12397 486
12398 12393 -571
12398 12398 936
12399 12394 -227
12399 12399 51
12400 12395 923
12400 12400 -209
12401 12396 83
12401 12401 -34
12402 12397 -389
12402 12402 456
12403 12398 -26
12403 12403 -441
12404 12399 -234
12404 12404 -677
12405 12400 -518
12405 12405 856
12406 12401 -521
12406 12406 218
12407 12402 -763
12407 12407 201
12408 12403 -554
12408 12408 105
12409 12404 -562
12409 12409 612
12410 12405 687
12410 12410 360
12411 12406 -462
12411 12411 -716
12412 12407 593
12412 12412 -482
12413 12408 104
12413 12413 -27
12414 12409 -373
12414 12414 -384
12415 12410 -91
12415 12415 904
12416 12411 639
12416 12416 689
12417 12412 -264
12417 12417 -479
12418 12413 -438
12418 12418 -129
12419 12414 -725
12419 12419 -642
12420 12415 -922
12420 12420 -290
12421 12416 814
12421 12421 -792
12422 12417 478
12422 12422 273
12423 12418 -966
12423 12423 403
12424 12419 126
12424 12424 -353
12425 12420 356
12425 12425 860
12426 12421 138
12426 12426 -862
12427 12422 -962
12427 12427 393
12428 12423 -146
12428 12428 212
12429 12424 -192
12429 12429 -256
12430 12425 -888
12430 12430 -497
12431 12426 642
12431 12431 851
12432 12427 68
12432 12432 -125
12433 12428 343
12433 12433 -371
12434 12429 -528
12434 12434 495
12435 12430 -476
12435 12435 -854
12436 12431 -217
12436 12436 175
12437 12432 -479
12437 12437 836
12438 12433 21
12438 12438 -947
12439 12434 766
12439 12439 -454
12440 12435 613
12440 12440 716
12441 12436 -55
12441 12441 436
12442 12437 119
12442 12442 173
12443 12438 601
12443 12443 919
12444 12439 -944
12444 12444 302
12445 12440 -553
12445 12445 -683
12446 12441 530
12446 12446 -100
12447 12442 864
12447 12447 -538
12448 12443 673
12448 12448 937
12449 12444 25
12449 12449 396
12450 12445 33
12450 12450 -171
12451 12446 331
12451 12451 -467
12452 12447 288
12452 12452 62
12453 12448 -265
12453 12453 -505
12454 12449 -24
12454 12454 219
12455 12450 656
12455 12455 545
12456 12451 40
12456 12456 -162
12457 12452 -762
12457 12457 -447
12458 12453 -22
12458 12458 667
12459 12454 636
12459 12459 -7
12460 12455 412
12460 12460 807
12461 12456 -146
12461 12461 432
12462 12457 566
12462 12462 497
12463 12458 -626
12463 12463 -723
12464 12459 -575
12464 12464 259
12465 12460 -619
12465 12465 364
12466 12461 -202
12466 12466 153
12467 12462 -840
12467 12467 569
12468 12463 374
12468 12468 185
12469 12464 397
12469 12469 490
12470 12465 91
12470 12470 66
12471 12466 784
12471 12471 687
12472 12467 87
12472 12472 831
12473 12468 -716
12473 12473 423
12474 12469 863
12474 12474 657
12475 12470 719
12475 12475 77
12476 12471 -889
12476 12476 -785
12477 12472 164
12477 12477 111
12478 12473 -425
12478 12478 -748
12479 12474 -78
12479 12479 -152
12480 12475 -955
12480 12480 644
12481 12476 -423
12481 12481 158
12482 12477 816
12482 12482 -192
12483 12478 241
12483 12483 765
12484 12479 336
12484 12484 -287
12485 12480 534
12485 12485 461
12486 12481 -665
12486 12486 942
12487 12482 457
12487 12487 142
12488 12483 -836
12488 12488 -863
12489 12484 -954
12489 12489 542
12490 12485 -470
12490 12490 -495
12491 12486 -295
12491 12491 574
12492 12487 -897
12492 12492 368
12493 12488 -215
12493 12493 -833
12494 12489 -809
12494 12494 -754
12495 12490 548
12495 12495 741
12496 12491 -369
12496 12496 920
12497 12492 -647
12497 12497 506
12498 12493 -234
12498 12498 -404
12499 12494 -121
12499 12499 698
12500 12495 -394
12500 12500 -462
12501 12496 992
12501 12501 132
12502 12497 170
12502 12502 214
12503 12498 53
12503 12503 565
12504 12499 720
12504 12504 360
12505 12500 487
12505 12505 -722
12506 12501 -595
12506 12506 -286
12507 12502 -32
12507 12507 -143
12508 12503 747
12508 12508 629
12509 12504 331
12509 12509 -632
12510 12505 630
12510 12510 -460
12511 12506 -449
12511 12511 810
12512 12507 -130
12512 12512 217
12513 12508 -732
12513 12513 -831
12514 12509 -453
12514 12514 649
12515 12510 913
12515 12515 -946
12516 12511 893
12516 12516 -39
12517 12512 -838
12517 12517 -438
12518 12513 963
12518 12518 40
12519 12514 -807
12519 12519 946
12520 12515 164
12520 12520 -635
12521 12516 801
12521 12521 -578
12522 12517 595
12522 12522 380
12523 12518 880
12523 12523 297
12524 12519 -12
12524 12524 -301
12525 12520 68
12525 12525 -423
12526 12521 459
12526 12526 -141
12527 12522 618
12527 12527 783
12528 12523 147
12528 12528 -522
12529 12524 639
12529 12529 492
12530 12525 423
12530 12530 -218
12531 12526 285
12531 12531 -735
12532 12527 371
12532 12532 -372
12533 12528 -962
12533 12533 780
12534 12529 371
12534 12534 830
12535 12530 393
12535 12535 -307
12536 12531 823
12536 12536 -322
12537 12532 872
12537 12537 -383
12538 12533 171
12538 12538 -464
12539 12534 -97
12539 12539 557
12540 12535 -321
12540 12540 592
12541 12536 915
12541 12541 -225
12542 12537 900
12542 12542 441
12543 12538 335
12543 12543 363
12544 12539 -543
12544 12544 -35
12545 12540 495
12545 12545 -995
12546 12541 -277
12546 12546 -559
12547 12542 -535
12547 12547 -336
12548 12543 -273
12548 12548 -836
12549 12544 -758
12549 12549 -343
12550 12545 21
12550 12550 574
12551 12546 -289
12551 12551 -262
12552 12547 -982
12552 12552 233
12553 12548 -662
12553 12553 -33
12554 12549 125
12554 12554 911
12555 12550 345
12555 12555 -279
12556 12551 56
12556 12556 -786
12557 12552 -704
12557 12557 460
12558 12553 -991
12558 12558 -175
12559 12554 761
12559 12559 706
12560 12555 -794
12560 12560 21
12561 12556 471
12561 12561 932
12562 12557 -773
12562 12562 -14
12563 12558 -499
12563 12563 916
12564 12559 384
12564 12564 -478
12565 12560 -350
12565 12565 -979
12566 12561 389
12566 12566 -23
12567 12562 -945
12567 12567 575
12568 12563 392
12568 12568 -662
12569 12564 668
12569 12569 -487
12570 12565 104
12570 12570 -70
12571 12566 -528
12571 12571 783
12572 12567 881
12572 12572 -70
12573 12568 969
12573 12573 -966
12574 12569 -265
12574 12574 -205
12575 12570 999
12575 12575 299
12576 12571 -292
12576 12576 753
12577 12572 -867
12577 12577 -416
12578 12573 -690
12578 12578 -440
12579 12574 95
12579 12579 380
12580 12575 -849
12580 12580 301
12581 12576 -159
12581 12581 -875
12582 12577 287
12582 12582 -462
12583 12578 678
12583 12583 579
12584 12579 -876
12584 12584 453
12585 12580 -9
12585 12585 840
12586 12581 466
12586 12586 -677
12587 12582 636
12587 12587 419
12588 12583 -474
12588 12588 -746
12589 12584 185
12589 12589 246
12590 12585 835
12590 12590 629
12591 12586 950
12591 12591 289
12592 12587 -98
12592 12592 311
12593 12588 681
12593 12593 -490
12594 12589 -309
12594 12594 -246
12595 12590 -61
12595 12595 -104
12596 12591 222
12596 12596 71
12597 12592 487
12597 12597 255
12598 12593 -749
12598 12598 546
12599 12594 720
12599 12599 200
12600 12595 303
12600 12600 -138
12601 12596 297
12601 12601 -623
12602 12597 629
12602 12602 467
12603 12598 9
12603 12603 502
12604 12599 141
12604 12604 -512
12605 12600 -47
12605 12605 -853
12606 12601 -517
12606 12606 -114
12607 12602 -637
12607 12607 32
12608 12603 -110
12608 12608 30
12609 12604 359
12609 12609 -762
12610 12605 57
12610 12610 597
12611 12606 660
12611 12611 -241
12612 12607 -750
12612 12612 -569
12613 12608 -563
12613 12613 -503
12614 12609 -590
12614 12614 -492
12615 12610 270
12615 12615 858
12616 12611 68
12616 12616 -657
12617 12612 -493
12617 12617 -109
12618 12613 -213
12618 12618 -749
12619 12614 -896
12619 12619 -890
12620 12615 -186
12620 12620 -179
12621 12616 -417
12621 12621 110
12622 12617 -799
12622 12622 343
12623 12618 -40
12623 12623 552
12624 12619 -746
12624 12624 354
12625 12620 933
12625 12625 281
12626 12621 -284
12626 12626 840
12627 12622 -873
12627 12627 771
12628 12623 971
12628 12628 771
12629 12624 270
12629 12629 227
12630 12625 -625
12630 12630 655
12631 12626 -297
12631 12631 -542
12632 12627 -805
12632 12632 -315
12633 12628 -534
12633 12633 35
12634 12629 447
12634 12634 -636
12635 12630 -488
12635 12635 406
12636 12631 -122
12636 12636 983
12637 12632 -978
12637 12637 866
12638 12633 -105
12638 12638 -572
12639 12634 628
12639 12639 33
12640 12635 -476
12640 12640 541
12641 12636 -803
12641 12641 544
12642 12637 742
12642 12642 -512
12643 12638 -809
12643 12643 -10
12644 12639 -854
12644 12644 449
12645 12640 937
12645 12645 59
12646 12641 -220
12646 12646 -477
12647 12642 259
12647 12647 263
12648 12643 546
12648 12648 236
12649 12644 -394
12649 12649 434
12650 12645 -630
12650 12650 254
12651 12646 807
12651 12651 -893
12652 12647 413
12652 12652 217
12653 12648 -481
12653 12653 -417
12654 12649 -637
12654 12654 -952
12655 12650 776
12655 12655 -405
12656 12651 217
12656 12656 -56
12657 12652 -760
12657 12657 -220
12658 12653 12
12658 12658 428
12659 12654 984
12659 12659 -733
12660 12655 -835
12660 12660 -323
12661 12656 374
12661 12661 136
12662 12657 -650
12662 12662 -368
12663 12658 851
12663 12663 724
12664 12659 -70
12664 12664 -243
12665 12660 772
12665 12665 24
12666 12661 328
12666 12666 -415
12667 12662 65
12667 12667 332
12668 12663 -988
12668 12668 714
12669 12664 841
12669 12669 -359
12670 12665 291
12670 12670 838
12671 12666 651
12671 12671 729
12672 12667 -732
12672 12672 852
12673 12668 -287
12673 12673 -762
12674 12669 -309
12674 12674 -680
12675 12670 858
12675 12675 -298
12676 12671 -405
12676 12676 436
12677 12672 991
12677 12677 -209
12678 12673 -572
12678 12678 -536
12679 12674 99
12679 12679 373
12680 12675 -66
12680 12680 78
12681 12676 708
12681 12681 961
12682 12677 -56
12682 12682 -747
12683 12678 -545
12683 12683 480
12684 12679 737
12684 12684 -897
12685 12680 99
12685 12685 327
12686 12681 213
12686 12686 -872
12687 12682 -380
12687 12687 732
12688 12683 -277
12688 12688 295
12689 12684 939
12689 12689 396
12690 12685 742
12690 12690 -33
12691 12686 245
12691 12691 -177
12692 12687 -625
12692 12692 257
12693 12688 47
12693 12693 -602
12694 12689 15
12694 12694 -537
12695 12690 429
12695 12695 112
12696 12691 -484
12696 12696 917
12697 12692 818
12697 12697 -13
12698 12693 4
12698 12698 -514
12699 12694 -893
12699 12699 824
12700 12695 655
12700 12700 -678
12701 12696 -241
12701 12701 -505
12702 12697 -872
12702 12702 302
12703 12698 475
12703 12703 -600
12704 12699 -224
12704 12704 -140
12705 12700 714
12705 12705 174
12706 12701 -364
12706 12706 719
12707 12702 966
12707 12707 565
12708 12703 -514
12708 12708 780
12709 12704 -427
12709 12709 -820
12710 12705 -912
12710 12710 64
12711 12706 631
12711 12711 771
12712 12707 634
12712 12712 362
12713 12708 -417
12713 12713 -121
12714 12709 -1
12714 12714 854
12715 12710 465
12715 12715 -197
12716 12711 -263
12716 12716 -904
12717 12712 622
12717 12717 -618
12718 12713 -498
12718 12718 295
12719 12714 -424
12719 12719 -53
12720 12715 570
12720 12720 660
12721 12716 -194
12721 12721 715
12722 12717 -81
12722 12722 53
12723 12718 -622
12723 12723 -936
12724 12719 839
12724 12724 -122
12725 12720 -170
12725 12725 -372
12726 12721 578
12726 12726 -970
12727 12722 188
12727 12727 540
12728 12723 -763
12728 12728 641
12729 12724 789
12729 12729 -901
12730 12725 -143
12730 12730 453
12731 12726 168
12731 12731 -23
12732 12727 262
12732 12732 -726
12733 12728 700
12733 12733 -758
12734 12729 843
12734 12734 444
12735 12730 370
12735 12735 810
12736 12731 142
12736 12736 -54
12737 12732 -999
12737 12737 -715
12738 12733 84
12738 12738 -537
12739 12734 448
12739 12739 366
12740 12735 -490
12740 12740 102
12741 12736 656
12741 12741 751
12742 12737 959
12742 12742 -647
12743 12738 -878
12743 12743 -750
12744 12739 -646
12744 12744 861
12745 12740 939
12745 12745 144
12746 12741 939
12746 12746 -457
12747 12742 366
12747 12747 14
12748 12743 -725
12748 12748 -181
12749 12744 -972
12749 12749 -549
12750 12745 720
12750 12750 720
12751 12746 525
12751 12751 -554
12752 12747 -67
12752 12752 -334
12753 12748 164
12753 12753 788
12754 12749 238
12754 12754 -30
12755 12750 734
12755 12755 542
12756 12751 799
12756 12756 644
12757 12752 6
12757 12757 -688
12758 12753 -521
12758 12758 -94
12759 12754 -776
12759 12759 752
12760 12755 371
12760 12760 -155
12761 12756 -823
12761 12761 808
12762 12757 -207
12762 12762 -831
12763 12758 -595
12763 12763 -942
12764 12759 -694
12764 12764 -335
12765 12760 124
12765 12765 880
12766 12761 -362
12766 12766 -517
12767 12762 -782
12767 12767 -489
12768 12763 -743
12768 12768 29
12769 12764 -653
12769 12769 96
12770 12765 -680
12770 12770 966
12771 12766 -341
12771 12771 -297
12772 12767 -406
12772 12772 426
12773 12768 -242
12773 12773 -966
12774 12769 -232
12774 12774 516
12775 12770 703
12775 12775 953
12776 12771 471
12776 12776 16
12777 12772 -395
12777 12777 -249
12778 12773 -643
12778 12778 -633
12779 12774 -938
12779 12779 -436
12780 12775 333
12780 12780 -793
12781 12776 -74
12781 12781 204
12782 12777 879
12782 12782 305
12783 12778 -734
12783 12783 210
12784 12779 360
12784 12784 717
12785 12780 453
12785 12785 269
12786 12781 171
12786 12786 840
12787 12782 253
12787 12787 105
12788 12783 -957
12788 12788 -242
12789 12784 401
12789 12789 692
12790 12785 -187
12790 12790 83
12791 12786 -791
12791 12791 968
12792 12787 -581
12792 12792 -121
12793 12788 46
12793 12793 798
12794 12789 -586
12794 12794 945
12795 12790 -894
12795 12795 -211
12796 12791 938
12796 12796 975
12797 12792 -52
12797 12797 276
12798 12793 -312
12798 12798 -190
12799 12794 643
12799 12799 990
12800 12795 802
12800 12800 -671
12801 12796 425
12801 12801 -294
12802 12797 -858
12802 12802 -304
12803 12798 -200
12803 12803 -434
12804 12799 955
12804 12804 97
12805 12800 -578
12805 12805 -680
12806 12801 560
12806 12806 748
12807 12802 596
12807 12807 -373
12808 12803 810
12808 12808 93
12809 12804 -869
12809 12809 138
12810 12805 632
12810 12810 949
12811 12806 946
12811 12811 -82
12812 12807 433
12812 12812 462
12813 12808 889
12813 12813 -762
12814 12809 -643
12814 12814 556
12815 12810 697
12815 12815 -101
12816 12811 79
12816 12816 -657
12817 12812 445
12817 12817 248
12818 12813 -644
12818 12818 -676
12819 12814 194
12819 12819 -254
12820 12815 456
12820 12820 863
12821 12816 517
12821 12821 307
12822 12817 -264
12822 12822 -215
12823 12818 42
12823 12823 799
12824 12819 -2
12824 12824 -608
12825 12820 -925
12825 12825 604
12826 12821 628
12826 12826 -848
12827 12822 265
12827 12827 433
12828 12823 689
12828 12828 -959
12829 12824 -772
12829 12829 -258
12830 12825 998
12830 12830 -4
12831 12826 903
12831 12831 -114
12832 12827 198
12832 12832 -138
12833 12828 732
12833 12833 64
12834 12829 113
12834 12834 786
12835 12830 39
12835 12835 472
12836 12831 -766
12836 12836 656
12837 12832 -10
12837 12837 -709
12838 12833 -371
12838 12838 -612
12839 12834 325
12839 12839 -267
12840 12835 546
12840 12840 -979
12841 12836 -532
12841 12841 407
12842 12837 -430
12842 12842 -658
12843 12838 153
12843 12843 -775
12844 12839 353
12844 12844 219
12845 12840 789
12845 12845 -253
12846 12841 -391
12846 12846 320
12847 12842 974
12847 12847 -331
12848 12843 96
12848 12848 767
12849 12844 -363
12849 12849 -715
12850 12845 952
12850 12850 62
12851 12846 -24
12851 12851 -455
12852 12847 671
12852 12852 -604
12853 12848 667
12853 12853 -461
12854 12849 -524
12854 12854 151
12855 12850 798
12855 12855 893
12856 12851 139
12856 12856 -964
12857 12852 159
12857 12857 870
12858 12853 -222
12858 12858 -734
12859 12854 263
12859 12859 449
12860 12855 709
12860 12860 -754
12861 12856 430
12861 12861 -184
12862 12857 917
12862 12862 104
12863 12858 -626
12863 12863 607
12864 12859 -275
12864 12864 735
12865 12860 241
12865 12865 -308
12866 12861 -206
12866 12866 -649
12867 12862 -600
12867 12867 -586
12868 12863 -149
12868 12868 -732
12869 12864 -433
12869 12869 -553
12870 12865 -976
12870 12870 -910
12871 12866 -267
12871 12871 919
12872 12867 -618
12872 12872 75
12873 12868 -408
12873 12873 -661
12874 12869 -924
12874 12874 -30
12875 12870 -703
12875 12875 781
12876 12871 -537
12876 12876 240
12877 12872 -921
12877 12877 893
12878 12873 644
12878 12878 477
12879 12874 708
12879 12879 104
12880 12875 -260
12880 12880 528
12881 12876 901
12881 12881 -128
12882 12877 -474
12882 12882 -675
12883 12878 980
12883 12883 356
12884 12879 -278
12884 12884 -752
12885 12880 -120
12885 12885 685
12886 12881 742
12886 12886 705
12887 12882 -297
12887 12887 -361
12888 12883 681
12888 12888 979
12889 12884 -559
12889 12889 -428
12890 12885 713
12890 12890 281
12891 12886 236
12891 12891 753
12892 12887 316
12892 12892 984
12893 12888 496
12893 12893 -444
12894 12889 598
12894 12894 490
12895 12890 706
12895 12895 742
12896 12891 -291
12896 12896 -241
12897 12892 -83
12897 12897 577
12898 12893 -464
12898 12898 -402
12899 12894 662
12899 12899 299
12900 12895 455
12900 12900 -867
12901 12896 -329
12901 12901 -350
12902 12897 339
12902 12902 -822
12903 12898 587
12903 12903 -225
12904 12899 155
12904 12904 -799
12905 12900 444
12905 12905 619
12906 12901 -503
12906 12906 234
12907 12902 696
12907 12907 -533
12908 12903 -543
12908 12908 -256
12909 12904 211
12909 12909 -625
12910 12905 -322
12910 12910 762
12911 12906 720
12911 12911 -551
12912 12907 -288
12912 12912 -36
12913 12908 -359
12913 12913 -184
12914 12909 786
12914 12914 972
12915 12910 952
12915 12915 173
12916 12911 -630
12916 12916 -573
12917 12912 781
12917 12917 107
12918 12913 -82
12918 12918 580
12919 12914 -733
12919 12919 -108
12920 12915 149
12920 12920 421
12921 12916 -332
12921 12921 -729
12922 12917 629
12922 12922 368
12923 12918 935
12923 12923 -876
12924 12919 150
12924 12924 -632
12925 12920 583
12925 12925 307
12926 12921 -231
12926 12926 449
12927 12922 948
12927 12927 -148
12928 12923 -173
12928 12928 898
12929 12924 -303
12929 12929 -223
12930 12925 514
12930 12930 708
12931 12926 -959
12931 12931 -964
12932 12927 -134
12932 12932 -330
12933 12928 852
12933 12933 418
12934 12929 -966
12934 12934 -973
12935 12930 742
12935 12935 783
12936 12931 258
12936 12936 -96
12937 12932 -366
12937 12937 -978
12938 12933 -980
12938 12938 952
12939 12934 218
12939 12939 133
12940 12935 151
12940 12940 -990
12941 12936 873
12941 12941 -48
12942 12937 -692
12942 12942 255
12943 12938 733
12943 12943 -564
12944 12939 -456
12944 12944 575
12945 12940 412
12945 12945 -19
12946 12941 274
12946 12946 -811
12947 12942 -173
12947 12947 -416
12948 12943 338
12948 12948 -74
12949 12944 393
12949 12949 933
12950 12945 375
12950 12950 -468
12951 12946 -206
12951 12951 276
12952 12947 -289
12952 12952 -906
12953 12948 517
12953 12953 -843
12954 12949 -529
12954 12954 38
12955 12950 -316
12955 12955 -423
12956 12951 -780
12956 12956 -750
12957 12952 -945
12957 12957 202
12958 12953 -288
12958 12958 551
12959 12954 417
12959 12959 473
12960 12955 -62
12960 12960 660
12961 12956 384
12961 12961 887
12962 12957 -363
12962 12962 28
12963 12958 -23
12963 12963 -438
12964 12959 -404
12964 12964 -398
12965 12960 -816
12965 12965 582
12966 12961 -614
12966 12966 -210
12967 12962 273
12967 12967 -205
12968 12963 724
12968 12968 -609
12969 12964 104
12969 12969 -120
12970 12965 -62
12970 12970 571
12971 12966 -488
12971 12971 617
12972 12967 154
12972 12972 947
12973 12968 -242
12973 12973 -544
12974 12969 -307
12974 12974 185
12975 12970 -331
12975 12975 -942
12976 12971 620
12976 12976 491
12977 12972 917
12977 12977 -870
12978 12973 304
12978 12978 165
12979 12974 -552
12979 12979 -743
12980 12975 -477
12980 12980 -474
12981 12976 139
12981 12981 -718
12982 12977 236
12982 12982 -450
12983 12978 -24
12983 12983 -507
12984 12979 788
12984 12984 -144
12985 12980 -315
12985 12985 -112
12986 12981 -7
12986 12986 28
12987 12982 -210
12987 12987 429
12988 12983 84
12988 12988 238
12989 12984 943
12989 12989 -194
12990 12985 864
12990 12990 -615
12991 12986 882
12991 12991 -271
12992 12987 -149
12992 12992 97
12993 12988 682
12993 12993 -57
12994 12989 -856
12994 12994 184
12995 12990 -355
12995 12995 -251
12996 12991 -147
12996 12996 -812
12997 12992 501
12997 12997 -328
12998 12993 524
12998 12998 -500
12999 12994 802
12999 12999 97
13000 12995 448
13000 13000 -131
13001 12996 -201
13001 13001 884
13002 12997 23
13002 13002 903
13003 12998 -626
13003 13003 -963
13004 12999 452
13004 13004 -883
13005 13000 -657
13005 13005 -274
13006 13001 114
13006 13006 -40
13007 13002 -954
13007 13007 82
13008 13003 -13
13008 13008 265
13009 13004 -68
13009 13009 63
13010 13005 -883
13010 13010 -952
13011 13006 -491
13011 13011 798
13012 13007 -30
13012 13012 -235
13013 13008 -650
13013 13013 894
13014 13009 -94
13014 13014 523
13015 13010 8
13015 13015 703
13016 13011 -578
13016 13016 674
13017 13012 131
13017 13017 -67
13018 13013 241
13018 13018 -151
13019 13014 886
13019 13019 -315
13020 13015 295
13020 13020 992
13021 13016 -73
13021 13021 269
13022 13017 96
13022 13022 -69
13023 13018 -573
13023 13023 297
13024 13019 551
13024 13024 87
13025 13020 171
13025 13025 92
13026 13021 769
13026 13026 -114
13027 13022 737
13027 13027 -391
13028 13023 -754
13028 13028 -981
13029 13024 40
13029 13029 155
13030 13025 -561
13030 13030 859
13031 13026 -782
13031 13031 733
13032 13027 55
13032 13032 816
13033 13028 -949
13033 13033 445
13034 13029 -24
13034 13034 -127
13035 13030 -53
13035 13035 980
13036 13031 -962
13036 13036 481
13037 13032 983
13037 13037 425
13038 13033 10
13038 13038 42
13039 13034 -607
13039 13039 -525
13040 13035 159
13040 13040 -156
13041 13036 932
13041 13041 380
13042 13037 374
13042 13042 -348
13043 13038 895
13043 13043 -718
13044 13039 544
13044 13044 -612
13045 13040 -712
13045 13045 -345
13046 13041 413
13046 13046 552
13047 13042 -847
13047 13047 791
13048 13043 -672
13048 13048 986
13049 13044 -356
13049 13049 -693
13050 13045 85
13050 13050 618
13051 13046 389
13051 13051 -545
13052 13047 163
13052 13052 -324
13053 13048 -542
13053 13053 32
13054 13049 -318
13054 13054 331
13055 13050 -599
13055 13055 -814
13056 13051 450
13056 13056 -133
13057 13052 -656
13057 13057 593
13058 13053 -828
13058 13058 -141
13059 13054 -119
13059 13059 47
13060 13055 -709
13060 13060 401
13061 13056 -459
13061 13061 458
13062 13057 589
13062 13062 -111
13063 13058 -51
13063 13063 -639
13064 13059 -714
13064 13064 -576
13065 13060 497
13065 13065 -214
13066 13061 -722
13066 13066 -837
13067 13062 -957
13067 13067 -71
13068 13063 85
13068 13068 -591
13069 13064 485
13069 13069 -377
13070 13065 -228
13070 13070 667
13071 13066 304
13071 13071 181
13072 13067 359
13072 13072 770
13073 13068 654
13073 13073 -868
13074 13069 128
13074 13074 142
13075 13070 716
13075 13075 -130
13076 13071 665
13076 13076 -31
13077 13072 -260
13077 13077 422
13078 13073 670
13078 13078 392
13079 13074 -953
13079 13079 -860
13080 13075 -182
13080 13080 -282
13081 13076 -729
13081 13081 364
13082 13077 954
13082 13082 680
13083 13078 886
13083 13083 -269
13084 13079 863
13084 13084 -220
13085 13080 623
13085 13085 494
13086 13081 -641
13086 13086 507
13087 13082 -624
13087 13087 -665
13088 13083 -594
13088 13088 -397
13089 13084 247
13089 13089 120
13090 13085 -662
13090 13090 158
13091 13086 841
13091 13091 -786
13092 13087 18
13092 13092 95
13093 13088 587
13093 13093 25
13094 13089 -430
13094 13094 465
13095 13090 -963
13095 13095 571
13096 13091 586
13096 13096 435
13097 13092 -910
13097 13097 -698
13098 13093 690
13098 13098 -346
13099 13094 578
13099 13099 -866
13100 13095 -672
13100 13100 -456
13101 13096 -513
13101 13101 211
13102 13097 -723
13102 13102 -976
13103 13098 992
13103 13103 204
13104 13099 134
13104 13104 93
13105 13100 -695
13105 13105 -243
13106 13101 374
13106 13106 -335
13107 13102 -370
13107 13107 -120
13108 13103 959
13108 13108 -383
13109 13104 -849
13109 13109 -994
13110 13105 443
13110 13110 -478
13111 13106 -839
13111 13111 -813
13112 13107 791
13112 13112 818
13113 13108 -498
13113 13113 -447
13114 13109 -228
13114 13114 392
13115 13110 551
13115 13115 327
13116 13111 -974
13116 13116 -591
13117 13112 -427
13117 13117 276
13118 13113 162
13118 13118 -923
13119 13114 419
13119 13119 -790
13120 13115 -571
13120 13120 -654
13121 13116 648
13121 13121 -756
13122 13117 90
13122 13122 -265
13123 13118 -575
13123 13123 -255
13124 13119 270
13124 13124 492
13125 13120 -159
13125 13125 386
13126 13121 886
13126 13126 -215
13127 13122 -926
13127 13127 -752
13128 13123 620
13128 13128 327
13129 13124 193
13129 13129 -769
13130 13125 793
13130 13130 -278
13131 13126 -831
13131 13131 -274
13132 13127 508
13132 13132 -519
13133 13128 -863
13133 13133 -125
13134 13129 -681
13134 13134 -201
13135 13130 -345
13135 13135 -692
13136 13131 483
13136 13136 207
13137 13132 135
13137 13137 -178
13138 13133 -381
13138 13138 31
13139 13134 629
13139 13139 907
13140 13135 -21
13140 13140 -209
13141 13136 -683
13141 13141 -785
13142 13137 783
13142 13142 490
13143 13138 593
13143 13143 124
13144 13139 -496
13144 13144 -501
13145 13140 -789
13145 13145 379
13146 13141 -209
13146 13146 -945
13147 13142 -578
13147 13147 582
13148 13143 -256
13148 13148 -867
13149 13144 -279
13149 13149 724
13150 13145 761
13150 13150 -642
13151 13146 -513
13151 13151 948
13152 13147 -572
13152 13152 -479
13153 13148 215
13153 13153 -571
13154 13149 126
13154 13154 -565
13155 13150 482
13155 13155 62
13156 13151 -671
13156 13156 -156
13157 13152 -731
13157 13157 -949
13158 13153 586
13158 13158 846
13159 13154 57
13159 13159 599
13160 13155 737
13160 13160 -822
13161 13156 -957
13161 13161 298
13162 13157 733
13162 13162 -132
13163 13158 -712
13163 13163 -138
13164 13159 -614
13164 13164 933
13165 13160 451
13165 13165 -197
13166 13161 592
13166 13166 -350
13167 13162 -811
13167 13167 722
13168 13163 336
13168 13168 664
13169 13164 -48
13169 13169 287
13170 13165 797
13170 13170 120
13171 13166 513
13171 13171 -41
13172 13167 226
13172 13172 -258
13173 13168 -786
13173 13173 935
13174 13169 854
13174 13174 461
13175 13170 965
13175 13175 -429
13176 13171 -514
13176 13176 969
13177 13172 690
13177 13177 882
13178 13173 175
13178 13178 546
13179 13174 711
13179 13179 -932
13180 13175 388
13180 13180 537
13181 13176 -167
13181 13181 661
13182 13177 122
13182 13182 -30
13183 13178 476
13183 13183 -545
13184 13179 -958
13184 13184 -510
13185 13180 -775
13185 13185 -994
13186 13181 -944
13186 13186 -625
13187 13182 429
13187 13187 758
13188 13183 27
13188 13188 -902
13189 13184 -630
13189 13189 14
13190 13185 -213
13190 13190 -656
13191 13186 -228
13191 13191 19
13192 13187 -805
13192 13192 648
13193 13188 998
13193 13193 -752
13194 13189 -607
13194 13194 214
13195 13190 -950
13195 13195 616
13196 13191 125
13196 13196 784
13197 13192 768
13197 13197 530
13198 13193 362
13198 13198 -858
13199 13194 519
13199 13199 -746
13200 13195 -901
13200 13200 828
13201 13196 -739
13201 13201 223
13202 13197 -975
13202 13202 -140
13203 13198 -119
13203 13203 632
13204 13199 702
13204 13204 250
13205 13200 -923
13205 13205 -711
13206 13201 -247
13206 13206 -187
13207 13202 418
13207 13207 416
13208 13203 838
13208 13208 -921
13209 13204 -65
13209 13209 821
13210 13205 -576
13210 13210 526
13211 13206 129
13211 13211 8
13212 13207 740
13212 13212 114
13213 13208 -17
13213 13213 510
13214 13209 681
13214 13214 676
13215 13210 -102
13215 13215 20
13216 13211 -153
13216 13216 43
13217 13212 485
13217 13217 289
13218 13213 253
13218 13218 210
13219 13214 -25
13219 13219 243
13220 13215 -692
13220 13220 -642
13221 13216 341
13221 13221 928
13222 13217 -711
13222 13222 216
13223 13218 -560
13223 13223 -739
13224 13219 713
13224 13224 701
13225 13220 -260
13225 13225 -205
13226 13221 43
13226 13226 975
13227 13222 -965
13227 13227 676
13228 13223 -312
13228 13228 642
13229 13224 -699
13229 13229 -29
13230 13225 548
13230 13230 215
13231 13226 897
13231 13231 -522
13232 13227 -912
13232 13232 -836
13233 13228 -875
13233 13233 490
13234 13229 306
13234 13234 931
13235 13230 -386
13235 13235 -792
13236 13231 574
13236 13236 674
13237 13232 -201
13237 13237 784
13238 13233 530
13238 13238 489
13239 13234 850
13239 13239 -219
13240 13235 983
13240 13240 -126
13241 13236 606
13241 13241 -591
13242 13237 363
13242 13242 337
13243 13238 956
13243 13243 693
13244 13239 669
13244 13244 -774
13245 13240 -833
13245 13245 727
13246 13241 -155
13246 13246 434
13247 13242 -447
13247 13247 -810
13248 13243 -887
13248 13248 -624
13249 13244 221
13249 13249 -2
13250 13245 -193
13250 13250 452
13251 13246 -467
13251 13251 -959
13252 13247 -419
13252 13252 317
13253 13248 254
13253 13253 -340
13254 13249 -24
13254 13254 503
13255 13250 -603
13255 13255 -404
13256 13251 10
13256 13256 284
13257 13252 -59
13257 13257 449
13258 13253 928
13258 13258 429
13259 13254 -12
13259 13259 470
13260 13255 -55
13260 13260 -678
13261 13256 830
13261 13261 -43
13262 13257 425
13262 13262 -943
13263 13258 365
13263 13263 935
13264 13259 235
13264 13264 -438
13265 13260 473
13265 13265 683
13266 13261 172
13266 13266 -801
13267 13262 799
13267 13267 -92
13268 13263 -210
13268 13268 327
13269 13264 -295
13269 13269 863
13270 13265 157
13270 13270 -621
13271 13266 934
13271 13271 -77
13272 13267 -844
13272 13272 984
13273 13268 -790
13273 13273 92
13274 13269 -720
13274 13274 173
13275 13270 -875
13275 13275 495
13276 13271 574
13276 13276 907
13277 13272 -201
13277 13277 635
13278 13273 -105
13278 13278 -884
13279 13274 141
13279 13279 660
13280 13275 856
13280 13280 649
13281 13276 -199
13281 13281 757
13282 13277 -302
13282 13282 947
13283 13278 -71
13283 13283 -716
13284 13279 -548
13284 13284 743
13285 13280 410
13285 13285 76
13286 13281 968
13286 13286 398
13287 13282 -235
13287 13287 -847
13288 13283 -779
13288 13288 873
13289 13284 -524
13289 13289 754
13290 13285 224
13290 13290 -99
13291 13286 -320
13291 13291 809
13292 13287 -296
13292 13292 -914
13293 13288 530
13293 13293 -733
13294 13289 -622
13294 13294 -726
13295 13290 332
13295 13295 -320
13296 13291 -928
13296 13296 568
13297 13292 935
13297 13297 241
13298 13293 -181
13298 13298 277
13299 13294 -731
13299 13299 -39
13300 13295 439
13300 13300 -348
13301 13296 890
13301 13301 86
13302 13297 484
13302 13302 470
13303 13298 943
13303 13303 987
13304 13299 823
13304 13304 -784
13305 13300 945
13305 13305 88
13306 13301 -237
13306 13306 642
13307 13302 -556
13307 13307 765
13308 13303 -397
13308 13308 65
13309 13304 54
13309 13309 -173
13310 13305 943
13310 13310 107
13311 13306 -107
13311 13311 208
13312 13307 154
13312 13312 64
13313 13308 210
13313 13313 209
13314 13309 -709
13314 13314 -731
13315 13310 580
13315 13315 -227
13316 13311 526
13316 13316 708
13317 13312 98
13317 13317 643
13318 13313 797
13318 13318 762
13319 13314 186
13319 13319 236
13320 13315 -751
13320 13320 997
13321 13316 804
13321 13321 -177
13322 13317 -506
13322 13322 -511
13323 13318 478
13323 13323 582
13324 13319 -482
13324 13324 101
13325 13320 107
13325 13325 -713
13326 13321 909
13326 13326 909
13327 13322 869
13327 13327 -303
13328 13323 114
13328 13328 -745
13329 13324 -934
13329 13329 991
13330 13325 -7
13330 13330 -78
13331 13326 41
13331 13331 -942
13332 13327 556
13332 13332 -924
13333 13328 513
13333 13333 675
13334 13329 659
13334 13334 -973
13335 13330 786
13335 13335 -219
13336 13331 726
13336 13336 -532
13337 13332 109
13337 13337 -309
13338 13333 -10
13338 13338 597
13339 13334 904
13339 13339 18
13340 13335 -585
13340 13340 -100
13341 13336 -493
13341 13341 -262
13342 13337 -109
13342 13342 310
13343 13338 868
13343 13343 501
13344 13339 633
13344 13344 232
13345 13340 693
13345 13345 834
13346 13341 956
13346 13346 -41
13347 13342 -525
13347 13347 290
13348 13343 784
13348 13348 -289
13349 13344 -775
13349 13349 -917
13350 13345 -935
13350 13350 308
13351 13346 -689
13351 13351 -349
13352 13347 -536
13352 13352 365
13353 13348 272
13353 13353 21
13354 13349 272
13354 13354 339
13355 13350 952
13355 13355 946
13356 13351 85
13356 13356 849
13357 13352 -397
13357 13357 291
13358 13353 -194
13358 13358 734
13359 13354 776
13359 13359 481
13360 13355 -392
13360 13360 923
13361 13356 -337
13361 13361 -961
13362 13357 248
13362 13362 361
13363 13358 491
13363 13363 944
13364 13359 903
13364 13364 303
13365 13360 -641
13365 13365 323
13366 13361 -93
13366 13366 -389
13367 13362 -596
13367 13367 820
13368 13363 98
13368 13368 -890
13369 13364 55
13369 13369 772
13370 13365 235
13370 13370 993
13371 13366 -613
13371 13371 -880
13372 13367 569
13372 13372 61
13373 13368 466
13373 13373 707
13374 13369 218
13374 13374 548
13375 13370 323
13375 13375 842
13376 13371 -457
13376 13376 405
13377 13372 -118
13377 13377 63
13378 13373 178
13378 13378 -628
13379 13374 778
13379 13379 -648
13380 13375 350
13380 13380 427
13381 13376 -752
13381 13381 439
13382 13377 209
13382 13382 408
13383 13378 132
13383 13383 729
13384 13379 618
13384 13384 818
13385 13380 -759
13385 13385 -327
13386 13381 488
13386 13386 489
13387 13382 141
13387 13387 -825
13388 13383 106
13388 13388 -270
13389 13384 858
13389 13389 268
13390 13385 10
13390 13390 -925
13391 13386 -402
13391 13391 -130
13392 13387 -792
13392 13392 173
13393 13388 298
13393 13393 660
13394 13389 589
13394 13394 49
13395 13390 -979
13395 13395 937
13396 13391 -410
13396 13396 665
13397 13392 638
13397 13397 -478
13398 13393 -387
13398 13398 -603
13399 13394 -874
13399 13399 -491
13400 13395 -101
13400 13400 -844
13401 13396 -225
13401 13401 -57
13402 13397 423
13402 13402 -291
13403 13398 473
13403 13403 455
13404 13399 -213
13404 13404 -16
13405 13400 -33
13405 13405 -226
13406 13401 -159
13406 13406 27
13407 13402 235
13407 13407 -494
13408 13403 -12
13408 13408 -370
13409 13404 455
13409 13409 -583
13410 13405 571
13410 13410 626
13411 13406 -958
13411 13411 -689
13412 13407 701
13412 13412 319
13413 13408 -403
13413 13413 25
13414 13409 122
13414 13414 456
13415 13410 -898
13415 13415 398
13416 13411 -470
13416 13416 423
13417 13412 -881
13417 13417 -709
13418 13413 -450
13418 13418 292
13419 13414 426
13419 13419 133
13420 13415 339
13420 13420 980
13421 13416 202
13421 13421 710
13422 13417 603
13422 13422 -129
13423 13418 -934
13423 13423 -95
13424 13419 897
13424 13424 -891
13425 13420 661
13425 13425 220
13426 13421 506
13426 13426 -797
13427 13422 -253
13427 13427 -550
13428 13423 -322
13428 13428 146
13429 13424 -859
13429 13429 -399
13430 13425 234
13430 13430 -331
13431 13426 -664
13431 13431 633
13432 13427 702
13432 13432 -957
13433 13428 441
13433 13433 -385
13434 13429 -763
13434 13434 411
13435 13430 53
13435 13435 -622
13436 13431 816
13436 13436 113
13437 13432 -3
13437 13437 301
13438 13433 -921
13438 13438 158
13439 13434 -486
13439 13439 854
13440 13435 122
13440 13440 -815
13441 13436 332
13441 13441 -544
13442 13437 -308
13442 13442 -699
13443 13438 435
13443 13443 220
13444 13439 750
13444 13444 -839
13445 13440 573
13445 13445 -277
13446 13441 469
13446 13446 -188
13447 13442 448
13447 13447 79
13448 13443 -388
13448 13448 -252
13449 13444 394
13449 13449 -720
13450 13445 591
13450 13450 -398
13451 13446 -496
13451 13451 -363
13452 13447 395
13452 13452 57
13453 13448 72
13453 13453 61
13454 13449 -683
13454 13454 594
13455 13450 67
13455 13455 -205
13456 13451 -716
13456 13456 -20
13457 13452 129
13457 13457 204
13458 13453 -816
13458 13458 -720
13459 13454 -731
13459 13459 -956
13460 13455 -902
13460 13460 134
13461 13456 248
13461 13461 760
13462 13457 -247
13462 13462 -927
13463 13458 813
13463 13463 -678
13464 13459 -273
13464 13464 589
13465 13460 -132
13465 13465 -612
13466 13461 587
13466 13466 764
13467 13462 -284
13467 13467 -600
13468 13463 160
13468 13468 924
13469 13464 444
13469 13469 -833
13470 13465 -890
13470 13470 -575
13471 13466 -732
13471 13471 -303
13472 13467 -236
13472 13472 6
13473 13468 -726
13473 13473 691
13474 13469 222
13474 13474 -919
13475 13470 418
13475 13475 790
13476 13471 -885
13476 13476 -142
13477 13472 904
13477 13477 -15
13478 13473 -712
13478 13478 561
13479 13474 -138
13479 13479 -238
13480 13475 764
13480 13480 950
13481 13476 627
13481 13481 -964
13482 13477 560
13482 13482 -397
13483 13478 -937
13483 13483 260
13484 13479 -382
13484 13484 -917
13485 13480 -927
13485 13485 654
13486 13481 443
13486 13486 326
13487 13482 437
13487 13487 -340
13488 13483 34
13488 13488 -413
13489 13484 15
13489 13489 245
13490 13485 362
13490 13490 -438
13491 13486 -404
13491 13491 -214
13492 13487 820
13492 13492 539
13493 13488 94
13493 13493 388
13494 13489 633
13494 13494 -178
13495 13490 -737
13495 13495 243
13496 13491 -238
13496 13496 539
13497 13492 673
13497 13497 -736
13498 13493 -521
13498 13498 -835
13499 13494 980
13499 13499 701
13500 13495 -938
13500 13500 -419
13501 13496 522
13501 13501 -448
13502 13497 -123
13502 13502 912
13503 13498 -906
13503 13503 -899
13504 13499 -791
13504 13504 -465
13505 13500 -410
13505 13505 -504
13506 13501 29
13506 13506 -459
13507 13502 -265
13507 13507 -6
13508 13503 -577
13508 13508 758
13509 13504 -583
13509 13509 -254
13510 13505 456
13510 13510 872
13511 13506 -994
13511 13511 16
13512 13507 289
13512 13512 -522
13513 13508 744
13513 13513 -882
13514 13509 79
13514 13514 265
13515 13510 742
13515 13515 932
13516 13511 -726
13516 13516 -876
13517 13512 491
13517 13517 101
13518 13513 -972
13518 13518 142
13519 13514 -94
13519 13519 -304
13520 13515 817
13520 13520 911
13521 13516 -679
13521 13521 -258
13522 13517 745
13522 13522 288
13523 13518 389
13523 13523 117
13524 13519 116
13524 13524 670
13525 13520 -267
13525 13525 597
13526 13521 753
13526 13526 951
13527 13522 -996
13527 13527 -828
13528 13523 -1
13528 13528 -241
13529 13524 796
13529 13529 191
13530 13525 808
13530 13530 956
13531 13526 -163
13531 13531 634
13532 13527 93
13532 13532 -980
13533 13528 -426
13533 13533 -533
13534 13529 -695
13534 13534 675
13535 13530 945
13535 13535 -623
13536 13531 -535
13536 13536 482
13537 13532 -687
13537 13537 -561
13538 13533 -213
13538 13538 -184
13539 13534 -877
13539 13539 507
13540 13535 544
13540 13540 968
13541 13536 998
13541 13541 -411
13542 13537 700
13542 13542 115
13543 13538 203
13543 13543 693
13544 13539 515
13544 13544 91
13545 13540 233
13545 13545 -623
13546 13541 -226
13546 13546 102
13547 13542 -725
13547 13547 450
13548 13543 -220
13548 13548 -483
13549 13544 486
13549 13549 579
13550 13545 -213
13550 13550 -864
13551 13546 -168
13551 13551 -597
13552 13547 883
13552 13552 874
13553 13548 -862
13553 13553 -672
13554 13549 -257
13554 13554 -308
13555 13550 -578
13555 13555 593
13556 13551 668
13556 13556 -197
13557 13552 922
13557 13557 -849
13558 13553 799
13558 13558 -447
13559 13554 637
13559 13559 852
13560 13555 616
13560 13560 -569
13561 13556 -3
13561 13561 -973
13562 13557 83
13562 13562 -472
13563 13558 -60
13563 13563 -801
13564 13559 -145
13564 13564 -963
13565 13560 -268
13565 13565 440
13566 13561 -979
13566 13566 -514
13567 13562 684
13567 13567 -592
13568 13563 363
13568 13568 -643
13569 13564 865
13569 13569 -821
13570 13565 -73
13570 13570 735
13571 13566 -801
13571 13571 746
13572 13567 -793
13572 13572 659
13573 13568 923
13573 13573 -753
13574 13569 -961
13574 13574 -123
13575 13570 852
13575 13575 -623
13576 13571 495
13576 13576 -434
13577 13572 475
13577 13577 3
13578 13573 115
13578 13578 25
13579 13574 -126
13579 13579 911
13580 13575 -91
13580 13580 201
13581 13576 -74
13581 13581 -494
13582 13577 -954
13582 13582 -40
13583 13578 585
13583 13583 455
13584 13579 -70
13584 13584 738
13585 13580 -792
13585 13585 -725
13586 13581 731
13586 13586 596
13587 13582 -946
13587 13587 404
13588 13583 -914
13588 13588 259
13589 13584 603
13589 13589 -895
13590 13585 -900
13590 13590 611
13591 13586 -703
13591 13591 359
13592 13587 -537
13592 13592 -969
13593 13588 822
13593 13593 -390
13594 13589 -180
13594 13594 5
13595 13590 632
13595 13595 793
13596 13591 -747
13596 13596 -949
13597 13592 891
13597 13597 -625
13598 13593 -4
13598 13598 -279
13599 13594 380
13599 13599 -857
13600 13595 -180
13600 13600 -719
13601 13596 -610
13601 13601 -550
13602 13597 -191
13602 13602 681
13603 13598 -192
13603 13603 213
13604 13599 -681
13604 13604 -868
13605 13600 128
13605 13605 -447
13606 13601 767
13606 13606 142
13607 13602 24
13607 13607 -165
13608 13603 -577
13608 13608 398
13609 13604 -614
13609 13609 629
13610 13605 -479
13610 13610 -804
13611 13606 996
13611 13611 591
13612 13607 -891
13612 13612 -3
13613 13608 -918
13613 13613 21
13614 13609 -912
13614 13614 -366
13615 13610 382
13615 13615 455
13616 13611 258
13616 13616 -492
13617 13612 272
13617 13617 472
13618 13613 -467
13618 13618 -217
13619 13614 -718
13619 13619 -982
13620 13615 816
13620 13620 -248
13621 13616 -640
13621 13621 -12
13622 13617 548
13622 13622 172
13623 13618 -513
13623 13623 730
13624 13619 953
13624 13624 113
13625 13620 271
13625 13625 900
13626 13621 -688
13626 13626 -870
13627 13622 731
13627 13627 -960
13628 13623 -265
13628 13628 -167
13629 13624 253
13629 13629 341
13630 13625 -267
13630 13630 947
13631 13626 -452
13631 13631 343
13632 13627 -724
13632 13632 -157
13633 13628 -517
13633 13633 -880
13634 13629 722
13634 13634 42
13635 13630 -728
13635 13635 -722
13636 13631 573
13636 13636 913
13637 13632 -865
13637 13637 572
13638 13633 945
13638 13638 943
13639 13634 -137
13639 13639 358
13640 13635 96
13640 13640 558
13641 13636 220
13641 13641 -48
13642 13637 180
13642 13642 702
13643 13638 -178
13643 13643 97
13644 13639 35
13644 13644 238
13645 13640 -308
13645 13645 811
13646 13641 126
13646 13646 -676
13647 13642 685
13647 13647 -912
13648 13643 185
13648 13648 446
13649 13644 -452
13649 13649 286
13650 13645 512
13650 13650 -609
13651 13646 -454
13651 13651 -202
13652 13647 -349
13652 13652 272
13653 13648 -959
13653 13653 978
13654 13649 -775
13654 13654 -886
13655 13650 204
13655 13655 13
13656 13651 -857
13656 13656 -773
13657 13652 -981
13657 13657 -743
13658 13653 555
13658 13658 548
13659 13654 -309
13659 13659 774
13660 13655 852
13660 13660 993
13661 13656 -451
13661 13661 -935
13662 13657 -764
13662 13662 55
13663 13658 552
13663 13663 -294
13664 13659 -574
13664 13664 -857
13665 13660 678
13665 13665 499
13666 13661 60
13666 13666 84
13667 13662 679
13667 13667 79
13668 13663 -447
13668 13668 111
13669 13664 -363
13669 13669 -822
13670 13665 134
13670 13670 -697
13671 13666 -248
13671 13671 229
13672 13667 -387
13672 13672 -111
13673 13668 -759
13673 13673 785
13674 13669 70
13674 13674 -497
13675 13670 -222
13675 13675 -567
13676 13671 468
13676 13676 38
13677 13672 -861
13677 13677 -112
13678 13673 -313
13678 13678 -671
13679 13674 -161
13679 13679 546
13680 13675 -595
13680 13680 -543
13681 13676 -671
13681 13681 408
13682 13677 -828
13682 13682 901
13683 13678 -496
13683 13683 299
13684 13679 338
13684 13684 772
13685 13680 325
13685 13685 360
13686 13681 270
13686 13686 383
13687 13682 730
13687 13687 -786
13688 13683 -145
13688 13688 -7
13689 13684 759
13689 13689 315
13690 13685 349
13690 13690 -794
13691 13686 -88
13691 13691 -991
13692 13687 802
13692 13692 -217
13693 13688 -735
13693 13693 304
13694 13689 -513
13694 13694 -669
13695 13690 742
13695 13695 687
13696 13691 -538
13696 13696 -62
13697 13692 133
13697 13697 -738
13698 13693 532
13698 13698 827
13699 13694 664
13699 13699 -814
13700 13695 -296
13700 13700 -695
13701 13696 -794
13701 13701 -381
13702 13697 523
13702 13702 -32
13703 13698 -918
13703 13703 -966
13704 13699 510
13704 13704 734
13705 13700 557
13705 13705 353
13706 13701 -368
13706 13706 -165
13707 13702 -636
13707 13707 355
13708 13703 651
13708 13708 -340
13709 13704 -544
13709 13709 -814
13710 13705 -967
13710 13710 -229
13711 13706 -373
13711 13711 568
13712 13707 791
13712 13712 59
13713 13708 -415
13713 13713 810
13714 13709 936
13714 13714 352
13715 13710 573
13715 13715 -513
13716 13711 -314
13716 13716 -218
13717 13712 835
13717 13717 25
13718 13713 477
13718 13718 -208
13719 13714 -376
13719 13719 102
13720 13715 240
13720 13720 -412
13721 13716 -372
13721 13721 536
13722 13717 387
13722 13722 -343
13723 13718 442
13723 13723 -125
13724 13719 716
13724 13724 -182
13725 13720 -276
13725 13725 -690
13726 13721 302
13726 13726 -886
13727 13722 -709
13727 13727 703
13728 13723 631
13728 13728 489
13729 13724 126
13729 13729 296
13730 13725 -750
13730 13730 388
13731 13726 -932
13731 13731 309
13732 13727 -332
13732 13732 -8
13733 13728 -396
13733 13733 288
13734 13729 481
13734 13734 409
13735 13730 870
13735 13735 -73
13736 13731 499
13736 13736 702
13737 13732 760
13737 13737 -999
13738 13733 -543
13738 13738 -878
13739 13734 -714
13739 13739 -68
13740 13735 -309
13740 13740 573
13741 13736 289
13741 13741 -370
13742 13737 -26
13742 13742 -786
13743 13738 483
13743 13743 -631
13744 13739 -549
13744 13744 423
13745 13740 169
13745 13745 824
13746 13741 -601
13746 13746 -21
13747 13742 664
13747 13747 -183
13748 13743 -954
13748 13748 -193
13749 13744 731
13749 13749 -478
13750 13745 554
13750 13750 797
13751 13746 -666
13751 13751 -895
13752 13747 562
13752 13752 826
13753 13748 -740
13753 13753 385
13754 13749 -117
13754 13754 -284
13755 13750 -426
13755 13755 -959
13756 13751 941
13756 13756 308
13757 13752 112
13757 13757 884
13758 13753 -849
13758 13758 -538
13759 13754 832
13759 13759 -856
13760 13755 -16
13760 13760 -574
13761 13756 583
13761 13761 -326
13762 13757 166
13762 13762 -367
13763 13758 -346
13763 13763 -187
13764 13759 548
13764 13764 -787
13765 13760 -590
13765 13765 -934
13766 13761 105
13766 13766 -719
13767 13762 -26
13767 13767 966
13768 13763 128
13768 13768 523
13769 13764 -388
13769 13769 142
13770 13765 -751
13770 13770 -653
13771 13766 -447
13771 13771 340
13772 13767 34
13772 13772 586
13773 13768 818
13773 13773 -527
13774 13769 -336
13774 13774 213
13775 13770 943
13775 13775 -289
13776 13771 -410
13776 13776 -467
13777 13772 -852
13777 13777 110
13778 13773 -78
13778 13778 -176
13779 13774 790
13779 13779 380
13780 13775 -405
13780 13780 968
13781 13776 -896
13781 13781 -948
13782 13777 -118
13782 13782 8
13783 13778 997
13783 13783 -197
13784 13779 575
13784 13784 360
13785 13780 651
13785 13785 -367
13786 13781 -334
13786 13786 445
13787 13782 -863
13787 13787 405
13788 13783 -536
13788 13788 886
13789 13784 902
13789 13789 226
13790 13785 76
13790 13790 -737
13791 13786 -428
13791 13791 92
13792 13787 -304
13792 13792 -527
13793 13788 -827
13793 13793 -708
13794 13789 245
13794 13794 -74
13795 13790 463
13795 13795 -109
13796 13791 -368
13796 13796 -305
13797 13792 222
13797 13797 573
13798 13793 -63
13798 13798 898
13799 13794 -121
13799 13799 411
13800 13795 906
13800 13800 -191
13801 13796 -384
13801 13801 -900
13802 13797 -953
13802 13802 -265
13803 13798 -256
13803 13803 -353
13804 13799 -286
13804 13804 496
13805 13800 -100
13805 13805 -564
13806 13801 446
13806 13806 -454
13807 13802 -5
13807 13807 241
13808 13803 -189
13808 13808 -702
13809 13804 666
13809 13809 -358
13810 13805 611
13810 13810 -15
13811 13806 495
13811 13811 -973
13812 13807 -234
13812 13812 321
13813 13808 -789
13813 13813 883
13814 13809 577
13814 13814 414
13815 13810 50
13815 13815 320
13816 13811 -393
13816 13816 -527
13817 13812 888
13817 13817 -539
13818 13813 -126
13818 13818 -891
13819 13814 267
13819 13819 -387
13820 13815 72
13820 13820 11
13821 13816 622
13821 13821 413
13822 13817 -101
13822 13822 473
13823 13818 -167
13823 13823 -206
13824 13819 -653
13824 13824 46
13825 13820 -915
13825 13825 -209
13826 13821 -846
13826 13826 180
13827 13822 485
13827 13827 415
13828 13823 -713
13828 13828 268
13829 13824 -730
13829 13829 -388
13830 13825 -188
13830 13830 -46
13831 13826 -701
13831 13831 652
13832 13827 -133
13832 13832 171
13833 13828 616
13833 13833 -255
13834 13829 -975
13834 13834 -710
13835 13830 322
13835 13835 361
13836 13831 -220
13836 13836 194
13837 13832 -167
13837 13837 -36
13838 13833 931
13838 13838 778
13839 13834 59
13839 13839 -829
13840 13835 -62
13840 13840 843
13841 13836 -567
13841 13841 462
13842 13837 -705
13842 13842 -542
13843 13838 -716
13843 13843 -31
13844 13839 79
13844 13844 293
13845 13840 -729
13845 13845 -830
13846 13841 30
13846 13846 -371
13847 13842 -39
13847 13847 29
13848 13843 -402
13848 13848 929
13849 13844 -54
13849 13849 -865
13850 13845 230
13850 13850 -868
13851 13846 479
13851 13851 -382
13852 13847 -439
13852 13852 433
13853 13848 14
13853 13853 959
13854 13849 -529
13854 13854 915
13855 13850 96
13855 13855 293
13856 13851 917
13856 13856 839
13857 13852 -410
13857 13857 -63
13858 13853 496
13858 13858 18
13859 13854 828
13859 13859 -130
13860 13855 -627
13860 13860 349
13861 13856 -991
13861 13861 -229
13862 13857 999
13862 13862 967
13863 13858 -617
13863 13863 12
13864 13859 -249
13864 13864 -45
13865 13860 -382
13865 13865 -608
13866 13861 -19
13866 13866 -319
13867 13862 219
13867 13867 -550
13868 13863 -649
13868 13868 -963
13869 13864 -35
13869 13869 708
13870 13865 442
13870 13870 397
13871 13866 132
13871 13871 -945
13872 13867 527
13872 13872 551
13873 13868 -897
13873 13873 -213
13874 13869 565
13874 13874 642
13875 13870 -268
13875 13875 -753
13876 13871 -570
13876 13876 449
13877 13872 866
13877 13877 310
13878 13873 -165
13878 13878 621
13879 13874 116
13879 13879 162
13880 13875 -419
13880 13880 -877
13881 13876 -542
13881 13881 518
13882 13877 506
13882 13882 871
13883 13878 576
13883 13883 -610
13884 13879 972
13884 13884 688
13885 13880 -629
13885 13885 203
13886 13881 -841
13886 13886 -375
13887 13882 -535
13887 13887 668
13888 13883 856
13888 13888 799
13889 13884 -282
13889 13889 -987
13890 13885 -331
13890 13890 547
13891 13886 -808
13891 13891 599
13892 13887 -704
13892 13892 546
13893 13888 -726
13893 13893 -270
13894 13889 135
13894 13894 809
13895 13890 743
13895 13895 825
13896 13891 184
13896 13896 -202
13897 13892 -864
13897 13897 258
13898 13893 256
13898 13898 345
13899 13894 571
13899 13899 751
13900 13895 -516
13900 13900 -882
13901 13896 -368
13901 13901 -404
13902 13897 238
13902 13902 -250
13903 13898 -811
13903 13903 -441
13904 13899 196
13904 13904 364
13905 13900 734
13905 13905 436
13906 13901 -116
13906 13906 -890
13907 13902 -587
13907 13907 -432
13908 13903 -115
13908 13908 345
13909 13904 -34
13909 13909 183
13910 13905 -294
13910 13910 433
13911 13906 -96
13911 13911 -532
13912 13907 -265
13912 13912 793
13913 13908 -787
13913 13913 611
13914 13909 -570
13914 13914 -894
13915 13910 -630
13915 13915 -158
13916 13911 917
13916 13916 -257
13917 13912 286
13917 13917 259
13918 13913 79
13918 13918 980
13919 13914 -417
13919 13919 -187
13920 13915 552
13920 13920 -996
13921 13916 173
13921 13921 -901
13922 13917 551
13922 13922 629
13923 13918 23
13923 13923 -757
13924 13919 583
13924 13924 755
13925 13920 492
13925 13925 -744
13926 13921 -216
13926 13926 161
13927 13922 -521
13927 13927 462
13928 13923 -82
13928 13928 -524
13929 13924 -157
13929 13929 917
13930 13925 -8
13930 13930 -625
13931 13926 251
13931 13931 51
13932 13927 -204
13932 13932 685
13933 13928 -462
13933 13933 -463
13934 13929 -256
13934 13934 -456
13935 13930 -135
13935 13935 -430
13936 13931 238
13936 13936 -816
13937 13932 -595
13937 13937 811
13938 13933 678
13938 13938 337
13939 13934 -747
13939 13939 689
13940 13935 73
13940 13940 596
13941 13936 -65
13941 13941 834
13942 13937 -494
13942 13942 -731
13943 13938 -231
13943 13943 865
13944 13939 -671
13944 13944 -116
13945 13940 482
13945 13945 -13
13946 13941 -617
13946 13946 62
13947 13942 37
13947 13947 -374
13948 13943 -932
13948 13948 778
13949 13944 644
13949 13949 -12
13950 13945 647
13950 13950 -731
13951 13946 821
13951 13951 914
13952 13947 701
13952 13952 -65
13953 13948 474
13953 13953 -704
13954 13949 -905
13954 13954 7
13955 13950 -17
13955 13955 162
13956 13951 -11
13956 13956 417
13957 13952 -838
13957 13957 -765
13958 13953 139
13958 13958 708
13959 13954 239
13959 13959 747
13960 13955 412
13960 13960 -70
13961 13956 -195
13961 13961 -810
13962 13957 951
13962 13962 -741
13963 13958 166
13963 13963 243
13964 13959 -558
13964 13964 -469
13965 13960 -413
13965 13965 -849
13966 13961 -148
13966 13966 470
13967 13962 416
13967 13967 600
13968 13963 515
13968 13968 222
13969 13964 387
13969 13969 -282
13970 13965 99
13970 13970 -464
13971 13966 -698
13971 13971 -22
13972 13967 -188
13972 13972 387
13973 13968 -490
13973 13973 406
13974 13969 -602
13974 13974 -436
13975 13970 -730
13975 13975 -654
13976 13971 -718
13976 13976 57
13977 13972 229
13977 13977 -759
13978 13973 -272
13978 13978 -247
13979 13974 475
13979 13979 15
13980 13975 -985
13980 13980 893
13981 13976 302
13981 13981 925
13982 13977 66
13982 13982 353
13983 13978 254
13983 13983 -418
13984 13979 -630
13984 13984 -702
13985 13980 647
13985 13985 -245
13986 13981 556
13986 13986 -982
13987 13982 292
13987 13987 -307
13988 13983 901
13988 13988 -531
13989 13984 -70
13989 13989 -413
13990 13985 638
13990 13990 534
13991 13986 567
13991 13991 964
13992 13987 -193
13992 13992 2
13993 13988 208
13993 13993 -53
13994 13989 -111
13994 13994 -70
13995 13990 152
13995 13995 -275
13996 13991 -581
13996 13996 281
13997 13992 -956
13997 13997 907
13998 13993 -413
13998 13998 776
13999 13994 -717
13999 13999 65
14000 13995 -887
14000 14000 -795
14001 13996 582
14001 14001 -279
14002 13997 984
14002 14002 959
14003 13998 15
14003 14003 293
14004 13999 900
14004 14004 358
14005 14000 -155
14005 14005 -396
14006 14001 -484
14006 14006 -150
14007 14002 -461
14007 14007 124
14008 14003 -424
14008 14008 -191
14009 14004 802
14009 14009 300
14010 14005 -355
14010 14010 226
14011 14006 626
14011 14011 -80
14012 14007 -159
14012 14012 -846
14013 14008 -642
14013 14013 866
14014 14009 640
14014 14014 313
14015 14010 -726
14015 14015 89
14016 14011 922
14016 14016 -983
14017 14012 -401
14017 14017 382
14018 14013 -490
14018 14018 -119
14019 14014 -834
14019 14019 592
14020 14015 915
14020 14020 -286
14021 14016 -603
14021 14021 536
14022 14017 299
14022 14022 315
14023 14018 288
14023 14023 -802
14024 14019 402
14024 14024 -325
14025 14020 -576
14025 14025 14
14026 14021 -259
14026 14026 -306
14027 14022 -580
14027 14027 -874
14028 14023 -244
14028 14028 968
14029 14024 267
14029 14029 67
14030 14025 922
14030 14030 553
14031 14026 941
14031 14031 713
14032 14027 -269
14032 14032 -642
14033 14028 -98
14033 14033 -822
14034 14029 -659
14034 14034 476
14035 14030 -973
14035 14035 133
14036 14031 -859
14036 14036 -603
14037 14032 -691
14037 14037 -879
14038 14033 833
14038 14038 653
14039 14034 963
14039 14039 474
14040 14035 -59
14040 14040 -804
14041 14036 872
14041 14041 144
14042 14037 451
14042 14042 -913
14043 14038 437
14043 14043 -935
14044 14039 -250
14044 14044 579
14045 14040 123
14045 14045 -102
14046 14041 -27
14046 14046 -36
14047 14042 -113
14047 14047 997
14048 14043 -941
14048 14048 586
14049 14044 298
14049 14049 -845
14050 14045 -575
14050 14050 -768
14051 14046 -995
14051 14051 421
14052 14047 -316
14052 14052 -497
14053 14048 878
14053 14053 -206
14054 14049 -973
14054 14054 241
14055 14050 756
14055 14055 -48
14056 14051 603
14056 14056 762
14057 14052 850
14057 14057 -159
14058 14053 -623
14058 14058 530
14059 14054 492
14059 14059 893
14060 14055 -635
14060 14060 -171
14061 14056 -454
14061 14061 -67
14062 14057 -695
14062 14062 -764
14063 14058 368
14063 14063 -426
14064 14059 -751
14064 14064 -318
14065 14060 106
14065 14065 969
14066 14061 160
14066 14066 915
14067 14062 -897
14067 14067 -461
14068 14063 711
14068 14068 481
14069 14064 820
14069 14069 -947
14070 14065 -438
14070 14070 -271
14071 14066 863
14071 14071 -915
14072 14067 -706
14072 14072 -937
14073 14068 514
14073 14073 -384
14074 14069 115
14074 14074 72
14075 14070 -341
14075 14075 -325
14076 14071 605
14076 14076 957
14077 14072 435
14077 14077 119
14078 14073 944
14078 14078 -816
14079 14074 -586
14079 14079 -638
14080 14075 278
14080 14080 -749
14081 14076 550
14081 14081 -896
14082 14077 560
14082 14082 946
14083 14078 -645
14083 14083 -961
14084 14079 -212
14084 14084 267
14085 14080 871
14085 14085 493
14086 14081 -860
14086 14086 -236
14087 14082 -961
14087 14087 -112
14088 14083 -752
14088 14088 -708
14089 14084 -677
14089 14089 -326
14090 14085 10
14090 14090 683
14091 14086 99
14091 14091 901
14092 14087 705
14092 14092 263
14093 14088 267
14093 14093 72
14094 14089 320
14094 14094 53
14095 14090 572
14095 14095 904
14096 14091 667
14096 14096 851
14097 14092 -508
14097 14097 24
14098 14093 905
14098 14098 -913
14099 14094 -410
14099 14099 -966
14100 14095 997
14100 14100 -53
14101 14096 -678
14101 14101 151
14102 14097 -297
14102 14102 -419
14103 14098 996
14103 14103 -193
14104 14099 798
14104 14104 -258
14105 14100 393
14105 14105 185
14106 14101 55
14106 14106 -409
14107 14102 -37
14107 14107 353
14108 14103 444
14108 14108 -431
14109 14104 -238
14109 14109 968
14110 14105 292
14110 14110 891
14111 14106 133
14111 14111 878
14112 14107 704
14112 14112 -369
14113 14108 -120
14113 14113 -543
14114 14109 -866
14114 14114 -552
14115 14110 532
14115 14115 581
14116 14111 -910
14116 14116 893
14117 14112 -986
14117 14117 662
14118 14113 19
14118 14118 403
14119 14114 369
14119 14119 862
14120 14115 -888
14120 14120 -638
14121 14116 852
14121 14121 239
14122 14117 230
14122 14122 950
14123 14118 824
14123 14123 -516
14124 14119 626
14124 14124 -336
14125 14120 58
14125 14125 -643
14126 14121 -941
14126 14126 -812
14127 14122 33
14127 14127 141
14128 14123 -327
14128 14128 244
14129 14124 -837
14129 14129 399
14130 14125 -560
14130 14130 -494
14131 14126 921
14131 14131 -64
14132 14127 24
14132 14132 561
14133 14128 14
14133 14133 8
14134 14129 -656
14134 14134 756
14135 14130 -314
14135 14135 736
14136 14131 -111
14136 14136 343
14137 14132 621
14137 14137 737
14138 14133 241
14138 14138 -984
14139 14134 128
14139 14139 33
14140 14135 722
14140 14140 267
14141 14136 459
14141 14141 -920
14142 14137 -432
14142 14142 -302
14143 14138 -176
14143 14143 -320
14144 14139 299
14144 14144 -864
14145 14140 -89
14145 14145 -594
14146 14141 362
14146 14146 134
14147 14142 656
14147 14147 178
14148 14143 -361
14148 14148 -718
14149 14144 260
14149 14149 301
14150 14145 481
14150 14150 120
14151 14146 959
14151 14151 -286
14152 14147 -733
14152 14152 -667
14153 14148 100
14153 14153 798
14154 14149 191
14154 14154 514
14155 14150 261
14155 14155 -64
14156 14151 435
14156 14156 691
14157 14152 280
14157 14157 -70
14158 14153 65
14158 14158 -286
14159 14154 -645
14159 14159 -836
14160 14155 -824
14160 14160 506
14161 14156 1
14161 14161 24
14162 14157 544
14162 14162 -80
14163 14158 -217
14163 14163 667
14164 14159 441
14164 14164 528
14165 14160 -221
14165 14165 -86
14166 14161 -402
14166 14166 413
14167 14162 454
14167 14167 637
14168 14163 214
14168 14168 172
14169 14164 982
14169 14169 986
14170 14165 37
14170 14170 -915
14171 14166 294
14171 14171 872
14172 14167 -440
14172 14172 767
14173 14168 -6
14173 14173 340
14174 14169 708
14174 14174 435
14175 14170 782
14175 14175 -435
14176 14171 -180
14176 14176 -850
14177 14172 -542
14177 14177 -550
14178 14173 -782
14178 14178 253
14179 14174 705
14179 14179 -151
14180 14175 -127
14180 14180 907
14181 14176 94
14181 14181 -985
14182 14177 967
14182 14182 -456
14183 14178 415
14183 14183 341
14184 14179 -20
14184 14184 588
14185 14180 684
14185 14185 238
14186 14181 -292
14186 14186 641
14187 14182 -687
14187 14187 320
14188 14183 660
14188 14188 -82
14189 14184 518
14189 14189 -289
14190 14185 788
14190 14190 -779
14191 14186 814
14191 14191 -611
14192 14187 -787
14192 14192 451
14193 14188 -734
14193 14193 -784
14194 14189 -771
14194 14194 -38
14195 14190 998
14195 14195 131
14196 14191 -295
14196 14196 296
14197 14192 -202
14197 14197 128
14198 14193 897
14198 14198 -22
14199 14194 646
14199 14199 143
14200 14195 255
14200 14200 -465
14201 14196 624
14201 14201 -972
14202 14197 -676
14202 14202 157
14203 14198 -49
14203 14203 180
14204 14199 -189
14204 14204 -17
14205 14200 -89
14205 14205 462
14206 14201 600
14206 14206 74
14207 14202 574
14207 14207 -34
14208 14203 -259
14208 14208 201
14209 14204 -108
14209 14209 26
14210 14205 594
14210 14210 780
14211 14206 -447
14211 14211 -337
14212 14207 -635
14212 14212 128
14213 14208 -314
14213 14213 -147
14214 14209 -480
14214 14214 -860
14215 14210 -458
14215 14215 208
14216 14211 -100
14216 14216 188
14217 14212 148
14217 14217 66
14218 14213 -85
14218 14218 665
14219 14214 -882
14219 14219 400
14220 14215 -889
14220 14220 427
14221 14216 401
14221 14221 -159
14222 14217 -448
14222 14222 816
14223 14218 849
14223 14223 -93
14224 14219 414
14224 14224 -648
14225 14220 656
14225 14225 245
14226 14221 278
14226 14226 18
14227 14222 -355
14227 14227 675
14228 14223 409
14228 14228 -668
14229 14224 -404
14229 14229 -29
14230 14225 -848
14230 14230 -551
14231 14226 296
14231 14231 207
14232 14227 -416
14232 14232 557
14233 14228 -692
14233 14233 -995
14234 14229 -454
14234 14234 860
14235 14230 -142
14235 14235 -567
14236 14231 -69
14236 14236 -207
14237 14232 -413
14237 14237 -783
14238 14233 -140
14238 14238 -932
14239 14234 -720
14239 14239 -350
14240 14235 795
14240 14240 -752
14241 14236 -96
14241 14241 -175
14242 14237 -81
14242 14242 -345
14243 14238 743
14243 14243 813
14244 14239 960
14244 14244 -474
14245 14240 -912
14245 14245 -606
14246 14241 593
14246 14246 896
14247 14242 755
14247 14247 -783
14248 14243 469
14248 14248 947
14249 14244 -173
14249 14249 -292
14250 14245 -416
14250 14250 -727
14251 14246 -663
14251 14251 -893
14252 14247 -194
14252 14252 -561
14253 14248 -300
14253 14253 545
14254 14249 -365
14254 14254 -833
14255 14250 607
14255 14255 168
14256 14251 -289
14256 14256 277
14257 14252 -207
14257 14257 -71
14258 14253 6
14258 14258 49
14259 14254 -947
14259 14259 -705
14260 14255 -942
14260 14260 -597
14261 14256 -575
14261 14261 913
14262 14257 -404
14262 14262 -238
14263 14258 -18
14263 14263 439
14264 14259 630
14264 14264 -933
14265 14260 397
14265 14265 532
14266 14261 857
14266 14266 900
14267 14262 -84
14267 14267 -787
14268 14263 40
14268 14268 -291
14269 14264 63
14269 14269 940
14270 14265 -370
14270 14270 -360
14271 14266 542
14271 14271 -889
14272 14267 856
14272 14272 -456
14273 14268 -24
14273 14273 695
14274 14269 -482
14274 14274 665
14275 14270 115
14275 14275 -991
14276 14271 -614
14276 14276 -122
14277 14272 -385
14277 14277 185
14278 14273 794
14278 14278 -836
14279 14274 789
14279 14279 271
14280 14275 -73
14280 14280 -673
14281 14276 214
14281 14281 -716
14282 14277 -402
14282 14282 -377
14283 14278 -618
14283 14283 -227
14284 14279 -993
14284 14284 -534
14285 14280 27
14285 14285 138
14286 14281 274
14286 14286 -802
14287 14282 -987
14287 14287 651
14288 14283 -55
14288 14288 16
14289 14284 465
14289 14289 -440
14290 14285 413
14290 14290 529
14291 14286 -941
14291 14291 909
14292 14287 -292
14292 14292 -896
14293 14288 -88
14293 14293 128
14294 14289 98
14294 14294 310
14295 14290 -323
14295 14295 -4
14296 14291 -793
14296 14296 -69
14297 14292 -737
14297 14297 -50
14298 14293 118
14298 14298 282
14299 14294 679
14299 14299 -526
14300 14295 -213
14300 14300 527
14301 14296 277
14301 14301 -739
14302 14297 299
14302 14302 -489
14303 14298 531
14303 14303 -75
14304 14299 850
14304 14304 297
14305 14300 295
14305 14305 -486
14306 14301 498
14306 14306 791
14307 14302 -130
14307 14307 825
14308 14303 -232
14308 14308 749
14309 14304 992
14309 14309 202
14310 14305 546
14310 14310 -332
14311 14306 -927
14311 14311 -179
14312 14307 -685
14312 14312 271
14313 14308 -835
14313 14313 149
14314 14309 92
14314 14314 -318
14315 14310 404
14315 14315 130
14316 14311 971
14316 14316 -74
14317 14312 921
14317 14317 285
14318 14313 971
14318 14318 -445
14319 14314 428
14319 14319 -755
14320 14315 668
14320 14320 747
14321 14316 -424
14321 14321 233
14322 14317 104
14322 14322 -402
14323 14318 480
14323 14323 -167
14324 14319 -316
14324 14324 638
14325 14320 447
14325 14325 -591
14326 14321 -399
14326 14326 240
14327 14322 -366
14327 14327 664
14328 14323 -374
14328 14328 -808
14329 14324 643
14329 14329 -182
14330 14325 -278
14330 14330 108
14331 14326 984
14331 14331 -518
14332 14327 103
14332 14332 650
14333 14328 -900
14333 14333 -164
14334 14329 -535
14334 14334 -643
14335 14330 206
14335 14335 521
14336 14331 2
14336 14336 284
14337 14332 413
14337 14337 69
14338 14333 776
14338 14338 -467
14339 14334 -679
14339 14339 -107
14340 14335 -168
14340 14340 355
14341 14336 44
14341 14341 -667
14342 14337 57
14342 14342 -938
14343 14338 -684
14343 14343 -39
14344 14339 148
14344 14344 -973
14345 14340 -592
14345 14345 -21
14346 14341 135
14346 14346 -361
14347 14342 303
14347 14347 796
14348 14343 -265
14348 14348 -559
14349 14344 289
14349 14349 -816
14350 14345 -191
14350 14350 235
14351 14346 375
14351 14351 -110
14352 14347 755
14352 14352 326
14353 14348 -935
14353 14353 938
14354 14349 -81
14354 14354 -731
14355 14350 -952
14355 14355 796
14356 14351 205
14356 14356 494
14357 14352 423
14357 14357 -730
14358 14353 -35
14358 14358 -773
14359 14354 451
14359 14359 847
14360 14355 774
14360 14360 937
14361 14356 -285
14361 14361 316
14362 14357 972
14362 14362 111
14363 14358 278
14363 14363 49
14364 14359 515
14364 14364 -50
14365 14360 360
14365 14365 886
14366 14361 431
14366 14366 -376
14367 14362 -1
14367 14367 -379
14368 14363 789
14368 14368 383
14369 14364 592
14369 14369 441
14370 14365 -334
14370 14370 -338
14371 14366 547
14371 14371 468
14372 14367 -217
14372 14372 -900
14373 14368 -525
14373 14373 -489
14374 14369 44
14374 14374 -699
14375 14370 998
14375 14375 -819
14376 14371 -735
14376 14376 -867
14377 14372 775
14377 14377 68
14378 14373 789
14378 14378 -697
14379 14374 -743
14379 14379 455
14380 14375 927
14380 14380 -670
14381 14376 235
14381 14381 -737
14382 14377 189
14382 14382 -423
14383 14378 -17
14383 14383 817
14384 14379 56
14384 14384 662
14385 14380 -410
14385 14385 381
14386 14381 431
14386 14386 -149
14387 14382 -76
14387 14387 -568
14388 14383 -837
14388 14388 -905
14389 14384 -309
14389 14389 -312
14390 14385 788
14390 14390 41
14391 14386 149
14391 14391 472
14392 14387 -605
14392 14392 889
14393 14388 -23
14393 14393 237
14394 14389 795
14394 14394 872
14395 14390 453
14395 14395 710
14396 14391 798
14396 14396 193
14397 14392 -692
14397 14397 -213
14398 14393 -165
14398 14398 -20
14399 14394 384
14399 14399 -171
14400 14395 -790
14400 14400 -113
14401 14396 -269
14401 14401 776
14402 14397 -498
14402 14402 -187
14403 14398 888
14403 14403 812
14404 14399 -745
14404 14404 -663
14405 14400 251
14405 14405 -496
14406 14401 -759
14406 14406 118
14407 14402 475
14407 14407 -4
14408 14403 435
14408 14408 -913
14409 14404 651
14409 14409 523
14410 14405 -77
14410 14410 -640
14411 14406 -845
14411 14411 -917
14412 14407 731
14412 14412 522
14413 14408 674
14413 14413 589
14414 14409 57
14414 14414 616
14415 14410 216
14415 14415 689
14416 14411 584
14416 14416 -268
14417 14412 4
14417 14417 384
14418 14413 948
14418 14418 -479
14419 14414 -174
14419 14419 722
14420 14415 -575
14420 14420 721
14421 14416 902
14421 14421 -51
14422 14417 387
14422 14422 -770
14423 14418 601
14423 14423 -657
14424 14419 -408
14424 14424 498
14425 14420 311
14425 14425 184
14426 14421 -386
14426 14426 -288
14427 14422 -435
14427 14427 -373
14428 14423 503
14428 14428 -22
14429 14424 398
14429 14429 -121
14430 14425 971
14430 14430 713
14431 14426 -824
14431 14431 744
14432 14427 -421
14432 14432 740
14433 14428 974
14433 14433 -540
14434 14429 889
14434 14434 -414
14435 14430 669
14435 14435 895
14436 14431 512
14436 14436 962
14437 14432 199
14437 14437 -941
14438 14433 -157
14438 14438 226
14439 14434 -805
14439 14439 -319
14440 14435 -715
14440 14440 991
14441 14436 -45
14441 14441 994
14442 14437 456
14442 14442 254
14443 14438 490
14443 14443 -316
14444 14439 -548
14444 14444 -277
14445 14440 -808
14445 14445 -967
14446 14441 -397
14446 14446 -459
14447 14442 -544
14447 14447 107
14448 14443 -143
14448 14448 -315
14449 14444 323
14449 14449 -473
14450 14445 579
14450 14450 54
14451 14446 903
14451 14451 -139
14452 14447 -55
14452 14452 -192
14453 14448 -449
14453 14453 494
14454 14449 -402
14454 14454 330
14455 14450 -28
14455 14455 -480
14456 14451 503
14456 14456 -808
14457 14452 951
14457 14457 253
14458 14453 -451
14458 14458 -436
14459 14454 882
14459 14459 825
14460 14455 244
14460 14460 -757
14461 14456 350
14461 14461 -680
14462 14457 26
14462 14462 -418
14463 14458 -972
14463 14463 -102
14464 14459 -634
14464 14464 499
14465 14460 -470
14465 14465 -761
14466 14461 45
14466 14466 -348
14467 14462 464
14467 14467 -399
14468 14463 451
14468 14468 581
14469 14464 -865
14469 14469 450
14470 14465 745
14470 14470 405
14471 14466 -475
14471 14471 261
14472 14467 63
14472 14472 -266
14473 14468 818
14473 14473 599
14474 14469 -332
14474 14474 -784
14475 14470 412
14475 14475 -403
14476 14471 -257
14476 14476 337
14477 14472 168
14477 14477 21
14478 14473 -793
14478 14478 508
14479 14474 983
14479 14479 -192
14480 14475 846
14480 14480 -97
14481 14476 773
14481 14481 -640
14482 14477 576
14482 14482 216
14483 14478 -362
14483 14483 -959
14484 14479 -395
14484 14484 -421
14485 14480 23
14485 14485 289
14486 14481 -996
14486 14486 -168
14487 14482 -655
14487 14487 -238
14488 14483 227
14488 14488 252
14489 14484 -429
14489 14489 -532
14490 14485 578
14490 14490 534
14491 14486 -943
14491 14491 -442
14492 14487 -917
14492 14492 -781
14493 14488 123
14493 14493 540
14494 14489 523
14494 14494 -426
14495 14490 -825
14495 14495 652
14496 14491 88
14496 14496 326
14497 14492 821
14497 14497 -627
14498 14493 595
14498 14498 781
14499 14494 -726
14499 14499 -894
14500 14495 859
14500 14500 482
14501 14496 -607
14501 14501 623
14502 14497 748
14502 14502 737
14503 14498 107
14503 14503 -368
14504 14499 430
14504 14504 564
14505 14500 736
14505 14505 -505
14506 14501 965
14506 14506 -742
14507 14502 244
14507 14507 622
14508 14503 260
14508 14508 -151
14509 14504 380
14509 14509 521
14510 14505 -385
14510 14510 115
14511 14506 -312
14511 14511 526
14512 14507 -362
14512 14512 -736
14513 14508 -302
14513 14513 160
14514 14509 942
14514 14514 -191
14515 14510 -163
14515 14515 -694
14516 14511 369
14516 14516 -432
14517 14512 -458
14517 14517 -486
14518 14513 476
14518 14518 -180
14519 14514 386
14519 14519 457
14520 14515 594
14520 14520 -173
14521 14516 759
14521 14521 152
14522 14517 -745
14522 14522 512
14523 14518 769
14523 14523 985
14524 14519 234
14524 14524 113
14525 14520 -459
14525 14525 226
14526 14521 419
14526 14526 968
14527 14522 872
14527 14527 -294
14528 14523 -844
14528 14528 -266
14529 14524 259
14529 14529 -376
14530 14525 749
14530 14530 -151
14531 14526 902
14531 14531 -701
14532 14527 811
14532 14532 396
14533 14528 -818
14533 14533 -83
14534 14529 182
14534 14534 -982
14535 14530 150
14535 14535 -408
14536 14531 -394
14536 14536 -195
14537 14532 860
14537 14537 -210
14538 14533 162
14538 14538 -310
14539 14534 -75
14539 14539 -998
14540 14535 776
14540 14540 -817
14541 14536 -41
14541 14541 872
14542 14537 861
14542 14542 -587
14543 14538 352
14543 14543 -168
14544 14539 465
14544 14544 729
14545 14540 213
14545 14545 907
14546 14541 -245
14546 14546 -434
14547 14542 -29
14547 14547 924
14548 14543 893
14548 14548 294
14549 14544 325
14549 14549 751
14550 14545 559
14550 14550 -674
14551 14546 408
14551 14551 235
14552 14547 936
14552 14552 586
14553 14548 429
14553 14553 -89
14554 14549 741
14554 14554 -409
14555 14550 512
14555 14555 155
14556 14551 502
14556 14556 -281
14557 14552 -889
14557 14557 -764
14558 14553 852
14558 14558 51
14559 14554 628
14559 14559 81
14560 14555 -20
14560 14560 82
14561 14556 -382
14561 14561 727
14562 14557 717
14562 14562 371
14563 14558 -625
14563 14563 569
14564 14559 43
14564 14564 530
14565 14560 -15
14565 14565 -180
14566 14561 661
14566 14566 875
14567 14562 -357
14567 14567 298
14568 14563 -601
14568 14568 931
14569 14564 161
14569 14569 -887
14570 14565 22
14570 14570 794
14571 14566 -308
14571 14571 -772
14572 14567 437
14572 14572 77
14573 14568 836
14573 14573 765
14574 14569 -234
14574 14574 371
14575 14570 882
14575 14575 -168
14576 14571 46
14576 14576 140
14577 14572 -732
14577 14577 86
14578 14573 846
14578 14578 774
14579 14574 -672
14579 14579 975
14580 14575 -47
14580 14580 -586
14581 14576 -927
14581 14581 443
14582 14577 353
14582 14582 -861
14583 14578 -793
14583 14583 -127
14584 14579 281
14584 14584 -486
14585 14580 849
14585 14585 653
14586 14581 552
14586 14586 312
14587 14582 -597
14587 14587 -416
14588 14583 -68
14588 14588 903
14589 14584 -116
14589 14589 -301
14590 14585 857
14590 14590 -930
14591 14586 -11
14591 14591 502
14592 14587 -570
14592 14592 972
14593 14588 774
14593 14593 -863
14594 14589 644
14594 14594 -856
14595 14590 952
14595 14595 -784
14596 14591 855
14596 14596 152
14597 14592 348
14597 14597 175
14598 14593 732
14598 14598 -581
14599 14594 -686
14599 14599 -532
14600 14595 -912
14600 14600 60
14601 14596 -392
14601 14601 -547
14602 14597 618
14602 14602 558
14603 14598 905
14603 14603 664
14604 14599 927
14604 14604 -617
14605 14600 -572
14605 14605 -320
14606 14601 855
14606 14606 550
14607 14602 -180
14607 14607 922
14608 14603 -712
14608 14608 -593
14609 14604 361
14609 14609 -179
14610 14605 775
14610 14610 -125
14611 14606 -62
14611 14611 696
14612 14607 521
14612 14612 864
14613 14608 139
14613 14613 -896
14614 14609 -631
14614 14614 -696
14615 14610 704
14615 14615 -629
14616 14611 -755
14616 14616 353
14617 14612 -236
14617 14617 459
14618 14613 -303
14618 14618 805
14619 14614 4
14619 14619 523
14620 14615 -992
14620 14620 982
14621 14616 -706
14621 14621 -529
14622 14617 -274
14622 14622 -714
14623 14618 419
14623 14623 -825
14624 14619 907
14624 14624 -948
14625 14620 559
14625 14625 -139
14626 14621 -753
14626 14626 -600
14627 14622 253
14627 14627 40
14628 14623 751
14628 14628 183
14629 14624 25
14629 14629 -675
14630 14625 905
14630 14630 381
14631 14626 -560
14631 14631 730
14632 14627 -420
14632 14632 554
14633 14628 -174
14633 14633 -883
14634 14629 18
14634 14634 520
14635 14630 -496
14635 14635 791
14636 14631 229
14636 14636 -274
14637 14632 -929
14637 14637 304
14638 14633 820
14638 14638 601
14639 14634 228
14639 14639 -714
14640 14635 744
14640 14640 -960
14641 14636 69
14641 14641 -165
14642 14637 -637
14642 14642 985
14643 14638 626
14643 14643 -592
14644 14639 295
14644 14644 499
14645 14640 -705
14645 14645 -503
14646 14641 -231
14646 14646 -451
14647 14642 901
14647 14647 -584
14648 14643 -788
14648 14648 -930
14649 14644 532
14649 14649 102
14650 14645 385
14650 14650 765
14651 14646 897
14651 14651 -379
14652 14647 998
14652 14652 -421
14653 14648 -590
14653 14653 820
14654 14649 -484
14654 14654 -531
14655 14650 -433
14655 14655 636
14656 14651 653
14656 14656 645
14657 14652 -172
14657 14657 -500
14658 14653 -177
14658 14658 576
14659 14654 -855
14659 14659 -384
14660 14655 34
14660 14660 829
14661 14656 158
14661 14661 502
14662 14657 107
14662 14662 -349
14663 14658 -596
14663 14663 -711
14664 14659 788
14664 14664 -689
14665 14660 283
14665 14665 -553
14666 14661 572
14666 14666 -317
14667 14662 459
14667 14667 -689
14668 14663 183
14668 14668 863
14669 14664 -233
14669 14669 372
14670 14665 88
14670 14670 -779
14671 14666 -524
14671 14671 705
14672 14667 335
14672 14672 641
14673 14668 682
14673 14673 -174
14674 14669 268
14674 14674 726
14675 14670 -473
14675 14675 -204
14676 14671 -244
14676 14676 -943
14677 14672 629
14677 14677 -129
14678 14673 -560
14678 14678 614
14679 14674 -469
14679 14679 298
14680 14675 -430
14680 14680 728
14681 14676 -949
14681 14681 315
14682 14677 -593
14682 14682 639
14683 14678 301
14683 14683 -487
14684 14679 -643
14684 14684 711
14685 14680 -711
14685 14685 759
14686 14681 -705
14686 14686 352
14687 14682 20
14687 14687 -129
14688 14683 -186
14688 14688 -365
14689 14684 3
14689 14689 690
14690 14685 10
14690 14690 962
14691 14686 508
14691 14691 850
14692 14687 427
14692 14692 -122
14693 14688 -86
14693 14693 857
14694 14689 -526
14694 14694 -51
14695 14690 -511
14695 14695 -185
14696 14691 788
14696 14696 -947
14697 14692 653
14697 14697 427
14698 14693 90
14698 14698 -186
14699 14694 10
14699 14699 -433
14700 14695 868
14700 14700 -646
14701 14696 211
14701 14701 47
14702 14697 958
14702 14702 -887
14703 14698 -917
14703 14703 -738
14704 14699 -116
14704 14704 192
14705 14700 729
14705 14705 696
14706 14701 -16
14706 14706 27
14707 14702 855
14707 14707 714
14708 14703 644
14708 14708 -783
14709 14704 542
14709 14709 316
14710 14705 879
14710 14710 -122
14711 14706 33
14711 14711 105
14712 14707 -686
14712 14712 283
14713 14708 -96
14713 14713 219
14714 14709 434
14714 14714 -861
14715 14710 7
14715 14715 48
14716 14711 514
14716 14716 549
14717 14712 -235
14717 14717 -649
14718 14713 -189
14718 14718 707
14719 14714 381
14719 14719 425
14720 14715 -548
14720 14720 -578
14721 14716 -930
14721 14721 -955
14722 14717 180
14722 14722 955
14723 14718 934
14723 14723 303
14724 14719 -778
14724 14724 -178
14725 14720 -480
14725 14725 670
14726 14721 -239
14726 14726 -29
14727 14722 -39
14727 14727 -265
14728 14723 114
14728 14728 -783
14729 14724 -317
14729 14729 -343
14730 14725 -542
14730 14730 -128
14731 14726 706
14731 14731 527
14732 14727 269
14732 14732 837
14733 14728 -958
14733 14733 -305
14734 14729 -338
14734 14734 -512
14735 14730 -308
14735 14735 -555
14736 14731 -774
14736 14736 514
14737 14732 575
14737 14737 -36
14738 14733 311
14738 14738 -632
14739 14734 638
14739 14739 -31
14740 14735 -464
14740 14740 297
14741 14736 -475
14741 14741 327
14742 14737 684
14742 14742 -377
14743 14738 475
14743 14743 910
14744 14739 261
14744 14744 592
14745 14740 -837
14745 14745 -72
14746 14741 -774
14746 14746 -249
14747 14742 -43
14747 14747 219
14748 14743 840
14748 14748 484
14749 14744 807
14749 14749 720
14750 14745 55
14750 14750 799
14751 14746 43
14751 14751 268
14752 14747 -459
14752 14752 -725
14753 14748 571
14753 14753 -788
14754 14749 -232
14754 14754 56
14755 14750 -189
14755 14755 -916
14756 14751 951
14756 14756 985
14757 14752 699
14757 14757 717
14758 14753 392
14758 14758 -929
14759 14754 555
14759 14759 -257
14760 14755 -479
14760 14760 527
14761 14756 -32
14761 14761 873
14762 14757 -312
14762 14762 -408
14763 14758 -219
14763 14763 -859
14764 14759 486
14764 14764 117
14765 14760 513
14765 14765 664
14766 14761 368
14766 14766 916
14767 14762 61
14767 14767 -756
14768 14763 -151
14768 14768 964
14769 14764 -222
14769 14769 329
14770 14765 -136
14770 14770 298
14771 14766 508
14771 14771 -260
14772 14767 -477
14772 14772 -777
14773 14768 -121
14773 14773 -28
14774 14769 -541
14774 14774 -995
14775 14770 817
14775 14775 -625
14776 14771 953
14776 14776 792
14777 14772 -120
14777 14777 -521
14778 14773 672
14778 14778 720
14779 14774 97
14779 14779 -204
14780 14775 436
14780 14780 632
14781 14776 113
14781 14781 -16
14782 14777 9
14782 14782 -673
14783 14778 -861
14783 14783 407
14784 14779 985
14784 14784 -718
14785 14780 373
14785 14785 736
14786 14781 152
14786 14786 -282
14787 14782 694
14787 14787 -20
14788 14783 860
14788 14788 183
14789 14784 165
14789 14789 -461
14790 14785 792
14790 14790 354
14791 14786 -953
14791 14791 -859
14792 14787 802
14792 14792 -528
14793 14788 817
14793 14793 -190
14794 14789 336
14794 14794 890
14795 14790 -733
14795 14795 718
14796 14791 -722
14796 14796 76
14797 14792 -572
14797 14797 -275
14798 14793 630
14798 14798 181
14799 14794 930
14799 14799 -297
14800 14795 791
14800 14800 -966
14801 14796 -289
14801 14801 -966
14802 14797 -688
14802 14802 442
14803 14798 580
14803 14803 -824
14804 14799 192
14804 14804 621
14805 14800 378
14805 14805 -849
14806 14801 442
14806 14806 259
14807 14802 -88
14807 14807 -28
14808 14803 -537
14808 14808 652
14809 14804 -121
14809 14809 -586
14810 14805 149
14810 14810 248
14811 14806 318
14811 14811 -664
14812 14807 -581
14812 14812 195
14813 14808 -143
14813 14813 -903
14814 14809 558
14814 14814 582
14815 14810 -777
14815 14815 838
14816 14811 83
14816 14816 -248
14817 14812 -994
14817 14817 -718
14818 14813 96
14818 14818 -262
14819 14814 823
14819 14819 -858
14820 14815 157
14820 14820 -675
14821 14816 -692
14821 14821 -293
14822 14817 -557
14822 14822 -952
14823 14818 -404
14823 14823 15
14824 14819 -94
14824 14824 922
14825 14820 -315
14825 14825 -184
14826 14821 788
14826 14826 -157
14827 14822 540
14827 14827 157
14828 14823 624
14828 14828 -131
14829 14824 -177
14829 14829 637
14830 14825 260
14830 14830 -937
14831 14826 -105
14831 14831 -614
14832 14827 -364
14832 14832 62
14833 14828 -363
14833 14833 -407
14834 14829 231
14834 14834 455
14835 14830 389
14835 14835 -633
14836 14831 -223
14836 14836 -147
14837 14832 88
14837 14837 42
14838 14833 410
14838 14838 502
14839 14834 913
14839 14839 -782
14840 14835 833
14840 14840 294
14841 14836 780
14841 14841 -472
14842 14837 -648
14842 14842 529
14843 14838 -380
14843 14843 366
14844 14839 448
14844 14844 326
14845 14840 -393
14845 14845 -648
14846 14841 -1
14846 14846 338
14847 14842 340
14847 14847 437
14848 14843 712
14848 14848 -490
14849 14844 272
14849 14849 500
14850 14845 516
14850 14850 706
14851 14846 -658
14851 14851 -455
14852 14847 401
14852 14852 26
14853 14848 -951
14853 14853 -643
14854 14849 -601
14854 14854 445
14855 14850 -9
14855 14855 559
14856 14851 261
14856 14856 820
14857 14852 -761
14857 14857 565
14858 14853 -95
14858 14858 667
14859 14854 214
14859 14859 -129
14860 14855 -645
14860 14860 155
14861 14856 -460
14861 14861 -813
14862 14857 -816
14862 14862 -701
14863 14858 -625
14863 14863 -205
14864 14859 691
14864 14864 -557
14865 14860 896
14865 14865 -644
14866 14861 452
14866 14866 -194
14867 14862 -216
14867 14867 -317
14868 14863 -602
14868 14868 -88
14869 14864 272
14869 14869 659
14870 14865 -209
14870 14870 -906
14871 14866 192
14871 14871 448
14872 14867 517
14872 14872 922
14873 14868 602
14873 14873 -761
14874 14869 342
14874 14874 -800
14875 14870 417
14875 14875 -435
14876 14871 626
14876 14876 -8
14877 14872 -630
14877 14877 490
14878 14873 898
14878 14878 -720
14879 14874 -695
14879 14879 17
14880 14875 529
14880 14880 901
14881 14876 -240
14881 14881 -559
14882 14877 778
14882 14882 -502
14883 14878 246
14883 14883 -29
14884 14879 -103
14884 14884 666
14885 14880 -915
14885 14885 654
14886 14881 548
14886 14886 161
14887 14882 -215
14887 14887 466
14888 14883 -613
14888 14888 443
14889 14884 -790
14889 14889 -133
14890 14885 -168
14890 14890 -809
14891 14886 846
14891 14891 -789
14892 14887 197
14892 14892 182
14893 14888 -185
14893 14893 886
14894 14889 176
14894 14894 937
14895 14890 -749
14895 14895 -927
14896 14891 -891
14896 14896 15
14897 14892 235
14897 14897 -567
14898 14893 814
14898 14898 -686
14899 14894 876
14899 14899 -151
14900 14895 -87
14900 14900 -829
14901 14896 311
14901 14901 127
14902 14897 973
14902 14902 573
14903 14898 -743
14903 14903 754
14904 14899 -868
14904 14904 -440
14905 14900 -161
14905 14905 -664
14906 14901 585
14906 14906 756
14907 14902 -13
14907 14907 887
14908 14903 -713
14908 14908 -292
14909 14904 -497
14909 14909 689
14910 14905 190
14910 14910 -135
14911 14906 931
14911 14911 -932
14912 14907 -402
14912 14912 200
14913 14908 786
14913 14913 921
14914 14909 695
14914 14914 375
14915 14910 396
14915 14915 724
14916 14911 490
14916 14916 805
14917 14912 -938
14917 14917 887
14918 14913 169
14918 14918 394
14919 14914 -694
14919 14919 -878
14920 14915 729
14920 14920 383
14921 14916 -7
14921 14921 -517
14922 14917 932
14922 14922 851
14923 14918 -995
14923 14923 -445
14924 14919 -194
14924 14924 849
14925 14920 -821
14925 14925 46
14926 14921 -664
14926 14926 -94
14927 14922 -668
14927 14927 -366
14928 14923 317
14928 14928 -399
14929 14924 276
14929 14929 750
14930 14925 -735
14930 14930 657
14931 14926 -236
14931 14931 429
14932 14927 612
14932 14932 731
14933 14928 -320
14933 14933 630
14934 14929 45
14934 14934 -987
14935 14930 147
14935 14935 4
14936 14931 267
14936 14936 -366
14937 14932 158
14937 14937 -575
14938 14933 26
14938 14938 -570
14939 14934 -681
14939 14939 -779
14940 14935 530
14940 14940 -355
14941 14936 -465
14941 14941 -879
14942 14937 426
14942 14942 242
14943 14938 -785
14943 14943 849
14944 14939 -311
14944 14944 -680
14945 14940 -805
14945 14945 793
14946 14941 600
14946 14946 -22
14947 14942 -346
14947 14947 -482
14948 14943 825
14948 14948 208
14949 14944 790
14949 14949 294
14950 14945 -192
14950 14950 -165
14951 14946 -816
14951 14951 661
14952 14947 908
14952 14952 201
14953 14948 -352
14953 14953 -125
14954 14949 310
14954 14954 -812
14955 14950 -973
14955 14955 -252
14956 14951 -520
14956 14956 -622
14957 14952 55
14957 14957 889
14958 14953 534
14958 14958 364
14959 14954 -596
14959 14959 981
14960 14955 431
14960 14960 -458
14961 14956 -436
14961 14961 776
14962 14957 -881
14962 14962 -168
14963 14958 -377
14963 14963 175
14964 14959 -344
14964 14964 830
14965 14960 -944
14965 14965 184
14966 14961 961
14966 14966 546
14967 14962 625
14967 14967 482
14968 14963 620
14968 14968 -159
14969 14964 1
14969 14969 747
14970 14965 377
14970 14970 -284
14971 14966 731
14971 14971 -51
14972 14967 -429
14972 14972 272
14973 14968 522
14973 14973 351
14974 14969 281
14974 14974 804
14975 14970 780
14975 14975 572
14976 14971 292
14976 14976 175
14977 14972 276
14977 14977 -233
14978 14973 696
14978 14978 259
14979 14974 -227
14979 14979 -790
14980 14975 -543
14980 14980 681
14981 14976 744
14981 14981 645
14982 14977 -394
14982 14982 836
14983 14978 411
14983 14983 674
14984 14979 315
14984 14984 -48
14985 14980 469
14985 14985 -484
14986 14981 -934
14986 14986 815
14987 14982 804
14987 14987 -912
14988 14983 -650
14988 14988 -809
14989 14984 -731
14989 14989 838
14990 14985 -377
14990 14990 936
14991 14986 462
14991 14991 -933
14992 14987 196
14992 14992 -116
14993 14988 964
14993 14993 268
14994 14989 308
14994 14994 158
14995 14990 395
14995 14995 -77
14996 14991 -93
14996 14996 -728
14997 14992 -744
14997 14997 294
14998 14993 643
14998 14998 -78
14999 14994 723
14999 14999 -424
15000 14995 -936
15000 15000 -163
15001 14996 523
15001 15001 700
15002 14997 -458
15002 15002 -908
15003 14998 -97
15003 15003 -228
15004 14999 479
15004 15004 -878
15005 15000 567
15005 15005 543
15006 15001 -452
15006 15006 -222
15007 15002 -131
15007 15007 -31
15008 15003 770
15008 15008 487
15009 15004 871
15009 15009 -424
15010 15005 -117
15010 15010 555
15011 15006 570
15011 15011 -95
15012 15007 758
15012 15012 615
15013 15008 314
15013 15013 -158
15014 15009 395
15014 15014 -964
15015 15010 -233
15015 15015 459
15016 15011 -163
15016 15016 -315
15017 15012 -787
15017 15017 194
15018 15013 -6
15018 15018 -679
15019 15014 -262
15019 15019 -912
15020 15015 321
15020 15020 545
15021 15016 -578
15021 15021 938
15022 15017 768
15022 15022 949
15023 15018 252
15023 15023 890
15024 15019 -539
15024 15024 82
15025 15020 -816
15025 15025 152
15026 15021 832
15026 15026 -524
15027 15022 718
15027 15027 376
15028 15023 309
15028 15028 912
15029 15024 -948
15029 15029 457
15030 15025 -129
15030 15030 650
15031 15026 489
15031 15031 -607
15032 15027 -421
15032 15032 828
15033 15028 376
15033 15033 292
15034 15029 807
15034 15034 719
15035 15030 -122
15035 15035 -863
15036 15031 -103
15036 15036 836
15037 15032 -132
15037 15037 -521
15038 15033 960
15038 15038 639
15039 15034 583
15039 15039 -891
15040 15035 -380
15040 15040 -738
15041 15036 302
15041 15041 -592
15042 15037 445
15042 15042 -176
15043 15038 171
15043 15043 -147
15044 15039 -512
15044 15044 -499
15045 15040 -86
15045 15045 895
15046 15041 255
15046 15046 -392
15047 15042 -328
15047 15047 -545
15048 15043 353
15048 15048 710
15049 15044 819
15049 15049 -728
15050 15045 717
15050 15050 -423
15051 15046 84
15051 15051 668
15052 15047 -941
15052 15052 621
15053 15048 -404
15053 15053 -431
15054 15049 735
15054 15054 684
15055 15050 -747
15055 15055 278
15056 15051 35
15056 15056 -668
15057 15052 409
15057 15057 502
15058 15053 391
15058 15058 -406
15059 15054 -236
15059 15059 249
15060 15055 711
15060 15060 -166
15061 15056 434
15061 15061 164
15062 15057 -210
15062 15062 -579
15063 15058 904
15063 15063 -365
15064 15059 106
15064 15064 802
15065 15060 -152
15065 15065 718
15066 15061 216
15066 15066 -555
15067 15062 -561
15067 15067 467
15068 15063 302
15068 15068 908
15069 15064 213
15069 15069 48
15070 15065 71
15070 15070 -745
15071 15066 386
15071 15071 18
15072 15067 -753
15072 15072 586
15073 15068 -757
15073 15073 -841
15074 15069 24
15074 15074 -890
15075 15070 116
15075 15075 156
15076 15071 542
15076 15076 -367
15077 15072 -519
15077 15077 282
15078 15073 24
15078 15078 636
15079 15074 -541
15079 15079 969
15080 15075 -334
15080 15080 556
15081 15076 -166
15081 15081 392
15082 15077 -86
15082 15082 661
15083 15078 -975
15083 15083 -218
15084 15079 -46
15084 15084 -749
15085 15080 -820
15085 15085 -940
15086 15081 -887
15086 15086 -987
15087 15082 -96
15087 15087 -826
15088 15083 -243
15088 15088 835
15089 15084 128
15089 15089 -639
15090 15085 -287
15090 15090 -168
15091 15086 62
15091 15091 -350
15092 15087 684
15092 15092 -524
15093 15088 886
15093 15093 -18
15094 15089 -55
15094 15094 701
15095 15090 577
15095 15095 354
15096 15091 191
15096 15096 -12
15097 15092 808
15097 15097 184
15098 15093 -602
15098 15098 962
15099 15094 272
15099 15099 -393
15100 15095 -49
15100 15100 57
15101 15096 811
15101 15101 199
15102 15097 334
15102 15102 -682
15103 15098 222
15103 15103 25
15104 15099 131
15104 15104 826
15105 15100 -941
15105 15105 -136
15106 15101 -76
15106 15106 974
15107 15102 -575
15107 15107 924
15108 15103 496
15108 15108 848
15109 15104 6
15109 15109 -711
15110 15105 -581
15110 15110 -892
15111 15106 123
15111 15111 390
15112 15107 -160
15112 15112 631
15113 15108 58
15113 15113 613
15114 15109 -524
15114 15114 801
15115 15110 -531
15115 15115 177
15116 15111 -828
15116 15116 -580
15117 15112 -538
15117 15117 280
15118 15113 -328
15118 15118 499
15119 15114 -618
15119 15119 421
15120 15115 -871
15120 15120 406
15121 15116 -738
15121 15121 -113
15122 15117 -474
15122 15122 -384
15123 15118 -564
15123 15123 -689
15124 15119 222
15124 15124 -769
15125 15120 950
15125 15125 297
15126 15121 -116
15126 15126 691
15127 15122 -862
15127 15127 -916
15128 15123 46
15128 15128 662
15129 15124 -227
15129 15129 -328
15130 15125 297
15130 15130 397
15131 15126 361
15131 15131 862
15132 15127 -729
15132 15132 -618
15133 15128 -794
15133 15133 493
15134 15129 598
15134 15134 -654
15135 15130 192
15135 15135 613
15136 15131 -93
15136 15136 -808
15137 15132 78
15137 15137 -474
15138 15133 557
15138 15138 -399
15139 15134 166
15139 15139 334
15140 15135 -556
15140 15140 -947
15141 15136 88
15141 15141 209
15142 15137 104
15142 15142 -74
15143 15138 -614
15143 15143 -792
15144 15139 761
15144 15144 241
15145 15140 -447
15145 15145 -878
15146 15141 950
15146 15146 -667
15147 15142 882
15147 15147 585
15148 15143 405
15148 15148 -825
15149 15144 -269
15149 15149 582
15150 15145 -718
15150 15150 953
15151 15146 -954
15151 15151 -709
15152 15147 697
15152 15152 697
15153 15148 106
15153 15153 -187
15154 15149 970
15154 15154 -30
15155 15150 -247
15155 15155 320
15156 15151 -328
15156 15156 506
15157 15152 -205
15157 15157 415
15158 15153 -432
15158 15158 -1
15159 15154 -973
15159 15159 -814
15160 15155 -688
15160 15160 -865
15161 15156 -297
15161 15161 113
15162 15157 -785
15162 15162 658
15163 15158 -33
15163 15163 -40
15164 15159 844
15164 15164 -185
15165 15160 -846
15165 15165 951
15166 15161 -550
15166 15166 295
15167 15162 -398
15167 15167 32
15168 15163 -561
15168 15168 58
15169 15164 879
15169 15169 -662
15170 15165 1
15170 15170 -160
15171 15166 -922
15171 15171 -917
15172 15167 86
15172 15172 15
15173 15168 -919
15173 15173 -701
15174 15169 74
15174 15174 978
15175 15170 -29
15175 15175 -710
15176 15171 -366
15176 15176 -95
15177 15172 601
15177 15177 -308
15178 15173 676
15178 15178 -385
15179 15174 -423
15179 15179 963
15180 15175 -903
15180 15180 651
15181 15176 621
15181 15181 976
15182 15177 649
15182 15182 -216
15183 15178 -632
15183 15183 -237
15184 15179 253
15184 15184 -661
15185 15180 645
15185 15185 834
15186 15181 -928
15186 15186 -408
15187 15182 855
15187 15187 -276
15188 15183 768
15188 15188 -422
15189 15184 843
15189 15189 318
15190 15185 507
15190 15190 576
15191 15186 -283
15191 15191 -517
15192 15187 -536
15192 15192 -537
15193 15188 102
15193 15193 954
15194 15189 -154
15194 15194 -349
15195 15190 864
15195 15195 245
15196 15191 -677
15196 15196 629
15197 15192 459
15197 15197 122
15198 15193 593
15198 15198 -322
15199 15194 -399
15199 15199 643
15200 15195 -151
15200 15200 -788
15201 15196 -814
15201 15201 -272
15202 15197 727
15202 15202 729
15203 15198 -342
15203 15203 312
15204 15199 539
15204 15204 -130
15205 15200 -843
15205 15205 -566
15206 15201 60
15206 15206 928
15207 15202 -276
15207 15207 -705
15208 15203 103
15208 15208 -635
15209 15204 67
15209 15209 575
15210 15205 -145
15210 15210 -836
15211 15206 486
15211 15211 -523
15212 15207 529
15212 15212 -281
15213 15208 -125
15213 15213 475
15214 15209 657
15214 15214 795
15215 15210 -738
15215 15215 28
15216 15211 772
15216 15216 -44
15217 15212 565
15217 15217 712
15218 15213 -378
15218 15218 174
15219 15214 755
15219 15219 950
15220 15215 295
15220 15220 245
15221 15216 -385
15221 15221 -394
15222 15217 -452
15222 15222 -400
15223 15218 -470
15223 15223 288
15224 15219 -263
15224 15224 -488
15225 15220 -396
15225 15225 -565
15226 15221 852
15226 15226 685
15227 15222 267
15227 15227 441
15228 15223 610
15228 15228 670
15229 15224 853
15229 15229 911
15230 15225 891
15230 15230 -187
15231 15226 -19
15231 15231 -967
15232 15227 1
15232 15232 -622
15233 15228 -909
15233 15233 321
15234 15229 -697
15234 15234 -367
15235 15230 315
15235 15235 768
15236 15231 124
15236 15236 -644
15237 15232 -148
15237 15237 786
15238 15233 849
15238 15238 -474
15239 15234 -644
15239 15239 -652
15240 15235 -735
15240 15240 -649
15241 15236 -351
15241 15241 -665
15242 15237 797
15242 15242 -586
15243 15238 476
15243 15243 677
15244 15239 -889
15244 15244 -129
15245 15240 816
15245 15245 -239
15246 15241 348
15246 15246 34
15247 15242 -476
15247 15247 -425
15248 15243 772
15248 15248 -293
15249 15244 -393
15249 15249 227
15250 15245 52
15250 15250 24
15251 15246 817
15251 15251 -37
15252 15247 694
15252 15252 -1
15253 15248 -183
15253 15253 -169
15254 15249 -448
15254 15254 -462
15255 15250 -130
15255 15255 -319
15256 15251 763
15256 15256 656
15257 15252 -137
15257 15257 -309
15258 15253 218
15258 15258 511
15259 15254 -417
15259 15259 -746
15260 15255 216
15260 15260 -389
15261 15256 489
15261 15261 -37
15262 15257 593
15262 15262 273
15263 15258 7
15263 15263 549
15264 15259 562
15264 15264 -874
15265 15260 -953
15265 15265 800
15266 15261 -200
15266 15266 -702
15267 15262 -2
15267 15267 -837
15268 15263 -637
15268 15268 951
15269 15264 -480
15269 15269 -237
15270 15265 987
15270 15270 -705
15271 15266 118
15271 15271 -408
15272 15267 424
15272 15272 560
15273 15268 343
15273 15273 213
15274 15269 -830
15274 15274 440
15275 15270 267
15275 15275 -966
15276 15271 -123
15276 15276 -201
15277 15272 -200
15277 15277 -930
15278 15273 -485
15278 15278 258
15279 15274 -305
15279 15279 429
15280 15275 -274
15280 15280 -776
15281 15276 -681
15281 15281 653
15282 15277 642
15282 15282 -213
15283 15278 -759
15283 15283 46
15284 15279 783
15284 15284 343
15285 15280 -536
15285 15285 -913
15286 15281 -988
15286 15286 309
15287 15282 -655
15287 15287 -250
15288 15283 991
15288 15288 183
15289 15284 269
15289 15289 -632
15290 15285 -486
15290 15290 861
15291 15286 -872
15291 15291 -418
15292 15287 -152
15292 15292 741
15293 15288 189
15293 15293 694
15294 15289 855
15294 15294 -537
15295 15290 -380
15295 15295 -945
15296 15291 -981
15296 15296 -893
15297 15292 568
15297 15297 -494
15298 15293 -447
15298 15298 -281
15299 15294 -772
15299 15299 -846
15300 15295 -550
15300 15300 -449
15301 15296 775
15301 15301 136
15302 15297 831
15302 15302 986
15303 15298 -260
15303 15303 -603
15304 15299 947
15304 15304 -300
15305 15300 -117
15305 15305 -780
15306 15301 -67
15306 15306 919
15307 15302 163
15307 15307 -764
15308 15303 -828
15308 15308 81
15309 15304 -721
15309 15309 -9
15310 15305 572
15310 15310 -611
15311 15306 221
15311 15311 924
15312 15307 -697
15312 15312 564
15313 15308 -42
15313 15313 -197
15314 15309 -30
15314 15314 -939
15315 15310 439
15315 15315 -220
15316 15311 956
15316 15316 -665
15317 15312 -818
15317 15317 -49
15318 15313 -531
15318 15318 -66
15319 15314 -352
15319 15319 -37
15320 15315 795
15320 15320 103
15321 15316 -335
15321 15321 -158
15322 15317 91
15322 15322 126
15323 15318 150
15323 15323 876
15324 15319 236
15324 15324 -7
15325 15320 -744
15325 15325 -78
15326 15321 -429
15326 15326 800
15327 15322 -699
15327 15327 -826
15328 15323 -611
15328 15328 -671
15329 15324 -373
15329 15329 40
15330 15325 333
15330 15330 -160
15331 15326 -879
15331 15331 692
15332 15327 411
15332 15332 -991
15333 15328 941
15333 15333 -22
15334 15329 -411
15334 15334 -980
15335 15330 885
15335 15335 28
15336 15331 -827
15336 15336 965
15337 15332 -662
15337 15337 -101
15338 15333 914
15338 15338 -283
15339 15334 -777
15339 15339 221
15340 15335 644
15340 15340 -294
15341 15336 883
15341 15341 -453
15342 15337 -647
15342 15342 277
15343 15338 -874
15343 15343 -378
15344 15339 -508
15344 15344 -536
15345 15340 -424
15345 15345 -744
15346 15341 -601
15346 15346 212
15347 15342 -678
15347 15347 203
15348 15343 -305
15348 15348 492
15349 15344 -492
15349 15349 -682
15350 15345 260
15350 15350 448
15351 15346 -547
15351 15351 -652
15352 15347 27
15352 15352 187
15353 15348 -234
15353 15353 -580
15354 15349 838
15354 15354 -523
15355 15350 -255
15355 15355 233
15356 15351 917
15356 15356 -115
15357 15352 -845
15357 15357 584
15358 15353 191
15358 15358 116
15359 15354 -648
15359 15359 586
15360 15355 530
15360 15360 -234
15361 15356 377
15361 15361 -790
15362 15357 571
15362 15362 -854
15363 15358 848
15363 15363 876
15364 15359 -539
15364 15364 -694
15365 15360 -870
15365 15365 158
15366 15361 164
15366 15366 926
15367 15362 915
15367 15367 372
15368 15363 -707
15368 15368 -602
15369 15364 -247
15369 15369 -160
15370 15365 935
15370 15370 -210
15371 15366 -13
15371 15371 405
15372 15367 -18
15372 15372 -205
15373 15368 -660
15373 15373 -992
15374 15369 226
15374 15374 19
15375 15370 -284
15375 15375 398
15376 15371 -470
15376 15376 220
15377 15372 264
15377 15377 -785
15378 15373 -129
15378 15378 221
15379 15374 -363
15379 15379 -22
15380 15375 -604
15380 15380 -455
15381 15376 236
15381 15381 -495
15382 15377 -608
15382 15382 -497
15383 15378 606
15383 15383 929
15384 15379 -96
15384 15384 137
15385 15380 -881
15385 15385 -835
15386 15381 21
15386 15386 -3
15387 15382 702
15387 15387 327
15388 15383 -652
15388 15388 -422
15389 15384 -633
15389 15389 24
15390 15385 -895
15390 15390 -513
15391 15386 -28
15391 15391 789
15392 15387 -512
15392 15392 570
15393 15388 957
15393 15393 -620
15394 15389 -443
15394 15394 981
15395 15390 -919
15395 15395 346
15396 15391 -927
15396 15396 231
15397 15392 -328
15397 15397 253
15398 15393 -411
15398 15398 748
15399 15394 -868
15399 15399 -61
15400 15395 295
15400 15400 -473
15401 15396 -540
15401 15401 687
15402 15397 837
15402 15402 213
15403 15398 -86
15403 15403 -273
15404 15399 -637
15404 15404 -485
15405 15400 952
15405 15405 431
15406 15401 467
15406 15406 828
15407 15402 122
15407 15407 -374
15408 15403 -775
15408 15408 404
15409 15404 -916
15409 15409 -202
15410 15405 678
15410 15410 319
15411 15406 653
15411 15411 939
15412 15407 836
15412 15412 641
15413 15408 -281
15413 15413 -799
15414 15409 -387
15414 15414 -951
15415 15410 -754
15415 15415 -734
15416 15411 -231
15416 15416 -438
15417 15412 -326
15417 15417 -130
15418 15413 308
15418 15418 816
15419 15414 210
15419 15419 -176
15420 15415 -189
15420 15420 -698
15421 15416 -88
15421 15421 -623
15422 15417 -639
15422 15422 -716
15423 15418 -111
15423 15423 -294
15424 15419 -908
15424 15424 173
15425 15420 817
15425 15425 817
15426 15421 144
15426 15426 -52
15427 15422 358
15427 15427 -750
15428 15423 -102
15428 15428 -569
15429 15424 -711
15429 15429 107
15430 15425 37
15430 15430 -405
15431 15426 -545
15431 15431 -585
15432 15427 -668
15432 15432 -612
15433 15428 -620
15433 15433 293
15434 15429 -215
15434 15434 277
15435 15430 -856
15435 15435 -468
15436 15431 -315
15436 15436 -424
15437 15432 616
15437 15437 760
15438 15433 832
15438 15438 -424
15439 15434 668
15439 15439 -665
15440 15435 56
15440 15440 184
15441 15436 -443
15441 15441 -703
15442 15437 -940
15442 15442 40
15443 15438 523
15443 15443 -645
15444 15439 71
15444 15444 -653
15445 15440 -538
15445 15445 -767
15446 15441 -66
15446 15446 693
15447 15442 -475
15447 15447 395
15448 15443 -246
15448 15448 997
15449 15444 -433
15449 15449 500
15450 15445 -358
15450 15450 -716
15451 15446 49
15451 15451 -299
15452 15447 -581
15452 15452 -912
15453 15448 947
15453 15453 572
15454 15449 -925
15454 15454 382
15455 15450 -669
15455 15455 -628
15456 15451 -104
15456 15456 -179
15457 15452 77
15457 15457 876
15458 15453 -434
15458 15458 -832
15459 15454 988
15459 15459 507
15460 15455 684
15460 15460 895
15461 15456 -722
15461 15461 595
15462 15457 419
15462 15462 643
15463 15458 266
15463 15463 -650
15464 15459 -672
15464 15464 207
15465 15460 -870
15465 15465 522
15466 15461 555
15466 15466 -555
15467 15462 -367
15467 15467 -735
15468 15463 366
15468 15468 244
15469 15464 -237
15469 15469 -232
15470 15465 96
15470 15470 827
15471 15466 844
15471 15471 428
15472 15467 159
15472 15472 -641
15473 15468 -816
15473 15473 -508
15474 15469 -991
15474 15474 -221
15475 15470 -894
15475 15475 529
15476 15471 47
15476 15476 -181
15477 15472 167
15477 15477 -712
15478 15473 295
15478 15478 -120
15479 15474 212
15479 15479 419
15480 15475 -452
15480 15480 -899
15481 15476 -594
15481 15481 -188
15482 15477 -988
15482 15482 -636
15483 15478 672
15483 15483 -344
15484 15479 870
15484 15484 -225
15485 15480 220
15485 15485 700
15486 15481 -890
15486 15486 441
15487 15482 897
15487 15487 465
15488 15483 -111
15488 15488 813
15489 15484 835
15489 15489 -126
15490 15485 803
15490 15490 -685
15491 15486 -285
15491 15491 -386
15492 15487 113
15492 15492 259
15493 15488 -183
15493 15493 735
15494 15489 874
15494 15494 209
15495 15490 -195
15495 15495 94
15496 15491 202
15496 15496 -497
15497 15492 834
15497 15497 730
15498 15493 277
15498 15498 -113
15499 15494 575
15499 15499 486
15500 15495 -773
15500 15500 -703
15501 15496 867
15501 15501 318
15502 15497 770
15502 15502 280
15503 15498 106
15503 15503 -510
15504 15499 455
15504 15504 -172
15505 15500 -622
15505 15505 838
15506 15501 469
15506 15506 -235
15507 15502 798
15507 15507 -905
15508 15503 -977
15508 15508 -359
15509 15504 -60
15509 15509 7
15510 15505 575
15510 15510 368
15511 15506 -420
15511 15511 -925
15512 15507 513
15512 15512 -538
15513 15508 284
15513 15513 711
15514 15509 -137
15514 15514 -651
15515 15510 -234
15515 15515 -576
15516 15511 -268
15516 15516 30
15517 15512 -51
15517 15517 -424
15518 15513 666
15518 15518 531
15519 15514 -841
15519 15519 188
15520 15515 -78
15520 15520 -12
15521 15516 845
15521 15521 -896
15522 15517 -482
15522 15522 458
15523 15518 -971
15523 15523 -922
15524 15519 105
15524 15524 -730
15525 15520 -66
15525 15525 -556
15526 15521 912
15526 15526 -157
15527 15522 954
15527 15527 -412
15528 15523 -588
15528 15528 887
15529 15524 -38
15529 15529 -288
15530 15525 -997
15530 15530 266
15531 15526 -539
15531 15531 -561
15532 15527 780
15532 15532 185
15533 15528 260
15533 15533 852
15534 15529 308
15534 15534 -932
15535 15530 -957
15535 15535 -337
15536 15531 896
15536 15536 -529
15537 15532 285
15537 15537 -91
15538 15533 919
15538 15538 686
15539 15534 -572
15539 15539 713
15540 15535 713
15540 15540 -399
15541 15536 -879
15541 15541 -597
15542 15537 -216
15542 15542 562
15543 15538 251
15543 15543 858
15544 15539 500
15544 15544 363
15545 15540 940
15545 15545 104
15546 15541 743
15546 15546 -285
15547 15542 363
15547 15547 259
15548 15543 275
15548 15548 -813
15549 15544 791
15549 15549 388
15550 15545 -846
15550 15550 703
15551 15546 -647
15551 15551 -46
15552 15547 -448
15552 15552 -933
15553 15548 247
15553 15553 376
15554 15549 -502
15554 15554 -177
15555 15550 -285
15555 15555 474
15556 15551 720
15556 15556 -504
15557 15552 797
15557 15557 -373
15558 15553 -626
15558 15558 402
15559 15554 824
15559 15559 -363
15560 15555 261
15560 15560 -16
15561 15556 -675
15561 15561 630
15562 15557 -732
15562 15562 -569
15563 15558 871
15563 15563 -154
15564 15559 -381
15564 15564 359
15565 15560 -643
15565 15565 -323
15566 15561 38
15566 15566 838
15567 15562 245
15567 15567 651
15568 15563 730
15568 15568 -992
15569 15564 -79
15569 15569 136
15570 15565 280
15570 15570 -19
15571 15566 276
15571 15571 -462
15572 15567 432
15572 15572 150
15573 15568 600
15573 15573 -656
15574 15569 960
15574 15574 -478
15575 15570 658
15575 15575 810
15576 15571 427
15576 15576 -603
15577 15572 -628
15577 15577 149
15578 15573 45
15578 15578 69
15579 15574 -160
15579 15579 -131
15580 15575 -158
15580 15580 -806
15581 15576 -196
15581 15581 549
15582 15577 211
15582 15582 846
15583 15578 485
15583 15583 -702
15584 15579 -989
15584 15584 32
15585 15580 -743
15585 15585 306
15586 15581 40
15586 15586 -579
15587 15582 -73
15587 15587 400
15588 15583 -260
15588 15588 -792
15589 15584 -343
15589 15589 -699
15590 15585 -96
15590 15590 -342
15591 15586 -209
15591 15591 -499
15592 15587 -324
15592 15592 198
15593 15588 560
15593 15593 -177
15594 15589 986
15594 15594 392
15595 15590 35
15595 15595 320
15596 15591 866
15596 15596 -362
15597 15592 -492
15597 15597 -711
15598 15593 96
15598 15598 -687
15599 15594 981
15599 15599 -830
15600 15595 931
15600 15600 -890
15601 15596 600
15601 15601 -976
15602 15597 63
15602 15602 85
15603 15598 -746
15603 15603 -388
15604 15599 598
15604 15604 -283
15605 15600 63
15605 15605 130
15606 15601 -686
15606 15606 -143
15607 15602 759
15607 15607 -555
15608 15603 718
15608 15608 468
15609 15604 355
15609 15609 93
15610 15605 -867
15610 15610 228
15611 15606 -279
15611 15611 -611
15612 15607 -115
15612 15612 -490
15613 15608 -486
15613 15613 662
15614 15609 -668
15614 15614 30
15615 15610 912
15615 15615 -837
15616 15611 -628
15616 15616 394
15617 15612 -805
15617 15617 -594
15618 15613 91
15618 15618 -366
15619 15614 -583
15619 15619 -779
15620 15615 793
15620 15620 -677
15621 15616 -624
15621 15621 638
15622 15617 884
15622 15622 -402
15623 15618 993
15623 15623 274
15624 15619 -350
15624 15624 601
15625 15620 -515
15625 15625 -693
15626 15621 814
15626 15626 608
15627 15622 -375
15627 15627 551
15628 15623 -186
15628 15628 966
15629 15624 -733
15629 15629 239
15630 15625 586
15630 15630 205
15631 15626 88
15631 15631 246
15632 15627 350
15632 15632 568
15633 15628 -214
15633 15633 -906
15634 15629 -949
15634 15634 299
15635 15630 -629
15635 15635 388
15636 15631 860
15636 15636 -652
15637 15632 -788
15637 15637 -583
15638 15633 -796
15638 15638 218
15639 15634 -731
15639 15639 -116
15640 15635 -515
15640 15640 -113
15641 15636 -537
15641 15641 -856
15642 15637 -764
15642 15642 423
15643 15638 940
15643 15643 -757
15644 15639 904
15644 15644 718
15645 15640 406
15645 15645 -28
15646 15641 103
15646 15646 -712
15647 15642 981
15647 15647 728
15648 15643 273
15648 15648 -25
15649 15644 -725
15649 15649 -180
15650 15645 -967
15650 15650 -735
15651 15646 280
15651 15651 -174
15652 15647 713
15652 15652 -876
15653 15648 952
15653 15653 -747
15654 15649 -90
15654 15654 136
15655 15650 572
15655 15655 143
15656 15651 133
15656 15656 558
15657 15652 -12
15657 15657 299
15658 15653 932
15658 15658 -980
15659 15654 954
15659 15659 294
15660 15655 559
15660 15660 982
15661 15656 -365
15661 15661 607
15662 15657 252
15662 15662 -353
15663 15658 -931
15663 15663 872
15664 15659 -610
15664 15664 271
15665 15660 218
15665 15665 585
15666 15661 649
15666 15666 -412
15667 15662 -77
15667 15667 -626
15668 15663 -564
15668 15668 557
15669 15664 -53
15669 15669 87
15670 15665 -80
15670 15670 -876
15671 15666 -892
15671 15671 421
15672 15667 664
15672 15672 -651
15673 15668 705
15673 15673 -449
15674 15669 -347
15674 15674 -998
15675 15670 362
15675 15675 529
15676 15671 242
15676 15676 563
15677 15672 -460
15677 15677 -444
15678 15673 -897
15678 15678 235
15679 15674 846
15679 15679 411
15680 15675 295
15680 15680 -723
15681 15676 -77
15681 15681 6
15682 15677 334
15682 15682 -556
15683 15678 125
15683 15683 -846
15684 15679 142
15684 15684 -966
15685 15680 665
15685 15685 750
15686 15681 584
15686 15686 440
15687 15682 720
15687 15687 636
15688 15683 353
15688 15688 -178
15689 15684 615
15689 15689 -476
15690 15685 -75
15690 15690 747
15691 15686 30
15691 15691 -243
15692 15687 -250
15692 15692 -456
15693 15688 -153
15693 15693 -190
15694 15689 -270
15694 15694 331
15695 15690 -261
15695 15695 61
15696 15691 -586
15696 15696 -942
15697 15692 -785
15697 15697 -869
15698 15693 -607
15698 15698 848
15699 15694 -436
15699 15699 17
15700 15695 58
15700 15700 706
15701 15696 -405
15701 15701 -527
15702 15697 5
15702 15702 -684
15703 15698 399
15703 15703 -436
15704 15699 -981
15704 15704 -66
15705 15700 533
15705 15705 826
15706 15701 -929
15706 15706 122
15707 15702 73
15707 15707 853
15708 15703 42
15708 15708 -873
15709 15704 -926
15709 15709 676
15710 15705 -520
15710 15710 -983
15711 15706 733
15711 15711 -131
15712 15707 -91
15712 15712 636
15713 15708 -325
15713 15713 984
15714 15709 694
15714 15714 -497
15715 15710 619
15715 15715 -776
15716 15711 283
15716 15716 208
15717 15712 -38
15717 15717 318
15718 15713 -1
15718 15718 -180
15719 15714 -361
15719 15719 336
15720 15715 629
15720 15720 -807
15721 15716 270
15721 15721 789
15722 15717 93
15722 15722 124
15723 15718 267
15723 15723 951
15724 15719 -791
15724 15724 -919
15725 15720 236
15725 15725 -530
15726 15721 -414
15726 15726 -457
15727 15722 422
15727 15727 -601
15728 15723 881
15728 15728 257
15729 15724 87
15729 15729 75
15730 15725 825
15730 15730 851
15731 15726 216
15731 15731 788
15732 15727 -206
15732 15732 242
15733 15728 -641
15733 15733 277
15734 15729 -903
15734 15734 -660
15735 15730 -341
15735 15735 101
15736 15731 -801
15736 15736 -703
15737 15732 161
15737 15737 -609
15738 15733 -215
15738 15738 -59
15739 15734 94
15739 15739 -609
15740 15735 -239
15740 15740 287
15741 15736 -372
15741 15741 -323
15742 15737 327
15742 15742 3
15743 15738 204
15743 15743 -809
15744 15739 495
15744 15744 -306
15745 15740 -121
15745 15745 -154
15746 15741 -739
15746 15746 940
15747 15742 348
15747 15747 -462
15748 15743 880
15748 15748 -643
15749 15744 2
15749 15749 695
15750 15745 722
15750 15750 -912
15751 15746 -872
15751 15751 -196
15752 15747 -995
15752 15752 139
15753 15748 189
15753 15753 -531
15754 15749 919
15754 15754 655
15755 15750 -261
15755 15755 216
15756 15751 36
15756 15756 765
15757 15752 627
15757 15757 520
15758 15753 -946
15758 15758 251
15759 15754 -568
15759 15759 -468
15760 15755 219
15760 15760 648
15761 15756 87
15761 15761 221
15762 15757 -534
15762 15762 483
15763 15758 4
15763 15763 -584
15764 15759 -18
15764 15764 -563
15765 15760 -639
15765 15765 996
15766 15761 290
15766 15766 -411
15767 15762 -622
15767 15767 -608
15768 15763 -948
15768 15768 -777
15769 15764 886
15769 15769 261
15770 15765 -621
15770 15770 710
15771 15766 995
15771 15771 892
15772 15767 -664
15772 15772 176
15773 15768 416
15773 15773 219
15774 15769 -988
15774 15774 -736
15775 15770 -670
15775 15775 60
15776 15771 -605
15776 15776 -983
15777 15772 172
15777 15777 -216
15778 15773 -855
15778 15778 -823
15779 15774 511
15779 15779 -483
15780 15775 -350
15780 15780 954
15781 15776 428
15781 15781 -362
15782 15777 116
15782 15782 357
15783 15778 263
15783 15783 388
15784 15779 529
15784 15784 -967
15785 15780 -884
15785 15785 668
15786 15781 583
15786 15786 -504
15787 15782 201
15787 15787 661
15788 15783 -458
15788 15788 -169
15789 15784 389
15789 15789 -468
15790 15785 764
15790 15790 -431
15791 15786 245
15791 15791 761
15792 15787 -602
15792 15792 496
15793 15788 -210
15793 15793 336
15794 15789 -888
15794 15794 -800
15795 15790 -821
15795 15795 -11
15796 15791 88
15796 15796 299
15797 15792 734
15797 15797 -349
15798 15793 857
15798 15798 -511
15799 15794 733
15799 15799 -696
15800 15795 -84
15800 15800 -666
15801 15796 989
15801 15801 -171
15802 15797 842
15802 15802 -127
15803 15798 630
15803 15803 -980
15804 15799 -500
15804 15804 159
15805 15800 -169
15805 15805 208
15806 15801 361
15806 15806 397
15807 15802 659
15807 15807 880
15808 15803 295
15808 15808 -408
15809 15804 499
15809 15809 -423
15810 15805 406
15810 15810 386
15811 15806 161
15811 15811 408
15812 15807 -743
15812 15812 -783
15813 15808 201
15813 15813 240
15814 15809 669
15814 15814 950
15815 15810 -582
15815 15815 -592
15816 15811 644
15816 15816 -203
15817 15812 -851
15817 15817 797
15818 15813 -81
15818 15818 991
15819 15814 -625
15819 15819 -38
15820 15815 -925
15820 15820 -364
15821 15816 -720
15821 15821 779
15822 15817 -521
15822 15822 -113
15823 15818 293
15823 15823 355
15824 15819 -456
15824 15824 928
15825 15820 917
15825 15825 421
15826 15821 -548
15826 15826 -982
15827 15822 -63
15827 15827 747
15828 15823 871
15828 15828 -469
15829 15824 -878
15829 15829 -828
15830 15825 554
15830 15830 862
15831 15826 -497
15831 15831 223
15832 15827 -452
15832 15832 247
15833 15828 -736
15833 15833 -593
15834 15829 275
15834 15834 590
15835 15830 -217
15835 15835 644
15836 15831 -781
15836 15836 127
15837 15832 -161
15837 15837 356
15838 15833 -503
15838 15838 686
15839 15834 -36
15839 15839 599
15840 15835 402
15840 15840 -444
15841 15836 -25
15841 15841 559
15842 15837 858
15842 15842 396
15843 15838 348
15843 15843 200
15844 15839 -911
15844 15844 742
15845 15840 -336
15845 15845 -375
15846 15841 562
15846 15846 23
15847 15842 10
15847 15847 -549
15848 15843 124
15848 15848 -133
15849 15844 -595
15849 15849 814
15850 15845 270
15850 15850 -798
15851 15846 -104
15851 15851 -121
15852 15847 -813
15852 15852 851
15853 15848 888
15853 15853 782
15854 15849 -577
15854 15854 -862
15855 15850 429
15855 15855 365
15856 15851 32
15856 15856 993
15857 15852 -689
15857 15857 464
15858 15853 -682
15858 15858 -798
15859 15854 198
15859 15859 96
15860 15855 -67
15860 15860 -743
15861 15856 -2
15861 15861 532
15862 15857 -930
15862 15862 736
15863 15858 498
15863 15863 72
15864 15859 758
15864 15864 115
15865 15860 -291
15865 15865 -279
15866 15861 -6
15866 15866 -327
15867 15862 97
15867 15867 -522
15868 15863 -72
15868 15868 52
15869 15864 314
15869 15869 -754
15870 15865 212
15870 15870 -162
15871 15866 -682
15871 15871 616
15872 15867 937
15872 15872 -481
15873 15868 68
15873 15873 171
15874 15869 148
15874 15874 894
15875 15870 43
15875 15875 326
15876 15871 119
15876 15876 -116
15877 15872 808
15877 15877 -355
15878 15873 940
15878 15878 300
15879 15874 -96
15879 15879 260
15880 15875 62
15880 15880 159
15881 15876 464
15881 15881 751
15882 15877 786
15882 15882 -649
15883 15878 902
15883 15883 119
15884 15879 -668
15884 15884 801
15885 15880 729
15885 15885 322
15886 15881 -683
15886 15886 388
15887 15882 -294
15887 15887 256
15888 15883 242
15888 15888 570
15889 15884 738
15889 15889 -940
15890 15885 824
15890 15890 -980
15891 15886 -705
15891 15891 -861
15892 15887 -424
15892 15892 -199
15893 15888 587
15893 15893 828
15894 15889 592
15894 15894 -980
15895 15890 -504
15895 15895 -786
15896 15891 -927
15896 15896 894
15897 15892 33
15897 15897 745
15898 15893 -58
15898 15898 660
15899 15894 -517
15899 15899 -786
15900 15895 166
15900 15900 23
15901 15896 981
15901 15901 -856
15902 15897 956
15902 15902 -42
15903 15898 -754
15903 15903 -27
15904 15899 -565
15904 15904 75
15905 15900 -724
15905 15905 -389
15906 15901 -585
15906 15906 -5
15907 15902 810
15907 15907 -642
15908 15903 -655
15908 15908 634
15909 15904 -419
15909 15909 207
15910 15905 -101
15910 15910 -753
15911 15906 838
15911 15911 183
15912 15907 -14
15912 15912 -650
15913 15908 552
15913 15913 5
15914 15909 -896
15914 15914 -850
15915 15910 -790
15915 15915 -155
15916 15911 328
15916 15916 -263
15917 15912 -322
15917 15917 806
15918 15913 -221
15918 15918 261
15919 15914 910
15919 15919 -762
15920 15915 139
15920 15920 445
15921 15916 -291
15921 15921 -390
15922 15917 -58
15922 15922 -987
15923 15918 510
15923 15923 637
15924 15919 -856
15924 15924 -255
15925 15920 519
15925 15925 -1
15926 15921 -741
15926 15926 245
15927 15922 -705
15927 15927 800
15928 15923 691
15928 15928 -950
15929 15924 972
15929 15929 697
15930 15925 -578
15930 15930 706
15931 15926 223
15931 15931 -486
15932 15927 390
15932 15932 438
15933 15928 -195
15933 15933 -425
15934 15929 -612
15934 15934 -153
15935 15930 -375
15935 15935 -636
15936 15931 -862
15936 15936 839
15937 15932 175
15937 15937 574
15938 15933 -473
15938 15938 -885
15939 15934 -864
15939 15939 854
15940 15935 223
15940 15940 -62
15941 15936 -623
15941 15941 932
15942 15937 622
15942 15942 906
15943 15938 578
15943 15943 -100
15944 15939 177
15944 15944 -571
15945 15940 410
15945 15945 -288
15946 15941 -382
15946 15946 1
15947 15942 715
15947 15947 729
15948 15943 -234
15948 15948 611
15949 15944 309
15949 15949 -710
15950 15945 865
15950 15950 -633
15951 15946 -422
15951 15951 616
15952 15947 395
15952 15952 -777
15953 15948 654
15953 15953 -939
15954 15949 627
15954 15954 -917
15955 15950 -33
15955 15955 -41
15956 15951 426
15956 15956 -636
15957 15952 -573
15957 15957 -190
15958 15953 -820
15958 15958 503
15959 15954 -571
15959 15959 -932
15960 15955 900
15960 15960 -353
15961 15956 -371
15961 15961 -229
15962 15957 -423
15962 15962 -656
15963 15958 -351
15963 15963 884
15964 15959 215
15964 15964 476
15965 15960 750
15965 15965 42
15966 15961 -805
15966 15966 180
15967 15962 -48
15967 15967 598
15968 15963 232
15968 15968 547
15969 15964 272
15969 15969 76
15970 15965 809
15970 15970 -144
15971 15966 -130
15971 15971 909
15972 15967 806
15972 15972 300
15973 15968 883
15973 15973 -774
15974 15969 -839
15974 15974 887
15975 15970 -186
15975 15975 -17
15976 15971 -887
15976 15976 -1
15977 15972 687
15977 15977 110
15978 15973 803
15978 15978 -807
15979 15974 165
15979 15979 196
15980 15975 65
15980 15980 566
15981 15976 861
15981 15981 459
15982 15977 -982
15982 15982 676
15983 15978 -190
15983 15983 508
15984 15979 849
15984 15984 -205
15985 15980 536
15985 15985 -166
15986 15981 949
15986 15986 251
15987 15982 -513
15987 15987 -255
15988 15983 923
15988 15988 -691
15989 15984 355
15989 15989 -465
15990 15985 -818
15990 15990 -744
15991 15986 -196
15991 15991 253
15992 15987 831
15992 15992 125
15993 15988 732
15993 15993 778
15994 15989 650
15994 15994 -743
15995 15990 949
15995 15995 -909
15996 15991 -18
15996 15996 -627
15997 15992 -798
15997 15997 584
15998 15993 571
15998 15998 758
15999 15994 -964
15999 15999 969
16000 15995 -468
16000 16000 -866
16001 15996 -936
16001 16001 -961
16002 15997 -340
16002 16002 -593
16003 15998 721
16003 16003 -127
16004 15999 898
16004 16004 -273
16005 16000 -379
16005 16005 451
16006 16001 287
16006 16006 -748
16007 16002 -803
16007 16007 763
16008 16003 693
16008 16008 962
16009 16004 -805
16009 16009 497
16010 16005 -32
16010 16010 150
16011 16006 420
16011 16011 705
16012 16007 48
16012 16012 -780
16013 16008 628
16013 16013 153
16014 16009 314
16014 16014 622
16015 16010 251
16015 16015 268
16016 16011 -826
16016 16016 562
16017 16012 -945
16017 16017 713
16018 16013 236
16018 16018 -705
16019 16014 -739
16019 16019 -305
16020 16015 -159
16020 16020 -167
16021 16016 -98
16021 16021 -317
16022 16017 632
16022 16022 -316
16023 16018 853
16023 16023 976
16024 16019 -683
16024 16024 -825
16025 16020 11
16025 16025 609
16026 16021 846
16026 16026 -784
16027 16022 32
16027 16027 861
16028 16023 941
16028 16028 -990
16029 16024 967
16029 16029 -175
16030 16025 -732
16030 16030 -863
16031 16026 498
16031 16031 167
16032 16027 533
16032 16032 -903
16033 16028 777
16033 16033 799
16034 16029 -839
16034 16034 -211
16035 16030 963
16035 16035 754
16036 16031 111
16036 16036 782
16037 16032 -535
16037 16037 835
16038 16033 -186
16038 16038 -916
16039 16034 738
16039 16039 350
16040 16035 -541
16040 16040 548
16041 16036 -220
16041 16041 879
16042 16037 587
16042 16042 156
16043 16038 439
16043 16043 87
16044 16039 789
16044 16044 -873
16045 16040 -624
16045 16045 86
16046 16041 -820
16046 16046 97
16047 16042 -379
16047 16047 -54
16048 16043 -759
16048 16048 -312
16049 16044 -372
16049 16049 63
16050 16045 866
16050 16050 858
16051 16046 -427
16051 16051 -591
16052 16047 691
16052 16052 -878
16053 16048 769
16053 16053 560
16054 16049 -861
16054 16054 33
16055 16050 340
16055 16055 -714
16056 16051 -377
16056 16056 -398
16057 16052 -402
16057 16057 521
16058 16053 -714
16058 16058 -683
16059 16054 962
16059 16059 -373
16060 16055 -532
16060 16060 625
16061 16056 -624
16061 16061 4
16062 16057 -713
16062 16062 -794
16063 16058 108
16063 16063 -109
16064 16059 441
16064 16064 -7
16065 16060 -593
16065 16065 -521
16066 16061 758
16066 16066 -81
16067 16062 -173
16067 16067 276
16068 16063 -618
16068 16068 535
16069 16064 384
16069 16069 542
16070 16065 166
16070 16070 -787
16071 16066 40
16071 16071 -594
16072 16067 -617
16072 16072 -126
16073 16068 -953
16073 16073 780
16074 16069 6
16074 16074 -121
16075 16070 10
16075 16075 -528
16076 16071 -428
16076 16076 170
16077 16072 -883
16077 16077 -176
16078 16073 147
16078 16078 -429
16079 16074 -2
16079 16079 -868
16080 16075 115
16080 16080 -824
16081 16076 784
16081 16081 666
16082 16077 -227
16082 16082 -840
16083 16078 -991
16083 16083 329
16084 16079 -283
16084 16084 -374
16085 16080 924
16085 16085 762
16086 16081 954
16086 16086 -482
16087 16082 664
16087 16087 718
16088 16083 -294
16088 16088 -821
16089 16084 -80
16089 16089 349
16090 16085 -245
16090 16090 -419
16091 16086 -998
16091 16091 -848
16092 16087 605
16092 16092 -179
16093 16088 -268
16093 16093 -494
16094 16089 -351
16094 16094 971
16095 16090 923
16095 16095 -522
16096 16091 232
16096 16096 938
16097 16092 -262
16097 16097 37
16098 16093 624
16098 16098 487
16099 16094 533
16099 16099 283
16100 16095 -52
16100 16100 134
16101 16096 -256
16101 16101 -781
16102 16097 100
16102 16102 -845
16103 16098 763
16103 16103 504
16104 16099 -255
16104 16104 -582
16105 16100 251
16105 16105 189
16106 16101 660
16106 16106 820
16107 16102 -779
16107 16107 898
16108 16103 865
16108 16108 930
16109 16104 137
16109 16109 -929
16110 16105 538
16110 16110 362
16111 16106 -78
16111 16111 -639
16112 16107 -343
16112 16112 -193
16113 16108 198
16113 16113 945
16114 16109 471
16114 16114 -506
16115 16110 -103
16115 16115 -559
16116 16111 124
16116 16116 307
16117 16112 -889
16117 16117 125
16118 16113 -906
16118 16118 151
16119 16114 619
16119 16119 -350
16120 16115 -598
16120 16120 885
16121 16116 337
16121 16121 424
16122 16117 -700
16122 16122 844
16123 16118 653
16123 16123 -186
16124 16119 -103
16124 16124 607
16125 16120 776
16125 16125 -302
16126 16121 -433
16126 16126 -187
16127 16122 -595
16127 16127 106
16128 16123 -487
16128 16128 953
16129 16124 384
16129 16129 -76
16130 16125 495
16130 16130 -339
16131 16126 131
16131 16131 -735
16132 16127 674
16132 16132 -613
16133 16128 -760
16133 16133 -860
16134 16129 77
16134 16134 5
16135 16130 -924
16135 16135 869
16136 16131 232
16136 16136 -80
16137 16132 764
16137 16137 405
16138 16133 494
16138 16138 333
16139 16134 195
16139 16139 261
16140 16135 -33
16140 16140 -439
16141 16136 606
16141 16141 946
16142 16137 842
16142 16142 951
16143 16138 -267
16143 16143 -452
16144 16139 243
16144 16144 353
16145 16140 -937
16145 16145 -669
16146 16141 9
16146 16146 28
16147 16142 -566
16147 16147 887
16148 16143 -57
16148 16148 979
16149 16144 -933
16149 16149 309
16150 16145 985
16150 16150 -567
16151 16146 759
16151 16151 100
16152 16147 -898
16152 16152 -668
16153 16148 723
16153 16153 974
16154 16149 493
16154 16154 985
16155 16150 -699
16155 16155 -249
16156 16151 282
16156 16156 -836
16157 16152 617
16157 16157 943
16158 16153 361
16158 16158 -579
16159 16154 -476
16159 16159 816
16160 16155 -481
16160 16160 966
16161 16156 -691
16161 16161 -433
16162 16157 507
16162 16162 502
16163 16158 566
16163 16163 -654
16164 16159 -756
16164 16164 462
16165 16160 868
16165 16165 763
16166 16161 327
16166 16166 -659
16167 16162 -939
16167 16167 975
16168 16163 866
16168 16168 -978
16169 16164 -868
16169 16169 577
16170 16165 712
16170 16170 472
16171 16166 80
16171 16171 -156
16172 16167 273
16172 16172 -846
16173 16168 37
16173 16173 -347
16174 16169 -846
16174 16174 -421
16175 16170 564
16175 16175 988
16176 16171 121
16176 16176 617
16177 16172 -629
16177 16177 -618
16178 16173 15
16178 16178 917
16179 16174 157
16179 16179 -23
16180 16175 -148
16180 16180 -289
16181 16176 -828
16181 16181 991
16182 16177 -296
16182 16182 310
16183 16178 194
16183 16183 841
16184 16179 931
16184 16184 -740
16185 16180 181
16185 16185 -357
16186 16181 -439
16186 16186 -254
16187 16182 -834
16187 16187 292
16188 16183 -702
16188 16188 -554
16189 16184 -136
16189 16189 771
16190 16185 -293
16190 16190 802
16191 16186 472
16191 16191 -679
16192 16187 564
16192 16192 -44
16193 16188 -454
16193 16193 413
16194 16189 624
16194 16194 -51
16195 16190 378
16195 16195 959
16196 16191 996
16196 16196 -775
16197 16192 -348
16197 16197 -95
16198 16193 44
16198 16198 -767
16199 16194 -799
16199 16199 582
16200 16195 999
16200 16200 890
16201 16196 -666
16201 16201 -341
16202 16197 -442
16202 16202 887
16203 16198 909
16203 16203 618
16204 16199 849
16204 16204 -237
16205 16200 -326
16205 16205 -732
16206 16201 -64
16206 16206 -161
16207 16202 -664
16207 16207 -117
16208 16203 415
16208 16208 -579
16209 16204 732
16209 16209 286
16210 16205 381
16210 16210 -911
16211 16206 159
16211 16211 -431
16212 16207 367
16212 16212 554
16213 16208 11
16213 16213 -197
16214 16209 -849
16214 16214 -395
16215 16210 680
16215 16215 304
16216 16211 771
16216 16216 -702
16217 16212 71
16217 16217 794
16218 16213 246
16218 16218 -406
16219 16214 356
16219 16219 -478
16220 16215 451
16220 16220 -246
16221 16216 -998
16221 16221 -376
16222 16217 392
16222 16222 170
16223 16218 -641
16223 16223 504
16224 16219 -711
16224 16224 -973
16225 16220 132
16225 16225 -330
16226 16221 593
16226 16226 -148
16227 16222 -81
16227 16227 758
16228 16223 844
16228 16228 -595
16229 16224 -577
16229 16229 432
16230 16225 -572
16230 16230 -453
16231 16226 832
16231 16231 -398
16232 16227 349
16232 16232 918
16233 16228 469
16233 16233 193
16234 16229 -81
16234 16234 553
16235 16230 -992
16235 16235 195
16236 16231 -61
16236 16236 168
16237 16232 462
16237 16237 -914
16238 16233 -706
16238 16238 885
16239 16234 333
16239 16239 -191
16240 16235 720
16240 16240 -461
16241 16236 -286
16241 16241 -247
16242 16237 574
16242 16242 -572
16243 16238 -670
16243 16243 705
16244 16239 -893
16244 16244 593
16245 16240 -695
16245 16245 -69
16246 16241 -351
16246 16246 443
16247 16242 562
16247 16247 -159
16248 16243 -670
16248 16248 -751
16249 16244 443
16249 16249 617
16250 16245 -661
16250 16250 -501
16251 16246 70
16251 16251 526
16252 16247 -699
16252 16252 566
16253 16248 -291
16253 16253 577
16254 16249 -802
16254 16254 48
16255 16250 -450
16255 16255 -883
16256 16251 -943
16256 16256 -827
16257 16252 373
16257 16257 323
16258 16253 -119
16258 16258 -41
16259 16254 912
16259 16259 -261
16260 16255 -863
16260 16260 -493
16261 16256 543
16261 16261 -150
16262 16257 558
16262 16262 -610
16263 16258 -674
16263 16263 54
16264 16259 723
16264 16264 118
16265 16260 -368
16265 16265 867
16266 16261 500
16266 16266 903
16267 16262 -904
16267 16267 -309
16268 16263 -337
16268 16268 828
16269 16264 -915
16269 16269 888
16270 16265 -615
16270 16270 794
16271 16266 207
16271 16271 -850
16272 16267 289
16272 16272 -284
16273 16268 780
16273 16273 -744
16274 16269 551
16274 16274 -552
16275 16270 -210
16275 16275 228
16276 16271 -88
16276 16276 -563
16277 16272 -670
16277 16277 -136
16278 16273 855
16278 16278 513
16279 16274 -373
16279 16279 -342
16280 16275 -278
16280 16280 11
16281 16276 404
16281 16281 -925
16282 16277 936
16282 16282 968
16283 16278 642
16283 16283 -339
16284 16279 -425
16284 16284 -532
16285 16280 167
16285 16285 492
16286 16281 364
16286 16286 76
16287 16282 -701
16287 16287 -250
16288 16283 590
16288 16288 -333
16289 16284 504
16289 16289 397
16290 16285 18
16290 16290 106
16291 16286 -506
16291 16291 -657
16292 16287 -229
16292 16292 -882
16293 16288 778
16293 16293 -136
16294 16289 -981
16294 16294 -161
16295 16290 420
16295 16295 -154
16296 16291 -789
16296 16296 -238
16297 16292 -74
16297 16297 103
16298 16293 779
16298 16298 -797
16299 16294 -472
16299 16299 -687
16300 16295 -43
16300 16300 72
16301 16296 -903
16301 16301 799
16302 16297 -898
16302 16302 -741
16303 16298 705
16303 16303 292
16304 16299 66
16304 16304 709
16305 16300 -992
16305 16305 759
16306 16301 186
16306 16306 -196
16307 16302 957
16307 16307 -532
16308 16303 991
16308 16308 -561
16309 16304 -188
16309 16309 -203
16310 16305 476
16310 16310 -698
16311 16306 -448
16311 16311 -259
16312 16307 -692
16312 16312 905
16313 16308 -22
16313 16313 394
16314 16309 -488
16314 16314 302
16315 16310 -319
16315 16315 -493
16316 16311 356
16316 16316 -313
16317 16312 182
16317 16317 739
16318 16313 -604
16318 16318 -822
16319 16314 284
16319 16319 975
16320 16315 -349
16320 16320 111
16321 16316 -347
16321 16321 590
16322 16317 -34
16322 16322 -340
16323 16318 31
16323 16323 440
16324 16319 756
16324 16324 -492
16325 16320 -497
16325 16325 940
16326 16321 -969
16326 16326 -681
16327 16322 -16
16327 16327 -708
16328 16323 704
16328 16328 -619
16329 16324 -832
16329 16329 -11
16330 16325 914
16330 16330 -210
16331 16326 87
16331 16331 -543
16332 16327 576
16332 16332 -654
16333 16328 949
16333 16333 876
16334 16329 -770
16334 16334 -297
16335 16330 990
16335 16335 516
16336 16331 719
16336 16336 -503
16337 16332 323
16337 16337 -548
16338 16333 -305
16338 16338 503
16339 16334 972
16339 16339 -376
16340 16335 -9
16340 16340 517
16341 16336 -34
16341 16341 -867
16342 16337 -387
16342 16342 78
16343 16338 671
16343 16343 -847
16344 16339 999
16344 16344 649
16345 16340 -915
16345 16345 -854
16346 16341 -260
16346 16346 301
16347 16342 230
16347 16347 -733
16348 16343 329
16348 16348 -912
16349 16344 -252
16349 16349 -359
16350 16345 816
16350 16350 -730
16351 16346 689
16351 16351 256
16352 16347 205
16352 16352 -254
16353 16348 363
16353 16353 401
16354 16349 119
16354 16354 131
16355 16350 -754
16355 16355 -17
16356 16351 596
16356 16356 -462
16357 16352 -18
16357 16357 286
16358 16353 746
16358 16358 434
16359 16354 -321
16359 16359 -578
16360 16355 -137
16360 16360 272
16361 16356 234
16361 16361 -937
16362 16357 710
16362 16362 13
16363 16358 -19
16363 16363 591
16364 16359 192
16364 16364 -46
16365 16360 732
16365 16365 -322
16366 16361 -194
16366 16366 909
16367 16362 971
16367 16367 -221
16368 16363 752
16368 16368 -615
16369 16364 -657
16369 16369 -805
16370 16365 662
16370 16370 -738
16371 16366 39
16371 16371 -126
16372 16367 179
16372 16372 295
16373 16368 225
16373 16373 432
16374 16369 -324
16374 16374 -424
16375 16370 -504
16375 16375 597
16376 16371 560
16376 16376 -933
16377 16372 324
16377 16377 703
16378 16373 794
16378 16378 -718
16379 16374 655
16379 16379 321
16380 16375 216
16380 16380 -556
16381 16376 308
16381 16381 187
16382 16377 -457
16382 16382 821
16383 16378 253
16383 16383 219
16384 16379 -422
16384 16384 101
16385 16380 -442
16385 16385 -608
16386 16381 -990
16386 16386 -120
16387 16382 915
16387 16387 -412
16388 16383 632
16388 16388 887
16389 16384 410
16389 16389 -262
16390 16385 -641
16390 16390 -768
16391 16386 772
16391 16391 23
16392 16387 -808
16392 16392 -875
16393 16388 -131
16393 16393 -934
16394 16389 -703
16394 16394 -65
16395 16390 921
16395 16395 -887
16396 16391 -223
16396 16396 -184
16397 16392 685
16397 16397 220
16398 16393 -542
16398 16398 958
16399 16394 53
16399 16399 109
16400 16395 350
16400 16400 483
16401 16396 241
16401 16401 986
16402 16397 944
16402 16402 444
16403 16398 61
16403 16403 -624
16404 16399 -720
16404 16404 -283
16405 16400 742
16405 16405 724
16406 16401 970
16406 16406 -54
16407 16402 490
16407 16407 586
16408 16403 960
16408 16408 946
16409 16404 872
16409 16409 596
16410 16405 149
16410 16410 -250
16411 16406 796
16411 16411 969
16412 16407 668
16412 16412 -484
16413 16408 672
16413 16413 685
16414 16409 -507
16414 16414 130
16415 16410 408
16415 16415 -46
16416 16411 -308
16416 16416 -703
16417 16412 988
16417 16417 -917
16418 16413 404
16418 16418 162
16419 16414 -455
16419 16419 348
16420 16415 -768
16420 16420 -212
16421 16416 792
16421 16421 -325
16422 16417 -909
16422 16422 551
16423 16418 -468
16423 16423 -385
16424 16419 -128
16424 16424 945
16425 16420 465
16425 16425 176
16426 16421 400
16426 16426 -340
16427 16422 313
16427 16427 -289
16428 16423 213
16428 16428 -865
16429 16424 281
16429 16429 -351
16430 16425 764
16430 16430 555
16431 16426 -771
16431 16431 658
16432 16427 946
16432 16432 -487
16433 16428 -284
16433 16433 -230
16434 16429 556
16434 16434 679
16435 16430 -883
16435 16435 159
16436 16431 -766
16436 16436 -752
16437 16432 -217
16437 16437 -32
16438 16433 -473
16438 16438 43
16439 16434 90
16439 16439 245
16440 16435 469
16440 16440 -678
16441 16436 975
16441 16441 860
16442 16437 -357
16442 16442 -607
16443 16438 111
16443 16443 -164
16444 16439 -346
16444 16444 935
16445 16440 -185
16445 16445 -240
16446 16441 -201
16446 16446 869
16447 16442 -62
16447 16447 -753
16448 16443 323
16448 16448 69
16449 16444 -387
16449 16449 95
16450 16445 787
16450 16450 -743
16451 16446 -372
16451 16451 124
16452 16447 686
16452 16452 167
16453 16448 76
16453 16453 -142
16454 16449 -551
16454 16454 -712
16455 16450 200
16455 16455 75
16456 16451 -522
16456 16456 837
16457 16452 -400
16457 16457 554
16458 16453 -536
16458 16458 -891
16459 16454 815
16459 16459 -908
16460 16455 290
16460 16460 280
16461 16456 335
16461 16461 534
16462 16457 91
16462 16462 272
16463 16458 629
16463 16463 937
16464 16459 811
16464 16464 647
16465 16460 -531
16465 16465 916
16466 16461 -400
16466 16466 369
16467 16462 469
16467 16467 13
16468 16463 345
16468 16468 217
16469 16464 -702
16469 16469 -268
16470 16465 595
16470 16470 597
16471 16466 941
16471 16471 511
16472 16467 -71
16472 16472 693
16473 16468 -408
16473 16473 -540
16474 16469 648
16474 16474 -561
16475 16470 248
16475 16475 54
16476 16471 77
16476 16476 -773
16477 16472 221
16477 16477 -161
16478 16473 -769
16478 16478 395
16479 16474 49
16479 16479 242
16480 16475 -213
16480 16480 -223
16481 16476 -381
16481 16481 -692
16482 16477 -178
16482 16482 193
16483 16478 -289
16483 16483 -128
16484 16479 337
16484 16484 -332
16485 16480 -406
16485 16485 -283
16486 16481 933
16486 16486 -999
16487 16482 -587
16487 16487 -542
16488 16483 -162
16488 16488 -743
16489 16484 -903
16489 16489 812
16490 16485 -324
16490 16490 -975
16491 16486 -323
16491 16491 924
16492 16487 -418
16492 16492 130
16493 16488 -542
16493 16493 -805
16494 16489 580
16494 16494 -766
16495 16490 493
16495 16495 572
16496 16491 150
16496 16496 -961
16497 16492 -717
16497 16497 166
16498 16493 430
16498 16498 699
16499 16494 368
16499 16499 -852
16500 16495 708
16500 16500 483
16501 16496 -191
16501 16501 757
16502 16497 142
16502 16502 -875
16503 16498 234
16503 16503 -242
16504 16499 -552
16504 16504 -316
16505 16500 -92
16505 16505 -415
16506 16501 544
16506 16506 958
16507 16502 959
16507 16507 970
16508 16503 140
16508 16508 -947
16509 16504 -635
16509 16509 238
16510 16505 -16
16510 16510 -871
16511 16506 -623
16511 16511 246
16512 16507 -854
16512 16512 567
16513 16508 469
16513 16513 -107
16514 16509 820
16514 16514 -302
16515 16510 484
16515 16515 483
16516 16511 -512
16516 16516 231
16517 16512 775
16517 16517 590
16518 16513 -83
16518 16518 350
16519 16514 442
16519 16519 138
16520 16515 743
16520 16520 -502
16521 16516 -931
16521 16521 634
16522 16517 386
16522 16522 824
16523 16518 -944
16523 16523 862
16524 16519 -541
16524 16524 -405
16525 16520 -91
16525 16525 313
16526 16521 390
16526 16526 -808
16527 16522 -561
16527 16527 -115
16528 16523 -710
16528 16528 275
16529 16524 -235
16529 16529 127
16530 16525 533
16530 16530 -896
16531 16526 -140
16531 16531 -754
16532 16527 933
16532 16532 678
16533 16528 506
16533 16533 340
16534 16529 450
16534 16534 311
16535 16530 -713
16535 16535 -865
16536 16531 313
16536 16536 -697
16537 16532 -367
16537 16537 486
16538 16533 594
16538 16538 -793
16539 16534 109
16539 16539 -921
16540 16535 -797
16540 16540 234
16541 16536 -139
16541 16541 373
16542 16537 -395
16542 16542 -92
16543 16538 -935
16543 16543 -859
16544 16539 -744
16544 16544 -528
16545 16540 989
16545 16545 -255
16546 16541 860
16546 16546 933
16547 16542 688
16547 16547 348
16548 16543 836
16548 16548 -605
16549 16544 -776
16549 16549 753
16550 16545 419
16550 16550 194
16551 16546 57
16551 16551 -261
16552 16547 169
16552 16552 -457
16553 16548 -778
16553 16553 17
16554 16549 -202
16554 16554 534
16555 16550 371
16555 16555 -330
16556 16551 883
16556 16556 24
16557 16552 -512
16557 16557 -402
16558 16553 -949
16558 16558 446
16559 16554 200
16559 16559 -749
16560 16555 -319
16560 16560 584
16561 16556 -510
16561 16561 111
16562 16557 -263
16562 16562 498
16563 16558 -249
16563 16563 459
16564 16559 -858
16564 16564 977
16565 16560 380
16565 16565 820
16566 16561 -194
16566 16566 -307
16567 16562 557
16567 16567 546
16568 16563 -643
16568 16568 -515
16569 16564 233
16569 16569 -357
16570 16565 -406
16570 16570 -236
16571 16566 616
16571 16571 -466
16572 16567 873
16572 16572 -287
16573 16568 -345
16573 16573 90
16574 16569 -650
16574 16574 -469
16575 16570 250
16575 16575 792
16576 16571 141
16576 16576 447
16577 16572 -863
16577 16577 597
16578 16573 852
16578 16578 -404
16579 16574 -661
16579 16579 788
16580 16575 -779
16580 16580 -787
16581 16576 863
16581 16581 412
16582 16577 -786
16582 16582 -226
16583 16578 803
16583 16583 703
16584 16579 -492
16584 16584 632
16585 16580 682
16585 16585 629
16586 16581 -882
16586 16586 214
16587 16582 239
16587 16587 724
16588 16583 -484
16588 16588 -464
16589 16584 -369
16589 16589 206
16590 16585 438
16590 16590 448
16591 16586 512
16591 16591 953
16592 16587 124
16592 16592 -438
16593 16588 -571
16593 16593 -751
16594 16589 270
16594 16594 961
16595 16590 -139
16595 16595 892
16596 16591 -547
16596 16596 -955
16597 16592 525
16597 16597 -984
16598 16593 716
16598 16598 -12
16599 16594 257
16599 16599 589
16600 16595 200
16600 16600 -50
16601 16596 314
16601 16601 -487
16602 16597 626
16602 16602 -347
16603 16598 -600
16603 16603 718
16604 16599 -392
16604 16604 -687
16605 16600 -936
16605 16605 360
16606 16601 809
16606 16606 404
16607 16602 -720
16607 16607 -601
16608 16603 544
16608 16608 -610
16609 16604 746
16609 16609 665
16610 16605 219
16610 16610 204
16611 16606 620
16611 16611 382
16612 16607 744
16612 16612 -751
16613 16608 213
16613 16613 663
16614 16609 84
16614 16614 18
16615 16610 -160
16615 16615 420
16616 16611 -859
16616 16616 -278
16617 16612 722
16617 16617 15
16618 16613 -444
16618 16618 919
16619 16614 -424
16619 16619 737
16620 16615 473
16620 16620 -658
16621 16616 128
16621 16621 -550
16622 16617 -401
16622 16622 -347
16623 16618 -829
16623 16623 150
16624 16619 -69
16624 16624 -83
16625 16620 372
16625 16625 -334
16626 16621 -382
16626 16626 -142
16627 16622 -894
16627 16627 155
16628 16623 -586
16628 16628 938
16629 16624 992
16629 16629 775
16630 16625 254
16630 16630 -132
16631 16626 91
16631 16631 -308
16632 16627 246
16632 16632 487
16633 16628 -920
16633 16633 749
16634 16629 -313
16634 16634 -161
16635 16630 15
16635 16635 -920
16636 16631 -847
16636 16636 -885
16637 16632 -636
16637 16637 -995
16638 16633 -358
16638 16638 592
16639 16634 -760
16639 16639 861
16640 16635 332
16640 16640 938
16641 16636 -645
16641 16641 -9
16642 16637 694
16642 16642 -259
16643 16638 -792
16643 16643 -432
16644 16639 896
16644 16644 261
16645 16640 -43
16645 16645 338
16646 16641 349
16646 16646 -787
16647 16642 616
16647 16647 645
16648 16643 887
16648 16648 821
16649 16644 -282
16649 16649 -757
16650 16645 92
16650 16650 769
16651 16646 773
16651 16651 -331
16652 16647 282
16652 16652 821
16653 16648 364
16653 16653 -759
16654 16649 -501
16654 16654 738
16655 16650 -762
16655 16655 728
16656 16651 -686
16656 16656 -663
16657 16652 -762
16657 16657 -894
16658 16653 -939
16658 16658 -707
16659 16654 -30
16659 16659 282
16660 16655 774
16660 16660 -671
16661 16656 -145
16661 16661 -203
16662 16657 191
16662 16662 889
16663 16658 -979
16663 16663 -926
16664 16659 -778
16664 16664 -75
16665 16660 265
16665 16665 275
16666 16661 -709
16666 16666 160
16667 16662 -199
16667 16667 132
16668 16663 -775
16668 16668 771
16669 16664 598
16669 16669 191
16670 16665 -434
16670 16670 -816
16671 16666 -396
16671 16671 -611
16672 16667 774
16672 16672 -728
16673 16668 771
16673 16673 117
16674 16669 579
16674 16674 990
16675 16670 921
16675 16675 -239
16676 16671 -543
16676 16676 -10
16677 16672 -41
16677 16677 839
16678 16673 -25
16678 16678 -573
16679 16674 -828
16679 16679 -804
16680 16675 -779
16680 16680 -864
16681 16676 -408
16681 16681 477
16682 16677 582
16682 16682 -607
16683 16678 307
16683 16683 -558
16684 16679 -127
16684 16684 77
16685 16680 -345
16685 16685 84
16686 16681 940
16686 16686 -798
16687 16682 -716
16687 16687 -283
16688 16683 -891
16688 16688 878
16689 16684 594
16689 16689 -607
16690 16685 -129
16690 16690 -769
16691 16686 131
16691 16691 311
16692 16687 414
16692 16692 971
16693 16688 -672
16693 16693 958
16694 16689 830
16694 16694 -935
16695 16690 71
16695 16695 -846
16696 16691 -732
16696 16696 808
16697 16692 -105
16697 16697 -70
16698 16693 67
16698 16698 -658
16699 16694 11
16699 16699 364
16700 16695 506
16700 16700 165
16701 16696 101
16701 16701 234
16702 16697 -318
16702 16702 889
16703 16698 -756
16703 16703 105
16704 16699 176
16704 16704 38
16705 16700 -535
16705 16705 131
16706 16701 274
16706 16706 -668
16707 16702 448
16707 16707 -757
16708 16703 678
16708 16708 508
16709 16704 336
16709 16709 -613
16710 16705 681
16710 16710 977
16711 16706 644
16711 16711 -709
16712 16707 -502
16712 16712 375
16713 16708 549
16713 16713 477
16714 16709 807
16714 16714 598
16715 16710 -224
16715 16715 285
16716 16711 -588
16716 16716 -997
16717 16712 966
16717 16717 404
16718 16713 -131
16718 16718 -803
16719 16714 -934
16719 16719 828
16720 16715 507
16720 16720 -460
16721 16716 966
16721 16721 -807
16722 16717 513
16722 16722 390
16723 16718 313
16723 16723 -156
16724 16719 -693
16724 16724 -981
16725 16720 478
16725 16725 -918
16726 16721 11
16726 16726 224
16727 16722 -369
16727 16727 976
16728 16723 -723
16728 16728 294
16729 16724 420
16729 16729 83
16730 16725 222
16730 16730 701
16731 16726 569
16731 16731 -990
16732 16727 892
16732 16732 225
16733 16728 -733
16733 16733 -913
16734 16729 184
16734 16734 -447
16735 16730 -221
16735 16735 526
16736 16731 183
16736 16736 498
16737 16732 905
16737 16737 397
16738 16733 -442
16738 16738 424
16739 16734 540
16739 16739 -649
16740 16735 -151
16740 16740 96
16741 16736 895
16741 16741 828
16742 16737 44
16742 16742 -994
16743 16738 448
16743 16743 435
16744 16739 -620
16744 16744 -895
16745 16740 -805
16745 16745 203
16746 16741 -732
16746 16746 -495
16747 16742 -286
16747 16747 737
16748 16743 -881
16748 16748 -191
16749 16744 -607
16749 16749 -434
16750 16745 -441
16750 16750 -592
16751 16746 -724
16751 16751 89
16752 16747 -750
16752 16752 -637
16753 16748 -892
16753 16753 -358
16754 16749 631
16754 16754 -56
16755 16750 -453
16755 16755 -284
16756 16751 420
16756 16756 -50
16757 16752 -281
16757 16757 797
16758 16753 -14
16758 16758 648
16759 16754 686
16759 16759 697
16760 16755 184
16760 16760 -718
16761 16756 -109
16761 16761 213
16762 16757 -977
16762 16762 562
16763 16758 -158
16763 16763 -457
16764 16759 1
16764 16764 -373
16765 16760 103
16765 16765 885
16766 16761 489
16766 16766 -276
16767 16762 -158
16767 16767 62
16768 16763 -289
16768 16768 909
16769 16764 254
16769 16769 818
16770 16765 877
16770 16770 -487
16771 16766 -46
16771 16771 -609
16772 16767 -504
16772 16772 -338
16773 16768 -28
16773 16773 752
16774 16769 -745
16774 16774 5
16775 16770 831
16775 16775 373
16776 16771 -274
16776 16776 260
16777 16772 -603
16777 16777 452
16778 16773 -965
16778 16778 -809
16779 16774 -832
16779 16779 412
16780 16775 -330
16780 16780 907
16781 16776 215
16781 16781 678
16782 16777 -55
16782 16782 791
16783 16778 780
16783 16783 -960
16784 16779 -173
16784 16784 -336
16785 16780 -325
16785 16785 -487
16786 16781 463
16786 16786 266
16787 16782 -251
16787 16787 221
16788 16783 910
16788 16788 -952
16789 16784 -305
16789 16789 842
16790 16785 177
16790 16790 834
16791 16786 227
16791 16791 -206
16792 16787 -434
16792 16792 -421
16793 16788 -757
16793 16793 158
16794 16789 -36
16794 16794 -324
16795 16790 504
16795 16795 -729
16796 16791 181
16796 16796 196
16797 16792 -343
16797 16797 177
16798 16793 -769
16798 16798 565
16799 16794 477
16799 16799 284
16800 16795 -324
16800 16800 -36
16801 16796 -302
16801 16801 -893
16802 16797 945
16802 16802 269
16803 16798 391
16803 16803 -241
16804 16799 -471
16804 16804 896
16805 16800 226
16805 16805 970
16806 16801 -68
16806 16806 -925
16807 16802 -48
16807 16807 -883
16808 16803 -419
16808 16808 -691
16809 16804 985
16809 16809 -227
16810 16805 -20
16810 16810 920
16811 16806 -704
16811 16811 10
16812 16807 991
16812 16812 64
16813 16808 535
16813 16813 -285
16814 16809 531
16814 16814 -123
16815 16810 -565
16815 16815 492
16816 16811 -692
16816 16816 -935
16817 16812 -939
16817 16817 -888
16818 16813 280
16818 16818 249
16819 16814 -193
16819 16819 -749
16820 16815 -713
16820 16820 367
16821 16816 38
16821 16821 -204
16822 16817 -584
16822 16822 408
16823 16818 -73
16823 16823 973
16824 16819 736
16824 16824 828
16825 16820 992
16825 16825 560
16826 16821 -123
16826 16826 928
16827 16822 -667
16827 16827 477
16828 16823 747
16828 16828 -199
16829 16824 998
16829 16829 -170
16830 16825 -464
16830 16830 -347
16831 16826 -109
16831 16831 -378
16832 16827 572
16832 16832 274
16833 16828 966
16833 16833 804
16834 16829 -670
16834 16834 -147
16835 16830 -390
16835 16835 318
16836 16831 513
16836 16836 87
16837 16832 -43
16837 16837 -481
16838 16833 -869
16838 16838 -72
16839 16834 674
16839 16839 270
16840 16835 -76
16840 16840 445
16841 16836 625
16841 16841 960
16842 16837 466
16842 16842 -500
16843 16838 116
16843 16843 -874
16844 16839 -485
16844 16844 -912
16845 16840 -703
16845 16845 -705
16846 16841 449
16846 16846 -256
16847 16842 65
16847 16847 296
16848 16843 514
16848 16848 416
16849 16844 -628
16849 16849 479
16850 16845 -500
16850 16850 631
16851 16846 114
16851 16851 -112
16852 16847 37
16852 16852 -12
16853 16848 -599
16853 16853 550
16854 16849 -663
16854 16854 -185
16855 16850 722
16855 16855 -872
16856 16851 -215
16856 16856 -29
16857 16852 -858
16857 16857 -921
16858 16853 747
16858 16858 -597
16859 16854 301
16859 16859 -524
16860 16855 122
16860 16860 -283
16861 16856 804
16861 16861 908
16862 16857 -867
16862 16862 694
16863 16858 -873
16863 16863 51
16864 16859 -682
16864 16864 -240
16865 16860 470
16865 16865 -309
16866 16861 -482
16866 16866 -249
16867 16862 418
16867 16867 -384
16868 16863 23
16868 16868 456
16869 16864 -756
16869 16869 481
16870 16865 891
16870 16870 872
16871 16866 -127
16871 16871 502
16872 16867 195
16872 16872 494
16873 16868 677
16873 16873 -582
16874 16869 550
16874 16874 724
16875 16870 570
16875 16875 -201
16876 16871 -801
16876 16876 -753
16877 16872 -607
16877 16877 271
16878 16873 135
16878 16878 885
16879 16874 -324
16879 16879 -969
16880 16875 587
16880 16880 961
16881 16876 -720
16881 16881 770
16882 16877 865
16882 16882 460
16883 16878 174
16883 16883 67
16884 16879 37
16884 16884 -845
16885 16880 -927
16885 16885 -96
16886 16881 -674
16886 16886 187
16887 16882 -206
16887 16887 -266
16888 16883 449
16888 16888 374
16889 16884 596
16889 16889 485
16890 16885 -679
16890 16890 917
16891 16886 -179
16891 16891 109
16892 16887 795
16892 16892 209
16893 16888 292
16893 16893 814
16894 16889 54
16894 16894 415
16895 16890 248
16895 16895 752
16896 16891 425
16896 16896 -388
16897 16892 -981
16897 16897 634
16898 16893 -282
16898 16898 399
16899 16894 -901
16899 16899 612
16900 16895 505
16900 16900 826
16901 16896 -651
16901 16901 -888
16902 16897 -333
16902 16902 906
16903 16898 -793
16903 16903 -889
16904 16899 441
16904 16904 -304
16905 16900 532
16905 16905 -826
16906 16901 521
16906 16906 102
16907 16902 376
16907 16907 -13
16908 16903 -118
16908 16908 -512
16909 16904 -782
16909 16909 -828
16910 16905 -384
16910 16910 806
16911 16906 -652
16911 16911 283
16912 16907 80
16912 16912 292
16913 16908 292
16913 16913 746
16914 16909 -29
16914 16914 -292
16915 16910 -192
16915 16915 -640
16916 16911 146
16916 16916 188
16917 16912 455
16917 16917 492
16918 16913 564
16918 16918 907
16919 16914 495
16919 16919 -235
16920 16915 816
16920 16920 -696
16921 16916 -545
16921 16921 66
16922 16917 -164
16922 16922 -184
16923 16918 732
16923 16923 -775
16924 16919 199
16924 16924 -258
16925 16920 925
16925 16925 -22
16926 16921 348
16926 16926 634
16927 16922 957
16927 16927 672
16928 16923 -422
16928 16928 539
16929 16924 -786
16929 16929 376
16930 16925 -804
16930 16930 -505
16931 16926 -488
16931 16931 -462
16932 16927 -594
16932 16932 -862
16933 16928 -383
16933 16933 -633
16934 16929 -629
16934 16934 334
16935 16930 -96
16935 16935 -67
16936 16931 560
16936 16936 -670
16937 16932 -378
16937 16937 859
16938 16933 129
16938 16938 -718
16939 16934 55
16939 16939 795
16940 16935 153
16940 16940 -963
16941 16936 819
16941 16941 560
16942 16937 707
16942 16942 -486
16943 16938 107
16943 16943 -332
16944 16939 -933
16944 16944 457
16945 16940 272
16945 16945 602
16946 16941 -815
16946 16946 753
16947 16942 931
16947 16947 -155
16948 16943 -259
16948 16948 -974
16949 16944 110
16949 16949 -11
16950 16945 -444
16950 16950 -364
16951 16946 -328
16951 16951 591
16952 16947 848
16952 16952 -280
16953 16948 -741
16953 16953 -348
16954 16949 -52
16954 16954 -539
16955 16950 -417
16955 16955 149
16956 16951 -623
16956 16956 -817
16957 16952 -535
16957 16957 -729
16958 16953 752
16958 16958 -425
16959 16954 608
16959 16959 757
16960 16955 -136
16960 16960 715
16961 16956 681
16961 16961 537
16962 16957 -43
16962 16962 -271
16963 16958 746
16963 16963 -148
16964 16959 -553
16964 16964 852
16965 16960 635
16965 16965 401
16966 16961 -969
16966 16966 873
16967 16962 -959
16967 16967 -636
16968 16963 -813
16968 16968 -599
16969 16964 -313
16969 16969 -463
16970 16965 846
16970 16970 -632
16971 16966 483
16971 16971 262
16972 16967 99
16972 16972 810
16973 16968 -130
16973 16973 -822
16974 16969 570
16974 16974 -814
16975 16970 4
16975 16975 938
16976 16971 915
16976 16976 -28
16977 16972 835
16977 16977 -261
16978 16973 -426
16978 16978 862
16979 16974 -525
16979 16979 -428
16980 16975 -342
16980 16980 -314
16981 16976 117
16981 16981 -589
16982 16977 -970
16982 16982 397
16983 16978 -101
16983 16983 911
16984 16979 868
16984 16984 576
16985 16980 935
16985 16985 -299
16986 16981 872
16986 16986 528
16987 16982 -453
16987 16987 -539
16988 16983 949
16988 16988 833
16989 16984 -795
16989 16989 -134
16990 16985 150
16990 16990 -381
16991 16986 -106
16991 16991 -403
16992 16987 506
16992 16992 810
16993 16988 -179
16993 16993 483
16994 16989 672
16994 16994 -949
16995 16990 -985
16995 16995 -400
16996 16991 -49
16996 16996 -851
16997 16992 -495
16997 16997 934
16998 16993 240
16998 16998 311
16999 16994 -62
16999 16999 569
17000 16995 271
17000 17000 707
17001 16996 -232
17001 17001 -609
17002 16997 -8
17002 17002 798
17003 16998 927
17003 17003 -134
17004 16999 -237
17004 17004 170
17005 17000 890
17005 17005 64
17006 17001 -378
17006 17006 588
17007 17002 -770
17007 17007 884
17008 17003 158
17008 17008 783
17009 17004 -923
17009 17009 -577
17010 17005 558
17010 17010 342
17011 17006 -830
17011 17011 -281
17012 17007 -290
17012 17012 718
17013 17008 608
17013 17013 -882
17014 17009 -503
17014 17014 980
17015 17010 -879
17015 17015 615
17016 17011 732
17016 17016 171
17017 17012 -97
17017 17017 93
17018 17013 127
17018 17018 126
17019 17014 -207
17019 17019 -792
17020 17015 883
17020 17020 -906
17021 17016 419
17021 17021 -489
17022 17017 -102
17022 17022 -742
17023 17018 -720
17023 17023 -153
17024 17019 -907
17024 17024 962
17025 17020 -719
17025 17025 -186
17026 17021 -490
17026 17026 -230
17027 17022 177
17027 17027 -556
17028 17023 -358
17028 17028 -592
17029 17024 -53
17029 17029 333
17030 17025 -245
17030 17030 337
17031 17026 -809
17031 17031 -443
17032 17027 -447
17032 17032 -569
17033 17028 839
17033 17033 692
17034 17029 -567
17034 17034 15
17035 17030 -948
17035 17035 681
17036 17031 -703
17036 17036 -767
17037 17032 -3
17037 17037 -18
17038 17033 757
17038 17038 -35
17039 17034 -375
17039 17039 -444
17040 17035 762
17040 17040 -133
17041 17036 -299
17041 17041 -849
17042 17037 -471
17042 17042 398
17043 17038 -699
17043 17043 -251
17044 17039 563
17044 17044 -211
17045 17040 129
17045 17045 -117
17046 17041 579
17046 17046 -780
17047 17042 -992
17047 17047 -726
17048 17043 716
17048 17048 -785
17049 17044 -49
17049 17049 456
17050 17045 992
17050 17050 -821
17051 17046 474
17051 17051 761
17052 17047 710
17052 17052 -192
17053 17048 -762
17053 17053 -188
17054 17049 -228
17054 17054 -986
17055 17050 -276
17055 17055 -612
17056 17051 397
17056 17056 488
17057 17052 -269
17057 17057 415
17058 17053 665
17058 17058 617
17059 17054 -211
17059 17059 194
17060 17055 906
17060 17060 159
17061 17056 -552
17061 17061 638
17062 17057 541
17062 17062 939
17063 17058 -376
17063 17063 -680
17064 17059 -923
17064 17064 -779
17065 17060 -180
17065 17065 251
17066 17061 588
17066 17066 242
17067 17062 881
17067 17067 -967
17068 17063 684
17068 17068 412
17069 17064 -717
17069 17069 132
17070 17065 806
17070 17070 -152
17071 17066 82
17071 17071 436
17072 17067 -463
17072 17072 -873
17073 17068 -71
17073 17073 -835
17074 17069 -134
17074 17074 978
17075 17070 -650
17075 17075 447
17076 17071 170
17076 17076 464
17077 17072 750
17077 17077 667
17078 17073 408
17078 17078 632
17079 17074 -657
17079 17079 835
17080 17075 452
17080 17080 -430
17081 17076 -396
17081 17081 9
17082 17077 308
17082 17082 -546
17083 17078 758
17083 17083 537
17084 17079 -918
17084 17084 -665
17085 17080 808
17085 17085 345
17086 17081 -956
17086 17086 -404
17087 17082 202
17087 17087 -495
17088 17083 -428
17088 17088 -525
17089 17084 -888
17089 17089 -845
17090 17085 -970
17090 17090 -833
17091 17086 -98
17091 17091 403
17092 17087 158
17092 17092 644
17093 17088 746
17093 17093 332
17094 17089 -139
17094 17094 334
17095 17090 -575
17095 17095 415
17096 17091 658
17096 17096 -790
17097 17092 977
17097 17097 478
17098 17093 -424
17098 17098 -220
17099 17094 -966
17099 17099 423
17100 17095 941
17100 17100 980
17101 17096 513
17101 17101 96
17102 17097 -445
17102 17102 -554
17103 17098 313
17103 17103 -213
17104 17099 -503
17104 17104 791
17105 17100 -168
17105 17105 -277
17106 17101 849
17106 17106 -748
17107 17102 -27
17107 17107 809
17108 17103 958
17108 17108 787
17109 17104 420
17109 17109 -539
17110 17105 -452
17110 17110 -527
17111 17106 -112
17111 17111 -594
17112 17107 5
17112 17112 -541
17113 17108 711
17113 17113 -174
17114 17109 542
17114 17114 -722
17115 17110 -825
17115 17115 -862
17116 17111 -538
17116 17116 -853
17117 17112 -540
17117 17117 186
17118 17113 93
17118 17118 -677
17119 17114 -504
17119 17119 902
17120 17115 297
17120 17120 -338
17121 17116 554
17121 17121 797
17122 17117 367
17122 17122 258
17123 17118 8
17123 17123 -131
17124 17119 -758
17124 17124 -825
17125 17120 -500
17125 17125 685
17126 17121 -273
17126 17126 792
17127 17122 124
17127 17127 307
17128 17123 -435
17128 17128 -566
17129 17124 544
17129 17129 -1
17130 17125 -857
17130 17130 459
17131 17126 960
17131 17131 485
17132 17127 -864
17132 17132 -752
17133 17128 9
17133 17133 339
17134 17129 -143
17134 17134 888
17135 17130 -722
17135 17135 -573
17136 17131 -819
17136 17136 621
17137 17132 -172
17137 17137 801
17138 17133 -954
17138 17138 936
17139 17134 50
17139 17139 -447
17140 17135 647
17140 17140 -679
17141 17136 -597
17141 17141 -403
17142 17137 -807
17142 17142 829
17143 17138 -358
17143 17143 25
17144 17139 -978
17144 17144 -602
17145 17140 -860
17145 17145 664
17146 17141 108
17146 17146 -939
17147 17142 -771
17147 17147 -278
17148 17143 -366
17148 17148 640
17149 17144 -343
17149 17149 558
17150 17145 250
17150 17150 -640
17151 17146 -253
17151 17151 -500
17152 17147 -658
17152 17152 576
17153 17148 -72
17153 17153 199
17154 17149 -883
17154 17154 -770
17155 17150 -493
17155 17155 316
17156 17151 -194
17156 17156 -728
17157 17152 -373
17157 17157 261
17158 17153 -972
17158 17158 176
17159 17154 959
17159 17159 -307
17160 17155 833
17160 17160 -311
17161 17156 -810
17161 17161 -956
17162 17157 399
17162 17162 -502
17163 17158 -22
17163 17163 -316
17164 17159 -811
17164 17164 -915
17165 17160 -392
17165 17165 444
17166 17161 -927
17166 17166 638
17167 17162 354
17167 17167 -926
17168 17163 -487
17168 17168 -265
17169 17164 -7
17169 17169 -757
17170 17165 -873
17170 17170 -25
17171 17166 847
17171 17171 -744
17172 17167 -785
17172 17172 -625
17173 17168 -54
17173 17173 -5
17174 17169 129
17174 17174 -703
17175 17170 -462
17175 17175 -935
17176 17171 169
17176 17176 -978
17177 17172 760
17177 17177 -576
17178 17173 368
17178 17178 440
17179 17174 400
17179 17179 -73
17180 17175 773
17180 17180 405
17181 17176 646
17181 17181 909
17182 17177 -961
17182 17182 895
17183 17178 -452
17183 17183 -860
17184 17179 -817
17184 17184 -64
17185 17180 322
17185 17185 -456
17186 17181 -564
17186 17186 -415
17187 17182 604
17187 17187 -721
17188 17183 -347
17188 17188 213
17189 17184 -94
17189 17189 36
17190 17185 805
17190 17190 800
17191 17186 467
17191 17191 804
17192 17187 -579
17192 17192 -657
17193 17188 -532
17193 17193 464
17194 17189 -84
17194 17194 -184
17195 17190 380
17195 17195 275
17196 17191 -566
17196 17196 -365
17197 17192 -798
17197 17197 125
17198 17193 -168
17198 17198 130
17199 17194 -501
17199 17199 239
17200 17195 -412
17200 17200 981
17201 17196 212
17201 17201 434
17202 17197 182
17202 17202 -542
17203 17198 270
17203 17203 -105
17204 17199 -45
17204 17204 430
17205 17200 460
17205 17205 585
17206 17201 806
17206 17206 847
17207 17202 -681
17207 17207 -145
17208 17203 -778
17208 17208 -191
17209 17204 642
17209 17209 8
17210 17205 -827
17210 17210 -913
17211 17206 -35
17211 17211 412
17212 17207 -448
17212 17212 -161
17213 17208 -550
17213 17213 845
17214 17209 -19
17214 17214 -981
17215 17210 941
17215 17215 -968
17216 17211 -483
17216 17216 -625
17217 17212 394
17217 17217 -853
17218 17213 -326
17218 17218 766
17219 17214 35
17219 17219 239
17220 17215 -430
17220 17220 -355
17221 17216 -658
17221 17221 -366
17222 17217 305
17222 17222 206
17223 17218 245
17223 17223 551
17224 17219 -39
17224 17224 -32
17225 17220 24
17225 17225 -296
17226 17221 469
17226 17226 -343
17227 17222 739
17227 17227 656
17228 17223 -200
17228 17228 609
17229 17224 -160
17229 17229 354
17230 17225 909
17230 17230 -663
17231 17226 38
17231 17231 -529
17232 17227 899
17232 17232 536
17233 17228 -312
17233 17233 292
17234 17229 -646
17234 17234 -91
17235 17230 197
17235 17235 221
17236 17231 762
17236 17236 -119
17237 17232 669
17237 17237 -722
17238 17233 -124
17238 17238 -727
17239 17234 528
17239 17239 289
17240 17235 162
17240 17240 -581
17241 17236 -605
17241 17241 87
17242 17237 529
17242 17242 261
17243 17238 -718
17243 17243 917
17244 17239 -898
17244 17244 655
17245 17240 -207
17245 17245 -487
17246 17241 129
17246 17246 -894
17247 17242 981
17247 17247 559
17248 17243 382
17248 17248 761
17249 17244 979
17249 17249 261
17250 17245 720
17250 17250 -557
17251 17246 970
17251 17251 -927
17252 17247 56
17252 17252 374
17253 17248 401
17253 17253 995
17254 17249 -953
17254 17254 -746
17255 17250 570
17255 17255 -926
17256 17251 99
17256 17256 -993
17257 17252 510
17257 17257 -779
17258 17253 -621
17258 17258 892
17259 17254 -134
17259 17259 687
17260 17255 -108
17260 17260 110
17261 17256 -559
17261 17261 -496
17262 17257 42
17262 17262 -415
17263 17258 411
17263 17263 -614
17264 17259 299
17264 17264 -821
17265 17260 -979
17265 17265 66
17266 17261 -299
17266 17266 807
17267 17262 130
17267 17267 -705
17268 17263 -93
17268 17268 -393
17269 17264 -143
17269 17269 -929
17270 17265 268
17270 17270 -500
17271 17266 -27
17271 17271 -557
17272 17267 -146
17272 17272 36
17273 17268 -611
17273 17273 -845
17274 17269 -74
17274 17274 -455
17275 17270 720
17275 17275 746
17276 17271 53
17276 17276 -731
17277 17272 -405
17277 17277 -785
17278 17273 857
17278 17278 -865
17279 17274 -666
17279 17279 -917
17280 17275 -638
17280 17280 -396
17281 17276 930
17281 17281 -760
17282 17277 -117
17282 17282 -673
17283 17278 -474
17283 17283 -338
17284 17279 -911
17284 17284 564
17285 17280 272
17285 17285 970
17286 17281 718
17286 17286 854
17287 17282 -523
17287 17287 -229
17288 17283 57
17288 17288 915
17289 17284 -528
17289 17289 727
17290 17285 342
17290 17290 213
17291 17286 -76
17291 17291 427
17292 17287 276
17292 17292 838
17293 17288 -419
17293 17293 -825
17294 17289 664
17294 17294 -762
17295 17290 821
17295 17295 810
17296 17291 769
17296 17296 91
17297 17292 620
17297 17297 908
17298 17293 -209
17298 17298 951
17299 17294 592
17299 17299 557
17300 17295 -646
17300 17300 915
17301 17296 -170
17301 17301 544
17302 17297 448
17302 17302 -893
17303 17298 94
17303 17303 -102
17304 17299 -573
17304 17304 -838
17305 17300 234
17305 17305 -448
17306 17301 863
17306 17306 -617
17307 17302 120
17307 17307 395
17308 17303 -277
17308 17308 -990
17309 17304 201
17309 17309 -820
17310 17305 889
17310 17310 -187
17311 17306 -488
17311 17311 -524
17312 17307 60
17312 17312 458
17313 17308 464
17313 17313 725
17314 17309 -166
17314 17314 -327
17315 17310 -299
17315 17315 227
17316 17311 698
17316 17316 277
17317 17312 -264
17317 17317 844
17318 17313 -170
17318 17318 107
17319 17314 -532
17319 17319 -441
17320 17315 716
17320 17320 714
17321 17316 800
17321 17321 854
17322 17317 -87
17322 17322 -812
17323 17318 413
17323 17323 345
17324 17319 -89
17324 17324 -151
17325 17320 -677
17325 17325 780
17326 17321 -20
17326 17326 -688
17327 17322 -896
17327 17327 868
17328 17323 800
17328 17328 -119
17329 17324 -849
17329 17329 -263
17330 17325 -888
17330 17330 -789
17331 17326 -777
17331 17331 223
17332 17327 296
17332 17332 -109
17333 17328 -841
17333 17333 395
17334 17329 717
17334 17334 753
17335 17330 379
17335 17335 281
17336 17331 -65
17336 17336 891
17337 17332 -541
17337 17337 375
17338 17333 580
17338 17338 464
17339 17334 -456
17339 17339 184
17340 17335 -833
17340 17340 -93
17341 17336 578
17341 17341 165
17342 17337 -361
17342 17342 -47
17343 17338 115
17343 17343 -330
17344 17339 -102
17344 17344 86
17345 17340 415
17345 17345 -265
17346 17341 -633
17346 17346 847
17347 17342 -636
17347 17347 -640
17348 17343 -34
17348 17348 -687
17349 17344 -617
17349 17349 899
17350 17345 -615
17350 17350 567
17351 17346 885
17351 17351 280
17352 17347 -312
17352 17352 -188
17353 17348 -461
17353 17353 784
17354 17349 625
17354 17354 241
17355 17350 -100
17355 17355 -393
17356 17351 -875
17356 17356 -532
17357 17352 910
17357 17357 -970
17358 17353 423
17358 17358 121
17359 17354 -456
17359 17359 162
17360 17355 -74
17360 17360 346
17361 17356 -299
17361 17361 -47
17362 17357 434
17362 17362 -216
17363 17358 280
17363 17363 -564
17364 17359 642
17364 17364 653
17365 17360 894
17365 17365 -598
17366 17361 694
17366 17366 -548
17367 17362 -615
17367 17367 -275
17368 17363 -689
17368 17368 855
17369 17364 -546
17369 17369 62
17370 17365 -559
17370 17370 -699
17371 17366 398
17371 17371 -911
17372 17367 146
17372 17372 -637
17373 17368 -278
17373 17373 -110
17374 17369 368
17374 17374 -639
17375 17370 -938
17375 17375 374
17376 17371 716
17376 17376 126
17377 17372 218
17377 17377 443
17378 17373 -63
17378 17378 458
17379 17374 304
17379 17379 -826
17380 17375 -208
17380 17380 463
17381 17376 -746
17381 17381 -990
17382 17377 794
17382 17382 -240
17383 17378 601
17383 17383 199
17384 17379 -252
17384 17384 339
17385 17380 -24
17385 17385 64
17386 17381 -210
17386 17386 -30
17387 17382 454
17387 17387 -95
17388 17383 408
17388 17388 -312
17389 17384 825
17389 17389 571
17390 17385 406
17390 17390 -432
17391 17386 214
17391 17391 -646
17392 17387 -984
17392 17392 -31
17393 17388 791
17393 17393 -900
17394 17389 297
17394 17394 650
17395 17390 97
17395 17395 949
17396 17391 368
17396 17396 686
17397 17392 844
17397 17397 -292
17398 17393 649
17398 17398 701
17399 17394 -710
17399 17399 -9
17400 17395 406
17400 17400 -842
17401 17396 -445
17401 17401 -100
17402 17397 -358
17402 17402 756
17403 17398 -434
17403 17403 -425
17404 17399 721
17404 17404 986
17405 17400 -401
17405 17405 157
17406 17401 894
17406 17406 -809
17407 17402 -86
17407 17407 724
17408 17403 -730
17408 17408 -485
17409 17404 -645
17409 17409 -569
17410 17405 821
17410 17410 550
17411 17406 -457
17411 17411 -946
17412 17407 282
17412 17412 651
17413 17408 -268
17413 17413 954
17414 17409 -987
17414 17414 401
17415 17410 -747
17415 17415 256
17416 17411 934
17416 17416 620
17417 17412 147
17417 17417 371
17418 17413 326
17418 17418 -847
17419 17414 -339
17419 17419 277
17420 17415 957
17420 17420 762
17421 17416 -772
17421 17421 -75
17422 17417 168
17422 17422 -775
17423 17418 -536
17423 17423 -260
17424 17419 -131
17424 17424 567
17425 17420 -129
17425 17425 861
17426 17421 -794
17426 17426 755
17427 17422 -304
17427 17427 818
17428 17423 904
17428 17428 -462
17429 17424 -167
17429 17429 488
17430 17425 -118
17430 17430 -657
17431 17426 891
17431 17431 -856
17432 17427 -948
17432 17432 -818
17433 17428 620
17433 17433 839
17434 17429 80
17434 17434 -740
17435 17430 -94
17435 17435 421
17436 17431 404
17436 17436 -925
17437 17432 141
17437 17437 -915
17438 17433 -997
17438 17438 127
17439 17434 122
17439 17439 715
17440 17435 812
17440 17440 -150
17441 17436 -655
17441 17441 -464
17442 17437 -55
17442 17442 -629
17443 17438 -205
17443 17443 -245
17444 17439 220
17444 17444 79
17445 17440 68
17445 17445 -334
17446 17441 838
17446 17446 747
17447 17442 303
17447 17447 209
17448 17443 209
17448 17448 896
17449 17444 461
17449 17449 203
17450 17445 429
17450 17450 -993
17451 17446 -376
17451 17451 -606
17452 17447 -149
17452 17452 934
17453 17448 947
17453 17453 -848
17454 17449 712
17454 17454 -70
17455 17450 -498
17455 17455 742
17456 17451 -404
17456 17456 507
17457 17452 -176
17457 17457 -228
17458 17453 -874
17458 17458 -80
17459 17454 -977
17459 17459 -566
17460 17455 166
17460 17460 745
17461 17456 422
17461 17461 944
17462 17457 246
17462 17462 -259
17463 17458 -449
17463 17463 627
17464 17459 44
17464 17464 -127
17465 17460 655
17465 17465 -423
17466 17461 -533
17466 17466 -376
17467 17462 -977
17467 17467 -724
17468 17463 -429
17468 17468 133
17469 17464 -896
17469 17469 827
17470 17465 937
17470 17470 -422
17471 17466 587
17471 17471 -773
17472 17467 321
17472 17472 797
17473 17468 -277
17473 17473 942
17474 17469 484
17474 17474 -162
17475 17470 -794
17475 17475 364
17476 17471 374
17476 17476 -228
17477 17472 -769
17477 17477 -396
17478 17473 712
17478 17478 -796
17479 17474 -732
17479 17479 261
17480 17475 676
17480 17480 394
17481 17476 -876
17481 17481 -477
17482 17477 17
17482 17482 868
17483 17478 274
17483 17483 195
17484 17479 354
17484 17484 -640
17485 17480 203
17485 17485 575
17486 17481 -37
17486 17486 258
17487 17482 -577
17487 17487 -379
17488 17483 -785
17488 17488 -479
17489 17484 919
17489 17489 768
17490 17485 -584
17490 17490 -923
17491 17486 317
17491 17491 449
17492 17487 -521
17492 17492 106
17493 17488 445
17493 17493 697
17494 17489 -38
17494 17494 58
17495 17490 140
17495 17495 830
17496 17491 -467
17496 17496 796
17497 17492 307
17497 17497 839
17498 17493 -166
17498 17498 905
17499 17494 522
17499 17499 90
17500 17495 556
17500 17500 -765
17501 17496 -193
17501 17501 491
17502 17497 367
17502 17502 -619
17503 17498 -738
17503 17503 -331
17504 17499 -948
17504 17504 -597
17505 17500 -845
17505 17505 70
17506 17501 -388
17506 17506 457
17507 17502 -232
17507 17507 323
17508 17503 608
17508 17508 -54
17509 17504 420
17509 17509 -441
17510 17505 635
17510 17510 188
17511 17506 672
17511 17511 269
17512 17507 -328
17512 17512 430
17513 17508 905
17513 17513 -165
17514 17509 -582
17514 17514 -230
17515 17510 847
17515 17515 932
17516 17511 960
17516 17516 -335
17517 17512 -603
17517 17517 -83
17518 17513 -305
17518 17518 -239
17519 17514 -926
17519 17519 -657
17520 17515 11
17520 17520 -507
17521 17516 395
17521 17521 390
17522 17517 -169
17522 17522 -923
17523 17518 -580
17523 17523 288
17524 17519 865
17524 17524 -386
17525 17520 590
17525 17525 691
17526 17521 -591
17526 17526 -705
17527 17522 -795
17527 17527 -254
17528 17523 636
17528 17528 979
17529 17524 -363
17529 17529 -176
17530 17525 778
17530 17530 -988
17531 17526 904
17531 17531 963
17532 17527 -46
17532 17532 -847
17533 17528 -142
17533 17533 -157
17534 17529 -739
17534 17534 317
17535 17530 -819
17535 17535 -898
17536 17531 164
17536 17536 -397
17537 17532 932
17537 17537 382
17538 17533 469
17538 17538 336
17539 17534 885
17539 17539 -747
17540 17535 -477
17540 17540 -912
17541 17536 197
17541 17541 -237
17542 17537 -311
17542 17542 757
17543 17538 -991
17543 17543 569
17544 17539 370
17544 17544 -94
17545 17540 -129
17545 17545 -845
17546 17541 164
17546 17546 -265
17547 17542 -555
17547 17547 -941
17548 17543 -6
17548 17548 -770
17549 17544 359
17549 17549 912
17550 17545 542
17550 17550 48
17551 17546 -686
17551 17551 -246
17552 17547 519
17552 17552 674
17553 17548 -495
17553 17553 -23
17554 17549 866
17554 17554 -514
17555 17550 426
17555 17555 -301
17556 17551 -729
17556 17556 897
17557 17552 466
17557 17557 527
17558 17553 621
17558 17558 314
17559 17554 20
17559 17559 491
17560 17555 -921
17560 17560 -45
17561 17556 -171
17561 17561 -684
17562 17557 243
17562 17562 -507
17563 17558 -757
17563 17563 251
17564 17559 -380
17564 17564 999
17565 17560 -795
17565 17565 -47
17566 17561 963
17566 17566 -245
17567 17562 -102
17567 17567 876
17568 17563 -221
17568 17568 634
17569 17564 -101
17569 17569 30
17570 17565 256
17570 17570 -823
17571 17566 255
17571 17571 -613
17572 17567 290
17572 17572 526
17573 17568 -56
17573 17573 747
17574 17569 829
17574 17574 -553
17575 17570 890
17575 17575 -425
17576 17571 595
17576 17576 -160
17577 17572 -276
17577 17577 271
17578 17573 99
17578 17578 157
17579 17574 -773
17579 17579 11
17580 17575 -861
17580 17580 366
17581 17576 -211
17581 17581 -22
17582 17577 -549
17582 17582 274
17583 17578 -499
17583 17583 -886
17584 17579 905
17584 17584 -821
17585 17580 -94
17585 17585 -219
17586 17581 -796
17586 17586 575
17587 17582 612
17587 17587 829
17588 17583 869
17588 17588 821
17589 17584 -237
17589 17589 885
17590 17585 999
17590 17590 833
17591 17586 971
17591 17591 -503
17592 17587 371
17592 17592 -842
17593 17588 352
17593 17593 223
17594 17589 -108
17594 17594 994
17595 17590 759
17595 17595 955
17596 17591 970
17596 17596 320
17597 17592 -484
17597 17597 -857
17598 17593 -354
17598 17598 -568
17599 17594 905
17599 17599 -864
17600 17595 -13
17600 17600 -943
17601 17596 -995
17601 17601 907
17602 17597 -473
17602 17602 -369
17603 17598 92
17603 17603 438
17604 17599 723
17604 17604 -464
17605 17600 -490
17605 17605 131
17606 17601 -776
17606 17606 265
17607 17602 -112
17607 17607 475
17608 17603 -947
17608 17608 -740
17609 17604 397
17609 17609 -891
17610 17605 -629
17610 17610 842
17611 17606 -27
17611 17611 -275
17612 17607 -477
17612 17612 355
17613 17608 95
17613 17613 751
17614 17609 745
17614 17614 569
17615 17610 -365
17615 17615 -35
17616 17611 906
17616 17616 532
17617 17612 -718
17617 17617 420
17618 17613 -923
17618 17618 504
17619 17614 -67
17619 17619 -312
17620 17615 554
17620 17620 904
17621 17616 -189
17621 17621 6
17622 17617 394
17622 17622 325
17623 17618 617
17623 17623 380
17624 17619 101
17624 17624 663
17625 17620 296
17625 17625 -773
17626 17621 -688
17626 17626 -88
17627 17622 -857
17627 17627 -220
17628 17623 636
17628 17628 -371
17629 17624 998
17629 17629 509
17630 17625 -481
17630 17630 -206
17631 17626 102
17631 17631 203
17632 17627 764
17632 17632 -448
17633 17628 242
17633 17633 -115
17634 17629 -371
17634 17634 202
17635 17630 242
17635 17635 565
17636 17631 -563
17636 17636 -470
17637 17632 811
17637 17637 -115
17638 17633 -717
17638 17638 99
17639 17634 414
17639 17639 -607
17640 17635 499
17640 17640 -433
17641 17636 -689
17641 17641 -674
17642 17637 -63
17642 17642 -310
17643 17638 656
17643 17643 -943
17644 17639 633
17644 17644 134
17645 17640 688
17645 17645 -877
17646 17641 254
17646 17646 -752
17647 17642 593
17647 17647 56
17648 17643 738
17648 17648 404
17649 17644 538
17649 17649 271
17650 17645 374
17650 17650 -282
17651 17646 -437
17651 17651 -528
17652 17647 -471
17652 17652 -976
17653 17648 -806
17653 17653 -64
17654 17649 -974
17654 17654 552
17655 17650 563
17655 17655 986
17656 17651 269
17656 17656 -5
17657 17652 462
17657 17657 197
17658 17653 -988
17658 17658 -834
17659 17654 -127
17659 17659 719
17660 17655 499
17660 17660 -701
17661 17656 592
17661 17661 -727
17662 17657 -296
17662 17662 597
17663 17658 279
17663 17663 -428
17664 17659 269
17664 17664 -192
17665 17660 -568
17665 17665 -468
17666 17661 208
17666 17666 562
17667 17662 396
17667 17667 -558
17668 17663 55
17668 17668 833
17669 17664 -805
17669 17669 -693
17670 17665 -583
17670 17670 826
17671 17666 217
17671 17671 -447
17672 17667 604
17672 17672 345
17673 17668 -672
17673 17673 416
17674 17669 219
17674 17674 68
17675 17670 570
17675 17675 -787
17676 17671 -343
17676 17676 -665
17677 17672 -61
17677 17677 -153
17678 17673 667
17678 17678 -62
17679 17674 735
17679 17679 872
17680 17675 -488
17680 17680 -130
17681 17676 672
17681 17681 -459
17682 17677 -759
17682 17682 322
17683 17678 128
17683 17683 108
17684 17679 -212
17684 17684 948
17685 17680 -514
17685 17685 173
17686 17681 -712
17686 17686 956
17687 17682 -289
17687 17687 -357
17688 17683 969
17688 17688 -550
17689 17684 911
17689 17689 -195
17690 17685 -159
17690 17690 -513
17691 17686 -861
17691 17691 -924
17692 17687 -428
17692 17692 -530
17693 17688 -342
17693 17693 251
17694 17689 642
17694 17694 -464
17695 17690 -364
17695 17695 -785
17696 17691 -406
17696 17696 64
17697 17692 494
17697 17697 832
17698 17693 -165
17698 17698 306
17699 17694 -112
17699 17699 227
17700 17695 948
17700 17700 722
17701 17696 -185
17701 17701 946
17702 17697 -989
17702 17702 66
17703 17698 -329
17703 17703 -782
17704 17699 919
17704 17704 -6
17705 17700 715
17705 17705 -701
17706 17701 623
17706 17706 832
17707 17702 -847
17707 17707 213
17708 17703 -827
17708 17708 -626
17709 17704 -3
17709 17709 692
17710 17705 102
17710 17710 970
17711 17706 -886
17711 17711 422
17712 17707 117
17712 17712 -965
17713 17708 42
17713 17713 -42
17714 17709 578
17714 17714 -904
17715 17710 947
17715 17715 269
17716 17711 406
17716 17716 745
17717 17712 -61
17717 17717 -995
17718 17713 -420
17718 17718 -671
17719 17714 123
17719 17719 822
17720 17715 -658
17720 17720 292
17721 17716 -799
17721 17721 286
17722 17717 150
17722 17722 992
17723 17718 874
17723 17723 -346
17724 17719 -444
17724 17724 837
17725 17720 -137
17725 17725 -208
17726 17721 480
17726 17726 -422
17727 17722 556
17727 17727 -228
17728 17723 -860
17728 17728 -723
17729 17724 -763
17729 17729 694
17730 17725 722
17730 17730 -645
17731 17726 -797
17731 17731 897
17732 17727 -136
17732 17732 245
17733 17728 797
17733 17733 -417
17734 17729 -678
17734 17734 790
17735 17730 -860
17735 17735 -113
17736 17731 241
17736 17736 494
17737 17732 -772
17737 17737 541
17738 17733 869
17738 17738 -335
17739 17734 520
17739 17739 -674
17740 17735 411
17740 17740 90
17741 17736 406
17741 17741 -642
17742 17737 519
17742 17742 -766
17743 17738 658
17743 17743 26
17744 17739 -708
17744 17744 38
17745 17740 -223
17745 17745 849
17746 17741 -425
17746 17746 -99
17747 17742 -55
17747 17747 -987
17748 17743 399
17748 17748 -427
17749 17744 -156
17749 17749 -314
17750 17745 486
17750 17750 -382
17751 17746 -936
17751 17751 -694
17752 17747 -536
17752 17752 -615
17753 17748 -260
17753 17753 819
17754 17749 49
17754 17754 235
17755 17750 210
17755 17755 339
17756 17751 -878
17756 17756 551
17757 17752 82
17757 17757 402
17758 17753 -530
17758 17758 658
17759 17754 147
17759 17759 808
17760 17755 972
17760 17760 986
17761 17756 613
17761 17761 -92
17762 17757 96
17762 17762 -604
17763 17758 -286
17763 17763 -893
17764 17759 -508
17764 17764 432
17765 17760 176
17765 17765 764
17766 17761 -193
17766 17766 654
17767 17762 -114
17767 17767 -96
17768 17763 442
17768 17768 248
17769 17764 482
17769 17769 -792
17770 17765 -889
17770 17770 98
17771 17766 352
17771 17771 476
17772 17767 -101
17772 17772 634
17773 17768 755
17773 17773 889
17774 17769 864
17774 17774 668
17775 17770 -339
17775 17775 228
17776 17771 960
17776 17776 528
17777 17772 -957
17777 17777 -768
17778 17773 614
17778 17778 -964
17779 17774 -958
17779 17779 683
17780 17775 182
17780 17780 -233
17781 17776 -365
17781 17781 882
17782 17777 312
17782 17782 -620
17783 17778 314
17783 17783 -955
17784 17779 -146
17784 17784 -484
17785 17780 413
17785 17785 -119
17786 17781 -763
17786 17786 489
17787 17782 464
17787 17787 515
17788 17783 902
17788 17788 752
17789 17784 -96
17789 17789 298
17790 17785 516
17790 17790 697
17791 17786 437
17791 17791 -505
17792 17787 856
17792 17792 -683
17793 17788 460
17793 17793 -941
17794 17789 -850
17794 17794 138
17795 17790 -955
17795 17795 -985
17796 17791 -808
17796 17796 895
17797 17792 525
17797 17797 849
17798 17793 -126
17798 17798 -354
17799 17794 111
17799 17799 105
17800 17795 110
17800 17800 -929
17801 17796 -251
17801 17801 559
17802 17797 -367
17802 17802 525
17803 17798 -492
17803 17803 -328
17804 17799 188
17804 17804 424
17805 17800 -614
17805 17805 -38
17806 17801 926
17806 17806 -544
17807 17802 -503
17807 17807 478
17808 17803 885
17808 17808 -952
17809 17804 -846
17809 17809 -222
17810 17805 -945
17810 17810 -434
17811 17806 589
17811 17811 -184
17812 17807 147
17812 17812 424
17813 17808 -385
17813 17813 651
17814 17809 407
17814 17814 -305
17815 17810 -331
17815 17815 -617
17816 17811 291
17816 17816 891
17817 17812 -154
17817 17817 797
17818 17813 59
17818 17818 867
17819 17814 -11
17819 17819 -933
17820 17815 -350
17820 17820 885
17821 17816 -422
17821 17821 630
17822 17817 -467
17822 17822 -661
17823 17818 16
17823 17823 -461
17824 17819 795
17824 17824 530
17825 17820 757
17825 17825 830
17826 17821 669
17826 17826 -352
17827 17822 940
17827 17827 622
17828 17823 -530
17828 17828 437
17829 17824 682
17829 17829 -343
17830 17825 214
17830 17830 -686
17831 17826 960
17831 17831 -579
17832 17827 -878
17832 17832 574
17833 17828 959
17833 17833 817
17834 17829 -279
17834 17834 129
17835 17830 -928
17835 17835 -844
17836 17831 815
17836 17836 277
17837 17832 172
17837 17837 -216
17838 17833 -115
17838 17838 186
17839 17834 924
17839 17839 410
17840 17835 746
17840 17840 -461
17841 17836 -203
17841 17841 279
17842 17837 193
17842 17842 750
17843 17838 -985
17843 17843 461
17844 17839 235
17844 17844 -729
17845 17840 48
17845 17845 988
17846 17841 -858
17846 17846 310
17847 17842 806
17847 17847 362
17848 17843 -787
17848 17848 830
17849 17844 850
17849 17849 943
17850 17845 136
17850 17850 -1
17851 17846 946
17851 17851 -526
17852 17847 -804
17852 17852 476
17853 17848 -113
17853 17853 -887
17854 17849 143
17854 17854 587
17855 17850 -519
17855 17855 770
17856 17851 -203
17856 17856 -830
17857 17852 -356
17857 17857 -710
17858 17853 222
17858 17858 -639
17859 17854 299
17859 17859 882
17860 17855 -971
17860 17860 684
17861 17856 -251
17861 17861 -350
17862 17857 -457
17862 17862 -723
17863 17858 119
17863 17863 114
17864 17859 153
17864 17864 -310
17865 17860 -128
17865 17865 -61
17866 17861 434
17866 17866 -154
17867 17862 -771
17867 17867 450
17868 17863 159
17868 17868 -980
17869 17864 335
17869 17869 -504
17870 17865 530
17870 17870 905
17871 17866 -830
17871 17871 469
17872 17867 163
17872 17872 588
17873 17868 883
17873 17873 859
17874 17869 -493
17874 17874 -6
17875 17870 -183
17875 17875 -726
17876 17871 448
17876 17876 783
17877 17872 -527
17877 17877 -463
17878 17873 -851
17878 17878 942
17879 17874 946
17879 17879 -612
17880 17875 298
17880 17880 124
17881 17876 1
17881 17881 468
17882 17877 -47
17882 17882 -59
17883 17878 -682
17883 17883 -762
17884 17879 -101
17884 17884 993
17885 17880 -543
17885 17885 -245
17886 17881 421
17886 17886 -59
17887 17882 387
17887 17887 635
17888 17883 -515
17888 17888 -531
17889 17884 -7
17889 17889 -353
17890 17885 -547
17890 17890 918
17891 17886 358
17891 17891 95
17892 17887 827
17892 17892 -566
17893 17888 64
17893 17893 -142
17894 17889 -387
17894 17894 781
17895 17890 758
17895 17895 229
17896 17891 317
17896 17896 -304
17897 17892 868
17897 17897 266
17898 17893 -609
17898 17898 8
17899 17894 -206
17899 17899 217
17900 17895 936
17900 17900 -640
17901 17896 -153
17901 17901 921
17902 17897 -545
17902 17902 56
17903 17898 962
17903 17903 -862
17904 17899 -569
17904 17904 476
17905 17900 -947
17905 17905 150
17906 17901 -492
17906 17906 -485
17907 17902 -429
17907 17907 874
17908 17903 -15
17908 17908 445
17909 17904 -37
17909 17909 833
17910 17905 693
17910 17910 138
17911 17906 745
17911 17911 344
17912 17907 586
17912 17912 -746
17913 17908 -157
17913 17913 -192
17914 17909 361
17914 17914 -849
17915 17910 -40
17915 17915 317
17916 17911 -505
17916 17916 -112
17917 17912 -818
17917 17917 -686
17918 17913 116
17918 17918 -115
17919 17914 231
17919 17919 -75
17920 17915 -271
17920 17920 -404
17921 17916 -241
17921 17921 276
17922 17917 513
17922 17922 865
17923 17918 -632
17923 17923 -18
17924 17919 805
17924 17924 -534
17925 17920 -622
17925 17925 -501
17926 17921 965
17926 17926 -694
17927 17922 397
17927 17927 422
17928 17923 -844
17928 17928 -957
17929 17924 -142
17929 17929 -869
17930 17925 775
17930 17930 921
17931 17926 347
17931 17931 -230
17932 17927 972
17932 17932 -262
17933 17928 -245
17933 17933 252
17934 17929 723
17934 17934 35
17935 17930 125
17935 17935 -458
17936 17931 901
17936 17936 340
17937 17932 -42
17937 17937 -287
17938 17933 -531
17938 17938 -848
17939 17934 844
17939 17939 522
17940 17935 183
17940 17940 622
17941 17936 -413
17941 17941 -540
17942 17937 -930
17942 17942 -268
17943 17938 -442
17943 17943 58
17944 17939 -406
17944 17944 -941
17945 17940 -455
17945 17945 502
17946 17941 895
17946 17946 909
17947 17942 253
17947 17947 462
17948 17943 -651
17948 17948 -589
17949 17944 -137
17949 17949 -786
17950 17945 -235
17950 17950 -900
17951 17946 413
17951 17951 -609
17952 17947 -717
17952 17952 638
17953 17948 -381
17953 17953 716
17954 17949 -697
17954 17954 -261
17955 17950 677
17955 17955 -327
17956 17951 197
17956 17956 639
17957 17952 -493
17957 17957 75
17958 17953 892
17958 17958 -468
17959 17954 -802
17959 17959 702
17960 17955 -356
17960 17960 727
17961 17956 912
17961 17961 251
17962 17957 -259
17962 17962 -338
17963 17958 477
17963 17963 -645
17964 17959 473
17964 17964 -226
17965 17960 799
17965 17965 544
17966 17961 -322
17966 17966 -586
17967 17962 -804
17967 17967 716
17968 17963 721
17968 17968 848
17969 17964 -458
17969 17969 643
17970 17965 377
17970 17970 108
17971 17966 -839
17971 17971 867
17972 17967 38
17972 17972 -824
17973 17968 415
17973 17973 80
17974 17969 -862
17974 17974 804
17975 17970 -69
17975 17975 -664
17976 17971 165
17976 17976 -792
17977 17972 891
17977 17977 705
17978 17973 438
17978 17978 899
17979 17974 -314
17979 17979 -651
17980 17975 -496
17980 17980 -78
17981 17976 -927
17981 17981 588
17982 17977 -785
17982 17982 -210
17983 17978 -823
17983 17983 -822
17984 17979 -68
17984 17984 646
17985 17980 207
17985 17985 698
17986 17981 -717
17986 17986 648
17987 17982 382
17987 17987 -380
17988 17983 628
17988 17988 -537
17989 17984 -692
17989 17989 -402
17990 17985 -122
17990 17990 -4
17991 17986 714
17991 17991 732
17992 17987 335
17992 17992 -768
17993 17988 -19
17993 17993 938
17994 17989 -74
17994 17994 -454
17995 17990 -388
17995 17995 704
17996 17991 -845
17996 17996 -347
17997 17992 -705
17997 17997 966
17998 17993 991
17998 17998 -497
17999 17994 445
17999 17999 -975
18000 17995 893
18000 18000 529
18001 17996 -350
18001 18001 76
18002 17997 812
18002 18002 404
18003 17998 993
18003 18003 -565
18004 17999 -514
18004 18004 473
18005 18000 -259
18005 18005 -815
18006 18001 -879
18006 18006 -712
18007 18002 -852
18007 18007 548
18008 18003 526
18008 18008 -160
18009 18004 -755
18009 18009 207
18010 18005 -223
18010 18010 909
18011 18006 -72
18011 18011 -787
18012 18007 581
18012 18012 537
18013 18008 572
18013 18013 435
18014 18009 288
18014 18014 668
18015 18010 -769
18015 18015 -439
18016 18011 -556
18016 18016 -827
18017 18012 -974
18017 18017 -601
18018 18013 313
18018 18018 -115
18019 18014 -709
18019 18019 -385
18020 18015 -422
18020 18020 -660
18021 18016 -84
18021 18021 -901
18022 18017 -926
18022 18022 -723
18023 18018 495
18023 18023 -47
18024 18019 -724
18024 18024 -515
18025 18020 45
18025 18025 784
18026 18021 -503
18026 18026 -986
18027 18022 -479
18027 18027 -263
18028 18023 -865
18028 18028 896
18029 18024 783
18029 18029 -347
18030 18025 126
18030 18030 -238
18031 18026 -176
18031 18031 -455
18032 18027 279
18032 18032 -670
18033 18028 -319
18033 18033 934
18034 18029 -965
18034 18034 -742
18035 18030 762
18035 18035 810
18036 18031 -67
18036 18036 -54
18037 18032 341
18037 18037 -355
18038 18033 -256
18038 18038 -152
18039 18034 182
18039 18039 -429
18040 18035 -103
18040 18040 -566
18041 18036 79
18041 18041 106
18042 18037 -119
18042 18042 -479
18043 18038 491
18043 18043 291
18044 18039 87
18044 18044 174
18045 18040 -13
18045 18045 588
18046 18041 843
18046 18046 -202
18047 18042 468
18047 18047 764
18048 18043 -775
18048 18048 -495
18049 18044 -540
18049 18049 -428
18050 18045 987
18050 18050 684
18051 18046 -56
18051 18051 540
18052 18047 202
18052 18052 186
18053 18048 646
18053 18053 -718
18054 18049 134
18054 18054 -412
18055 18050 112
18055 18055 246
18056 18051 987
18056 18056 -126
18057 18052 219
18057 18057 948
18058 18053 -543
18058 18058 -19
18059 18054 -577
18059 18059 -951
18060 18055 695
18060 18060 -69
18061 18056 -130
18061 18061 802
18062 18057 -703
18062 18062 339
18063 18058 -896
18063 18063 -527
18064 18059 868
18064 18064 -523
18065 18060 116
18065 18065 -498
18066 18061 -714
18066 18066 -908
18067 18062 -106
18067 18067 -90
18068 18063 -124
18068 18068 299
18069 18064 -225
18069 18069 -990
18070 18065 88
18070 18070 -551
18071 18066 320
18071 18071 -301
18072 18067 -860
18072 18072 -770
18073 18068 527
18073 18073 -315
18074 18069 -773
18074 18074 -556
18075 18070 716
18075 18075 -746
18076 18071 -630
18076 18076 -613
18077 18072 58
18077 18077 11
18078 18073 -590
18078 18078 266
18079 18074 -183
18079 18079 -686
18080 18075 24
18080 18080 556
18081 18076 -256
18081 18081 -154
18082 18077 -11
18082 18082 -476
18083 18078 622
18083 18083 -495
18084 18079 -16
18084 18084 -393
18085 18080 -266
18085 18085 -357
18086 18081 -322
18086 18086 457
18087 18082 -753
18087 18087 895
18088 18083 554
18088 18088 455
18089 18084 719
18089 18089 -929
18090 18085 434
18090 18090 36
18091 18086 -830
18091 18091 -493
18092 18087 798
18092 18092 620
18093 18088 621
18093 18093 948
18094 18089 -147
18094 18094 -128
18095 18090 582
18095 18095 572
18096 18091 211
18096 18096 -219
18097 18092 570
18097 18097 587
18098 18093 -568
18098 18098 -216
18099 18094 328
18099 18099 311
18100 18095 -706
18100 18100 -819
18101 18096 100
18101 18101 32
18102 18097 -194
18102 18102 220
18103 18098 810
18103 18103 -15
18104 18099 -82
18104 18104 757
18105 18100 85
18105 18105 762
18106 18101 -564
18106 18106 460
18107 18102 178
18107 18107 -930
18108 18103 559
18108 18108 -526
18109 18104 472
18109 18109 722
18110 18105 -299
18110 18110 -828
18111 18106 -134
18111 18111 -420
18112 18107 -836
18112 18112 355
18113 18108 -159
18113 18113 787
18114 18109 -122
18114 18114 -551
18115 18110 -252
18115 18115 584
18116 18111 -467
18116 18116 -360
18117 18112 -737
18117 18117 267
18118 18113 -639
18118 18118 644
18119 18114 -40
18119 18119 186
18120 18115 -547
18120 18120 -308
18121 18116 -552
18121 18121 -696
18122 18117 -417
18122 18122 863
18123 18118 920
18123 18123 -699
18124 18119 -634
18124 18124 187
18125 18120 -914
18125 18125 -420
18126 18121 -72
18126 18126 605
18127 18122 895
18127 18127 -158
18128 18123 425
18128 18128 -983
18129 18124 -4
18129 18129 387
18130 18125 203
18130 18130 71
18131 18126 918
18131 18131 252
18132 18127 332
18132 18132 990
18133 18128 481
18133 18133 513
18134 18129 455
18134 18134 747
18135 18130 -508
18135 18135 876
18136 18131 -235
18136 18136 -748
18137 18132 403
18137 18137 -229
18138 18133 389
18138 18138 67
18139 18134 523
18139 18139 -488
18140 18135 -791
18140 18140 -623
18141 18136 -625
18141 18141 -559
18142 18137 -264
18142 18142 -826
18143 18138 690
18143 18143 -282
18144 18139 -109
18144 18144 156
18145 18140 -186
18145 18145 715
18146 18141 585
18146 18146 -901
18147 18142 406
18147 18147 300
18148 18143 61
18148 18148 -223
18149 18144 472
18149 18149 -568
18150 18145 -499
18150 18150 224
18151 18146 -240
18151 18151 787
18152 18147 869
18152 18152 -686
18153 18148 -319
18153 18153 909
18154 18149 753
18154 18154 107
18155 18150 -941
18155 18155 -634
18156 18151 -288
18156 18156 -641
18157 18152 -954
18157 18157 516
18158 18153 -208
18158 18158 -912
18159 18154 -804
18159 18159 511
18160 18155 922
18160 18160 640
18161 18156 198
18161 18161 640
18162 18157 -336
18162 18162 -738
18163 18158 844
18163 18163 -67
18164 18159 -951
18164 18164 -582
18165 18160 302
18165 18165 -339
18166 18161 292
18166 18166 -836
18167 18162 -202
18167 18167 -386
18168 18163 964
18168 18168 -105
18169 18164 -675
18169 18169 645
18170 18165 705
18170 18170 -201
18171 18166 642
18171 18171 -926
18172 18167 -648
18172 18172 -803
18173 18168 -634
18173 18173 -691
18174 18169 -399
18174 18174 -399
18175 18170 -450
18175 18175 493
18176 18171 -34
18176 18176 244
18177 18172 680
18177 18177 -699
18178 18173 -444
18178 18178 123
18179 18174 58
18179 18179 54
18180 18175 469
18180 18180 -760
18181 18176 964
18181 18181 -195
18182 18177 -763
18182 18182 780
18183 18178 -272
18183 18183 956
18184 18179 -867
18184 18184 33
18185 18180 455
18185 18185 -70
18186 18181 -32
18186 18186 689
18187 18182 695
18187 18187 854
18188 18183 -785
18188 18188 -186
18189 18184 405
18189 18189 -38
18190 18185 -820
18190 18190 -49
18191 18186 -276
18191 18191 833
18192 18187 576
18192 18192 717
18193 18188 221
18193 18193 405
18194 18189 382
18194 18194 356
18195 18190 918
18195 18195 833
18196 18191 -58
18196 18196 -124
18197 18192 995
18197 18197 231
18198 18193 87
18198 18198 -350
18199 18194 430
18199 18199 258
18200 18195 546
18200 18200 -608
18201 18196 -694
18201 18201 655
18202 18197 151
18202 18202 -687
18203 18198 -624
18203 18203 -822
18204 18199 -501
18204 18204 991
18205 18200 -846
18205 18205 923
18206 18201 657
18206 18206 361
18207 18202 958
18207 18207 -124
18208 18203 -462
18208 18208 -397
18209 18204 -484
18209 18209 -611
18210 18205 345
18210 18210 -780
18211 18206 684
18211 18211 -27
18212 18207 192
18212 18212 -882
18213 18208 110
18213 18213 -979
18214 18209 -682
18214 18214 -886
18215 18210 966
18215 18215 -299
18216 18211 896
18216 18216 134
18217 18212 606
18217 18217 -202
18218 18213 -120
18218 18218 -243
18219 18214 -498
18219 18219 -753
18220 18215 352
18220 18220 -846
18221 18216 712
18221 18221 -107
18222 18217 595
18222 18222 -540
18223 18218 577
18223 18223 -117
18224 18219 540
18224 18224 -962
18225 18220 -248
18225 18225 412
18226 18221 -609
18226 18226 982
18227 18222 -917
18227 18227 -958
18228 18223 413
18228 18228 703
18229 18224 178
18229 18229 -885
18230 18225 487
18230 18230 507
18231 18226 249
18231 18231 150
18232 18227 636
18232 18232 69
18233 18228 217
18233 18233 -856
18234 18229 -617
18234 18234 -549
18235 18230 -250
18235 18235 133
18236 18231 317
18236 18236 852
18237 18232 -695
18237 18237 -541
18238 18233 -762
18238 18238 -614
18239 18234 404
18239 18239 18
18240 18235 106
18240 18240 75
18241 18236 737
18241 18241 701
18242 18237 -169
18242 18242 331
18243 18238 622
18243 18243 737
18244 18239 538
18244 18244 -552
18245 18240 -806
18245 18245 -916
18246 18241 517
18246 18246 -927
18247 18242 534
18247 18247 949
18248 18243 575
18248 18248 -853
18249 18244 -112
18249 18249 660
18250 18245 -280
18250 18250 422
18251 18246 -424
18251 18251 -779
18252 18247 284
18252 18252 99
18253 18248 440
18253 18253 -48
18254 18249 -254
18254 18254 115
18255 18250 -316
18255 18255 -959
18256 18251 -14
18256 18256 185
18257 18252 -483
18257 18257 -249
18258 18253 58
18258 18258 -949
18259 18254 610
18259 18259 -64
18260 18255 212
18260 18260 846
18261 18256 -72
18261 18261 704
18262 18257 46
18262 18262 -523
18263 18258 -206
18263 18263 -783
18264 18259 368
18264 18264 -240
18265 18260 -164
18265 18265 176
18266 18261 262
18266 18266 -129
18267 18262 -920
18267 18267 -196
18268 18263 -558
18268 18268 199
18269 18264 321
18269 18269 335
18270 18265 -611
18270 18270 609
18271 18266 154
18271 18271 -308
18272 18267 -638
18272 18272 -237
18273 18268 -18
18273 18273 -656
18274 18269 242
18274 18274 -242
18275 18270 519
18275 18275 -86
18276 18271 934
18276 18276 231
18277 18272 -625
18277 18277 125
18278 18273 66
18278 18278 -563
18279 18274 -961
18279 18279 -588
18280 18275 690
18280 18280 -659
18281 18276 825
18281 18281 948
18282 18277 -883
18282 18282 -867
18283 18278 -894
18283 18283 852
18284 18279 -297
18284 18284 737
18285 18280 -338
18285 18285 356
18286 18281 -977
18286 18286 518
18287 18282 -57
18287 18287 -578
18288 18283 706
18288 18288 -141
18289 18284 403
18289 18289 -979
18290 18285 -915
18290 18290 -834
18291 18286 32
18291 18291 746
18292 18287 554
18292 18292 -516
18293 18288 902
18293 18293 758
18294 18289 -637
18294 18294 -939
18295 18290 -236
18295 18295 -630
18296 18291 -436
18296 18296 -680
18297 18292 991
18297 18297 -900
18298 18293 675
18298 18298 -605
18299 18294 -588
18299 18299 956
18300 18295 -118
18300 18300 213
18301 18296 35
18301 18301 -615
18302 18297 865
18302 18302 32
18303 18298 548
18303 18303 -456
18304 18299 -491
18304 18304 269
18305 18300 -399
18305 18305 577
18306 18301 -592
18306 18306 600
18307 18302 354
18307 18307 -19
18308 18303 688
18308 18308 -55
18309 18304 -56
18309 18309 213
18310 18305 -741
18310 18310 8
18311 18306 -118
18311 18311 608
18312 18307 -801
18312 18312 730
18313 18308 -772
18313 18313 828
18314 18309 435
18314 18314 -69
18315 18310 15
18315 18315 -368
18316 18311 -343
18316 18316 -567
18317 18312 -28
18317 18317 327
18318 18313 188
18318 18318 -517
18319 18314 833
18319 18319 -334
18320 18315 339
18320 18320 322
18321 18316 -396
18321 18321 -979
18322 18317 -721
18322 18322 -921
18323 18318 -349
18323 18323 270
18324 18319 -56
18324 18324 -699
18325 18320 -371
18325 18325 -812
18326 18321 -344
18326 18326 -568
18327 18322 58
18327 18327 -457
18328 18323 -308
18328 18328 -34
18329 18324 462
18329 18329 -723
18330 18325 -924
18330 18330 -111
18331 18326 -474
18331 18331 272
18332 18327 674
18332 18332 -891
18333 18328 -530
18333 18333 765
18334 18329 -373
18334 18334 130
18335 18330 -196
18335 18335 -479
18336 18331 647
18336 18336 444
18337 18332 -839
18337 18337 849
18338 18333 900
18338 18338 -677
18339 18334 -382
18339 18339 -400
18340 18335 249
18340 18340 -524
18341 18336 -197
18341 18341 439
18342 18337 266
18342 18342 587
18343 18338 581
18343 18343 773
18344 18339 -61
18344 18344 -307
18345 18340 682
18345 18345 -319
18346 18341 311
18346 18346 -572
18347 18342 247
18347 18347 -655
18348 18343 -772
18348 18348 -710
18349 18344 898
18349 18349 359
18350 18345 226
18350 18350 -10
18351 18346 223
18351 18351 -823
18352 18347 -511
18352 18352 -341
18353 18348 574
18353 18353 -901
18354 18349 -647
18354 18354 214
18355 18350 965
18355 18355 -383
18356 18351 179
18356 18356 -255
18357 18352 616
18357 18357 -489
18358 18353 156
18358 18358 448
18359 18354 292
18359 18359 963
18360 18355 120
18360 18360 -289
18361 18356 -926
18361 18361 345
18362 18357 131
18362 18362 726
18363 18358 530
18363 18363 138
18364 18359 -208
18364 18364 -853
18365 18360 492
18365 18365 -841
18366 18361 -860
18366 18366 -209
18367 18362 235
18367 18367 -720
18368 18363 333
18368 18368 181
18369 18364 -620
18369 18369 -59
18370 18365 835
18370 18370 -990
18371 18366 -234
18371 18371 -251
18372 18367 -459
18372 18372 -307
18373 18368 877
18373 18373 -613
18374 18369 -348
18374 18374 489
18375 18370 -868
18375 18375 -951
18376 18371 -754
18376 18376 -44
18377 18372 368
18377 18377 449
18378 18373 -143
18378 18378 -893
18379 18374 791
18379 18379 -135
18380 18375 -479
18380 18380 -349
18381 18376 -41
18381 18381 274
18382 18377 -374
18382 18382 -809
18383 18378 903
18383 18383 155
18384 18379 866
18384 18384 999
18385 18380 40
18385 18385 -631
18386 18381 -131
18386 18386 549
18387 18382 -565
18387 18387 418
18388 18383 -439
18388 18388 687
18389 18384 -115
18389 18389 -746
18390 18385 279
18390 18390 267
18391 18386 229
18391 18391 295
18392 18387 388
18392 18392 -314
18393 18388 -19
18393 18393 903
18394 18389 428
18394 18394 241
18395 18390 392
18395 18395 833
18396 18391 -581
18396 18396 740
18397 18392 -542
18397 18397 -33
18398 18393 449
18398 18398 130
18399 18394 361
18399 18399 959
18400 18395 109
18400 18400 -236
18401 18396 -692
18401 18401 -703
18402 18397 972
18402 18402 923
18403 18398 -941
18403 18403 159
18404 18399 -586
18404 18404 527
18405 18400 -656
18405 18405 -641
18406 18401 616
18406 18406 -644
18407 18402 346
18407 18407 -285
18408 18403 108
18408 18408 976
18409 18404 -582
18409 18409 118
18410 18405 -488
18410 18410 -721
18411 18406 348
18411 18411 -955
18412 18407 -901
18412 18412 973
18413 18408 630
18413 18413 -445
18414 18409 207
18414 18414 -41
18415 18410 -129
18415 18415 26
18416 18411 -662
18416 18416 -858
18417 18412 -120
18417 18417 -953
18418 18413 -530
18418 18418 -358
18419 18414 699
18419 18419 798
18420 18415 555
18420 18420 90
18421 18416 -651
18421 18421 -552
18422 18417 900
18422 18422 -866
18423 18418 -761
18423 18423 -772
18424 18419 878
18424 18424 -468
18425 18420 -281
18425 18425 952
18426 18421 -422
18426 18426 -846
18427 18422 -841
18427 18427 498
18428 18423 779
18428 18428 -311
18429 18424 -822
18429 18429 8
18430 18425 -591
18430 18430 -777
18431 18426 -661
18431 18431 -244
18432 18427 -512
18432 18432 -37
18433 18428 53
18433 18433 154
18434 18429 -67
18434 18434 -689
18435 18430 -524
18435 18435 -596
18436 18431 -65
18436 18436 -307
18437 18432 -692
18437 18437 -272
18438 18433 -426
18438 18438 -414
18439 18434 -272
18439 18439 -331
18440 18435 270
18440 18440 771
18441 18436 -690
18441 18441 -91
18442 18437 812
18442 18442 18
18443 18438 -586
18443 18443 282
18444 18439 74
18444 18444 66
18445 18440 794
18445 18445 -346
18446 18441 905
18446 18446 237
18447 18442 899
18447 18447 36
18448 18443 640
18448 18448 -101
18449 18444 286
18449 18449 510
18450 18445 -9
18450 18450 -456
18451 18446 -664
18451 18451 330
18452 18447 95
18452 18452 407
18453 18448 -826
18453 18453 285
18454 18449 -223
18454 18454 -266
18455 18450 479
18455 18455 -718
18456 18451 857
18456 18456 456
18457 18452 159
18457 18457 -710
18458 18453 343
18458 18458 148
18459 18454 508
18459 18459 -680
18460 18455 -424
18460 18460 -8
18461 18456 -127
18461 18461 983
18462 18457 552
18462 18462 622
18463 18458 264
18463 18463 -503
18464 18459 705
18464 18464 -951
18465 18460 201
18465 18465 525
18466 18461 125
18466 18466 -791
18467 18462 196
18467 18467 482
18468 18463 986
18468 18468 407
18469 18464 -577
18469 18469 -418
18470 18465 18
18470 18470 -761
18471 18466 -609
18471 18471 -569
18472 18467 -547
18472 18472 873
18473 18468 -964
18473 18473 995
18474 18469 -177
18474 18474 -68
18475 18470 177
18475 18475 973
18476 18471 351
18476 18476 -88
18477 18472 24
18477 18477 -69
18478 18473 68
18478 18478 -979
18479 18474 -661
18479 18479 193
18480 18475 -50
18480 18480 -390
18481 18476 -409
18481 18481 -401
18482 18477 -673
18482 18482 69
18483 18478 -871
18483 18483 64
18484 18479 -263
18484 18484 -979
18485 18480 64
18485 18485 -449
18486 18481 716
18486 18486 -835
18487 18482 444
18487 18487 768
18488 18483 -397
18488 18488 -522
18489 18484 -181
18489 18489 783
18490 18485 -721
18490 18490 -341
18491 18486 431
18491 18491 248
18492 18487 979
18492 18492 901
18493 18488 -940
18493 18493 545
18494 18489 -129
18494 18494 -102
18495 18490 -580
18495 18495 -390
18496 18491 650
18496 18496 -335
18497 18492 -180
18497 18497 -245
18498 18493 -50
18498 18498 -372
18499 18494 -784
18499 18499 275
18500 18495 -258
18500 18500 -411
18501 18496 183
18501 18501 997
18502 18497 -955
18502 18502 -408
18503 18498 -287
18503 18503 -314
18504 18499 -699
18504 18504 -735
18505 18500 -798
18505 18505 1
18506 18501 -969
18506 18506 856
18507 18502 301
18507 18507 -811
18508 18503 -416
18508 18508 -738
18509 18504 483
18509 18509 -610
18510 18505 -311
18510 18510 10
18511 18506 598
18511 18511 503
18512 18507 260
18512 18512 507
18513 18508 606
18513 18513 769
18514 18509 -257
18514 18514 359
18515 18510 -350
18515 18515 769
18516 18511 383
18516 18516 -476
18517 18512 -308
18517 18517 -101
18518 18513 -649
18518 18518 -403
18519 18514 115
18519 18519 -181
18520 18515 394
18520 18520 -620
18521 18516 -348
18521 18521 -419
18522 18517 -820
18522 18522 -24
18523 18518 -755
18523 18523 61
18524 18519 -762
18524 18524 264
18525 18520 691
18525 18525 -633
18526 18521 -814
18526 18526 -60
18527 18522 86
18527 18527 -341
18528 18523 -455
18528 18528 526
18529 18524 -472
18529 18529 847
18530 18525 -277
18530 18530 -497
18531 18526 -732
18531 18531 -537
18532 18527 622
18532 18532 530
18533 18528 -285
18533 18533 890
18534 18529 -900
18534 18534 651
18535 18530 271
18535 18535 -905
18536 18531 -791
18536 18536 772
18537 18532 648
18537 18537 -317
18538 18533 -601
18538 18538 -676
18539 18534 724
18539 18539 -473
18540 18535 195
18540 18540 -18
18541 18536 -289
18541 18541 -909
18542 18537 -497
18542 18542 174
18543 18538 111
18543 18543 80
18544 18539 -277
18544 18544 -270
18545 18540 165
18545 18545 639
18546 18541 798
18546 18546 373
18547 18542 -635
18547 18547 704
18548 18543 41
18548 18548 991
18549 18544 -465
18549 18549 -977
18550 18545 -155
18550 18550 523
18551 18546 672
18551 18551 -407
18552 18547 -236
18552 18552 -575
18553 18548 -989
18553 18553 -576
18554 18549 -330
18554 18554 -923
18555 18550 554
18555 18555 -864
18556 18551 -821
18556 18556 -571
18557 18552 486
18557 18557 570
18558 18553 567
18558 18558 -391
18559 18554 -822
18559 18559 227
18560 18555 -318
18560 18560 478
18561 18556 -970
18561 18561 26
18562 18557 -619
18562 18562 -683
18563 18558 -673
18563 18563 574
18564 18559 764
18564 18564 772
18565 18560 -512
18565 18565 845
18566 18561 -972
18566 18566 -908
18567 18562 418
18567 18567 -138
18568 18563 644
18568 18568 54
18569 18564 -906
18569 18569 533
18570 18565 -604
18570 18570 -675
18571 18566 -64
18571 18571 -671
18572 18567 -760
18572 18572 -750
18573 18568 841
18573 18573 773
18574 18569 499
18574 18574 20
18575 18570 -104
18575 18575 -120
18576 18571 489
18576 18576 -53
18577 18572 -855
18577 18577 114
18578 18573 -418
18578 18578 280
18579 18574 299
18579 18579 -136
18580 18575 409
18580 18580 -172
18581 18576 783
18581 18581 130
18582 18577 632
18582 18582 640
18583 18578 -575
18583 18583 -357
18584 18579 793
18584 18584 296
18585 18580 31
18585 18585 -708
18586 18581 -161
18586 18586 822
18587 18582 420
18587 18587 320
18588 18583 -559
18588 18588 -426
18589 18584 336
18589 18589 630
18590 18585 65
18590 18590 -801
18591 18586 431
18591 18591 -695
18592 18587 -526
18592 18592 -356
18593 18588 110
18593 18593 633
18594 18589 -190
18594 18594 -444
18595 18590 -1
18595 18595 -144
18596 18591 -330
18596 18596 -860
18597 18592 -859
18597 18597 -793
18598 18593 -828
18598 18598 -895
18599 18594 948
18599 18599 9
18600 18595 -766
18600 18600 91
18601 18596 -512
18601 18601 836
18602 18597 -49
18602 18602 781
18603 18598 964
18603 18603 -281
18604 18599 660
18604 18604 125
18605 18600 180
18605 18605 -770
18606 18601 -697
18606 18606 -474
18607 18602 -459
18607 18607 646
18608 18603 -931
18608 18608 -476
18609 18604 -199
18609 18609 -199
18610 18605 444
18610 18610 358
18611 18606 434
18611 18611 -221
18612 18607 556
18612 18612 260
18613 18608 -835
18613 18613 979
18614 18609 -783
18614 18614 -917
18615 18610 64
18615 18615 344
18616 18611 -360
18616 18616 -567
18617 18612 886
18617 18617 -70
18618 18613 923
18618 18618 -280
18619 18614 -226
18619 18619 -410
18620 18615 380
18620 18620 -29
18621 18616 219
18621 18621 -693
18622 18617 241
18622 18622 481
18623 18618 -16
18623 18623 -436
18624 18619 -449
18624 18624 -108
18625 18620 664
18625 18625 953
18626 18621 -500
18626 18626 861
18627 18622 799
18627 18627 -47
18628 18623 -581
18628 18628 792
18629 18624 -742
18629 18629 -137
18630 18625 978
18630 18630 949
18631 18626 -448
18631 18631 400
18632 18627 -292
18632 18632 956
18633 18628 -952
18633 18633 66
18634 18629 548
18634 18634 730
18635 18630 -228
18635 18635 354
18636 18631 -31
18636 18636 830
18637 18632 680
18637 18637 -388
18638 18633 577
18638 18638 790
18639 18634 868
18639 18639 -180
18640 18635 50
18640 18640 246
18641 18636 59
18641 18641 -649
18642 18637 771
18642 18642 -789
18643 18638 78
18643 18643 582
18644 18639 795
18644 18644 -802
18645 18640 -694
18645 18645 -333
18646 18641 778
18646 18646 -291
18647 18642 339
18647 18647 517
18648 18643 89
18648 18648 46
18649 18644 383
18649 18649 401
18650 18645 -171
18650 18650 -451
18651 18646 8
18651 18651 68
18652 18647 108
18652 18652 -761
18653 18648 584
18653 18653 734
18654 18649 -460
18654 18654 -879
18655 18650 511
18655 18655 -373
18656 18651 -827
18656 18656 615
18657 18652 770
18657 18657 105
18658 18653 -806
18658 18658 680
18659 18654 514
18659 18659 -298
18660 18655 101
18660 18660 -970
18661 18656 51
18661 18661 -192
18662 18657 385
18662 18662 -616
18663 18658 -526
18663 18663 -386
18664 18659 666
18664 18664 561
18665 18660 -589
18665 18665 177
18666 18661 655
18666 18666 -677
18667 18662 176
18667 18667 -359
18668 18663 -544
18668 18668 -459
18669 18664 -310
18669 18669 696
18670 18665 762
18670 18670 683
18671 18666 525
18671 18671 -79
18672 18667 -930
18672 18672 285
18673 18668 712
18673 18673 446
18674 18669 751
18674 18674 -434
18675 18670 13
18675 18675 210
18676 18671 767
18676 18676 -357
18677 18672 813
18677 18677 25
18678 18673 913
18678 18678 -370
18679 18674 65
18679 18679 845
18680 18675 -909
18680 18680 -852
18681 18676 -426
18681 18681 -283
18682 18677 75
18682 18682 250
18683 18678 556
18683 18683 852
18684 18679 976
18684 18684 312
18685 18680 -744
18685 18685 920
18686 18681 -501
18686 18686 99
18687 18682 499
18687 18687 -305
18688 18683 -471
18688 18688 195
18689 18684 931
18689 18689 -328
18690 18685 -774
18690 18690 191
18691 18686 75
18691 18691 610
18692 18687 -310
18692 18692 -514
18693 18688 -80
18693 18693 -548
18694 18689 780
18694 18694 752
18695 18690 -905
18695 18695 227
18696 18691 -122
18696 18696 -94
18697 18692 904
18697 18697 243
18698 18693 -683
18698 18698 -765
18699 18694 -903
18699 18699 912
18700 18695 295
18700 18700 552
18701 18696 -343
18701 18701 256
18702 18697 -872
18702 18702 -21
18703 18698 -184
18703 18703 -222
18704 18699 -128
18704 18704 659
18705 18700 -385
18705 18705 -640
18706 18701 782
18706 18706 -457
18707 18702 -73
18707 18707 777
18708 18703 -600
18708 18708 -64
18709 18704 418
18709 18709 -832
18710 18705 -658
18710 18710 54
18711 18706 601
18711 18711 -185
18712 18707 231
18712 18712 -875
18713 18708 -145
18713 18713 -998
18714 18709 298
18714 18714 564
18715 18710 425
18715 18715 88
18716 18711 -842
18716 18716 164
18717 18712 -377
18717 18717 334
18718 18713 286
18718 18718 -153
18719 18714 133
18719 18719 338
18720 18715 425
18720 18720 845
18721 18716 902
18721 18721 887
18722 18717 165
18722 18722 664
18723 18718 -938
18723 18723 110
18724 18719 -678
18724 18724 -588
18725 18720 -295
18725 18725 -306
18726 18721 396
18726 18726 663
18727 18722 317
18727 18727 -43
18728 18723 -550
18728 18728 937
18729 18724 -421
18729 18729 433
18730 18725 533
18730 18730 -151
18731 18726 -372
18731 18731 -322
18732 18727 -409
18732 18732 526
18733 18728 -50
18733 18733 -209
18734 18729 -586
18734 18734 -321
18735 18730 340
18735 18735 -415
18736 18731 713
18736 18736 51
18737 18732 296
18737 18737 -211
18738 18733 -791
18738 18738 355
18739 18734 -543
18739 18739 -409
18740 18735 -987
18740 18740 18
18741 18736 -990
18741 18741 940
18742 18737 -585
18742 18742 936
18743 18738 -838
18743 18743 -442
18744 18739 -264
18744 18744 587
18745 18740 135
18745 18745 38
18746 18741 -357
18746 18746 -808
18747 18742 -695
18747 18747 -196
18748 18743 437
18748 18748 -646
18749 18744 -889
18749 18749 -108
18750 18745 -907
18750 18750 306
18751 18746 316
18751 18751 -578
18752 18747 -268
18752 18752 -280
18753 18748 -933
18753 18753 49
18754 18749 731
18754 18754 -527
18755 18750 -242
18755 18755 -921
18756 18751 52
18756 18756 -189
18757 18752 130
18757 18757 -596
18758 18753 615
18758 18758 275
18759 18754 918
18759 18759 -669
18760 18755 -336
18760 18760 -862
18761 18756 -116
18761 18761 158
18762 18757 -650
18762 18762 -35
18763 18758 391
18763 18763 -231
18764 18759 -592
18764 18764 915
18765 18760 -456
18765 18765 962
18766 18761 -790
18766 18766 -62
18767 18762 256
18767 18767 -216
18768 18763 -150
18768 18768 -275
18769 18764 -404
18769 18769 -478
18770 18765 -192
18770 18770 -359
18771 18766 110
18771 18771 432
18772 18767 899
18772 18772 -124
18773 18768 -468
18773 18773 610
18774 18769 791
18774 18774 995
18775 18770 -845
18775 18775 -210
18776 18771 -194
18776 18776 485
18777 18772 -503
18777 18777 518
18778 18773 260
18778 18778 968
18779 18774 983
18779 18779 -730
18780 18775 665
18780 18780 480
18781 18776 -347
18781 18781 -365
18782 18777 -723
18782 18782 332
18783 18778 -392
18783 18783 566
18784 18779 250
18784 18784 730
18785 18780 845
18785 18785 -49
18786 18781 436
18786 18786 -237
18787 18782 -284
18787 18787 696
18788 18783 360
18788 18788 487
18789 18784 -705
18789 18789 383
18790 18785 364
18790 18790 -338
18791 18786 -540
18791 18791 245
18792 18787 -989
18792 18792 -261
18793 18788 -599
18793 18793 -377
18794 18789 574
18794 18794 -439
18795 18790 -43
18795 18795 -963
18796 18791 -181
18796 18796 7
18797 18792 -604
18797 18797 258
18798 18793 -525
18798 18798 -813
18799 18794 807
18799 18799 -919
18800 18795 -411
18800 18800 -356
18801 18796 -630
18801 18801 519
18802 18797 -752
18802 18802 860
18803 18798 -174
18803 18803 662
18804 18799 -980
18804 18804 -585
18805 18800 315
18805 18805 -870
18806 18801 20
18806 18806 543
18807 18802 288
18807 18807 741
18808 18803 692
18808 18808 772
18809 18804 -54
18809 18809 911
18810 18805 -841
18810 18810 131
18811 18806 -699
18811 18811 945
18812 18807 -528
18812 18812 -686
18813 18808 827
18813 18813 -804
18814 18809 496
18814 18814 -814
18815 18810 -61
18815 18815 -844
18816 18811 -516
18816 18816 51
18817 18812 567
18817 18817 451
18818 18813 645
18818 18818 615
18819 18814 -606
18819 18819 -33
18820 18815 764
18820 18820 -927
18821 18816 71
18821 18821 541
18822 18817 191
18822 18822 669
18823 18818 -53
18823 18823 341
18824 18819 -132
18824 18824 -401
18825 18820 -26
18825 18825 39
18826 18821 -549
18826 18826 101
18827 18822 715
18827 18827 -846
18828 18823 469
18828 18828 21
18829 18824 -432
18829 18829 784
18830 18825 -334
18830 18830 255
18831 18826 -132
18831 18831 880
18832 18827 -665
18832 18832 -569
18833 18828 33
18833 18833 247
18834 18829 542
18834 18834 -586
18835 18830 -15
18835 18835 -45
18836 18831 808
18836 18836 -711
18837 18832 -369
18837 18837 -987
18838 18833 838
18838 18838 -408
18839 18834 16
18839 18839 -120
18840 18835 -273
18840 18840 -830
18841 18836 977
18841 18841 598
18842 18837 -233
18842 18842 65
18843 18838 -224
18843 18843 934
18844 18839 271
18844 18844 891
18845 18840 -86
18845 18845 -177
18846 18841 288
18846 18846 -567
18847 18842 346
18847 18847 855
18848 18843 -745
18848 18848 -139
18849 18844 320
18849 18849 337
18850 18845 -723
18850 18850 306
18851 18846 896
18851 18851 127
18852 18847 637
18852 18852 221
18853 18848 627
18853 18853 -327
18854 18849 -434
18854 18854 541
18855 18850 823
18855 18855 256
18856 18851 263
18856 18856 918
18857 18852 23
18857 18857 -873
18858 18853 -912
18858 18858 504
18859 18854 -33
18859 18859 -96
18860 18855 477
18860 18860 62
18861 18856 71
18861 18861 -745
18862 18857 -650
18862 18862 907
18863 18858 284
18863 18863 -11
18864 18859 -697
18864 18864 -441
18865 18860 -16
18865 18865 -726
18866 18861 -920
18866 18866 -642
18867 18862 -14
18867 18867 146
18868 18863 -268
18868 18868 -146
18869 18864 -901
18869 18869 234
18870 18865 -692
18870 18870 631
18871 18866 -431
18871 18871 -226
18872 18867 327
18872 18872 878
18873 18868 -561
18873 18873 38
18874 18869 -628
18874 18874 839
18875 18870 -29
18875 18875 -593
18876 18871 -946
18876 18876 -11
18877 18872 631
18877 18877 58
18878 18873 224
18878 18878 -125
18879 18874 -320
18879 18879 946
18880 18875 -361
18880 18880 -95
18881 18876 -17
18881 18881 952
18882 18877 454
18882 18882 -950
18883 18878 361
18883 18883 -948
18884 18879 -502
18884 18884 97
18885 18880 -437
18885 18885 -131
18886 18881 599
18886 18886 -435
18887 18882 -750
18887 18887 721
18888 18883 98
18888 18888 -190
18889 18884 -461
18889 18889 579
18890 18885 766
18890 18890 103
18891 18886 -283
18891 18891 526
18892 18887 -870
18892 18892 -330
18893 18888 624
18893 18893 -56
18894 18889 -421
18894 18894 -169
18895 18890 677
18895 18895 -951
18896 18891 -227
18896 18896 349
18897 18892 489
18897 18897 -274
18898 18893 -880
18898 18898 -290
18899 18894 -259
18899 18899 780
18900 18895 -169
18900 18900 -251
18901 18896 -118
18901 18901 729
18902 18897 449
18902 18902 -87
18903 18898 812
18903 18903 339
18904 18899 -448
18904 18904 -101
18905 18900 -314
18905 18905 389
18906 18901 655
18906 18906 819
18907 18902 984
18907 18907 -361
18908 18903 206
18908 18908 -171
18909 18904 389
18909 18909 526
18910 18905 949
18910 18910 -792
18911 18906 861
18911 18911 713
18912 18907 263
18912 18912 -160
18913 18908 -864
18913 18913 168
18914 18909 -185
18914 18914 -600
18915 18910 -424
18915 18915 -312
18916 18911 632
18916 18916 -890
18917 18912 -266
18917 18917 846
18918 18913 797
18918 18918 605
18919 18914 992
18919 18919 -194
18920 18915 -472
18920 18920 944
18921 18916 431
18921 18921 395
18922 18917 -443
18922 18922 -124
18923 18918 768
18923 18923 778
18924 18919 199
18924 18924 36
18925 18920 -637
18925 18925 483
18926 18921 10
18926 18926 -401
18927 18922 -374
18927 18927 -722
18928 18923 -762
18928 18928 339
18929 18924 7
18929 18929 296
18930 18925 710
18930 18930 742
18931 18926 686
18931 18931 304
18932 18927 -254
18932 18932 -709
18933 18928 665
18933 18933 351
18934 18929 111
18934 18934 -165
18935 18930 459
18935 18935 -217
18936 18931 -414
18936 18936 -756
18937 18932 -322
18937 18937 -79
18938 18933 779
18938 18938 939
18939 18934 695
18939 18939 -932
18940 18935 284
18940 18940 -237
18941 18936 -385
18941 18941 -782
18942 18937 -381
18942 18942 -658
18943 18938 316
18943 18943 -268
18944 18939 -494
18944 18944 369
18945 18940 -955
18945 18945 485
18946 18941 -273
18946 18946 658
18947 18942 587
18947 18947 -616
18948 18943 -125
18948 18948 -697
18949 18944 -382
18949 18949 -231
18950 18945 -688
18950 18950 461
18951 18946 -778
18951 18951 -902
18952 18947 -782
18952 18952 630
18953 18948 -624
18953 18953 36
18954 18949 -4
18954 18954 -128
18955 18950 -313
18955 18955 -847
18956 18951 -81
18956 18956 273
18957 18952 849
18957 18957 -493
18958 18953 996
18958 18958 955
18959 18954 297
18959 18959 534
18960 18955 -863
18960 18960 143
18961 18956 -640
18961 18961 -560
18962 18957 -373
18962 18962 -70
18963 18958 -827
18963 18963 -212
18964 18959 402
18964 18964 500
18965 18960 574
18965 18965 883
18966 18961 -373
18966 18966 199
18967 18962 234
18967 18967 -943
18968 18963 -695
18968 18968 374
18969 18964 523
18969 18969 -440
18970 18965 -194
18970 18970 170
18971 18966 596
18971 18971 54
18972 18967 -659
18972 18972 695
18973 18968 -933
18973 18973 -225
18974 18969 -547
18974 18974 846
18975 18970 -274
18975 18975 -749
18976 18971 -477
18976 18976 -287
18977 18972 615
18977 18977 892
18978 18973 -435
18978 18978 -861
18979 18974 -150
18979 18979 -639
18980 18975 -228
18980 18980 598
18981 18976 427
18981 18981 186
18982 18977 -131
18982 18982 -877
18983 18978 -531
18983 18983 40
18984 18979 -253
18984 18984 -390
18985 18980 486
18985 18985 228
18986 18981 -450
18986 18986 836
18987 18982 -85
18987 18987 687
18988 18983 539
18988 18988 894
18989 18984 -52
18989 18989 -576
18990 18985 -79
18990 18990 462
18991 18986 -904
18991 18991 -412
18992 18987 107
18992 18992 -924
18993 18988 -898
18993 18993 34
18994 18989 148
18994 18994 432
18995 18990 862
18995 18995 87
18996 18991 489
18996 18996 682
18997 18992 430
18997 18997 80
18998 18993 -208
18998 18998 -103
18999 18994 565
18999 18999 -523
19000 18995 -596
19000 19000 -929
19001 18996 -233
19001 19001 -37
19002 18997 -64
19002 19002 -900
19003 18998 -178
19003 19003 41
19004 18999 149
19004 19004 570
19005 19000 -278
19005 19005 -637
19006 19001 605
19006 19006 585
19007 19002 -512
19007 19007 106
19008 19003 -386
19008 19008 -564
19009 19004 -729
19009 19009 240
19010 19005 310
19010 19010 870
19011 19006 -211
19011 19011 -776
19012 19007 141
19012 19012 -705
19013 19008 -244
19013 19013 81
19014 19009 411
19014 19014 690
19015 19010 -632
19015 19015 -743
19016 19011 39
19016 19016 168
19017 19012 -320
19017 19017 -802
19018 19013 -705
19018 19018 -533
19019 19014 489
19019 19019 -749
19020 19015 -510
19020 19020 -40
19021 19016 599
19021 19021 -874
19022 19017 -721
19022 19022 -599
19023 19018 218
19023 19023 540
19024 19019 -150
19024 19024 302
19025 19020 -225
19025 19025 -683
19026 19021 406
19026 19026 629
19027 19022 -230
19027 19027 -97
19028 19023 58
19028 19028 562
19029 19024 650
19029 19029 -536
19030 19025 -891
19030 19030 712
19031 19026 -750
19031 19031 308
19032 19027 -112
19032 19032 571
19033 19028 -462
19033 19033 -989
19034 19029 -848
19034 19034 636
19035 19030 -458
19035 19035 -578
19036 19031 928
19036 19036 -405
19037 19032 522
19037 19037 769
19038 19033 -178
19038 19038 -409
19039 19034 -492
19039 19039 -947
19040 19035 717
19040 19040 -874
19041 19036 215
19041 19041 -299
19042 19037 252
19042 19042 -209
19043 19038 -286
19043 19043 39
19044 19039 -819
19044 19044 -57
19045 19040 -347
19045 19045 -198
19046 19041 231
19046 19046 214
19047 19042 -648
19047 19047 -570
19048 19043 262
19048 19048 -814
19049 19044 -342
19049 19049 -904
19050 19045 23
19050 19050 -48
19051 19046 453
19051 19051 -770
19052 19047 162
19052 19052 365
19053 19048 -882
19053 19053 698
19054 19049 5
19054 19054 -374
19055 19050 -501
19055 19055 -326
19056 19051 -89
19056 19056 -384
19057 19052 667
19057 19057 -447
19058 19053 803
19058 19058 -294
19059 19054 -246
19059 19059 254
19060 19055 928
19060 19060 -553
19061 19056 715
19061 19061 314
19062 19057 -696
19062 19062 -676
19063 19058 310
19063 19063 41
19064 19059 578
19064 19064 48
19065 19060 174
19065 19065 319
19066 19061 -147
19066 19066 -294
19067 19062 -458
19067 19067 963
19068 19063 -674
19068 19068 716
19069 19064 805
19069 19069 -552
19070 19065 -652
19070 19070 -367
19071 19066 -837
19071 19071 772
19072 19067 -140
19072 19072 793
19073 19068 701
19073 19073 -311
19074 19069 -609
19074 19074 530
19075 19070 -139
19075 19075 802
19076 19071 -460
19076 19076 -758
19077 19072 -328
19077 19077 738
19078 19073 322
19078 19078 -154
19079 19074 479
19079 19079 341
19080 19075 -963
19080 19080 -651
19081 19076 158
19081 19081 -939
19082 19077 -226
19082 19082 -29
19083 19078 -959
19083 19083 -942
19084 19079 -683
19084 19084 -699
19085 19080 25
19085 19085 -715
19086 19081 -615
19086 19086 -208
19087 19082 182
19087 19087 100
19088 19083 112
19088 19088 111
19089 19084 -647
19089 19089 -101
19090 19085 -58
19090 19090 -38
19091 19086 164
19091 19091 101
19092 19087 470
19092 19092 990
19093 19088 240
19093 19093 -826
19094 19089 289
19094 19094 -623
19095 19090 663
19095 19095 954
19096 19091 595
19096 19096 -934
19097 19092 351
19097 19097 -767
19098 19093 -280
19098 19098 -643
19099 19094 995
19099 19099 431
19100 19095 -608
19100 19100 -143
19101 19096 -527
19101 19101 -394
19102 19097 44
19102 19102 182
19103 19098 133
19103 19103 181
19104 19099 -781
19104 19104 801
19105 19100 453
19105 19105 -461
19106 19101 -32
19106 19106 619
19107 19102 -539
19107 19107 -335
19108 19103 -572
19108 19108 -608
19109 19104 -130
19109 19109 -604
19110 19105 -613
19110 19110 -678
19111 19106 889
19111 19111 -249
19112 19107 392
19112 19112 227
19113 19108 -1
19113 19113 507
19114 19109 700
19114 19114 -489
19115 19110 -789
19115 19115 563
19116 19111 56
19116 19116 801
19117 19112 834
19117 19117 69
19118 19113 -170
19118 19118 807
19119 19114 211
19119 19119 -976
19120 19115 -16
19120 19120 623
19121 19116 -444
19121 19121 -853
19122 19117 -153
19122 19122 145
19123 19118 523
19123 19123 102
19124 19119 -703
19124 19124 -621
19125 19120 997
19125 19125 514
19126 19121 931
19126 19126 896
19127 19122 588
19127 19127 -771
19128 19123 693
19128 19128 -959
19129 19124 853
19129 19129 -169
19130 19125 -924
19130 19130 -818
19131 19126 -929
19131 19131 865
19132 19127 111
19132 19132 774
19133 19128 -2
19133 19133 -521
19134 19129 -390
19134 19134 -211
19135 19130 -164
19135 19135 -354
19136 19131 812
19136 19136 -182
19137 19132 -535
19137 19137 -486
19138 19133 -836
19138 19138 -843
19139 19134 612
19139 19139 429
19140 19135 -587
19140 19140 -317
19141 19136 -797
19141 19141 -540
19142 19137 725
19142 19142 -687
19143 19138 -458
19143 19143 933
19144 19139 -955
19144 19144 -552
19145 19140 893
19145 19145 166
19146 19141 -621
19146 19146 -200
19147 19142 -21
19147 19147 259
19148 19143 -245
19148 19148 242
19149 19144 267
19149 19149 188
19150 19145 -267
19150 19150 991
19151 19146 -772
19151 19151 -919
19152 19147 7
19152 19152 711
19153 19148 205
19153 19153 625
19154 19149 -557
19154 19154 194
19155 19150 -490
19155 19155 -899
19156 19151 -487
19156 19156 878
19157 19152 162
19157 19157 -766
19158 19153 428
19158 19158 -919
19159 19154 479
19159 19159 26
19160 19155 -324
19160 19160 751
19161 19156 -127
19161 19161 -361
19162 19157 -953
19162 19162 293
19163 19158 668
19163 19163 872
19164 19159 776
19164 19164 260
19165 19160 -75
19165 19165 571
19166 19161 369
19166 19166 847
19167 19162 -122
19167 19167 -118
19168 19163 590
19168 19168 243
19169 19164 546
19169 19169 -629
19170 19165 85
19170 19170 744
19171 19166 561
19171 19171 640
19172 19167 565
19172 19172 -253
19173 19168 863
19173 19173 -819
19174 19169 -816
19174 19174 -750
19175 19170 361
19175 19175 239
19176 19171 980
19176 19176 618
19177 19172 -119
19177 19177 -986
19178 19173 19
19178 19178 -947
19179 19174 -56
19179 19179 328
19180 19175 592
19180 19180 93
19181 19176 231
19181 19181 -902
19182 19177 558
19182 19182 821
19183 19178 -945
19183 19183 86
19184 19179 324
19184 19184 329
19185 19180 167
19185 19185 286
19186 19181 -69
19186 19186 558
19187 19182 -159
19187 19187 -885
19188 19183 -119
19188 19188 -535
19189 19184 -756
19189 19189 -307
19190 19185 185
19190 19190 -766
19191 19186 800
19191 19191 773
19192 19187 -577
19192 19192 -829
19193 19188 -589
19193 19193 304
19194 19189 -493
19194 19194 4
19195 19190 -988
19195 19195 680
19196 19191 773
19196 19196 -376
19197 19192 -556
19197 19197 -768
19198 19193 820
19198 19198 914
19199 19194 222
19199 19199 414
19200 19195 -2
19200 19200 62
19201 19196 612
19201 19201 -411
19202 19197 -871
19202 19202 407
19203 19198 971
19203 19203 697
19204 19199 -702
19204 19204 -586
19205 19200 592
19205 19205 460
19206 19201 -127
19206 19206 -11
19207 19202 356
19207 19207 -979
19208 19203 -74
19208 19208 -47
19209 19204 -150
19209 19209 -939
19210 19205 135
19210 19210 -976
19211 19206 931
19211 19211 151
19212 19207 -461
19212 19212 -919
19213 19208 -577
19213 19213 504
19214 19209 -246
19214 19214 508
19215 19210 -375
19215 19215 -608
19216 19211 -638
19216 19216 -896
19217 19212 -415
19217 19217 -162
19218 19213 -619
19218 19218 -685
19219 19214 -700
19219 19219 710
19220 19215 923
19220 19220 -605
19221 19216 -493
19221 19221 -18
19222 19217 68
19222 19222 591
19223 19218 -281
19223 19223 158
19224 19219 362
19224 19224 -45
19225 19220 602
19225 19225 553
19226 19221 400
19226 19226 82
19227 19222 -877
19227 19227 -424
19228 19223 246
19228 19228 676
19229 19224 38
19229 19229 127
19230 19225 -462
19230 19230 -876
19231 19226 -207
19231 19231 -84
19232 19227 117
19232 19232 -679
19233 19228 -939
19233 19233 292
19234 19229 740
19234 19234 351
19235 19230 440
19235 19235 -526
19236 19231 156
19236 19236 -885
19237 19232 141
19237 19237 -485
19238 19233 -111
19238 19238 -778
19239 19234 -897
19239 19239 -757
19240 19235 818
19240 19240 383
19241 19236 -457
19241 19241 749
19242 19237 768
19242 19242 -195
19243 19238 -318
19243 19243 -979
19244 19239 -877
19244 19244 -38
19245 19240 50
19245 19245 -547
19246 19241 198
19246 19246 212
19247 19242 587
19247 19247 -268
19248 19243 -397
19248 19248 323
19249 19244 684
19249 19249 938
19250 19245 -141
19250 19250 993
19251 19246 -116
19251 19251 214
19252 19247 366
19252 19252 -803
19253 19248 -389
19253 19253 18
19254 19249 -473
19254 19254 783
19255 19250 70
19255 19255 672
19256 19251 -319
19256 19256 7
19257 19252 157
19257 19257 87
19258 19253 756
19258 19258 -475
19259 19254 -819
19259 19259 876
19260 19255 765
19260 19260 -843
19261 19256 54
19261 19261 -280
19262 19257 69
19262 19262 -73
19263 19258 462
19263 19263 491
19264 19259 651
19264 19264 -39
19265 19260 -138
19265 19265 -921
19266 19261 606
19266 19266 -799
19267 19262 -840
19267 19267 -168
19268 19263 -151
19268 19268 331
19269 19264 20
19269 19269 -569
19270 19265 -963
19270 19270 -714
19271 19266 -538
19271 19271 -95
19272 19267 -504
19272 19272 -254
19273 19268 696
19273 19273 -30
19274 19269 969
19274 19274 -985
19275 19270 -924
19275 19275 -115
19276 19271 -24
19276 19276 319
19277 19272 893
19277 19277 394
19278 19273 -205
19278 19278 -698
19279 19274 635
19279 19279 -627
19280 19275 -967
19280 19280 717
19281 19276 929
19281 19281 -577
19282 19277 89
19282 19282 -302
19283 19278 716
19283 19283 -70
19284 19279 -106
19284 19284 -205
19285 19280 99
19285 19285 67
19286 19281 695
19286 19286 -598
19287 19282 -729
19287 19287 686
19288 19283 310
19288 19288 -791
19289 19284 201
19289 19289 -998
19290 19285 -738
19290 19290 316
19291 19286 -199
19291 19291 405
19292 19287 254
19292 19292 163
19293 19288 -387
19293 19293 732
19294 19289 -360
19294 19294 -15
19295 19290 576
19295 19295 247
19296 19291 -581
19296 19296 965
19297 19292 840
19297 19297 -279
19298 19293 -804
19298 19298 -108
19299 19294 791
19299 19299 -637
19300 19295 294
19300 19300 893
19301 19296 566
19301 19301 -727
19302 19297 280
19302 19302 -984
19303 19298 373
19303 19303 902
19304 19299 -398
19304 19304 -288
19305 19300 -550
19305 19305 -560
19306 19301 563
19306 19306 -475
19307 19302 -50
19307 19307 -825
19308 19303 -685
19308 19308 -21
19309 19304 -963
19309 19309 267
19310 19305 -998
19310 19310 -432
19311 19306 -589
19311 19311 318
19312 19307 753
19312 19312 172
19313 19308 610
19313 19313 898
19314 19309 -501
19314 19314 -545
19315 19310 -452
19315 19315 -156
19316 19311 -648
19316 19316 42
19317 19312 -422
19317 19317 566
19318 19313 394
19318 19318 -259
19319 19314 50
19319 19319 -400
19320 19315 -670
19320 19320 121
19321 19316 -884
19321 19321 818
19322 19317 307
19322 19322 -782
19323 19318 -411
19323 19323 358
19324 19319 108
19324 19324 -833
19325 19320 -454
19325 19325 -313
19326 19321 394
19326 19326 113
19327 19322 498
19327 19327 -114
19328 19323 -952
19328 19328 -29
19329 19324 91
19329 19329 -586
19330 19325 -637
19330 19330 -579
19331 19326 433
19331 19331 235
19332 19327 455
19332 19332 239
19333 19328 19
19333 19333 -302
19334 19329 -247
19334 19334 499
19335 19330 -151
19335 19335 903
19336 19331 838
19336 19336 199
19337 19332 -484
19337 19337 -186
19338 19333 57
19338 19338 187
19339 19334 216
19339 19339 81
19340 19335 -465
19340 19340 675
19341 19336 690
19341 19341 672
19342 19337 192
19342 19342 -1
19343 19338 -472
19343 19343 -909
19344 19339 -981
19344 19344 29
19345 19340 898
19345 19345 -581
19346 19341 729
19346 19346 96
19347 19342 -717
19347 19347 -441
19348 19343 235
19348 19348 -314
19349 19344 285
19349 19349 -970
19350 19345 -230
19350 19350 -31
19351 19346 -990
19351 19351 438
19352 19347 697
19352 19352 793
19353 19348 -448
19353 19353 554
19354 19349 -666
19354 19354 257
19355 19350 -277
19355 19355 656
19356 19351 -118
19356 19356 574
19357 19352 794
19357 19357 -252
19358 19353 919
19358 19358 -650
19359 19354 -616
19359 19359 -583
19360 19355 605
19360 19360 -135
19361 19356 -547
19361 19361 -119
19362 19357 -296
19362 19362 343
19363 19358 381
19363 19363 980
19364 19359 836
19364 19364 606
19365 19360 -154
19365 19365 685
19366 19361 -369
19366 19366 315
19367 19362 -368
19367 19367 169
19368 19363 -49
19368 19368 977
19369 19364 -739
19369 19369 559
19370 19365 -609
19370 19370 -761
19371 19366 745
19371 19371 -269
19372 19367 199
19372 19372 597
19373 19368 278
19373 19373 343
19374 19369 -885
19374 19374 709
19375 19370 -136
19375 19375 -917
19376 19371 563
19376 19376 -81
19377 19372 652
19377 19377 967
19378 19373 635
19378 19378 636
19379 19374 -585
19379 19379 -484
19380 19375 -769
19380 19380 -180
19381 19376 599
19381 19381 -780
19382 19377 -701
19382 19382 151
19383 19378 -243
19383 19383 -773
19384 19379 150
19384 19384 -912
19385 19380 481
19385 19385 -184
19386 19381 116
19386 19386 825
19387 19382 269
19387 19387 -607
19388 19383 -880
19388 19388 -655
19389 19384 746
19389 19389 -177
19390 19385 535
19390 19390 -392
19391 19386 -165
19391 19391 -213
19392 19387 -887
19392 19392 726
19393 19388 324
19393 19393 -525
19394 19389 666
19394 19394 701
19395 19390 564
19395 19395 -691
19396 19391 -255
19396 19396 -487
19397 19392 -317
19397 19397 991
19398 19393 494
19398 19398 869
19399 19394 -84
19399 19399 297
19400 19395 26
19400 19400 173
19401 19396 712
19401 19401 -579
19402 19397 -688
19402 19402 408
19403 19398 942
19403 19403 -730
19404 19399 -134
19404 19404 -551
19405 19400 -79
19405 19405 695
19406 19401 43
19406 19406 936
19407 19402 -387
19407 19407 47
19408 19403 -814
19408 19408 745
19409 19404 155
19409 19409 -513
19410 19405 -906
19410 19410 -364
19411 19406 166
19411 19411 -101
19412 19407 -439
19412 19412 669
19413 19408 -992
19413 19413 311
19414 19409 411
19414 19414 319
19415 19410 -509
19415 19415 -936
19416 19411 -171
19416 19416 -72
19417 19412 622
19417 19417 710
19418 19413 -437
19418 19418 958
19419 19414 -277
19419 19419 731
19420 19415 -218
19420 19420 934
19421 19416 528
19421 19421 594
19422 19417 -109
19422 19422 1
19423 19418 671
19423 19423 813
19424 19419 730
19424 19424 -605
19425 19420 608
19425 19425 728
19426 19421 937
19426 19426 -892
19427 19422 972
19427 19427 57
19428 19423 -113
19428 19428 61
19429 19424 304
19429 19429 315
19430 19425 -243
19430 19430 -537
19431 19426 951
19431 19431 637
19432 19427 -196
19432 19432 -647
19433 19428 930
19433 19433 125
19434 19429 -998
19434 19434 -942
19435 19430 449
19435 19435 200
19436 19431 -467
19436 19436 230
19437 19432 -490
19437 19437 -110
19438 19433 49
19438 19438 -172
19439 19434 -704
19439 19439 687
19440 19435 -151
19440 19440 -336
19441 19436 155
19441 19441 272
19442 19437 937
19442 19442 -557
19443 19438 428
19443 19443 693
19444 19439 414
19444 19444 -543
19445 19440 -482
19445 19445 985
19446 19441 647
19446 19446 454
19447 19442 947
19447 19447 445
19448 19443 -574
19448 19448 -506
19449 19444 -916
19449 19449 -95
19450 19445 921
19450 19450 93
19451 19446 954
19451 19451 876
19452 19447 990
19452 19452 -642
19453 19448 -979
19453 19453 -952
19454 19449 -940
19454 19454 -599
19455 19450 292
19455 19455 355
19456 19451 -880
19456 19456 322
19457 19452 -928
19457 19457 507
19458 19453 -305
19458 19458 16
19459 19454 537
19459 19459 274
19460 19455 445
19460 19460 -367
19461 19456 -443
19461 19461 -687
19462 19457 -845
19462 19462 504
19463 19458 -372
19463 19463 -660
19464 19459 -540
19464 19464 889
19465 19460 628
19465 19465 343
19466 19461 97
19466 19466 896
19467 19462 -316
19467 19467 -966
19468 19463 217
19468 19468 -821
19469 19464 453
19469 19469 -587
19470 19465 518
19470 19470 203
19471 19466 15
19471 19471 618
19472 19467 -564
19472 19472 157
19473 19468 -65
19473 19473 185
19474 19469 822
19474 19474 734
19475 19470 184
19475 19475 441
19476 19471 497
19476 19476 899
19477 19472 -863
19477 19477 625
19478 19473 -237
19478 19478 -803
19479 19474 -759
19479 19479 -521
19480 19475 647
19480 19480 -949
19481 19476 -751
19481 19481 -683
19482 19477 573
19482 19482 -285
19483 19478 -447
19483 19483 946
19484 19479 -551
19484 19484 -208
19485 19480 126
19485 19485 607
19486 19481 447
19486 19486 -431
19487 19482 123
19487 19487 -309
19488 19483 -980
19488 19488 432
19489 19484 -104
19489 19489 450
19490 19485 368
19490 19490 -753
19491 19486 -956
19491 19491 -235
19492 19487 516
19492 19492 -60
19493 19488 -87
19493 19493 -236
19494 19489 -636
19494 19494 -358
19495 19490 -110
19495 19495 26
19496 19491 243
19496 19496 17
19497 19492 -806
19497 19497 -618
19498 19493 -91
19498 19498 293
19499 19494 -46
19499 19499 496
19500 19495 -773
19500 19500 -605
19501 19496 -692
19501 19501 154
19502 19497 -373
19502 19502 445
19503 19498 -631
19503 19503 -925
19504 19499 453
19504 19504 -682
19505 19500 -373
19505 19505 3
19506 19501 -712
19506 19506 961
19507 19502 -746
19507 19507 59
19508 19503 443
19508 19508 -529
19509 19504 -776
19509 19509 -810
19510 19505 9
19510 19510 -409
19511 19506 505
19511 19511 -590
19512 19507 -978
19512 19512 -118
19513 19508 456
19513 19513 460
19514 19509 -329
19514 19514 448
19515 19510 -643
19515 19515 240
19516 19511 569
19516 19516 847
19517 19512 -743
19517 19517 403
19518 19513 609
19518 19518 124
19519 19514 969
19519 19519 182
19520 19515 -643
19520 19520 77
19521 19516 423
19521 19521 525
19522 19517 812
19522 19522 842
19523 19518 483
19523 19523 -365
19524 19519 480
19524 19524 -202
19525 19520 -276
19525 19525 -687
19526 19521 -378
19526 19526 -697
19527 19522 541
19527 19527 830
19528 19523 -973
19528 19528 -800
19529 19524 1
19529 19529 92
19530 19525 997
19530 19530 363
19531 19526 -62
19531 19531 -176
19532 19527 -326
19532 19532 -473
19533 19528 786
19533 19533 -521
19534 19529 -326
19534 19534 750
19535 19530 -111
19535 19535 148
19536 19531 -776
19536 19536 549
19537 19532 178
19537 19537 -617
19538 19533 257
19538 19538 -793
19539 19534 -441
19539 19539 -576
19540 19535 77
19540 19540 608
19541 19536 -893
19541 19541 -624
19542 19537 -203
19542 19542 517
19543 19538 164
19543 19543 -439
19544 19539 937
19544 19544 -132
19545 19540 -393
19545 19545 -575
19546 19541 158
19546 19546 -612
19547 19542 541
19547 19547 -121
19548 19543 710
19548 19548 -840
19549 19544 -87
19549 19549 -25
19550 19545 -77
19550 19550 -531
19551 19546 -793
19551 19551 -673
19552 19547 -693
19552 19552 -486
19553 19548 -746
19553 19553 -441
19554 19549 769
19554 19554 650
19555 19550 500
19555 19555 -702
19556 19551 447
19556 19556 925
19557 19552 66
19557 19557 58
19558 19553 180
19558 19558 996
19559 19554 -611
19559 19559 218
19560 19555 -413
19560 19560 14
19561 19556 -577
19561 19561 188
19562 19557 -427
19562 19562 -553
19563 19558 -376
19563 19563 -877
19564 19559 -511
19564 19564 -420
19565 19560 -463
19565 19565 755
19566 19561 -913
19566 19566 593
19567 19562 2
19567 19567 554
19568 19563 553
19568 19568 -825
19569 19564 -595
19569 19569 14
19570 19565 -406
19570 19570 -106
19571 19566 355
19571 19571 268
19572 19567 970
19572 19572 -310
19573 19568 71
19573 19573 295
19574 19569 160
19574 19574 -314
19575 19570 569
19575 19575 -893
19576 19571 -166
19576 19576 -125
19577 19572 -555
19577 19577 -632
19578 19573 387
19578 19578 -973
19579 19574 507
19579 19579 -417
19580 19575 -906
19580 19580 597
19581 19576 39
19581 19581 -970
19582 19577 193
19582 19582 -720
19583 19578 -684
19583 19583 305
19584 19579 288
19584 19584 -680
19585 19580 -590
19585 19585 -609
19586 19581 -112
19586 19586 264
19587 19582 -120
19587 19587 611
19588 19583 190
19588 19588 -848
19589 19584 112
19589 19589 820
19590 19585 15
19590 19590 -725
19591 19586 128
19591 19591 -323
19592 19587 596
19592 19592 776
19593 19588 -809
19593 19593 808
19594 19589 -36
19594 19594 203
19595 19590 174
19595 19595 874
19596 19591 -347
19596 19596 180
19597 19592 -26
19597 19597 482
19598 19593 910
19598 19598 332
19599 19594 -591
19599 19599 657
19600 19595 -600
19600 19600 514
19601 19596 12
19601 19601 -925
19602 19597 -43
19602 19602 -554
19603 19598 -788
19603 19603 -605
19604 19599 768
19604 19604 935
19605 19600 565
19605 19605 -687
19606 19601 346
19606 19606 -936
19607 19602 695
19607 19607 -636
19608 19603 -745
19608 19608 651
19609 19604 63
19609 19609 975
19610 19605 437
19610 19610 -156
19611 19606 982
19611 19611 685
19612 19607 -794
19612 19612 -370
19613 19608 -687
19613 19613 746
19614 19609 375
19614 19614 903
19615 19610 -790
19615 19615 848
19616 19611 -613
19616 19616 -841
19617 19612 -391
19617 19617 -730
19618 19613 657
19618 19618 -523
19619 19614 -688
19619 19619 469
19620 19615 -261
19620 19620 -644
19621 19616 -510
19621 19621 -338
19622 19617 -966
19622 19622 -751
19623 19618 -132
19623 19623 -25
19624 19619 -80
19624 19624 548
19625 19620 178
19625 19625 -849
19626 19621 -29
19626 19626 -413
19627 19622 721
19627 19627 779
19628 19623 -419
19628 19628 501
19629 19624 -251
19629 19629 447
19630 19625 -186
19630 19630 357
19631 19626 469
19631 19631 727
19632 19627 -103
19632 19632 26
19633 19628 959
19633 19633 730
19634 19629 -137
19634 19634 -413
19635 19630 -944
19635 19635 -637
19636 19631 -270
19636 19636 -620
19637 19632 -985
19637 19637 907
19638 19633 793
19638 19638 984
19639 19634 -517
19639 19639 758
19640 19635 -494
19640 19640 97
19641 19636 -641
19641 19641 -972
19642 19637 202
19642 19642 172
19643 19638 501
19643 19643 194
19644 19639 -373
19644 19644 48
19645 19640 378
19645 19645 635
19646 19641 855
19646 19646 -704
19647 19642 63
19647 19647 -661
19648 19643 -194
19648 19648 815
19649 19644 -660
19649 19649 562
19650 19645 -718
19650 19650 255
19651 19646 -244
19651 19651 100
19652 19647 30
19652 19652 921
19653 19648 813
19653 19653 432
19654 19649 -476
19654 19654 -711
19655 19650 -6
19655 19655 -92
19656 19651 168
19656 19656 -924
19657 19652 -929
19657 19657 -240
19658 19653 182
19658 19658 881
19659 19654 -961
19659 19659 143
19660 19655 930
19660 19660 -28
19661 19656 -32
19661 19661 973
19662 19657 368
19662 19662 -639
19663 19658 -655
19663 19663 -272
19664 19659 316
19664 19664 852
19665 19660 -59
19665 19665 -45
19666 19661 -7
19666 19666 -383
19667 19662 -888
19667 19667 964
19668 19663 204
19668 19668 -405
19669 19664 -818
19669 19669 -472
19670 19665 -277
19670 19670 -615
19671 19666 -48
19671 19671 -933
19672 19667 -767
19672 19672 608
19673 19668 -628
19673 19673 331
19674 19669 -959
19674 19674 -727
19675 19670 -628
19675 19675 865
19676 19671 366
19676 19676 522
19677 19672 -801
19677 19677 453
19678 19673 780
19678 19678 -359
19679 19674 12
19679 19679 -703
19680 19675 -395
19680 19680 -672
19681 19676 -420
19681 19681 -657
19682 19677 -298
19682 19682 901
19683 19678 -770
19683 19683 489
19684 19679 -414
19684 19684 520
19685 19680 143
19685 19685 -710
19686 19681 87
19686 19686 -221
19687 19682 962
19687 19687 600
19688 19683 -455
19688 19688 -408
19689 19684 -939
19689 19689 639
19690 19685 -151
19690 19690 104
19691 19686 -751
19691 19691 60
19692 19687 731
19692 19692 -120
19693 19688 -313
19693 19693 282
19694 19689 -239
19694 19694 -696
19695 19690 32
19695 19695 -839
19696 19691 -23
19696 19696 -780
19697 19692 -217
19697 19697 -438
19698 19693 -738
19698 19698 710
19699 19694 388
19699 19699 375
19700 19695 -584
19700 19700 193
19701 19696 -160
19701 19701 429
19702 19697 526
19702 19702 -682
19703 19698 -811
19703 19703 -929
19704 19699 -786
19704 19704 748
19705 19700 446
19705 19705 -293
19706 19701 -876
19706 19706 160
19707 19702 314
19707 19707 -433
19708 19703 -735
19708 19708 655
19709 19704 901
19709 19709 -998
19710 19705 710
19710 19710 966
19711 19706 -98
19711 19711 106
19712 19707 -836
19712 19712 948
19713 19708 -649
19713 19713 -11
19714 19709 376
19714 19714 511
19715 19710 251
19715 19715 153
19716 19711 411
19716 19716 997
19717 19712 -196
19717 19717 -767
19718 19713 -219
19718 19718 19
19719 19714 -936
19719 19719 -884
19720 19715 -789
19720 19720 272
19721 19716 812
19721 19721 401
19722 19717 -363
19722 19722 -449
19723 19718 476
19723 19723 90
19724 19719 -925
19724 19724 -716
19725 19720 -5
19725 19725 -532
19726 19721 -318
19726 19726 524
19727 19722 -431
19727 19727 623
19728 19723 203
19728 19728 -457
19729 19724 -959
19729 19729 655
19730 19725 -84
19730 19730 -445
19731 19726 56
19731 19731 643
19732 19727 -332
19732 19732 897
19733 19728 92
19733 19733 13
19734 19729 -170
19734 19734 487
19735 19730 -925
19735 19735 496
19736 19731 -988
19736 19736 325
19737 19732 -675
19737 19737 -509
19738 19733 -294
19738 19738 197
19739 19734 -720
19739 19739 280
19740 19735 -680
19740 19740 -422
19741 19736 -132
19741 19741 468
19742 19737 -782
19742 19742 -584
19743 19738 300
19743 19743 431
19744 19739 -296
19744 19744 462
19745 19740 -821
19745 19745 -136
19746 19741 -737
19746 19746 -698
19747 19742 588
19747 19747 143
19748 19743 799
19748 19748 247
19749 19744 800
19749 19749 628
19750 19745 -327
19750 19750 -555
19751 19746 597
19751 19751 -700
19752 19747 649
19752 19752 835
19753 19748 -86
19753 19753 -103
19754 19749 600
19754 19754 359
19755 19750 -845
19755 19755 156
19756 19751 148
19756 19756 -543
19757 19752 265
19757 19757 447
19758 19753 -204
19758 19758 -236
19759 19754 782
19759 19759 216
19760 19755 639
19760 19760 313
19761 19756 349
19761 19761 -132
19762 19757 235
19762 19762 -620
19763 19758 302
19763 19763 -208
19764 19759 -471
19764 19764 -214
19765 19760 -817
19765 19765 608
19766 19761 8
19766 19766 635
19767 19762 95
19767 19767 -653
19768 19763 452
19768 19768 -746
19769 19764 486
19769 19769 -180
19770 19765 101
19770 19770 -394
19771 19766 483
19771 19771 -694
19772 19767 503
19772 19772 983
19773 19768 -827
19773 19773 -111
19774 19769 -319
19774 19774 -806
19775 19770 918
19775 19775 -466
19776 19771 -621
19776 19776 -904
19777 19772 -991
19777 19777 -352
19778 19773 -685
19778 19778 -147
19779 19774 -445
19779 19779 -466
19780 19775 -890
19780 19780 714
19781 19776 712
19781 19781 774
19782 19777 -354
19782 19782 154
19783 19778 179
19783 19783 138
19784 19779 -949
19784 19784 163
19785 19780 -976
19785 19785 -809
19786 19781 -819
19786 19786 -367
19787 19782 -526
19787 19787 127
19788 19783 -289
19788 19788 812
19789 19784 772
19789 19789 -80
19790 19785 -490
19790 19790 985
19791 19786 622
19791 19791 -700
19792 19787 -93
19792 19792 227
19793 19788 -857
19793 19793 897
19794 19789 348
19794 19794 80
19795 19790 21
19795 19795 -283
19796 19791 124
19796 19796 -817
19797 19792 178
19797 19797 -918
19798 19793 144
19798 19798 91
19799 19794 -722
19799 19799 -496
19800 19795 -433
19800 19800 279
19801 19796 302
19801 19801 -933
19802 19797 191
19802 19802 -994
19803 19798 -700
19803 19803 -520
19804 19799 -567
19804 19804 718
19805 19800 -611
19805 19805 741
19806 19801 -348
19806 19806 277
19807 19802 -284
19807 19807 854
19808 19803 866
19808 19808 521
19809 19804 -329
19809 19809 46
19810 19805 644
19810 19810 620
19811 19806 826
19811 19811 538
19812 19807 -479
19812 19812 321
19813 19808 -99
19813 19813 57
19814 19809 -89
19814 19814 5
19815 19810 -429
19815 19815 -704
19816 19811 787
19816 19816 -980
19817 19812 282
19817 19817 951
19818 19813 -130
19818 19818 556
19819 19814 -633
19819 19819 533
19820 19815 -317
19820 19820 -545
19821 19816 -689
19821 19821 -239
19822 19817 555
19822 19822 596
19823 19818 -685
19823 19823 -341
19824 19819 -48
19824 19824 -590
19825 19820 -810
19825 19825 -31
19826 19821 941
19826 19826 427
19827 19822 247
19827 19827 439
19828 19823 -804
19828 19828 810
19829 19824 635
19829 19829 664
19830 19825 -344
19830 19830 882
19831 19826 719
19831 19831 183
19832 19827 -435
19832 19832 230
19833 19828 -478
19833 19833 -592
19834 19829 -122
19834 19834 146
19835 19830 666
19835 19835 938
19836 19831 910
19836 19836 -622
19837 19832 39
19837 19837 107
19838 19833 -729
19838 19838 -666
19839 19834 -620
19839 19839 -785
19840 19835 -256
19840 19840 -831
19841 19836 -687
19841 19841 -22
19842 19837 -371
19842 19842 -170
19843 19838 319
19843 19843 -4
19844 19839 -681
19844 19844 271
19845 19840 670
19845 19845 325
19846 19841 -895
19846 19846 568
19847 19842 971
19847 19847 -629
19848 19843 -755
19848 19848 -921
19849 19844 -674
19849 19849 764
19850 19845 597
19850 19850 -613
19851 19846 -828
19851 19851 -693
19852 19847 -415
19852 19852 -756
19853 19848 522
19853 19853 966
19854 19849 -219
19854 19854 572
19855 19850 137
19855 19855 -377
19856 19851 253
19856 19856 860
19857 19852 632
19857 19857 87
19858 19853 -640
19858 19858 735
19859 19854 399
19859 19859 -93
19860 19855 801
19860 19860 217
19861 19856 76
19861 19861 319
19862 19857 63
19862 19862 -884
19863 19858 -927
19863 19863 -212
19864 19859 -179
19864 19864 -979
19865 19860 57
19865 19865 -308
19866 19861 -103
19866 19866 447
19867 19862 443
19867 19867 248
19868 19863 -80
19868 19868 -235
19869 19864 -506
19869 19869 -727
19870 19865 -249
19870 19870 275
19871 19866 -479
19871 19871 851
19872 19867 891
19872 19872 210
19873 19868 -819
19873 19873 874
19874 19869 622
19874 19874 232
19875 19870 849
19875 19875 363
19876 19871 863
19876 19876 590
19877 19872 -184
19877 19877 451
19878 19873 346
19878 19878 -347
19879 19874 637
19879 19879 294
19880 19875 -845
19880 19880 988
19881 19876 -420
19881 19881 970
19882 19877 998
19882 19882 -501
19883 19878 701
19883 19883 -627
19884 19879 840
19884 19884 558
19885 19880 -837
19885 19885 -925
19886 19881 909
19886 19886 -437
19887 19882 628
19887 19887 -238
19888 19883 808
19888 19888 853
19889 19884 676
19889 19889 933
19890 19885 -387
19890 19890 963
19891 19886 522
19891 19891 154
19892 19887 -118
19892 19892 223
19893 19888 -586
19893 19893 -762
19894 19889 -364
19894 19894 720
19895 19890 -586
19895 19895 -600
19896 19891 -550
19896 19896 876
19897 19892 -751
19897 19897 314
19898 19893 -505
19898 19898 270
19899 19894 440
19899 19899 -385
19900 19895 -174
19900 19900 -724
19901 19896 -693
19901 19901 -434
19902 19897 -960
19902 19902 -648
19903 19898 -965
19903 19903 -972
19904 19899 466
19904 19904 799
19905 19900 -527
19905 19905 517
19906 19901 1
19906 19906 -55
19907 19902 728
19907 19907 -283
19908 19903 580
19908 19908 353
19909 19904 -12
19909 19909 -770
19910 19905 -538
19910 19910 -344
19911 19906 93
19911 19911 -542
19912 19907 -465
19912 19912 -95
19913 19908 -488
19913 19913 744
19914 19909 -227
19914 19914 969
19915 19910 830
19915 19915 254
19916 19911 6
19916 19916 890
19917 19912 -944
19917 19917 -258
19918 19913 663
19918 19918 412
19919 19914 911
19919 19919 -471
19920 19915 -295
19920 19920 88
19921 19916 842
19921 19921 -71
19922 19917 91
19922 19922 -668
19923 19918 838
19923 19923 -631
19924 19919 846
19924 19924 352
19925 19920 -385
19925 19925 124
19926 19921 -811
19926 19926 320
19927 19922 851
19927 19927 -566
19928 19923 239
19928 19928 415
19929 19924 -618
19929 19929 -140
19930 19925 287
19930 19930 -212
19931 19926 801
19931 19931 -282
19932 19927 -487
19932 19932 -17
19933 19928 -402
19933 19933 418
19934 19929 -909
19934 19934 -748
19935 19930 800
19935 19935 86
19936 19931 715
19936 19936 759
19937 19932 -668
19937 19937 983
19938 19933 -708
19938 19938 971
19939 19934 -870
19939 19939 -422
19940 19935 428
19940 19940 718
19941 19936 448
19941 19941 673
19942 19937 543
19942 19942 127
19943 19938 -728
19943 19943 162
19944 19939 -547
19944 19944 900
19945 19940 -282
19945 19945 -924
19946 19941 -448
19946 19946 -808
19947 19942 -477
19947 19947 -113
19948 19943 -756
19948 19948 365
19949 19944 -312
19949 19949 -501
19950 19945 -471
19950 19950 639
19951 19946 126
19951 19951 -606
19952 19947 -407
19952 19952 542
19953 19948 13
19953 19953 -845
19954 19949 944
19954 19954 150
19955 19950 -115
19955 19955 -576
19956 19951 -461
19956 19956 14
19957 19952 454
19957 19957 -709
19958 19953 36
19958 19958 585
19959 19954 975
19959 19959 -165
19960 19955 -765
19960 19960 -234
19961 19956 481
19961 19961 -710
19962 19957 -691
19962 19962 429
19963 19958 345
19963 19963 607
19964 19959 -867
19964 19964 -149
19965 19960 -556
19965 19965 602
19966 19961 691
19966 19966 741
19967 19962 148
19967 19967 592
19968 19963 208
19968 19968 541
19969 19964 -369
19969 19969 -538
19970 19965 -384
19970 19970 568
19971 19966 131
19971 19971 -484
19972 19967 12
19972 19972 -801
19973 19968 -322
19973 19973 366
19974 19969 126
19974 19974 315
19975 19970 -654
19975 19975 323
19976 19971 470
19976 19976 494
19977 19972 583
19977 19977 43
19978 19973 -24
19978 19978 -332
19979 19974 -67
19979 19979 553
19980 19975 475
19980 19980 -939
19981 19976 380
19981 19981 510
19982 19977 43
19982 19982 -536
19983 19978 275
19983 19983 503
19984 19979 40
19984 19984 185
19985 19980 16
19985 19985 -153
19986 19981 831
19986 19986 -861
19987 19982 -972
19987 19987 -51
19988 19983 236
19988 19988 -516
19989 19984 164
19989 19989 -282
19990 19985 101
19990 19990 -674
19991 19986 539
19991 19991 -874
19992 19987 -810
19992 19992 59
19993 19988 -706
19993 19993 63
19994 19989 -240
19994 19994 751
19995 19990 77
19995 19995 2
19996 19991 -321
19996 19996 -348
19997 19992 -522
19997 19997 608
19998 19993 -950
19998 19998 -371
19999 19994 -18
19999 19999 397
